tiempo_s,crudo_metros,filtrado_metros,kalman_metros,encoder_izq_rad,encoder_der_rad
0.0,0.137,0.1467,0.1378,0.0,0.0
0.016,0.1384,0.1447,0.1381,0.0063,0.0063
0.032,0.1419,0.144,0.1394,0.0126,0.0126
0.048,0.1417,0.1434,0.1401,0.0126,0.0126
0.064,0.1379,0.142,0.1394,0.0188,0.0188
0.08,0.1419,0.142,0.1398,0.0314,0.0314
0.096,0.1376,0.1409,0.1392,0.0377,0.0377
0.112,0.136,0.1397,0.1383,0.044,0.044
0.128,0.1411,0.14,0.1388,0.0565,0.0565
0.144,0.1385,0.1396,0.1385,0.0691,0.0691
0.16,0.1371,0.139,0.138,0.0816,0.0816
0.176,0.1379,0.1387,0.1378,0.0942,0.0942
0.192,0.139,0.1388,0.1378,0.1068,0.1068
0.208,0.1353,0.1379,0.137,0.1256,0.1256
0.224,0.1353,0.1373,0.1364,0.1382,0.1382
0.24,0.1364,0.137,0.1361,0.157,0.157
0.256,0.1374,0.1371,0.1361,0.1758,0.1758
0.272,0.1377,0.1373,0.1362,0.1947,0.1947
0.288,0.1374,0.1373,0.1362,0.2135,0.2135
0.304,0.1352,0.1368,0.1355,0.2386,0.2386
0.32,0.1393,0.1374,0.1361,0.2575,0.2575
0.336,0.1388,0.1378,0.1364,0.2826,0.2826
0.352,0.1408,0.1385,0.137,0.3077,0.3077
0.368,0.1398,0.1388,0.1373,0.3328,0.3328
0.384,0.1394,0.139,0.1374,0.358,0.358
0.4,0.1362,0.1383,0.1366,0.3894,0.3894
0.416,0.1437,0.1396,0.1379,0.4145,0.4145
0.432,0.1412,0.14,0.1382,0.4459,0.4459
0.448,0.1398,0.14,0.1381,0.4773,0.4773
0.464,0.1383,0.1396,0.1376,0.5087,0.5087
0.48,0.1365,0.1388,0.1369,0.5401,0.5401
0.496,0.1371,0.1384,0.1364,0.5715,0.5715
0.512,0.137,0.138,0.1361,0.6029,0.6029
0.528,0.1377,0.1379,0.136,0.6343,0.6343
0.544,0.1396,0.1384,0.1363,0.6657,0.6657
0.56,0.1391,0.1385,0.1365,0.6971,0.6971
0.576,0.1402,0.139,0.1368,0.7348,0.7348
0.592,0.1393,0.1391,0.1369,0.7662,0.7662
0.608,0.1355,0.1382,0.1361,0.7976,0.7976
0.624,0.1386,0.1383,0.1362,0.829,0.829
0.64,0.1388,0.1384,0.1363,0.8604,0.8604
0.656,0.1401,0.1388,0.1367,0.8918,0.8918
0.672,0.1374,0.1385,0.1364,0.9232,0.9232
0.688,0.1408,0.1391,0.1369,0.9546,0.9546
0.704,0.1378,0.1387,0.1366,0.986,0.986
0.72,0.1366,0.1382,0.1361,1.0174,1.0174
0.736,0.136,0.1377,0.1356,1.0488,1.0488
0.752,0.1398,0.1382,0.136,1.0864,1.0864
0.768,0.1355,0.1375,0.1354,1.1178,1.1178
0.784,0.1371,0.1374,0.1353,1.1492,1.1492
0.8,0.14,0.138,0.1359,1.1806,1.1806
0.816,0.1392,0.1383,0.1362,1.212,1.212
0.832,0.1335,0.1371,0.135,1.2434,1.2434
0.848,0.133,0.1361,0.1341,1.2748,1.2748
0.864,0.1361,0.1361,0.134,1.3062,1.3062
0.88,0.1384,0.1367,0.1346,1.3376,1.3376
0.896,0.1401,0.1375,0.1354,1.369,1.369
0.912,0.1387,0.1378,0.1356,1.4067,1.4067
0.928,0.1384,0.138,0.1357,1.4381,1.4381
0.944,0.14,0.1385,0.1362,1.4695,1.4695
0.96,0.137,0.1381,0.1359,1.5009,1.5009
0.976,0.1395,0.1385,0.1363,1.5323,1.5323
0.992,0.1378,0.1383,0.1361,1.5637,1.5637
1.008,0.1393,0.1385,0.1364,1.5951,1.5951
1.024,0.133,0.1372,0.1351,1.6265,1.6265
1.04,0.1373,0.1372,0.1351,1.6579,1.6579
1.056,0.1356,0.1368,0.1347,1.6893,1.6893
1.072,0.137,0.1369,0.1348,1.7207,1.7207
1.088,0.1375,0.137,0.1348,1.7584,1.7584
1.104,0.138,0.1373,0.1351,1.7898,1.7898
1.12,0.1372,0.1372,0.1351,1.8212,1.8212
1.136,0.1391,0.1377,0.1355,1.8526,1.8526
1.152,0.1386,0.1379,0.1357,1.884,1.884
1.168,0.1379,0.1379,0.1358,1.9154,1.9154
1.184,0.1295,0.1358,0.1338,1.9468,1.9468
1.2,0.1419,0.1373,0.1352,1.9782,1.9782
1.216,0.1396,0.1379,0.1357,2.0096,2.0096
1.232,0.1363,0.1375,0.1354,2.041,2.041
1.248,0.1373,0.1375,0.1353,2.0787,2.0787
1.264,0.1403,0.1382,0.1359,2.1101,2.1101
1.28,0.1343,0.1372,0.1351,2.1415,2.1415
1.296,0.1365,0.137,0.1349,2.1729,2.1729
1.312,0.1356,0.1367,0.1346,2.2043,2.2043
1.328,0.1413,0.1378,0.1356,2.2357,2.2357
1.344,0.1365,0.1375,0.1353,2.2671,2.2671
1.36,0.1369,0.1373,0.1352,2.2985,2.2985
1.376,0.1377,0.1374,0.1353,2.3299,2.3299
1.392,0.1381,0.1376,0.1355,2.3613,2.3613
1.408,0.1334,0.1366,0.1345,2.3927,2.3927
1.424,0.1382,0.137,0.1348,2.4304,2.4304
1.44,0.1367,0.1369,0.1347,2.4618,2.4618
1.456,0.1407,0.1379,0.1356,2.4932,2.4932
1.472,0.1342,0.1369,0.1348,2.5246,2.5246
1.488,0.138,0.1372,0.1351,2.556,2.556
1.504,0.1361,0.1369,0.1348,2.5874,2.5874
1.52,0.1354,0.1366,0.1345,2.6188,2.6188
1.536,0.1429,0.1382,0.136,2.6502,2.6502
1.552,0.1357,0.1375,0.1354,2.6816,2.6816
1.568,0.1361,0.1372,0.1351,2.713,2.713
1.584,0.1377,0.1373,0.1351,2.7506,2.7506
1.6,0.142,0.1385,0.1362,2.782,2.782
1.616,0.1403,0.1389,0.1367,2.8134,2.8134
1.632,0.1394,0.1391,0.1368,2.8448,2.8448
1.648,0.1377,0.1387,0.1366,2.8762,2.8762
1.664,0.1379,0.1385,0.1364,2.9076,2.9076
1.68,0.1366,0.138,0.1359,2.939,2.939
1.696,0.1376,0.1379,0.1358,2.9704,2.9704
1.712,0.1415,0.1388,0.1366,3.0018,3.0018
1.728,0.137,0.1383,0.1362,3.0332,3.0332
1.744,0.1386,0.1384,0.1363,3.0646,3.0646
1.76,0.1381,0.1383,0.1361,3.1023,3.1023
1.776,0.1407,0.1389,0.1367,3.1337,3.1337
1.792,0.1389,0.1389,0.1367,3.1651,3.1651
1.808,0.1363,0.1383,0.1361,3.1965,3.1965
1.824,0.1419,0.1392,0.137,3.2279,3.2279
1.84,0.1382,0.1389,0.1368,3.2593,3.2593
1.856,0.1385,0.1388,0.1367,3.2907,3.2907
1.872,0.136,0.1381,0.136,3.3221,3.3221
1.888,0.1384,0.1382,0.1361,3.3535,3.3535
1.904,0.1401,0.1387,0.1366,3.3849,3.3849
1.92,0.1334,0.1374,0.1352,3.4226,3.4226
1.936,0.1345,0.1366,0.1346,3.454,3.454
1.952,0.1312,0.1353,0.1333,3.4854,3.4854
1.968,0.1368,0.1357,0.1336,3.5168,3.5168
1.984,0.1355,0.1356,0.1336,3.5482,3.5482
2.0,0.1396,0.1366,0.1345,3.5796,3.5796
2.016,0.1384,0.1371,0.1349,3.611,3.611
2.032,0.1347,0.1365,0.1344,3.6424,3.6424
2.048,0.1371,0.1366,0.1345,3.6738,3.6738
2.064,0.1377,0.1369,0.1348,3.7052,3.7052
2.08,0.1391,0.1375,0.1353,3.7366,3.7366
2.096,0.1393,0.1379,0.1356,3.7743,3.7743
2.112,0.1361,0.1375,0.1352,3.8057,3.8057
2.128,0.1349,0.1368,0.1347,3.8371,3.8371
2.144,0.1366,0.1368,0.1346,3.8685,3.8685
2.16,0.134,0.1361,0.134,3.8999,3.8999
2.176,0.1409,0.1373,0.1351,3.9313,3.9313
2.192,0.136,0.1369,0.1348,3.9627,3.9627
2.208,0.1386,0.1374,0.1352,3.9941,3.9941
2.224,0.1362,0.1371,0.1349,4.0255,4.0255
2.24,0.1374,0.1371,0.135,4.0569,4.0569
2.256,0.1374,0.1372,0.135,4.0946,4.0946
2.272,0.1415,0.1383,0.136,4.126,4.126
2.288,0.141,0.139,0.1367,4.1574,4.1574
2.304,0.1351,0.138,0.1358,4.1888,4.1888
2.32,0.1381,0.138,0.1358,4.2202,4.2202
2.336,0.1425,0.1391,0.1369,4.2516,4.2516
2.352,0.1348,0.1381,0.1359,4.283,4.283
2.368,0.1389,0.1383,0.1361,4.3144,4.3144
2.384,0.1409,0.1389,0.1368,4.3458,4.3458
2.4,0.1419,0.1397,0.1375,4.3772,4.3772
2.416,0.1394,0.1396,0.1374,4.4086,4.4086
2.432,0.1399,0.1397,0.1374,4.4462,4.4462
2.448,0.1378,0.1392,0.137,4.4776,4.4776
2.464,0.1359,0.1384,0.1363,4.509,4.509
2.48,0.1356,0.1377,0.1356,4.5404,4.5404
2.496,0.1393,0.1381,0.136,4.5718,4.5718
2.512,0.137,0.1378,0.1357,4.6032,4.6032
2.528,0.136,0.1373,0.1353,4.6346,4.6346
2.544,0.1366,0.1372,0.1351,4.666,4.666
2.56,0.1386,0.1375,0.1354,4.6974,4.6974
2.576,0.1401,0.1382,0.136,4.7288,4.7288
2.592,0.1389,0.1384,0.1361,4.7665,4.7665
2.608,0.1407,0.1389,0.1367,4.7979,4.7979
2.624,0.1388,0.1389,0.1367,4.8293,4.8293
2.64,0.1341,0.1377,0.1356,4.8607,4.8607
2.656,0.1428,0.139,0.1368,4.8921,4.8921
2.672,0.139,0.139,0.1368,4.9235,4.9235
2.688,0.136,0.1382,0.1361,4.9549,4.9549
2.704,0.1385,0.1383,0.1362,4.9863,4.9863
2.72,0.1409,0.1389,0.1368,5.0177,5.0177
2.736,0.1342,0.1378,0.1357,5.0491,5.0491
2.752,0.1413,0.1386,0.1365,5.0805,5.0805
2.768,0.136,0.138,0.1358,5.1182,5.1182
2.784,0.137,0.1378,0.1356,5.1496,5.1496
2.8,0.1396,0.1382,0.136,5.181,5.181
2.816,0.1359,0.1376,0.1355,5.2124,5.2124
2.832,0.1405,0.1384,0.1362,5.2438,5.2438
2.848,0.139,0.1385,0.1364,5.2752,5.2752
2.864,0.1372,0.1382,0.1361,5.3066,5.3066
2.88,0.1396,0.1385,0.1364,5.338,5.338
2.896,0.1378,0.1383,0.1362,5.3694,5.3694
2.912,0.1424,0.1394,0.1372,5.4008,5.4008
2.928,0.1367,0.1387,0.1365,5.4385,5.4385
2.944,0.1343,0.1376,0.1355,5.4699,5.4699
2.96,0.1364,0.1373,0.1352,5.5013,5.5013
2.976,0.1396,0.1379,0.1357,5.5327,5.5327
2.992,0.1359,0.1374,0.1353,5.5641,5.5641
3.008,0.1387,0.1377,0.1356,5.5955,5.5955
3.024,0.1413,0.1386,0.1364,5.6269,5.6269
3.04,0.136,0.1379,0.1358,5.6583,5.6583
3.056,0.1377,0.1379,0.1358,5.6897,5.6897
3.072,0.139,0.1382,0.136,5.7211,5.7211
3.088,0.138,0.1381,0.136,5.7525,5.7525
3.104,0.1328,0.1368,0.1346,5.7902,5.7902
3.12,0.1356,0.1365,0.1344,5.8216,5.8216
3.136,0.135,0.1361,0.134,5.853,5.853
3.152,0.1381,0.1366,0.1345,5.8844,5.8844
3.168,0.1376,0.1368,0.1347,5.9158,5.9158
3.184,0.1412,0.1379,0.1357,5.9472,5.9472
3.2,0.1413,0.1388,0.1366,5.9786,5.9786
3.216,0.1356,0.138,0.1358,6.01,6.01
3.232,0.1387,0.1382,0.136,6.0414,6.0414
3.248,0.1386,0.1383,0.1361,6.0728,6.0728
3.264,0.1402,0.1388,0.1365,6.1104,6.1104
3.28,0.1389,0.1388,0.1366,6.1418,6.1418
3.296,0.1406,0.1392,0.137,6.1732,6.1732
3.312,0.1389,0.1392,0.137,6.2046,6.2046
3.328,0.1362,0.1384,0.1363,6.236,6.236
3.344,0.1393,0.1386,0.1365,6.2674,6.2674
3.36,0.1415,0.1394,0.1372,6.2988,6.2988
3.376,0.134,0.138,0.1359,6.3302,6.3302
3.392,0.1372,0.1378,0.1357,6.3616,6.3616
3.408,0.1358,0.1373,0.1353,6.393,6.393
3.424,0.1374,0.1373,0.1353,6.4244,6.4244
3.44,0.1391,0.1378,0.1356,6.4621,6.4621
3.456,0.1326,0.1365,0.1344,6.4935,6.4935
3.472,0.139,0.1371,0.135,6.5249,6.5249
3.488,0.1344,0.1364,0.1344,6.5563,6.5563
3.504,0.1371,0.1366,0.1345,6.5877,6.5877
3.52,0.134,0.136,0.1339,6.6191,6.6191
3.536,0.1309,0.1347,0.1327,6.6505,6.6505
3.552,0.1393,0.1358,0.1338,6.6819,6.6819
3.568,0.1391,0.1367,0.1345,6.7133,6.7133
3.584,0.14,0.1375,0.1353,6.7447,6.7447
3.6,0.1374,0.1375,0.1352,6.7824,6.7824
3.616,0.1425,0.1387,0.1364,6.8138,6.8138
3.632,0.1366,0.1382,0.136,6.8452,6.8452
3.648,0.1387,0.1383,0.1361,6.8766,6.8766
3.664,0.142,0.1393,0.137,6.908,6.908
3.68,0.1346,0.1381,0.136,6.9394,6.9394
3.696,0.1405,0.1387,0.1365,6.9708,6.9708
3.712,0.1385,0.1387,0.1365,7.0022,7.0022
3.728,0.1382,0.1386,0.1364,7.0336,7.0336
3.744,0.1377,0.1384,0.1362,7.065,7.065
3.76,0.136,0.1378,0.1357,7.0964,7.0964
3.776,0.1385,0.138,0.1358,7.1341,7.1341
3.792,0.137,0.1377,0.1356,7.1655,7.1655
3.808,0.1419,0.1388,0.1366,7.1969,7.1969
3.824,0.1402,0.1391,0.1369,7.2283,7.2283
3.84,0.1416,0.1398,0.1375,7.2597,7.2597
3.856,0.1362,0.1389,0.1367,7.2911,7.2911
3.872,0.1382,0.1387,0.1366,7.3225,7.3225
3.888,0.1413,0.1394,0.1372,7.3539,7.3539
3.904,0.1347,0.1382,0.1361,7.3853,7.3853
3.92,0.1385,0.1383,0.1362,7.4167,7.4167
3.936,0.1347,0.1374,0.1352,7.4544,7.4544
3.952,0.1387,0.1377,0.1355,7.4858,7.4858
3.968,0.1369,0.1375,0.1354,7.5172,7.5172
3.984,0.15,0.1406,0.1383,7.5486,7.5486
4.0,0.1373,0.1398,0.1376,7.58,7.58
4.016,0.1393,0.1396,0.1375,7.6114,7.6114
4.032,0.1385,0.1394,0.1372,7.6428,7.6428
4.048,0.1414,0.1399,0.1377,7.6742,7.6742
4.064,0.1418,0.1403,0.1382,7.7056,7.7056
4.08,0.1419,0.1407,0.1385,7.737,7.737
4.096,0.1406,0.1407,0.1385,7.7684,7.7684
4.112,0.1392,0.1403,0.1381,7.806,7.806
4.128,0.1424,0.1408,0.1386,7.8374,7.8374
4.144,0.1403,0.1407,0.1385,7.8688,7.8688
4.16,0.1367,0.1397,0.1376,7.9002,7.9002
4.176,0.139,0.1395,0.1374,7.9316,7.9316
4.192,0.1394,0.1395,0.1374,7.963,7.963
4.208,0.1337,0.138,0.136,7.9944,7.9944
4.224,0.1426,0.1392,0.1371,8.0258,8.0258
4.24,0.1369,0.1386,0.1365,8.0572,8.0572
4.256,0.1402,0.139,0.1369,8.0886,8.0886
4.272,0.1381,0.1388,0.1366,8.1263,8.1263
4.288,0.1418,0.1396,0.1373,8.1577,8.1577
4.304,0.1387,0.1394,0.1372,8.1891,8.1891
4.32,0.1399,0.1395,0.1373,8.2205,8.2205
4.336,0.139,0.1394,0.1372,8.2519,8.2519
4.352,0.1368,0.1387,0.1366,8.2833,8.2833
4.368,0.1405,0.1392,0.137,8.3147,8.3147
4.384,0.136,0.1384,0.1363,8.3461,8.3461
4.4,0.1389,0.1385,0.1364,8.3775,8.3775
4.416,0.1352,0.1377,0.1356,8.4089,8.4089
4.432,0.1392,0.1381,0.136,8.4403,8.4403
4.448,0.1396,0.1385,0.1362,8.478,8.478
4.464,0.1361,0.1379,0.1357,8.5094,8.5094
4.48,0.1408,0.1386,0.1364,8.5408,8.5408
4.496,0.137,0.1382,0.1361,8.5722,8.5722
4.512,0.14,0.1387,0.1365,8.6036,8.6036
4.528,0.1372,0.1383,0.1362,8.635,8.635
4.544,0.1372,0.138,0.1359,8.6664,8.6664
4.56,0.1378,0.138,0.1359,8.6978,8.6978
4.576,0.135,0.1372,0.1352,8.7292,8.7292
4.592,0.1398,0.1379,0.1358,8.7606,8.7606
4.608,0.1389,0.1381,0.1359,8.7983,8.7983
4.624,0.1368,0.1378,0.1356,8.8297,8.8297
4.64,0.1344,0.137,0.1348,8.8611,8.8611
4.656,0.1425,0.1383,0.1361,8.8925,8.8925
4.672,0.1379,0.1382,0.1361,8.9239,8.9239
4.688,0.1367,0.1378,0.1357,8.9553,8.9553
4.704,0.1351,0.1372,0.1351,8.9867,8.9867
4.72,0.1344,0.1365,0.1344,9.0181,9.0181
4.736,0.1388,0.137,0.1349,9.0495,9.0495
4.752,0.1392,0.1376,0.1354,9.0809,9.0809
4.768,0.1348,0.1369,0.1348,9.1123,9.1123
4.784,0.1386,0.1373,0.1351,9.15,9.15
4.8,0.1362,0.137,0.1349,9.1814,9.1814
4.816,0.1392,0.1376,0.1354,9.2128,9.2128
4.832,0.1396,0.1381,0.1359,9.2442,9.2442
4.848,0.1391,0.1383,0.1362,9.2756,9.2756
4.864,0.1369,0.138,0.1358,9.307,9.307
4.88,0.1378,0.138,0.1358,9.3384,9.3384
4.896,0.1384,0.1381,0.1359,9.3698,9.3698
4.912,0.1419,0.139,0.1368,9.4012,9.4012
4.928,0.1384,0.1389,0.1367,9.4326,9.4326
4.944,0.1382,0.1387,0.1365,9.4702,9.4702
4.96,0.1398,0.139,0.1368,9.5016,9.5016
4.976,0.1392,0.139,0.1368,9.533,9.533
4.992,0.139,0.139,0.1369,9.5644,9.5644
5.008,0.1394,0.1391,0.137,9.5958,9.5958
5.024,0.1354,0.1382,0.1361,9.6272,9.6272
5.04,0.1401,0.1387,0.1365,9.6586,9.6586
5.056,0.1366,0.1381,0.136,9.69,9.69
5.072,0.1358,0.1375,0.1355,9.7214,9.7214
5.088,0.1371,0.1374,0.1354,9.7528,9.7528
5.104,0.1401,0.1381,0.136,9.7842,9.7842
5.12,0.1368,0.1378,0.1356,9.8219,9.8219
5.136,0.1423,0.1389,0.1367,9.8533,9.8533
5.152,0.1366,0.1383,0.1361,9.8847,9.8847
5.168,0.1371,0.138,0.1359,9.9161,9.9161
5.184,0.1374,0.1379,0.1357,9.9475,9.9475
5.2,0.1389,0.1381,0.136,9.9789,9.9789
5.216,0.1395,0.1385,0.1363,10.0103,10.0103
5.232,0.1358,0.1378,0.1357,10.0417,10.0417
5.248,0.1401,0.1384,0.1362,10.0731,10.0731
5.264,0.1371,0.138,0.1359,10.1045,10.1045
5.28,0.1375,0.1379,0.1358,10.1359,10.1359
5.296,0.1388,0.1381,0.1359,10.1736,10.1736
5.312,0.1406,0.1387,0.1365,10.205,10.205
5.328,0.134,0.1376,0.1354,10.2364,10.2364
5.344,0.1339,0.1366,0.1346,10.2678,10.2678
5.36,0.138,0.137,0.1349,10.2992,10.2992
5.376,0.1393,0.1376,0.1354,10.3306,10.3306
5.392,0.1352,0.137,0.1349,10.362,10.362
5.408,0.1395,0.1376,0.1355,10.3934,10.3934
5.424,0.1357,0.1371,0.135,10.4248,10.4248
5.44,0.1348,0.1365,0.1345,10.4562,10.4562
5.456,0.1398,0.1374,0.1351,10.4939,10.4939
5.472,0.1377,0.1374,0.1352,10.5253,10.5253
5.488,0.1384,0.1377,0.1355,10.5567,10.5567
5.504,0.14,0.1383,0.1361,10.5881,10.5881
5.52,0.1344,0.1373,0.1352,10.6195,10.6195
5.536,0.135,0.1367,0.1347,10.6509,10.6509
5.552,0.1404,0.1377,0.1355,10.6823,10.6823
5.568,0.1409,0.1385,0.1363,10.7137,10.7137
5.584,0.1398,0.1388,0.1366,10.7451,10.7451
5.6,0.1378,0.1385,0.1364,10.7765,10.7765
5.616,0.1358,0.1379,0.1358,10.8079,10.8079
5.632,0.1361,0.1374,0.1353,10.8456,10.8456
5.648,0.141,0.1383,0.1361,10.877,10.877
5.664,0.1359,0.1377,0.1356,10.9084,10.9084
5.68,0.1387,0.138,0.1358,10.9398,10.9398
5.696,0.1355,0.1373,0.1352,10.9712,10.9712
5.712,0.1389,0.1377,0.1356,11.0026,11.0026
5.728,0.1412,0.1386,0.1364,11.034,11.034
5.744,0.1375,0.1383,0.1362,11.0654,11.0654
5.76,0.1365,0.1379,0.1358,11.0968,11.0968
5.776,0.1372,0.1377,0.1356,11.1282,11.1282
5.792,0.1371,0.1376,0.1354,11.1658,11.1658
5.808,0.1393,0.138,0.1358,11.1972,11.1972
5.824,0.1385,0.1381,0.1359,11.2286,11.2286
5.84,0.1386,0.1382,0.1361,11.26,11.26
5.856,0.1414,0.139,0.1368,11.2914,11.2914
5.872,0.1378,0.1387,0.1366,11.3228,11.3228
5.888,0.1362,0.1381,0.136,11.3542,11.3542
5.904,0.1408,0.1388,0.1366,11.3856,11.3856
5.92,0.1392,0.1389,0.1367,11.417,11.417
5.936,0.1331,0.1374,0.1354,11.4484,11.4484
5.952,0.1372,0.1374,0.1353,11.4798,11.4798
5.968,0.1387,0.1377,0.1355,11.5175,11.5175
5.984,0.138,0.1378,0.1356,11.5489,11.5489
6.0,0.1381,0.1379,0.1357,11.5803,11.5803
6.016,0.1346,0.1371,0.135,11.6117,11.6117
6.032,0.1411,0.1381,0.1359,11.6431,11.6431
6.048,0.138,0.1381,0.1359,11.6745,11.6745
6.064,0.1384,0.1381,0.136,11.7059,11.7059
6.08,0.1357,0.1375,0.1354,11.7373,11.7373
6.096,0.1429,0.1389,0.1367,11.7687,11.7687
6.112,0.1397,0.1391,0.1369,11.8001,11.8001
6.128,0.1407,0.1395,0.1372,11.8378,11.8378
6.144,0.1381,0.1391,0.1369,11.8692,11.8692
6.16,0.1382,0.1389,0.1367,11.9006,11.9006
6.176,0.1417,0.1396,0.1374,11.932,11.932
6.192,0.1395,0.1396,0.1374,11.9634,11.9634
6.208,0.1398,0.1396,0.1375,11.9948,11.9948
6.224,0.1373,0.139,0.1369,12.0262,12.0262
6.24,0.1356,0.1382,0.1361,12.0576,12.0576
6.256,0.1379,0.1381,0.136,12.089,12.089
6.272,0.1405,0.1387,0.1366,12.1204,12.1204
6.288,0.1383,0.1386,0.1365,12.1518,12.1518
6.304,0.1396,0.1389,0.1366,12.1895,12.1895
6.32,0.1362,0.1382,0.136,12.2209,12.2209
6.336,0.1418,0.1391,0.1369,12.2523,12.2523
6.352,0.1366,0.1385,0.1363,12.2837,12.2837
6.368,0.1359,0.1378,0.1357,12.3151,12.3151
6.384,0.1385,0.138,0.1359,12.3465,12.3465
6.4,0.1385,0.1381,0.136,12.3779,12.3779
6.416,0.1363,0.1377,0.1356,12.4093,12.4093
6.432,0.136,0.1373,0.1352,12.4407,12.4407
6.448,0.1378,0.1374,0.1353,12.4721,12.4721
6.464,0.1387,0.1377,0.1355,12.5098,12.5098
6.48,0.1372,0.1376,0.1354,12.5412,12.5412
6.496,0.1388,0.1379,0.1357,12.5726,12.5726
6.512,0.1339,0.1369,0.1348,12.604,12.604
6.528,0.1359,0.1367,0.1346,12.6354,12.6354
6.544,0.138,0.137,0.1349,12.6668,12.6668
6.56,0.1353,0.1366,0.1345,12.6982,12.6982
6.576,0.1394,0.1373,0.1351,12.7296,12.7296
6.592,0.1428,0.1387,0.1364,12.761,12.761
6.608,0.1387,0.1387,0.1365,12.7924,12.7924
6.624,0.1367,0.1382,0.136,12.8238,12.8238
6.64,0.1383,0.1382,0.136,12.8614,12.8614
6.656,0.1402,0.1387,0.1365,12.8928,12.8928
6.672,0.1402,0.1391,0.1368,12.9242,12.9242
6.688,0.1363,0.1384,0.1362,12.9556,12.9556
6.704,0.1385,0.1384,0.1363,12.987,12.987
6.72,0.1366,0.1379,0.1358,13.0184,13.0184
6.736,0.1329,0.1367,0.1347,13.0498,13.0498
6.752,0.1392,0.1373,0.1352,13.0812,13.0812
6.768,0.1399,0.138,0.1358,13.1126,13.1126
6.784,0.1396,0.1384,0.1362,13.144,13.144
6.8,0.1392,0.1386,0.1363,13.1817,13.1817
6.816,0.1396,0.1389,0.1366,13.2131,13.2131
6.832,0.1408,0.1393,0.1371,13.2445,13.2445
6.848,0.1393,0.1393,0.1371,13.2759,13.2759
6.864,0.1392,0.1393,0.1371,13.3073,13.3073
6.88,0.14,0.1395,0.1373,13.3387,13.3387
6.896,0.1386,0.1393,0.1371,13.3701,13.3701
6.912,0.1373,0.1388,0.1367,13.4015,13.4015
6.928,0.1387,0.1387,0.1366,13.4329,13.4329
6.944,0.1423,0.1396,0.1375,13.4643,13.4643
6.96,0.1378,0.1392,0.137,13.4957,13.4957
6.976,0.1374,0.1387,0.1365,13.5334,13.5334
6.992,0.1376,0.1384,0.1363,13.5648,13.5648
7.008,0.1381,0.1384,0.1362,13.5962,13.5962
7.024,0.1402,0.1388,0.1367,13.6276,13.6276
7.04,0.1393,0.1389,0.1368,13.659,13.659
7.056,0.1417,0.1396,0.1374,13.6904,13.6904
7.072,0.1335,0.1381,0.136,13.7218,13.7218
7.088,0.1367,0.1377,0.1357,13.7532,13.7532
7.104,0.1396,0.1382,0.1361,13.7846,13.7846
7.12,0.1359,0.1376,0.1356,13.816,13.816
7.136,0.1379,0.1377,0.1355,13.8537,13.8537
7.152,0.1418,0.1387,0.1365,13.8851,13.8851
7.168,0.1384,0.1386,0.1364,13.9165,13.9165
7.184,0.1417,0.1394,0.1372,13.9479,13.9479
7.2,0.137,0.1388,0.1366,13.9793,13.9793
7.216,0.1411,0.1394,0.1372,14.0107,14.0107
7.232,0.1409,0.1398,0.1376,14.0421,14.0421
7.248,0.1387,0.1395,0.1373,14.0735,14.0735
7.264,0.1406,0.1398,0.1376,14.1049,14.1049
7.28,0.1358,0.1388,0.1367,14.1363,14.1363
7.296,0.138,0.1386,0.1365,14.1677,14.1677
7.312,0.1405,0.139,0.1368,14.2054,14.2054
7.328,0.1373,0.1386,0.1364,14.2368,14.2368
7.344,0.1363,0.138,0.1359,14.2682,14.2682
7.36,0.1397,0.1385,0.1363,14.2996,14.2996
7.376,0.1418,0.1393,0.1371,14.331,14.331
7.392,0.1384,0.1391,0.1369,14.3624,14.3624
7.408,0.1413,0.1396,0.1375,14.3938,14.3938
7.424,0.1401,0.1397,0.1376,14.4252,14.4252
7.44,0.1353,0.1386,0.1365,14.4566,14.4566
7.456,0.1405,0.1391,0.137,14.488,14.488
7.472,0.1352,0.1381,0.136,14.5256,14.5256
7.488,0.1408,0.1388,0.1366,14.557,14.557
7.504,0.1399,0.1391,0.1369,14.5884,14.5884
7.52,0.1394,0.1392,0.137,14.6198,14.6198
7.536,0.1367,0.1385,0.1364,14.6512,14.6512
7.552,0.1386,0.1386,0.1364,14.6826,14.6826
7.568,0.137,0.1382,0.1361,14.714,14.714
7.584,0.1396,0.1385,0.1364,14.7454,14.7454
7.6,0.1366,0.1381,0.136,14.7768,14.7768
7.616,0.1385,0.1382,0.1361,14.8082,14.8082
7.632,0.1394,0.1385,0.1363,14.8396,14.8396
7.648,0.1397,0.1388,0.1365,14.8773,14.8773
7.664,0.1362,0.1381,0.136,14.9087,14.9087
7.68,0.138,0.1381,0.1359,14.9401,14.9401
7.696,0.1391,0.1383,0.1362,14.9715,14.9715
7.712,0.1372,0.138,0.1359,15.0029,15.0029
7.728,0.1339,0.137,0.135,15.0343,15.0343
7.744,0.135,0.1365,0.1345,15.0657,15.0657
7.76,0.1395,0.1372,0.1351,15.0971,15.0971
7.776,0.136,0.1369,0.1349,15.1285,15.1285
7.792,0.1404,0.1378,0.1357,15.1599,15.1599
7.808,0.1351,0.1371,0.1349,15.1976,15.1976
7.824,0.1377,0.1373,0.1351,15.229,15.229
7.84,0.1416,0.1384,0.1361,15.2604,15.2604
7.856,0.1376,0.1382,0.136,15.2918,15.2918
7.872,0.1406,0.1388,0.1366,15.3232,15.3232
7.888,0.1414,0.1394,0.1372,15.3546,15.3546
7.904,0.1369,0.1388,0.1366,15.386,15.386
7.92,0.1412,0.1394,0.1372,15.4174,15.4174
7.936,0.1385,0.1392,0.137,15.4488,15.4488
7.952,0.138,0.1389,0.1368,15.4802,15.4802
7.968,0.1375,0.1385,0.1364,15.5116,15.5116
7.984,0.1384,0.1385,0.1363,15.5493,15.5493
8.0,0.1416,0.1393,0.137,15.5807,15.5807
8.016,0.137,0.1387,0.1365,15.6121,15.6121
8.032,0.1373,0.1384,0.1362,15.6435,15.6435
8.048,0.1405,0.1389,0.1367,15.6749,15.6749
8.064,0.1352,0.138,0.1359,15.7063,15.7063
8.08,0.1339,0.1369,0.1349,15.7377,15.7377
8.096,0.1373,0.137,0.135,15.7691,15.7691
8.112,0.1401,0.1378,0.1357,15.8005,15.8005
8.128,0.1404,0.1384,0.1363,15.8319,15.8319
8.144,0.1339,0.1373,0.1351,15.8696,15.8696
8.16,0.1374,0.1373,0.1352,15.901,15.901
8.176,0.1385,0.1376,0.1355,15.9324,15.9324
8.192,0.1374,0.1376,0.1354,15.9638,15.9638
8.208,0.1358,0.1371,0.135,15.9952,15.9952
8.224,0.1392,0.1376,0.1355,16.0266,16.0266
8.24,0.1331,0.1365,0.1344,16.058,16.058
8.256,0.1375,0.1367,0.1346,16.0894,16.0894
8.272,0.1419,0.138,0.1358,16.1208,16.1208
8.288,0.1365,0.1376,0.1355,16.1522,16.1522
8.304,0.1366,0.1374,0.1353,16.1836,16.1836
8.32,0.1356,0.1369,0.1348,16.2212,16.2212
8.336,0.1399,0.1377,0.1355,16.2526,16.2526
8.352,0.1382,0.1378,0.1356,16.284,16.284
8.368,0.141,0.1386,0.1364,16.3154,16.3154
8.384,0.139,0.1387,0.1365,16.3468,16.3468
8.4,0.1321,0.1371,0.135,16.3782,16.3782
8.416,0.1375,0.1372,0.1351,16.4096,16.4096
8.432,0.1385,0.1375,0.1354,16.441,16.441
8.448,0.134,0.1366,0.1346,16.4724,16.4724
8.464,0.1369,0.1367,0.1346,16.5038,16.5038
8.48,0.1406,0.1377,0.1354,16.5415,16.5415
8.496,0.1353,0.1371,0.1349,16.5729,16.5729
8.512,0.1395,0.1377,0.1355,16.6043,16.6043
8.528,0.1378,0.1377,0.1355,16.6357,16.6357
8.544,0.1371,0.1376,0.1354,16.6671,16.6671
8.56,0.1385,0.1378,0.1356,16.6985,16.6985
8.576,0.1363,0.1374,0.1353,16.7299,16.7299
8.592,0.1389,0.1378,0.1357,16.7613,16.7613
8.608,0.1396,0.1382,0.1361,16.7927,16.7927
8.624,0.1373,0.138,0.1359,16.8241,16.8241
8.64,0.1385,0.1382,0.136,16.8555,16.8555
8.656,0.1405,0.1387,0.1365,16.8932,16.8932
8.672,0.1373,0.1384,0.1362,16.9246,16.9246
8.688,0.1371,0.1381,0.1359,16.956,16.956
8.704,0.1403,0.1386,0.1364,16.9874,16.9874
8.72,0.1375,0.1383,0.1362,17.0188,17.0188
8.736,0.1355,0.1376,0.1355,17.0502,17.0502
8.752,0.1368,0.1374,0.1353,17.0816,17.0816
8.768,0.1396,0.1379,0.1358,17.113,17.113
8.784,0.139,0.1382,0.1361,17.1444,17.1444
8.8,0.1389,0.1384,0.1362,17.1758,17.1758
8.816,0.138,0.1383,0.136,17.2135,17.2135
8.832,0.137,0.138,0.1358,17.2449,17.2449
8.848,0.1361,0.1375,0.1354,17.2763,17.2763
8.864,0.14,0.1381,0.136,17.3077,17.3077
8.88,0.1363,0.1377,0.1355,17.3391,17.3391
8.896,0.1382,0.1378,0.1357,17.3705,17.3705
8.912,0.1347,0.137,0.1349,17.4019,17.4019
8.928,0.1393,0.1376,0.1355,17.4333,17.4333
8.944,0.1379,0.1377,0.1355,17.4647,17.4647
8.96,0.1401,0.1383,0.1361,17.4961,17.4961
8.976,0.1362,0.1377,0.1356,17.5275,17.5275
8.992,0.1411,0.1386,0.1363,17.5652,17.5652
9.008,0.1409,0.1392,0.1369,17.5966,17.5966
9.024,0.1363,0.1385,0.1363,17.628,17.628
9.04,0.1366,0.138,0.1359,17.6594,17.6594
9.056,0.1378,0.138,0.1358,17.6908,17.6908
9.072,0.1416,0.1389,0.1367,17.7222,17.7222
9.088,0.1402,0.1392,0.137,17.7536,17.7536
9.104,0.1391,0.1392,0.137,17.785,17.785
9.12,0.1389,0.1391,0.137,17.8164,17.8164
9.136,0.1401,0.1394,0.1372,17.8478,17.8478
9.152,0.1386,0.1392,0.1369,17.8854,17.8854
9.168,0.1385,0.139,0.1368,17.9168,17.9168
9.184,0.1387,0.1389,0.1367,17.9482,17.9482
9.2,0.1418,0.1396,0.1374,17.9796,17.9796
9.216,0.1383,0.1393,0.1372,18.011,18.011
9.232,0.1378,0.1389,0.1368,18.0424,18.0424
9.248,0.1389,0.1389,0.1368,18.0738,18.0738
9.264,0.1398,0.1392,0.137,18.1052,18.1052
9.28,0.1383,0.1389,0.1368,18.1366,18.1366
9.296,0.1364,0.1383,0.1362,18.168,18.168
9.312,0.1375,0.1381,0.136,18.1994,18.1994
9.328,0.1374,0.1379,0.1357,18.2371,18.2371
9.344,0.141,0.1387,0.1365,18.2685,18.2685
9.36,0.1388,0.1387,0.1365,18.2999,18.2999
9.376,0.1366,0.1382,0.1361,18.3313,18.3313
9.392,0.1385,0.1383,0.1362,18.3627,18.3627
9.408,0.1406,0.1389,0.1367,18.3941,18.3941
9.424,0.1413,0.1395,0.1373,18.4255,18.4255
9.44,0.134,0.1381,0.136,18.4569,18.4569
9.456,0.1416,0.139,0.1368,18.4883,18.4883
9.472,0.1392,0.139,0.1369,18.5197,18.5197
9.488,0.1372,0.1386,0.1364,18.5574,18.5574
9.504,0.139,0.1387,0.1365,18.5888,18.5888
9.52,0.1332,0.1373,0.1352,18.6202,18.6202
9.536,0.1387,0.1377,0.1355,18.6516,18.6516
9.552,0.1393,0.1381,0.1359,18.683,18.683
9.568,0.1388,0.1382,0.1361,18.7144,18.7144
9.584,0.139,0.1384,0.1363,18.7458,18.7458
9.6,0.1378,0.1383,0.1361,18.7772,18.7772
9.616,0.1371,0.138,0.1359,18.8086,18.8086
9.632,0.1369,0.1377,0.1356,18.84,18.84
9.648,0.1383,0.1379,0.1358,18.8714,18.8714
9.664,0.1376,0.1378,0.1356,18.9091,18.9091
9.68,0.1374,0.1377,0.1355,18.9405,18.9405
9.696,0.1384,0.1379,0.1357,18.9719,18.9719
9.712,0.136,0.1374,0.1353,19.0033,19.0033
9.728,0.1396,0.138,0.1358,19.0347,19.0347
9.744,0.1388,0.1382,0.136,19.0661,19.0661
9.76,0.142,0.1391,0.1369,19.0975,19.0975
9.776,0.1397,0.1393,0.1371,19.1289,19.1289
9.792,0.1411,0.1397,0.1375,19.1603,19.1603
9.808,0.1333,0.1381,0.136,19.1917,19.1917
9.824,0.137,0.1378,0.1357,19.2294,19.2294
9.84,0.1387,0.138,0.1359,19.2608,19.2608
9.856,0.1409,0.1387,0.1365,19.2922,19.2922
9.872,0.1364,0.1381,0.136,19.3236,19.3236
9.888,0.1355,0.1375,0.1354,19.355,19.355
9.904,0.1369,0.1373,0.1353,19.3864,19.3864
9.92,0.1375,0.1374,0.1353,19.4178,19.4178
9.936,0.1372,0.1373,0.1352,19.4492,19.4492
9.952,0.1387,0.1377,0.1356,19.4806,19.4806
9.968,0.1414,0.1386,0.1364,19.512,19.512
9.984,0.1365,0.1381,0.136,19.5434,19.5434
10.0,0.1365,0.1377,0.1355,19.581,19.581
10.016,0.1414,0.1386,0.1364,19.6124,19.6124
10.032,0.1385,0.1386,0.1364,19.6438,19.6438
10.048,0.1411,0.1392,0.137,19.6752,19.6752
10.064,0.1409,0.1396,0.1374,19.7066,19.7066
10.08,0.1359,0.1387,0.1366,19.738,19.738
10.096,0.1401,0.1391,0.1369,19.7694,19.7694
10.112,0.134,0.1378,0.1357,19.8008,19.8008
10.128,0.1361,0.1374,0.1353,19.8322,19.8322
10.144,0.1349,0.1368,0.1347,19.8636,19.8636
10.16,0.1374,0.1369,0.1348,19.9013,19.9013
10.176,0.1392,0.1375,0.1353,19.9327,19.9327
10.192,0.1386,0.1378,0.1356,19.9641,19.9641
10.208,0.1346,0.137,0.1349,19.9955,19.9955
10.224,0.1398,0.1377,0.1355,20.0269,20.0269
10.24,0.1378,0.1377,0.1356,20.0583,20.0583
10.256,0.1386,0.1379,0.1358,20.0897,20.0897
10.272,0.1362,0.1375,0.1354,20.1211,20.1211
10.288,0.1422,0.1387,0.1365,20.1525,20.1525
10.304,0.1373,0.1383,0.1362,20.1839,20.1839
10.32,0.1408,0.139,0.1368,20.2153,20.2153
10.336,0.1356,0.1381,0.1359,20.253,20.253
10.352,0.1437,0.1395,0.1372,20.2844,20.2844
10.368,0.1365,0.1388,0.1366,20.3158,20.3158
10.384,0.1381,0.1386,0.1364,20.3472,20.3472
10.4,0.1353,0.1378,0.1357,20.3786,20.3786
10.416,0.1349,0.1371,0.135,20.41,20.41
10.432,0.1363,0.1369,0.1348,20.4414,20.4414
10.448,0.1383,0.1372,0.1351,20.4728,20.4728
10.464,0.1396,0.1378,0.1357,20.5042,20.5042
10.48,0.1383,0.1379,0.1358,20.5356,20.5356
10.496,0.1392,0.1383,0.136,20.5733,20.5733
10.512,0.1424,0.1393,0.137,20.6047,20.6047
10.528,0.1317,0.1374,0.1353,20.6361,20.6361
10.544,0.1422,0.1386,0.1364,20.6675,20.6675
10.56,0.1355,0.1378,0.1357,20.6989,20.6989
10.576,0.1388,0.1381,0.1359,20.7303,20.7303
10.592,0.1356,0.1374,0.1354,20.7617,20.7617
10.608,0.1372,0.1374,0.1353,20.7931,20.7931
10.624,0.1353,0.1369,0.1348,20.8245,20.8245
10.64,0.1346,0.1363,0.1343,20.8559,20.8559
10.656,0.1351,0.136,0.134,20.8873,20.8873
10.672,0.1359,0.136,0.1338,20.925,20.925
10.688,0.1365,0.1361,0.134,20.9564,20.9564
10.704,0.1408,0.1373,0.1351,20.9878,20.9878
10.72,0.1374,0.1373,0.1351,21.0192,21.0192
10.736,0.1384,0.1376,0.1354,21.0506,21.0506
10.752,0.139,0.138,0.1358,21.082,21.082
10.768,0.1399,0.1384,0.1362,21.1134,21.1134
10.784,0.1416,0.1392,0.137,21.1448,21.1448
10.8,0.1398,0.1394,0.1371,21.1762,21.1762
10.816,0.134,0.138,0.1359,21.2076,21.2076
10.832,0.1364,0.1376,0.1354,21.2452,21.2452
10.848,0.1409,0.1384,0.1362,21.2766,21.2766
10.864,0.1402,0.1389,0.1367,21.308,21.308
10.88,0.1401,0.1392,0.137,21.3394,21.3394
10.896,0.1353,0.1382,0.1361,21.3708,21.3708
10.912,0.1353,0.1375,0.1354,21.4022,21.4022
10.928,0.1365,0.1372,0.1352,21.4336,21.4336
10.944,0.136,0.1369,0.1349,21.465,21.465
10.96,0.1388,0.1374,0.1353,21.4964,21.4964
10.976,0.1409,0.1383,0.1361,21.5278,21.5278
10.992,0.1423,0.1393,0.1371,21.5592,21.5592
11.008,0.1397,0.1394,0.1371,21.5969,21.5969
11.024,0.1382,0.1391,0.1369,21.6283,21.6283
11.04,0.1422,0.1399,0.1376,21.6597,21.6597
11.056,0.1346,0.1385,0.1364,21.6911,21.6911
11.072,0.1385,0.1385,0.1364,21.7225,21.7225
11.088,0.1378,0.1383,0.1362,21.7539,21.7539
11.104,0.1369,0.138,0.1359,21.7853,21.7853
11.12,0.1415,0.1389,0.1367,21.8167,21.8167
11.136,0.1358,0.1381,0.136,21.8481,21.8481
11.152,0.1383,0.1382,0.1361,21.8795,21.8795
11.168,0.1387,0.1383,0.1362,21.9109,21.9109
11.184,0.1339,0.1372,0.1351,21.9486,21.9486
11.2,0.1397,0.1378,0.1356,21.98,21.98
11.216,0.1377,0.1378,0.1356,22.0114,22.0114
11.232,0.1324,0.1364,0.1344,22.0428,22.0428
11.248,0.1374,0.1367,0.1346,22.0742,22.0742
11.264,0.1383,0.1371,0.135,22.1056,22.1056
11.28,0.1389,0.1375,0.1354,22.137,22.137
11.296,0.1389,0.1379,0.1357,22.1684,22.1684
11.312,0.1377,0.1378,0.1357,22.1998,22.1998
11.328,0.1381,0.1379,0.1358,22.2312,22.2312
11.344,0.1355,0.1373,0.1351,22.2689,22.2689
11.36,0.1391,0.1377,0.1355,22.3003,22.3003
11.376,0.14,0.1383,0.1361,22.3317,22.3317
11.392,0.1376,0.1381,0.136,22.3631,22.3631
11.408,0.1379,0.1381,0.1359,22.3945,22.3945
11.424,0.1353,0.1374,0.1353,22.4259,22.4259
11.44,0.1387,0.1377,0.1356,22.4573,22.4573
11.456,0.1371,0.1375,0.1354,22.4887,22.4887
11.472,0.1347,0.1368,0.1348,22.5201,22.5201
11.488,0.1384,0.1372,0.1351,22.5515,22.5515
11.504,0.139,0.1377,0.1355,22.5829,22.5829
11.52,0.1429,0.139,0.1367,22.6206,22.6206
11.536,0.1378,0.1387,0.1365,22.652,22.652
11.552,0.1383,0.1386,0.1364,22.6834,22.6834
11.568,0.1367,0.1381,0.136,22.7148,22.7148
11.584,0.136,0.1376,0.1355,22.7462,22.7462
11.6,0.1358,0.1372,0.1351,22.7776,22.7776
11.616,0.1378,0.1373,0.1352,22.809,22.809
11.632,0.1381,0.1375,0.1354,22.8404,22.8404
11.648,0.1371,0.1374,0.1353,22.8718,22.8718
11.664,0.136,0.1371,0.135,22.9032,22.9032
11.68,0.1383,0.1374,0.1352,22.9408,22.9408
11.696,0.135,0.1368,0.1346,22.9722,22.9722
11.712,0.1372,0.1369,0.1348,23.0036,23.0036
11.728,0.1395,0.1375,0.1354,23.035,23.035
11.744,0.1374,0.1375,0.1354,23.0664,23.0664
11.76,0.1394,0.138,0.1358,23.0978,23.0978
11.776,0.1379,0.138,0.1358,23.1292,23.1292
11.792,0.1385,0.1381,0.1359,23.1606,23.1606
11.808,0.1398,0.1385,0.1363,23.192,23.192
11.824,0.1363,0.138,0.1359,23.2234,23.2234
11.84,0.1395,0.1384,0.1362,23.2548,23.2548
11.856,0.1374,0.1381,0.1359,23.2925,23.2925
11.872,0.1373,0.1379,0.1357,23.3239,23.3239
11.888,0.1402,0.1385,0.1363,23.3553,23.3553
11.904,0.1391,0.1387,0.1365,23.3867,23.3867
11.92,0.1342,0.1375,0.1354,23.4181,23.4181
11.936,0.1386,0.1378,0.1357,23.4495,23.4495
11.952,0.1336,0.1368,0.1347,23.4809,23.4809
11.968,0.1408,0.1378,0.1356,23.5123,23.5123
11.984,0.139,0.1381,0.1359,23.5437,23.5437
12.0,0.1379,0.1381,0.1359,23.5751,23.5751
12.016,0.1372,0.1378,0.1356,23.6128,23.6128
12.032,0.1378,0.1378,0.1357,23.6442,23.6442
12.048,0.1381,0.1379,0.1357,23.6756,23.6756
12.064,0.1384,0.138,0.1359,23.707,23.707
12.08,0.14,0.1385,0.1363,23.7384,23.7384
12.096,0.1397,0.1388,0.1366,23.7698,23.7698
12.112,0.1407,0.1393,0.1371,23.8012,23.8012
12.128,0.1391,0.1392,0.1371,23.8326,23.8326
12.144,0.1368,0.1386,0.1365,23.864,23.864
12.16,0.1358,0.1379,0.1358,23.8954,23.8954
12.176,0.1388,0.1381,0.1361,23.9268,23.9268
12.192,0.1408,0.1388,0.1366,23.9645,23.9645
12.208,0.1384,0.1387,0.1365,23.9959,23.9959
12.224,0.1386,0.1387,0.1365,24.0273,24.0273
12.24,0.1376,0.1384,0.1363,24.0587,24.0587
12.256,0.1406,0.139,0.1368,24.0901,24.0901
12.272,0.1382,0.1388,0.1366,24.1215,24.1215
12.288,0.1404,0.1392,0.137,24.1529,24.1529
12.304,0.1397,0.1393,0.1371,24.1843,24.1843
12.32,0.1419,0.1399,0.1378,24.2157,24.2157
12.336,0.138,0.1395,0.1373,24.2471,24.2471
12.352,0.1368,0.1388,0.1366,24.2848,24.2848
12.368,0.1436,0.14,0.1378,24.3162,24.3162
12.384,0.1385,0.1396,0.1374,24.3476,24.3476
12.4,0.1404,0.1398,0.1376,24.379,24.379
12.416,0.1398,0.1398,0.1376,24.4104,24.4104
12.432,0.1373,0.1392,0.1371,24.4418,24.4418
12.448,0.1376,0.1388,0.1367,24.4732,24.4732
12.464,0.1392,0.1389,0.1368,24.5046,24.5046
12.48,0.1392,0.139,0.1369,24.536,24.536
12.496,0.1345,0.1379,0.1358,24.5674,24.5674
12.512,0.1366,0.1376,0.1355,24.5988,24.5988
12.528,0.1394,0.138,0.1358,24.6364,24.6364
12.544,0.1347,0.1372,0.1351,24.6678,24.6678
12.56,0.1378,0.1373,0.1352,24.6992,24.6992
12.576,0.1419,0.1385,0.1363,24.7306,24.7306
12.592,0.1421,0.1394,0.1371,24.762,24.762
12.608,0.1373,0.1389,0.1367,24.7934,24.7934
12.624,0.1399,0.1391,0.1369,24.8248,24.8248
12.64,0.15,0.1418,0.1395,24.8562,24.8562
12.656,0.1406,0.1415,0.1393,24.8876,24.8876
12.672,0.1334,0.1395,0.1374,24.919,24.919
12.688,0.14,0.1396,0.1374,24.9567,24.9567
12.704,0.1398,0.1397,0.1375,24.9881,24.9881
12.72,0.1392,0.1396,0.1374,25.0195,25.0195
12.736,0.1372,0.139,0.1369,25.0509,25.0509
12.752,0.1398,0.1392,0.1371,25.0823,25.0823
12.768,0.1392,0.1392,0.1371,25.1137,25.1137
12.784,0.1385,0.139,0.1369,25.1451,25.1451
12.8,0.1348,0.138,0.1359,25.1765,25.1765
12.816,0.1403,0.1385,0.1365,25.2079,25.2079
12.832,0.1365,0.138,0.136,25.2393,25.2393
12.848,0.1373,0.1379,0.1358,25.2707,25.2707
12.864,0.15,0.1409,0.1385,25.3084,25.3084
12.88,0.1398,0.1406,0.1383,25.3398,25.3398
12.896,0.1388,0.1402,0.1379,25.3712,25.3712
12.912,0.142,0.1406,0.1384,25.4026,25.4026
12.928,0.1384,0.1401,0.1379,25.434,25.434
12.944,0.1407,0.1402,0.1381,25.4654,25.4654
12.96,0.1391,0.1399,0.1378,25.4968,25.4968
12.976,0.1392,0.1398,0.1377,25.5282,25.5282
12.992,0.1387,0.1395,0.1374,25.5596,25.5596
13.008,0.1405,0.1397,0.1376,25.591,25.591
13.024,0.1414,0.1402,0.1379,25.6287,25.6287
13.04,0.1372,0.1394,0.1373,25.6601,25.6601
13.056,0.1379,0.139,0.1369,25.6915,25.6915
13.072,0.1388,0.139,0.1369,25.7229,25.7229
13.088,0.1397,0.1392,0.137,25.7543,25.7543
13.104,0.1362,0.1384,0.1363,25.7857,25.7857
13.12,0.1386,0.1385,0.1364,25.8171,25.8171
13.136,0.14,0.1388,0.1367,25.8485,25.8485
13.152,0.1402,0.1392,0.1371,25.8799,25.8799
13.168,0.1412,0.1397,0.1375,25.9113,25.9113
13.184,0.1376,0.1392,0.1371,25.9427,25.9427
13.2,0.14,0.1394,0.1372,25.9804,25.9804
13.216,0.1417,0.14,0.1377,26.0118,26.0118
13.232,0.1368,0.1392,0.137,26.0432,26.0432
13.248,0.1367,0.1385,0.1364,26.0746,26.0746
13.264,0.1372,0.1382,0.1361,26.106,26.106
13.28,0.1362,0.1377,0.1356,26.1374,26.1374
13.296,0.1385,0.1379,0.1358,26.1688,26.1688
13.312,0.1379,0.1379,0.1358,26.2002,26.2002
13.328,0.1351,0.1372,0.1352,26.2316,26.2316
13.344,0.1349,0.1366,0.1346,26.263,26.263
13.36,0.1404,0.1376,0.1354,26.3006,26.3006
13.376,0.1385,0.1378,0.1356,26.332,26.332
13.392,0.1394,0.1382,0.136,26.3634,26.3634
13.408,0.1368,0.1379,0.1357,26.3948,26.3948
13.424,0.1413,0.1387,0.1365,26.4262,26.4262
13.44,0.1352,0.1379,0.1357,26.4576,26.4576
13.456,0.1327,0.1366,0.1345,26.489,26.489
13.472,0.1392,0.1372,0.1351,26.5204,26.5204
13.488,0.1381,0.1374,0.1353,26.5518,26.5518
13.504,0.1392,0.1379,0.1358,26.5832,26.5832
13.52,0.1351,0.1372,0.1351,26.6146,26.6146
13.536,0.1374,0.1372,0.135,26.6523,26.6523
13.552,0.1371,0.1372,0.135,26.6837,26.6837
13.568,0.1409,0.1381,0.1359,26.7151,26.7151
13.584,0.143,0.1393,0.1371,26.7465,26.7465
13.6,0.1388,0.1392,0.137,26.7779,26.7779
13.616,0.1403,0.1395,0.1373,26.8093,26.8093
13.632,0.1402,0.1396,0.1374,26.8407,26.8407
13.648,0.1359,0.1387,0.1366,26.8721,26.8721
13.664,0.1373,0.1384,0.1363,26.9035,26.9035
13.68,0.1401,0.1388,0.1367,26.9349,26.9349
13.696,0.1381,0.1386,0.1364,26.9726,26.9726
13.712,0.1396,0.1389,0.1367,27.004,27.004
13.728,0.1393,0.139,0.1368,27.0354,27.0354
13.744,0.1368,0.1384,0.1363,27.0668,27.0668
13.76,0.14,0.1388,0.1367,27.0982,27.0982
13.776,0.1379,0.1386,0.1365,27.1296,27.1296
13.792,0.1408,0.1392,0.137,27.161,27.161
13.808,0.1383,0.1389,0.1368,27.1924,27.1924
13.824,0.1388,0.1389,0.1368,27.2238,27.2238
13.84,0.137,0.1384,0.1363,27.2552,27.2552
13.856,0.1365,0.1379,0.1359,27.2866,27.2866
13.872,0.1369,0.1377,0.1355,27.3243,27.3243
13.888,0.1419,0.1387,0.1365,27.3557,27.3557
13.904,0.137,0.1383,0.1361,27.3871,27.3871
13.92,0.1352,0.1375,0.1354,27.4185,27.4185
13.936,0.1316,0.136,0.134,27.4499,27.4499
13.952,0.1393,0.1369,0.1348,27.4813,27.4813
13.968,0.1327,0.1358,0.1338,27.5127,27.5127
13.984,0.1391,0.1366,0.1345,27.5441,27.5441
14.0,0.1392,0.1373,0.1351,27.5755,27.5755
14.016,0.1398,0.1379,0.1357,27.6069,27.6069
14.032,0.1354,0.1373,0.1351,27.6446,27.6446
14.048,0.1385,0.1376,0.1354,27.676,27.676
14.064,0.1401,0.1382,0.136,27.7074,27.7074
14.08,0.14,0.1387,0.1364,27.7388,27.7388
14.096,0.1399,0.139,0.1368,27.7702,27.7702
14.112,0.137,0.1385,0.1363,27.8016,27.8016
14.128,0.1368,0.1381,0.1359,27.833,27.833
14.144,0.1417,0.139,0.1368,27.8644,27.8644
14.16,0.1388,0.1389,0.1368,27.8958,27.8958
14.176,0.1413,0.1395,0.1374,27.9272,27.9272
14.192,0.1358,0.1386,0.1365,27.9586,27.9586
14.208,0.1384,0.1386,0.1363,27.9962,27.9962
14.224,0.1359,0.1379,0.1358,28.0276,28.0276
14.24,0.1404,0.1385,0.1364,28.059,28.059
14.256,0.1363,0.138,0.1358,28.0904,28.0904
14.272,0.1347,0.1371,0.1351,28.1218,28.1218
14.288,0.1377,0.1373,0.1352,28.1532,28.1532
14.304,0.1366,0.1371,0.1351,28.1846,28.1846
14.32,0.1383,0.1374,0.1353,28.216,28.216
14.336,0.1394,0.1379,0.1358,28.2474,28.2474
14.352,0.1377,0.1379,0.1357,28.2788,28.2788
14.368,0.139,0.1381,0.1359,28.3165,28.3165
14.384,0.1389,0.1383,0.1361,28.3479,28.3479
14.4,0.1418,0.1392,0.137,28.3793,28.3793
14.416,0.1379,0.1389,0.1367,28.4107,28.4107
14.432,0.1413,0.1395,0.1373,28.4421,28.4421
14.448,0.14,0.1396,0.1374,28.4735,28.4735
14.464,0.1404,0.1398,0.1376,28.5049,28.5049
14.48,0.1355,0.1387,0.1366,28.5363,28.5363
14.496,0.139,0.1388,0.1367,28.5677,28.5677
14.512,0.1399,0.1391,0.1369,28.5991,28.5991
14.528,0.1376,0.1387,0.1366,28.6305,28.6305
14.544,0.1376,0.1384,0.1363,28.6682,28.6682
14.56,0.1433,0.1396,0.1374,28.6996,28.6996
14.576,0.1378,0.1392,0.137,28.731,28.731
14.592,0.141,0.1396,0.1374,28.7624,28.7624
14.608,0.1374,0.1391,0.1369,28.7938,28.7938
14.624,0.1414,0.1397,0.1375,28.8252,28.8252
14.64,0.1384,0.1394,0.1372,28.8566,28.8566
14.656,0.1365,0.1386,0.1366,28.888,28.888
14.672,0.1378,0.1384,0.1364,28.9194,28.9194
14.688,0.1381,0.1384,0.1363,28.9508,28.9508
14.704,0.1366,0.1379,0.1358,28.9885,28.9885
14.72,0.137,0.1377,0.1356,29.0199,29.0199
14.736,0.1391,0.1381,0.1359,29.0513,29.0513
14.752,0.1401,0.1386,0.1364,29.0827,29.0827
14.768,0.1347,0.1376,0.1355,29.1141,29.1141
14.784,0.1398,0.1382,0.136,29.1455,29.1455
14.8,0.1398,0.1386,0.1364,29.1769,29.1769
14.816,0.1356,0.1378,0.1357,29.2083,29.2083
14.832,0.1376,0.1378,0.1357,29.2397,29.2397
14.848,0.1356,0.1372,0.1352,29.2711,29.2711
14.864,0.1364,0.137,0.135,29.3025,29.3025
14.88,0.1374,0.1371,0.1349,29.3402,29.3402
14.896,0.1389,0.1376,0.1354,29.3716,29.3716
14.912,0.1405,0.1383,0.1361,29.403,29.403
14.928,0.1369,0.1379,0.1358,29.4344,29.4344
14.944,0.1364,0.1376,0.1354,29.4658,29.4658
14.96,0.1399,0.1381,0.136,29.4972,29.4972
14.976,0.1404,0.1387,0.1365,29.5286,29.5286
14.992,0.1394,0.1389,0.1367,29.56,29.56
15.008,0.1378,0.1386,0.1365,29.5914,29.5914
15.024,0.1364,0.1381,0.136,29.6228,29.6228
15.04,0.1377,0.138,0.1358,29.6604,29.6604
15.056,0.1345,0.1371,0.135,29.6918,29.6918
15.072,0.1388,0.1375,0.1354,29.7232,29.7232
15.088,0.1363,0.1372,0.1351,29.7546,29.7546
15.104,0.1353,0.1368,0.1347,29.786,29.786
15.12,0.1339,0.136,0.134,29.8174,29.8174
15.136,0.1347,0.1357,0.1337,29.8488,29.8488
15.152,0.1393,0.1366,0.1345,29.8802,29.8802
15.168,0.1428,0.1382,0.1359,29.9116,29.9116
15.184,0.1407,0.1388,0.1366,29.943,29.943
15.2,0.1343,0.1377,0.1355,29.9744,29.9744
15.216,0.1363,0.1373,0.1351,30.0121,30.0121
15.232,0.132,0.136,0.1339,30.0435,30.0435
15.248,0.1378,0.1364,0.1343,30.0749,30.0749
15.264,0.1358,0.1363,0.1342,30.1063,30.1063
15.28,0.14,0.1372,0.135,30.1377,30.1377
15.296,0.1356,0.1368,0.1347,30.1691,30.1691
15.312,0.1383,0.1372,0.135,30.2005,30.2005
15.328,0.1404,0.138,0.1358,30.2319,30.2319
15.344,0.1413,0.1388,0.1366,30.2633,30.2633
15.36,0.1362,0.1382,0.136,30.2947,30.2947
15.376,0.1366,0.1378,0.1355,30.3324,30.3324
15.392,0.1376,0.1377,0.1355,30.3638,30.3638
15.408,0.1405,0.1384,0.1362,30.3952,30.3952
15.424,0.1423,0.1394,0.1371,30.4266,30.4266
15.44,0.1382,0.1391,0.1369,30.458,30.458
15.456,0.1391,0.1391,0.1369,30.4894,30.4894
15.472,0.135,0.1381,0.136,30.5208,30.5208
15.488,0.1332,0.1369,0.1348,30.5522,30.5522
15.504,0.138,0.1371,0.1351,30.5836,30.5836
15.52,0.1403,0.1379,0.1358,30.615,30.615
15.536,0.1398,0.1384,0.1362,30.6464,30.6464
15.552,0.137,0.138,0.1358,30.6841,30.6841
15.568,0.134,0.137,0.1349,30.7155,30.7155
15.584,0.14,0.1378,0.1356,30.7469,30.7469
15.6,0.1379,0.1378,0.1356,30.7783,30.7783
15.616,0.1397,0.1383,0.1361,30.8097,30.8097
15.632,0.143,0.1395,0.1372,30.8411,30.8411
15.648,0.1416,0.14,0.1378,30.8725,30.8725
15.664,0.1376,0.1394,0.1372,30.9039,30.9039
15.68,0.1409,0.1398,0.1376,30.9353,30.9353
15.696,0.1392,0.1396,0.1375,30.9667,30.9667
15.712,0.1373,0.1391,0.1368,31.0044,31.0044
15.728,0.1405,0.1394,0.1372,31.0358,31.0358
15.744,0.1392,0.1394,0.1372,31.0672,31.0672
15.76,0.1408,0.1397,0.1375,31.0986,31.0986
15.776,0.1378,0.1392,0.1371,31.13,31.13
15.792,0.1379,0.1389,0.1368,31.1614,31.1614
15.808,0.1368,0.1384,0.1363,31.1928,31.1928
15.824,0.1413,0.1391,0.137,31.2242,31.2242
15.84,0.1387,0.139,0.1369,31.2556,31.2556
15.856,0.1382,0.1388,0.1367,31.287,31.287
15.872,0.1368,0.1383,0.1362,31.3184,31.3184
15.888,0.1393,0.1385,0.1363,31.356,31.356
15.904,0.1402,0.139,0.1368,31.3874,31.3874
15.92,0.1373,0.1385,0.1364,31.4188,31.4188
15.936,0.1375,0.1383,0.1362,31.4502,31.4502
15.952,0.1411,0.139,0.1368,31.4816,31.4816
15.968,0.1393,0.1391,0.1369,31.513,31.513
15.984,0.1343,0.1379,0.1358,31.5444,31.5444
16.0,0.1408,0.1386,0.1365,31.5758,31.5758
16.016,0.1399,0.1389,0.1368,31.6072,31.6072
16.032,0.1405,0.1393,0.1372,31.6386,31.6386
16.048,0.1394,0.1394,0.1371,31.6763,31.6763
16.064,0.1362,0.1386,0.1364,31.7077,31.7077
16.08,0.1356,0.1378,0.1357,31.7391,31.7391
16.096,0.1372,0.1377,0.1356,31.7705,31.7705
16.112,0.1354,0.1371,0.135,31.8019,31.8019
16.128,0.1397,0.1377,0.1356,31.8333,31.8333
16.144,0.1415,0.1387,0.1365,31.8647,31.8647
16.16,0.1363,0.1381,0.136,31.8961,31.8961
16.176,0.1336,0.137,0.1349,31.9275,31.9275
16.192,0.1351,0.1365,0.1345,31.9589,31.9589
16.208,0.1394,0.1372,0.1351,31.9903,31.9903
16.224,0.1417,0.1383,0.1361,32.028,32.028
16.24,0.1395,0.1386,0.1364,32.0594,32.0594
16.256,0.1399,0.1389,0.1367,32.0908,32.0908
16.272,0.1402,0.1392,0.137,32.1222,32.1222
16.288,0.1352,0.1382,0.1361,32.1536,32.1536
16.304,0.1399,0.1386,0.1365,32.185,32.185
16.32,0.1372,0.1383,0.1362,32.2164,32.2164
16.336,0.1389,0.1385,0.1363,32.2478,32.2478
16.352,0.136,0.1378,0.1357,32.2792,32.2792
16.368,0.1382,0.1379,0.1358,32.3106,32.3106
16.384,0.1403,0.1385,0.1363,32.3483,32.3483
16.4,0.141,0.1391,0.1369,32.3797,32.3797
16.416,0.1363,0.1384,0.1363,32.4111,32.4111
16.432,0.1344,0.1374,0.1353,32.4425,32.4425
16.448,0.1409,0.1383,0.1361,32.4739,32.4739
16.464,0.1394,0.1386,0.1364,32.5053,32.5053
16.48,0.1397,0.1388,0.1367,32.5367,32.5367
16.496,0.1389,0.1389,0.1367,32.5681,32.5681
16.512,0.1368,0.1383,0.1362,32.5995,32.5995
16.528,0.1367,0.1379,0.1359,32.6309,32.6309
16.544,0.1403,0.1385,0.1364,32.6623,32.6623
16.56,0.1393,0.1387,0.1365,32.7,32.7
16.576,0.1365,0.1382,0.136,32.7314,32.7314
16.592,0.1382,0.1382,0.136,32.7628,32.7628
16.608,0.1375,0.138,0.1359,32.7942,32.7942
16.624,0.1369,0.1377,0.1356,32.8256,32.8256
16.64,0.1361,0.1373,0.1353,32.857,32.857
16.656,0.1395,0.1379,0.1358,32.8884,32.8884
16.672,0.1386,0.1381,0.1359,32.9198,32.9198
16.688,0.1357,0.1375,0.1354,32.9512,32.9512
16.704,0.1394,0.138,0.1358,32.9826,32.9826
16.72,0.1397,0.1384,0.1362,33.0202,33.0202
16.736,0.14,0.1388,0.1366,33.0516,33.0516
16.752,0.1384,0.1387,0.1365,33.083,33.083
16.768,0.1391,0.1388,0.1366,33.1144,33.1144
16.784,0.1381,0.1386,0.1365,33.1458,33.1458
16.8,0.1371,0.1382,0.1361,33.1772,33.1772
16.816,0.1385,0.1383,0.1362,33.2086,33.2086
16.832,0.1365,0.1378,0.1358,33.24,33.24
16.848,0.1396,0.1383,0.1362,33.2714,33.2714
16.864,0.1374,0.1381,0.136,33.3028,33.3028
16.88,0.1377,0.138,0.1359,33.3342,33.3342
16.896,0.1386,0.1381,0.1359,33.3719,33.3719
16.912,0.1369,0.1378,0.1357,33.4033,33.4033
16.928,0.1363,0.1374,0.1353,33.4347,33.4347
16.944,0.1323,0.1362,0.1341,33.4661,33.4661
16.96,0.1423,0.1377,0.1355,33.4975,33.4975
16.976,0.1383,0.1378,0.1357,33.5289,33.5289
16.992,0.136,0.1374,0.1353,33.5603,33.5603
17.008,0.1415,0.1384,0.1362,33.5917,33.5917
17.024,0.1386,0.1384,0.1363,33.6231,33.6231
17.04,0.1375,0.1382,0.1361,33.6545,33.6545
17.056,0.1395,0.1385,0.1364,33.6859,33.6859
17.072,0.1366,0.1381,0.1358,33.7236,33.7236
17.088,0.1379,0.138,0.1358,33.755,33.755
17.104,0.1342,0.1371,0.135,33.7864,33.7864
17.12,0.1393,0.1376,0.1355,33.8178,33.8178
17.136,0.1364,0.1373,0.1352,33.8492,33.8492
17.152,0.1343,0.1366,0.1345,33.8806,33.8806
17.168,0.15,0.1399,0.1376,33.912,33.912
17.184,0.1368,0.1391,0.1369,33.9434,33.9434
17.2,0.1369,0.1386,0.1365,33.9748,33.9748
17.216,0.1416,0.1394,0.1372,34.0062,34.0062
17.232,0.1339,0.138,0.1358,34.0439,34.0439
17.248,0.1364,0.1376,0.1355,34.0753,34.0753
17.264,0.1397,0.1381,0.136,34.1067,34.1067
17.28,0.1351,0.1374,0.1353,34.1381,34.1381
17.296,0.1411,0.1383,0.1361,34.1695,34.1695
17.312,0.1374,0.1381,0.1359,34.2009,34.2009
17.328,0.1371,0.1378,0.1357,34.2323,34.2323
17.344,0.1386,0.138,0.1359,34.2637,34.2637
17.36,0.1352,0.1373,0.1353,34.2951,34.2951
17.376,0.1398,0.1379,0.1358,34.3265,34.3265
17.392,0.1357,0.1374,0.1353,34.3579,34.3579
17.408,0.1397,0.138,0.1357,34.3956,34.3956
17.424,0.1358,0.1374,0.1353,34.427,34.427
17.44,0.1371,0.1374,0.1352,34.4584,34.4584
17.456,0.1399,0.138,0.1358,34.4898,34.4898
17.472,0.1405,0.1386,0.1364,34.5212,34.5212
17.488,0.1424,0.1396,0.1373,34.5526,34.5526
17.504,0.139,0.1394,0.1372,34.584,34.584
17.52,0.1384,0.1392,0.137,34.6154,34.6154
17.536,0.1359,0.1383,0.1363,34.6468,34.6468
17.552,0.1378,0.1382,0.1361,34.6782,34.6782
17.568,0.138,0.1382,0.136,34.7158,34.7158
17.584,0.134,0.1371,0.135,34.7472,34.7472
17.6,0.1392,0.1376,0.1355,34.7786,34.7786
17.616,0.1382,0.1378,0.1356,34.81,34.81
17.632,0.1406,0.1385,0.1363,34.8414,34.8414
17.648,0.1363,0.1379,0.1358,34.8728,34.8728
17.664,0.1371,0.1377,0.1356,34.9042,34.9042
17.68,0.1383,0.1379,0.1358,34.9356,34.9356
17.696,0.1384,0.138,0.1359,34.967,34.967
17.712,0.1366,0.1377,0.1356,34.9984,34.9984
17.728,0.14,0.1383,0.1361,35.0298,35.0298
17.744,0.1374,0.138,0.1358,35.0675,35.0675
17.76,0.141,0.1388,0.1365,35.0989,35.0989
17.776,0.1377,0.1385,0.1363,35.1303,35.1303
17.792,0.14,0.1389,0.1367,35.1617,35.1617
17.808,0.1381,0.1387,0.1365,35.1931,35.1931
17.824,0.1362,0.1381,0.136,35.2245,35.2245
17.84,0.1376,0.1379,0.1358,35.2559,35.2559
17.856,0.1353,0.1373,0.1352,35.2873,35.2873
17.872,0.1376,0.1373,0.1353,35.3187,35.3187
17.888,0.138,0.1375,0.1354,35.3501,35.3501
17.904,0.1372,0.1374,0.1352,35.3878,35.3878
17.92,0.1367,0.1372,0.1351,35.4192,35.4192
17.936,0.139,0.1377,0.1355,35.4506,35.4506
17.952,0.1365,0.1374,0.1352,35.482,35.482
17.968,0.1379,0.1375,0.1354,35.5134,35.5134
17.984,0.1371,0.1374,0.1353,35.5448,35.5448
18.0,0.1385,0.1377,0.1355,35.5762,35.5762
18.016,0.1412,0.1386,0.1364,35.6076,35.6076
18.032,0.1369,0.1382,0.136,35.639,35.639
18.048,0.1388,0.1383,0.1362,35.6704,35.6704
18.064,0.1398,0.1387,0.1365,35.7018,35.7018
18.08,0.1362,0.1381,0.1359,35.7395,35.7395
18.096,0.1374,0.1379,0.1357,35.7709,35.7709
18.112,0.1391,0.1382,0.136,35.8023,35.8023
18.128,0.1353,0.1375,0.1354,35.8337,35.8337
18.144,0.1356,0.137,0.1349,35.8651,35.8651
18.16,0.1432,0.1386,0.1364,35.8965,35.8965
18.176,0.1366,0.1381,0.1359,35.9279,35.9279
18.192,0.1394,0.1384,0.1362,35.9593,35.9593
18.208,0.1378,0.1382,0.1361,35.9907,35.9907
18.224,0.1369,0.1379,0.1358,36.0221,36.0221
18.24,0.138,0.1379,0.1357,36.0598,36.0598
18.256,0.1333,0.1368,0.1347,36.0912,36.0912
18.272,0.1388,0.1373,0.1351,36.1226,36.1226
18.288,0.1353,0.1368,0.1347,36.154,36.154
18.304,0.1404,0.1377,0.1355,36.1854,36.1854
18.32,0.1407,0.1384,0.1362,36.2168,36.2168
18.336,0.1403,0.1389,0.1367,36.2482,36.2482
18.352,0.1378,0.1386,0.1365,36.2796,36.2796
18.368,0.138,0.1385,0.1363,36.311,36.311
18.384,0.1387,0.1385,0.1364,36.3424,36.3424
18.4,0.1346,0.1375,0.1355,36.3738,36.3738
18.416,0.1408,0.1384,0.1361,36.4114,36.4114
18.432,0.1397,0.1387,0.1365,36.4428,36.4428
18.448,0.1394,0.1389,0.1367,36.4742,36.4742
18.464,0.1342,0.1377,0.1356,36.5056,36.5056
18.48,0.138,0.1378,0.1356,36.537,36.537
18.496,0.1365,0.1375,0.1354,36.5684,36.5684
18.512,0.1378,0.1375,0.1354,36.5998,36.5998
18.528,0.1368,0.1373,0.1353,36.6312,36.6312
18.544,0.1402,0.1381,0.1359,36.6626,36.6626
18.56,0.1376,0.1379,0.1358,36.694,36.694
18.576,0.1378,0.1379,0.1357,36.7317,36.7317
18.592,0.1355,0.1373,0.1351,36.7631,36.7631
18.608,0.1348,0.1367,0.1346,36.7945,36.7945
18.624,0.1387,0.1372,0.135,36.8259,36.8259
18.64,0.1343,0.1365,0.1344,36.8573,36.8573
18.656,0.1421,0.1379,0.1357,36.8887,36.8887
18.672,0.1395,0.1383,0.1361,36.9201,36.9201
18.688,0.1374,0.138,0.1359,36.9515,36.9515
18.704,0.1364,0.1376,0.1355,36.9829,36.9829
18.72,0.1422,0.1388,0.1366,37.0143,37.0143
18.736,0.1369,0.1383,0.1362,37.0457,37.0457
18.752,0.1381,0.1383,0.136,37.0834,37.0834
18.768,0.15,0.1412,0.1388,37.1148,37.1148
18.784,0.1382,0.1405,0.1382,37.1462,37.1462
18.8,0.1384,0.1399,0.1377,37.1776,37.1776
18.816,0.138,0.1395,0.1373,37.209,37.209
18.832,0.1364,0.1387,0.1366,37.2404,37.2404
18.848,0.1371,0.1383,0.1362,37.2718,37.2718
18.864,0.1417,0.1391,0.137,37.3032,37.3032
18.88,0.1356,0.1383,0.1362,37.3346,37.3346
18.896,0.1397,0.1386,0.1365,37.366,37.366
18.912,0.1389,0.1387,0.1365,37.4037,37.4037
18.928,0.136,0.138,0.1359,37.4351,37.4351
18.944,0.1411,0.1388,0.1366,37.4665,37.4665
18.96,0.1356,0.138,0.1359,37.4979,37.4979
18.976,0.1366,0.1377,0.1356,37.5293,37.5293
18.992,0.1377,0.1377,0.1356,37.5607,37.5607
19.008,0.1404,0.1383,0.1362,37.5921,37.5921
19.024,0.1375,0.1381,0.136,37.6235,37.6235
19.04,0.135,0.1374,0.1353,37.6549,37.6549
19.056,0.1376,0.1374,0.1353,37.6863,37.6863
19.072,0.1397,0.138,0.1359,37.7177,37.7177
19.088,0.133,0.1368,0.1346,37.7554,37.7554
19.104,0.1382,0.1371,0.135,37.7868,37.7868
19.12,0.1426,0.1385,0.1362,37.8182,37.8182
19.136,0.1359,0.1378,0.1357,37.8496,37.8496
19.152,0.1365,0.1375,0.1354,37.881,37.881
19.168,0.1379,0.1376,0.1355,37.9124,37.9124
19.184,0.1377,0.1376,0.1355,37.9438,37.9438
19.2,0.1347,0.1369,0.1348,37.9752,37.9752
19.216,0.1416,0.1381,0.1359,38.0066,38.0066
19.232,0.1366,0.1377,0.1356,38.038,38.038
19.248,0.1373,0.1376,0.1354,38.0756,38.0756
19.264,0.1381,0.1377,0.1356,38.107,38.107
19.28,0.1407,0.1385,0.1363,38.1384,38.1384
19.296,0.1376,0.1383,0.1361,38.1698,38.1698
19.312,0.1386,0.1384,0.1362,38.2012,38.2012
19.328,0.1367,0.1379,0.1358,38.2326,38.2326
19.344,0.1408,0.1386,0.1365,38.264,38.264
19.36,0.1371,0.1383,0.1361,38.2954,38.2954
19.376,0.1401,0.1387,0.1366,38.3268,38.3268
19.392,0.1419,0.1395,0.1373,38.3582,38.3582
19.408,0.1393,0.1395,0.1373,38.3896,38.3896
19.424,0.1402,0.1396,0.1374,38.4273,38.4273
19.44,0.1389,0.1395,0.1372,38.4587,38.4587
19.456,0.1382,0.1392,0.137,38.4901,38.4901
19.472,0.1405,0.1395,0.1373,38.5215,38.5215
19.488,0.1389,0.1393,0.1372,38.5529,38.5529
19.504,0.1393,0.1393,0.1372,38.5843,38.5843
19.52,0.1394,0.1394,0.1372,38.6157,38.6157
19.536,0.1434,0.1404,0.1382,38.6471,38.6471
19.552,0.1412,0.1406,0.1384,38.6785,38.6785
19.568,0.1353,0.1393,0.1372,38.7099,38.7099
19.584,0.1367,0.1386,0.1365,38.7476,38.7476
19.6,0.1384,0.1385,0.1364,38.779,38.779
19.616,0.1353,0.1377,0.1357,38.8104,38.8104
19.632,0.1346,0.137,0.1349,38.8418,38.8418
19.648,0.1366,0.1369,0.1348,38.8732,38.8732
19.664,0.1394,0.1375,0.1354,38.9046,38.9046
19.68,0.1404,0.1382,0.1361,38.936,38.936
19.696,0.1389,0.1384,0.1362,38.9674,38.9674
19.712,0.1395,0.1387,0.1365,38.9988,38.9988
19.728,0.1422,0.1396,0.1374,39.0302,39.0302
19.744,0.1383,0.1392,0.1371,39.0616,39.0616
19.76,0.1357,0.1384,0.1362,39.0993,39.0993
19.776,0.1375,0.1381,0.136,39.1307,39.1307
19.792,0.1403,0.1387,0.1365,39.1621,39.1621
19.808,0.1403,0.1391,0.1369,39.1935,39.1935
19.824,0.1361,0.1383,0.1362,39.2249,39.2249
19.84,0.1434,0.1396,0.1374,39.2563,39.2563
19.856,0.1363,0.1388,0.1366,39.2877,39.2877
19.872,0.1398,0.139,0.1369,39.3191,39.3191
19.888,0.1399,0.1393,0.1371,39.3505,39.3505
19.904,0.1353,0.1383,0.1362,39.3819,39.3819
19.92,0.1387,0.1384,0.1362,39.4196,39.4196
19.936,0.1386,0.1385,0.1363,39.451,39.451
19.952,0.14,0.1388,0.1367,39.4824,39.4824
19.968,0.1397,0.1391,0.1369,39.5138,39.5138
19.984,0.1413,0.1396,0.1374,39.5452,39.5452
20.0,0.1408,0.1399,0.1377,39.5766,39.5766
20.016,0.1356,0.1388,0.1367,39.608,39.608
20.032,0.1398,0.1391,0.1369,39.6394,39.6394
20.048,0.1385,0.1389,0.1368,39.6708,39.6708
20.064,0.1405,0.1393,0.1372,39.7022,39.7022
20.08,0.1384,0.1391,0.137,39.7336,39.7336
20.096,0.141,0.1396,0.1373,39.7712,39.7712
20.112,0.1438,0.1406,0.1383,39.8026,39.8026
20.128,0.1379,0.1399,0.1377,39.834,39.834
20.144,0.1372,0.1393,0.1371,39.8654,39.8654
20.16,0.138,0.1389,0.1368,39.8968,39.8968
20.176,0.1366,0.1384,0.1363,39.9282,39.9282
20.192,0.1405,0.1389,0.1368,39.9596,39.9596
20.208,0.1344,0.1378,0.1357,39.991,39.991
20.224,0.1367,0.1375,0.1355,40.0224,40.0224
20.24,0.1376,0.1375,0.1355,40.0538,40.0538
20.256,0.1349,0.1368,0.1347,40.0915,40.0915
20.272,0.1352,0.1364,0.1343,40.1229,40.1229
20.288,0.1382,0.1369,0.1348,40.1543,40.1543
20.304,0.1396,0.1376,0.1354,40.1857,40.1857
20.32,0.1323,0.1362,0.1342,40.2171,40.2171
20.336,0.1376,0.1366,0.1345,40.2485,40.2485
20.352,0.1413,0.1378,0.1356,40.2799,40.2799
20.368,0.1419,0.1388,0.1366,40.3113,40.3113
20.384,0.1406,0.1393,0.137,40.3427,40.3427
20.4,0.1397,0.1394,0.1372,40.3741,40.3741
20.416,0.1381,0.1391,0.1369,40.4055,40.4055
20.432,0.139,0.139,0.1368,40.4432,40.4432
20.448,0.1348,0.138,0.1358,40.4746,40.4746
20.464,0.138,0.138,0.1359,40.506,40.506
20.48,0.1403,0.1386,0.1364,40.5374,40.5374
20.496,0.1394,0.1388,0.1366,40.5688,40.5688
20.512,0.1413,0.1394,0.1372,40.6002,40.6002
20.528,0.1357,0.1385,0.1364,40.6316,40.6316
20.544,0.1338,0.1373,0.1353,40.663,40.663
20.56,0.1417,0.1384,0.1363,40.6944,40.6944
20.576,0.1372,0.1381,0.136,40.7258,40.7258
20.592,0.1408,0.1388,0.1365,40.7635,40.7635
20.608,0.1383,0.1387,0.1365,40.7949,40.7949
20.624,0.1348,0.1377,0.1356,40.8263,40.8263
20.64,0.1372,0.1376,0.1355,40.8577,40.8577
20.656,0.1396,0.1381,0.1359,40.8891,40.8891
20.672,0.1376,0.138,0.1358,40.9205,40.9205
20.688,0.1389,0.1382,0.1361,40.9519,40.9519
20.704,0.1373,0.138,0.1359,40.9833,40.9833
20.72,0.1367,0.1377,0.1356,41.0147,41.0147
20.736,0.1359,0.1372,0.1351,41.0461,41.0461
20.752,0.1394,0.1378,0.1357,41.0775,41.0775
20.768,0.1384,0.1379,0.1357,41.1152,41.1152
20.784,0.1381,0.138,0.1358,41.1466,41.1466
20.8,0.1378,0.1379,0.1358,41.178,41.178
20.816,0.1407,0.1386,0.1364,41.2094,41.2094
20.832,0.1385,0.1386,0.1364,41.2408,41.2408
20.848,0.1335,0.1373,0.1352,41.2722,41.2722
20.864,0.1353,0.1368,0.1348,41.3036,41.3036
20.88,0.1367,0.1368,0.1347,41.335,41.335
20.896,0.1379,0.1371,0.135,41.3664,41.3664
20.912,0.1412,0.1381,0.1359,41.3978,41.3978
20.928,0.138,0.1381,0.1358,41.4354,41.4354
20.944,0.1395,0.1384,0.1362,41.4668,41.4668
20.96,0.1382,0.1384,0.1362,41.4982,41.4982
20.976,0.1393,0.1386,0.1364,41.5296,41.5296
20.992,0.1382,0.1385,0.1363,41.561,41.561
21.008,0.137,0.1381,0.136,41.5924,41.5924
21.024,0.1356,0.1375,0.1354,41.6238,41.6238
21.04,0.1372,0.1374,0.1353,41.6552,41.6552
21.056,0.1359,0.137,0.135,41.6866,41.6866
21.072,0.1379,0.1372,0.1352,41.718,41.718
21.088,0.1368,0.1371,0.135,41.7494,41.7494
21.104,0.1377,0.1373,0.1351,41.7871,41.7871
21.12,0.1379,0.1374,0.1353,41.8185,41.8185
21.136,0.1376,0.1375,0.1353,41.8499,41.8499
21.152,0.1403,0.1382,0.136,41.8813,41.8813
21.168,0.1401,0.1387,0.1365,41.9127,41.9127
21.184,0.1352,0.1378,0.1357,41.9441,41.9441
21.2,0.1333,0.1367,0.1346,41.9755,41.9755
21.216,0.1389,0.1372,0.1351,42.0069,42.0069
21.232,0.1389,0.1377,0.1355,42.0383,42.0383
21.248,0.141,0.1385,0.1363,42.0697,42.0697
21.264,0.139,0.1386,0.1363,42.1074,42.1074
21.28,0.1403,0.139,0.1368,42.1388,42.1388
21.296,0.1377,0.1387,0.1365,42.1702,42.1702
21.312,0.1423,0.1396,0.1374,42.2016,42.2016
21.328,0.1382,0.1392,0.1371,42.233,42.233
21.344,0.1392,0.1392,0.1371,42.2644,42.2644
21.36,0.1356,0.1383,0.1362,42.2958,42.2958
21.376,0.1375,0.1381,0.136,42.3272,42.3272
21.392,0.1381,0.1381,0.136,42.3586,42.3586
21.408,0.141,0.1388,0.1367,42.39,42.39
21.424,0.1429,0.1398,0.1376,42.4214,42.4214
21.44,0.1342,0.1384,0.1362,42.4591,42.4591
21.456,0.1382,0.1384,0.1362,42.4905,42.4905
21.472,0.1374,0.1381,0.136,42.5219,42.5219
21.488,0.1378,0.138,0.1359,42.5533,42.5533
21.504,0.1416,0.1389,0.1368,42.5847,42.5847
21.52,0.137,0.1384,0.1363,42.6161,42.6161
21.536,0.1398,0.1388,0.1366,42.6475,42.6475
21.552,0.1395,0.139,0.1368,42.6789,42.6789
21.568,0.1411,0.1395,0.1373,42.7103,42.7103
21.584,0.135,0.1384,0.1363,42.7417,42.7417
21.6,0.1372,0.1381,0.1359,42.7794,42.7794
21.616,0.1389,0.1383,0.1361,42.8108,42.8108
21.632,0.1377,0.1381,0.136,42.8422,42.8422
21.648,0.1353,0.1374,0.1353,42.8736,42.8736
21.664,0.1366,0.1372,0.1351,42.905,42.905
21.68,0.1402,0.138,0.1358,42.9364,42.9364
21.696,0.135,0.1372,0.1351,42.9678,42.9678
21.712,0.1398,0.1379,0.1357,42.9992,42.9992
21.728,0.1394,0.1382,0.1361,43.0306,43.0306
21.744,0.1414,0.139,0.1368,43.062,43.062
21.76,0.1386,0.1389,0.1368,43.0934,43.0934
21.776,0.1419,0.1397,0.1374,43.131,43.131
21.792,0.1402,0.1398,0.1375,43.1624,43.1624
21.808,0.1386,0.1395,0.1373,43.1938,43.1938
21.824,0.1371,0.1389,0.1368,43.2252,43.2252
21.84,0.1377,0.1386,0.1365,43.2566,43.2566
21.856,0.1405,0.1391,0.1369,43.288,43.288
21.872,0.1397,0.1392,0.1371,43.3194,43.3194
21.888,0.15,0.1419,0.1396,43.3508,43.3508
21.904,0.1379,0.1409,0.1387,43.3822,43.3822
21.92,0.1376,0.1401,0.138,43.4136,43.4136
21.936,0.1385,0.1397,0.1375,43.4513,43.4513
21.952,0.1398,0.1397,0.1375,43.4827,43.4827
21.968,0.1428,0.1405,0.1383,43.5141,43.5141
21.984,0.1352,0.1392,0.1371,43.5455,43.5455
22.0,0.1372,0.1387,0.1366,43.5769,43.5769
22.016,0.1374,0.1384,0.1363,43.6083,43.6083
22.032,0.1378,0.1382,0.1362,43.6397,43.6397
22.048,0.1373,0.138,0.1359,43.6711,43.6711
22.064,0.1371,0.1378,0.1357,43.7025,43.7025
22.08,0.1391,0.1381,0.136,43.7339,43.7339
22.096,0.1375,0.138,0.1359,43.7653,43.7653
22.112,0.1395,0.1383,0.1361,43.803,43.803
22.128,0.1369,0.138,0.1358,43.8344,43.8344
22.144,0.1383,0.138,0.1359,43.8658,43.8658
22.16,0.1378,0.138,0.1359,43.8972,43.8972
22.176,0.1372,0.1378,0.1357,43.9286,43.9286
22.192,0.1364,0.1374,0.1353,43.96,43.96
22.208,0.1391,0.1378,0.1357,43.9914,43.9914
22.224,0.141,0.1386,0.1365,44.0228,44.0228
22.24,0.1369,0.1382,0.1361,44.0542,44.0542
22.256,0.1379,0.1381,0.136,44.0856,44.0856
22.272,0.1361,0.1376,0.1354,44.1233,44.1233
22.288,0.1378,0.1377,0.1355,44.1547,44.1547
22.304,0.1376,0.1376,0.1355,44.1861,44.1861
22.32,0.1421,0.1388,0.1365,44.2175,44.2175
22.336,0.1374,0.1384,0.1363,44.2489,44.2489
22.352,0.1402,0.1389,0.1367,44.2803,44.2803
22.368,0.1338,0.1376,0.1355,44.3117,44.3117
22.384,0.1342,0.1367,0.1347,44.3431,44.3431
22.4,0.1346,0.1362,0.1342,44.3745,44.3745
22.416,0.1286,0.1343,0.1324,44.4059,44.4059
22.432,0.1226,0.1314,0.1296,44.4373,44.4373
22.448,0.1218,0.129,0.1272,44.475,44.475
22.464,0.1205,0.1269,0.1252,44.5001,44.5001
22.48,0.1172,0.1245,0.1229,44.5315,44.5315
22.496,0.1355,0.1272,0.1253,44.5629,44.5629
22.512,0.1311,0.1282,0.1263,44.588,44.588
22.528,0.1278,0.1281,0.1261,44.6194,44.6194
22.544,0.1255,0.1275,0.1256,44.6445,44.6445
22.56,0.1222,0.1261,0.1244,44.6696,44.6696
22.576,0.121,0.1248,0.1233,44.6885,44.6885
22.592,0.1192,0.1234,0.122,44.7136,44.7136
22.608,0.1226,0.1232,0.1217,44.7387,44.7387
22.624,0.1198,0.1224,0.121,44.7576,44.7576
22.64,0.1152,0.1206,0.1193,44.7764,44.7764
22.656,0.1165,0.1196,0.1184,44.7952,44.7952
22.672,0.1152,0.1185,0.1173,44.8141,44.8141
22.688,0.1112,0.1166,0.1157,44.8266,44.8266
22.704,0.1121,0.1155,0.1146,44.8455,44.8455
22.72,0.1065,0.1132,0.1124,44.858,44.8643
22.736,0.102,0.1104,0.1098,44.8706,44.8769
22.752,0.1041,0.1089,0.1082,44.8832,44.8957
22.768,0.1013,0.107,0.1063,44.8957,44.9146
22.784,0.1033,0.1061,0.1054,44.9083,44.9334
22.8,0.1003,0.1046,0.1039,44.9146,44.9585
22.816,0.0992,0.1033,0.1026,44.9271,44.9774
22.832,0.0982,0.102,0.1014,44.9334,44.9962
22.848,0.0947,0.1002,0.0996,44.9397,45.015
22.864,0.0943,0.0987,0.0982,44.946,45.0339
22.88,0.0928,0.0972,0.0968,44.946,45.0527
22.896,0.0912,0.0957,0.0953,44.9522,45.0716
22.912,0.0903,0.0944,0.0939,44.9522,45.0904
22.928,0.0965,0.0949,0.0943,44.9585,45.1092
22.944,0.0959,0.0951,0.0945,44.9585,45.1281
22.96,0.0956,0.0953,0.0947,44.9585,45.1469
22.976,0.0938,0.0949,0.0943,44.9522,45.1658
22.992,0.0923,0.0942,0.0937,44.9522,45.1846
23.008,0.0843,0.0918,0.0914,44.946,45.2034
23.024,0.0853,0.0902,0.0899,44.9397,45.2223
23.04,0.0801,0.0876,0.0875,44.9334,45.2411
23.056,0.0802,0.0858,0.0857,44.9271,45.26
23.072,0.0963,0.0884,0.0881,44.9208,45.2788
23.088,0.0954,0.0901,0.0896,44.9146,45.3039
23.104,0.0939,0.0911,0.0906,44.902,45.3228
23.12,0.0983,0.0929,0.0924,44.8894,45.3416
23.136,0.0969,0.0939,0.0934,44.8769,45.3604
23.152,0.0978,0.0949,0.0943,44.8643,45.3793
23.168,0.0974,0.0955,0.095,44.8518,45.3981
23.184,0.0935,0.095,0.0946,44.8392,45.417
23.2,0.0932,0.0946,0.0943,44.8204,45.4358
23.216,0.0928,0.0941,0.0939,44.8015,45.4546
23.232,0.0916,0.0935,0.0934,44.7827,45.4735
23.248,0.094,0.0936,0.0935,44.7638,45.4923
23.264,0.0961,0.0942,0.0941,44.745,45.5112
23.28,0.0998,0.0956,0.0955,44.7262,45.53
23.296,0.0967,0.0959,0.0957,44.7073,45.5488
23.312,0.0958,0.0959,0.0957,44.6885,45.5677
23.328,0.0884,0.094,0.094,44.6696,45.5865
23.344,0.0863,0.0921,0.0922,44.6508,45.6054
23.36,0.0912,0.0918,0.0919,44.632,45.6305
23.376,0.0866,0.0905,0.0907,44.6131,45.6493
23.392,0.0859,0.0894,0.0896,44.5943,45.6682
23.408,0.0845,0.0881,0.0884,44.5754,45.687
23.424,0.0809,0.0863,0.0866,44.5566,45.7058
23.44,0.0814,0.0851,0.0854,44.5378,45.7247
23.456,0.0816,0.0842,0.0845,44.5189,45.7435
23.472,0.0842,0.0842,0.0844,44.5001,45.7624
23.488,0.0893,0.0855,0.0856,44.4812,45.7812
23.504,0.0902,0.0867,0.0867,44.4624,45.8
23.52,0.0858,0.0865,0.0865,44.4373,45.8189
23.536,0.0865,0.0865,0.0865,44.4184,45.8377
23.552,0.083,0.0856,0.0857,44.3996,45.8566
23.568,0.0791,0.084,0.0841,44.3808,45.8754
23.584,0.0776,0.0824,0.0826,44.3619,45.8942
23.6,0.0787,0.0815,0.0817,44.3431,45.9131
23.616,0.0814,0.0814,0.0816,44.3242,45.9319
23.632,0.0819,0.0815,0.0817,44.3054,45.9508
23.648,0.0793,0.081,0.0811,44.2866,45.9759
23.664,0.0777,0.0802,0.0803,44.2677,45.9947
23.68,0.0766,0.0793,0.0794,44.2489,46.0136
23.696,0.0755,0.0783,0.0785,44.23,46.0324
23.712,0.0888,0.081,0.0809,44.2112,46.0512
23.728,0.0884,0.0828,0.0827,44.1924,46.0701
23.744,0.088,0.0841,0.0839,44.1735,46.0889
23.76,0.095,0.0868,0.0865,44.1547,46.1078
23.776,0.095,0.0889,0.0885,44.1358,46.1266
23.792,0.0925,0.0898,0.0895,44.1107,46.1454
23.808,0.0882,0.0894,0.0892,44.0919,46.1643
23.824,0.0876,0.0889,0.0888,44.073,46.1831
23.84,0.0876,0.0886,0.0885,44.0542,46.202
23.856,0.0848,0.0876,0.0876,44.0354,46.2208
23.872,0.0873,0.0876,0.0876,44.0165,46.2396
23.888,0.0845,0.0868,0.0869,43.9977,46.2585
23.904,0.0919,0.0881,0.088,43.9788,46.2773
23.92,0.0917,0.089,0.0888,43.96,46.3024
23.936,0.0915,0.0896,0.0895,43.9412,46.3213
23.952,0.0965,0.0913,0.0911,43.9223,46.3401
23.968,0.0968,0.0927,0.0924,43.9035,46.359
23.984,0.0951,0.0933,0.0931,43.8846,46.3778
24.0,0.0786,0.0896,0.0897,43.8658,46.3966
24.016,0.0791,0.087,0.0872,43.847,46.4155
24.032,0.0799,0.0852,0.0855,43.8281,46.4343
24.048,0.0751,0.0827,0.0831,43.8093,46.4532
24.064,0.0764,0.0811,0.0815,43.7904,46.472
24.08,0.0754,0.0797,0.0801,43.7653,46.4908
24.096,0.0807,0.08,0.0803,43.7465,46.5097
24.112,0.0822,0.0805,0.0807,43.7276,46.5285
24.128,0.0798,0.0803,0.0805,43.7088,46.5474
24.144,0.0832,0.0811,0.0811,43.69,46.5662
24.16,0.0877,0.0827,0.0827,43.6711,46.585
24.176,0.0878,0.084,0.0839,43.6523,46.6039
24.192,0.0986,0.0876,0.0873,43.6334,46.6227
24.208,0.0991,0.0905,0.09,43.6146,46.6478
24.224,0.0986,0.0925,0.092,43.5958,46.6667
24.24,0.0954,0.0933,0.0928,43.5769,46.6855
24.256,0.097,0.0942,0.0938,43.5581,46.7044
24.272,0.1085,0.0978,0.0972,43.5392,46.7232
24.288,0.1093,0.1007,0.1001,43.5204,46.742
24.304,0.1118,0.1035,0.1028,43.5016,46.7609
24.32,0.1175,0.107,0.1062,43.4827,46.7797
24.336,0.1164,0.1093,0.1086,43.4639,46.7986
24.352,0.1218,0.1124,0.1117,43.4388,46.8174
24.368,0.1126,0.1125,0.1119,43.4199,46.8362
24.384,0.1165,0.1135,0.113,43.4011,46.8551
24.4,0.108,0.1121,0.1118,43.3822,46.8739
24.416,0.1076,0.111,0.1108,43.3634,46.8928
24.432,0.1035,0.1091,0.1091,43.3446,46.9116
24.448,0.0953,0.1056,0.1059,43.3257,46.9304
24.464,0.0966,0.1034,0.1037,43.3069,46.9493
24.48,0.1005,0.1027,0.1029,43.288,46.9744
24.496,0.1043,0.1031,0.1032,43.2692,46.9932
24.512,0.1023,0.1029,0.103,43.2504,47.0121
24.528,0.1098,0.1046,0.1046,43.2315,47.0309
24.544,0.1094,0.1058,0.1057,43.2127,47.0498
24.56,0.1087,0.1065,0.1064,43.1938,47.0686
24.576,0.107,0.1066,0.1066,43.175,47.0874
24.592,0.111,0.1077,0.1076,43.1562,47.1063
24.608,0.111,0.1085,0.1084,43.1373,47.1251
24.624,0.0993,0.1062,0.1063,43.1185,47.144
24.64,0.1003,0.1048,0.1049,43.0934,47.1628
24.656,0.0943,0.1021,0.1024,43.0745,47.1816
24.672,0.0964,0.1007,0.101,43.0557,47.2005
24.688,0.0991,0.1003,0.1006,43.0368,47.2193
24.704,0.0995,0.1001,0.1003,43.018,47.2382
24.72,0.1076,0.102,0.102,42.9992,47.257
24.736,0.1063,0.103,0.103,42.9803,47.2758
24.752,0.1137,0.1057,0.1055,42.9615,47.2947
24.768,0.1124,0.1074,0.1071,42.9426,47.3198
24.784,0.1105,0.1081,0.1079,42.9238,47.3386
24.8,0.1138,0.1095,0.1092,42.905,47.3575
24.816,0.1161,0.1112,0.1108,42.8861,47.3763
24.832,0.1261,0.1149,0.1144,42.8673,47.3952
24.848,0.1394,0.121,0.1202,42.8484,47.414
24.864,0.1366,0.1249,0.1241,42.8296,47.4328
24.88,0.1319,0.1266,0.1259,42.8108,47.4517
24.896,0.1394,0.1298,0.129,42.7919,47.4705
24.912,0.139,0.1321,0.1314,42.7731,47.4894
24.928,0.1379,0.1336,0.1329,42.7542,47.5082
24.944,0.139,0.1349,0.1343,42.7354,47.527
24.96,0.1322,0.1343,0.1338,42.7166,47.5459
24.976,0.139,0.1355,0.135,42.704,47.5647
24.992,0.1433,0.1374,0.1369,42.6852,47.5836
25.008,0.1355,0.1369,0.1365,42.6726,47.6087
25.024,0.1391,0.1375,0.137,42.66,47.6338
25.04,0.1356,0.137,0.1366,42.6475,47.6526
25.056,0.1376,0.1372,0.1367,42.6349,47.684
25.072,0.1428,0.1386,0.138,42.6286,47.7092
25.088,0.1354,0.1378,0.1373,42.6161,47.7343
25.104,0.1382,0.1379,0.1373,42.6098,47.7657
25.12,0.1387,0.1381,0.1375,42.6035,47.7908
25.136,0.1379,0.138,0.1374,42.5972,47.8222
25.152,0.1414,0.1389,0.1381,42.591,47.8536
25.168,0.1385,0.1388,0.138,42.5847,47.885
25.184,0.137,0.1383,0.1375,42.5847,47.9164
25.2,0.1321,0.1368,0.136,42.5847,47.9478
25.216,0.1386,0.1372,0.1363,42.5847,47.9855
25.232,0.1375,0.1373,0.1363,42.5847,48.0169
25.248,0.1383,0.1375,0.1366,42.5847,48.0483
25.264,0.15,0.1407,0.1395,42.5847,48.0797
25.28,0.1363,0.1396,0.1384,42.591,48.1111
25.296,0.137,0.1389,0.1378,42.591,48.1425
25.312,0.1362,0.1383,0.1372,42.5972,48.1739
25.328,0.1392,0.1385,0.1374,42.6035,48.2053
25.344,0.1381,0.1384,0.1372,42.6098,48.2367
25.36,0.1426,0.1395,0.1382,42.6224,48.2681
25.376,0.1377,0.139,0.1377,42.6286,48.2995
25.392,0.1374,0.1386,0.1373,42.6412,48.3372
25.408,0.1391,0.1387,0.1374,42.6538,48.3686
25.424,0.138,0.1386,0.1372,42.6663,48.4
25.44,0.1392,0.1387,0.1373,42.6789,48.4314
25.456,0.1378,0.1385,0.1371,42.6914,48.4628
25.472,0.1377,0.1383,0.1368,42.7103,48.4942
25.488,0.1382,0.1383,0.1368,42.7228,48.5256
25.504,0.1366,0.1379,0.1364,42.7417,48.557
25.52,0.1371,0.1377,0.1362,42.7605,48.5884
25.536,0.1373,0.1376,0.136,42.7794,48.6198
25.552,0.1383,0.1378,0.1361,42.8045,48.6574
25.568,0.1338,0.1368,0.1351,42.8233,48.6888
25.584,0.1402,0.1376,0.1359,42.8484,48.7202
25.6,0.1396,0.1381,0.1363,42.8736,48.7516
25.616,0.1394,0.1384,0.1366,42.8987,48.783
25.632,0.1401,0.1389,0.137,42.9238,48.8144
25.648,0.1416,0.1395,0.1376,42.9489,48.8458
25.664,0.1367,0.1388,0.1369,42.974,48.8772
25.68,0.1379,0.1386,0.1367,43.0054,48.9086
25.696,0.1375,0.1383,0.1364,43.0368,48.94
25.712,0.1358,0.1377,0.1357,43.0682,48.9714
25.728,0.1412,0.1386,0.1365,43.0996,49.0091
25.744,0.134,0.1374,0.1354,43.131,49.0405
25.76,0.1383,0.1376,0.1356,43.1624,49.0719
25.776,0.1376,0.1376,0.1356,43.1938,49.1033
25.792,0.1318,0.1362,0.1342,43.2252,49.1347
25.808,0.1417,0.1376,0.1355,43.2566,49.1661
25.824,0.14,0.1382,0.136,43.288,49.1975
25.84,0.1382,0.1382,0.136,43.3194,49.2289
25.856,0.1376,0.138,0.1359,43.3571,49.2603
25.872,0.1394,0.1384,0.1362,43.3885,49.2917
25.888,0.1392,0.1386,0.1364,43.4199,49.3294
25.904,0.1399,0.1389,0.1367,43.4513,49.3608
25.92,0.1386,0.1388,0.1366,43.4827,49.3922
25.936,0.1391,0.1389,0.1367,43.5141,49.4236
25.952,0.1369,0.1384,0.1363,43.5455,49.455
25.968,0.1382,0.1383,0.1362,43.5769,49.4864
25.984,0.1402,0.1388,0.1367,43.6083,49.5178
26.0,0.136,0.1381,0.136,43.6397,49.5492
26.016,0.1359,0.1376,0.1355,43.6711,49.5806
26.032,0.1412,0.1385,0.1363,43.7088,49.612
26.048,0.1383,0.1384,0.1363,43.7402,49.6434
26.064,0.1363,0.1379,0.1357,43.7716,49.6811
26.08,0.1356,0.1373,0.1352,43.803,49.7125
26.096,0.1377,0.1374,0.1353,43.8344,49.7439
26.112,0.1331,0.1364,0.1343,43.8658,49.7753
26.128,0.1344,0.1359,0.1338,43.8972,49.8067
26.144,0.1386,0.1366,0.1345,43.9286,49.8381
26.16,0.1388,0.1371,0.135,43.96,49.8695
26.176,0.1384,0.1374,0.1353,43.9914,49.9009
26.192,0.1367,0.1372,0.1351,44.0291,49.9323
26.208,0.1387,0.1376,0.1354,44.0605,49.9637
26.224,0.1342,0.1368,0.1346,44.0919,50.0014
26.24,0.1388,0.1373,0.1351,44.1233,50.0328
26.256,0.1377,0.1374,0.1352,44.1547,50.0642
26.272,0.1395,0.1379,0.1357,44.1861,50.0956
26.288,0.1439,0.1394,0.1371,44.2175,50.127
26.304,0.1375,0.1389,0.1367,44.2489,50.1584
26.32,0.1397,0.1391,0.1369,44.2803,50.1898
26.336,0.1389,0.1391,0.1369,44.3117,50.2212
26.352,0.1392,0.1391,0.1369,44.3431,50.2526
26.368,0.1383,0.1389,0.1367,44.3808,50.284
26.384,0.1401,0.1392,0.137,44.4122,50.3154
26.4,0.1381,0.1389,0.1367,44.4436,50.353
26.416,0.1403,0.1393,0.1371,44.475,50.3844
26.432,0.1342,0.138,0.1359,44.5064,50.4158
26.448,0.15,0.141,0.1387,44.5378,50.4472
26.464,0.1437,0.1417,0.1394,44.5692,50.4786
26.48,0.138,0.1407,0.1386,44.6006,50.51
26.496,0.1327,0.1387,0.1367,44.632,50.5414
26.512,0.1389,0.1388,0.1367,44.6634,50.5728
26.528,0.1371,0.1383,0.1363,44.701,50.6042
26.544,0.1381,0.1383,0.1362,44.7324,50.6356
26.56,0.1355,0.1376,0.1355,44.7638,50.6733
26.576,0.1394,0.138,0.1359,44.7952,50.7047
26.592,0.137,0.1378,0.1357,44.8266,50.7361
26.608,0.1392,0.1381,0.136,44.858,50.7675
26.624,0.1416,0.139,0.1368,44.8894,50.7989
26.64,0.1324,0.1373,0.1353,44.9208,50.8303
26.656,0.1369,0.1372,0.1352,44.9522,50.8617
26.672,0.1379,0.1374,0.1353,44.9836,50.8931
26.688,0.135,0.1368,0.1348,45.015,50.9245
26.704,0.1404,0.1377,0.1356,45.0527,50.9559
26.72,0.1424,0.1389,0.1367,45.0841,50.9873
26.736,0.1355,0.1381,0.1359,45.1155,51.025
26.752,0.1405,0.1387,0.1365,45.1469,51.0564
26.768,0.1388,0.1387,0.1365,45.1783,51.0878
26.784,0.1379,0.1385,0.1364,45.2097,51.1192
26.8,0.1399,0.1389,0.1367,45.2411,51.1506
26.816,0.1372,0.1385,0.1363,45.2725,51.182
26.832,0.1369,0.1381,0.136,45.3039,51.2134
26.848,0.134,0.1371,0.135,45.3353,51.2448
26.864,0.1378,0.1373,0.1351,45.373,51.2762
26.88,0.1384,0.1375,0.1354,45.4044,51.3076
26.896,0.1377,0.1376,0.1354,45.4358,51.3453
26.912,0.1405,0.1383,0.1361,45.4672,51.3767
26.928,0.1341,0.1372,0.1351,45.4986,51.4081
26.944,0.1378,0.1374,0.1353,45.53,51.4395
26.96,0.1385,0.1377,0.1355,45.5614,51.4709
26.976,0.1358,0.1372,0.1351,45.5928,51.5023
26.992,0.1366,0.1371,0.135,45.6242,51.5337
27.008,0.1378,0.1372,0.1351,45.6556,51.5651
27.024,0.1355,0.1368,0.1347,45.687,51.5965
27.04,0.1382,0.1371,0.135,45.7247,51.6279
27.056,0.1354,0.1367,0.1346,45.7561,51.6593
27.072,0.1418,0.138,0.1357,45.7875,51.697
27.088,0.1394,0.1383,0.1361,45.8189,51.7284
27.104,0.1377,0.1382,0.136,45.8503,51.7598
27.12,0.1403,0.1387,0.1365,45.8817,51.7912
27.136,0.1403,0.1391,0.1369,45.9131,51.8226
27.152,0.1372,0.1386,0.1365,45.9445,51.854
27.168,0.135,0.1377,0.1356,45.9759,51.8854
27.184,0.1398,0.1382,0.1361,46.0073,51.9168
27.2,0.1376,0.1381,0.1359,46.045,51.9482
27.216,0.1372,0.1379,0.1357,46.0764,51.9796
27.232,0.1337,0.1368,0.1347,46.1078,52.0172
27.248,0.1341,0.1362,0.1341,46.1392,52.0486
27.264,0.1365,0.1362,0.1342,46.1706,52.08
27.28,0.1334,0.1355,0.1335,46.202,52.1114
27.296,0.1375,0.136,0.1339,46.2334,52.1428
27.312,0.1355,0.1359,0.1338,46.2648,52.1742
27.328,0.1378,0.1364,0.1342,46.2962,52.2056
27.344,0.1394,0.1371,0.135,46.3276,52.237
27.36,0.1378,0.1373,0.1351,46.359,52.2684
27.376,0.1387,0.1376,0.1354,46.3966,52.2998
27.392,0.1369,0.1375,0.1353,46.428,52.3312
27.408,0.1422,0.1386,0.1363,46.4594,52.3689
27.424,0.1363,0.138,0.1358,46.4908,52.4003
27.44,0.1375,0.1379,0.1357,46.5222,52.4317
27.456,0.1357,0.1374,0.1352,46.5536,52.4631
27.472,0.1378,0.1375,0.1354,46.585,52.4945
27.488,0.139,0.1379,0.1357,46.6164,52.5259
27.504,0.1386,0.138,0.1359,46.6478,52.5573
27.52,0.1393,0.1383,0.1362,46.6792,52.5887
27.536,0.1385,0.1384,0.1362,46.7169,52.6201
27.552,0.1398,0.1388,0.1365,46.7483,52.6515
27.568,0.1379,0.1385,0.1363,46.7797,52.6892
27.584,0.14,0.1389,0.1367,46.8111,52.7206
27.6,0.1387,0.1389,0.1367,46.8425,52.752
27.616,0.1329,0.1374,0.1353,46.8739,52.7834
27.632,0.1389,0.1378,0.1357,46.9053,52.8148
27.648,0.1387,0.138,0.1359,46.9367,52.8462
27.664,0.1391,0.1383,0.1361,46.9681,52.8776
27.68,0.1346,0.1374,0.1353,46.9995,52.909
27.696,0.1361,0.137,0.135,47.0309,52.9404
27.712,0.1401,0.1378,0.1356,47.0686,52.9718
27.728,0.1382,0.1379,0.1357,47.1,53.0032
27.744,0.1401,0.1384,0.1362,47.1314,53.0409
27.76,0.1378,0.1383,0.1361,47.1628,53.0723
27.776,0.1362,0.1378,0.1356,47.1942,53.1037
27.792,0.1328,0.1365,0.1345,47.2256,53.1351
27.808,0.1358,0.1363,0.1343,47.257,53.1665
27.824,0.1352,0.136,0.134,47.2884,53.1979
27.84,0.1379,0.1365,0.1344,47.3198,53.2293
27.856,0.137,0.1366,0.1345,47.3512,53.2607
27.872,0.1363,0.1365,0.1344,47.3889,53.2921
27.888,0.1358,0.1364,0.1342,47.4203,53.3235
27.904,0.139,0.137,0.1348,47.4517,53.3612
27.92,0.1361,0.1368,0.1346,47.4831,53.3926
27.936,0.138,0.1371,0.1349,47.5145,53.424
27.952,0.1361,0.1368,0.1347,47.5459,53.4554
27.968,0.1415,0.138,0.1358,47.5773,53.4868
27.984,0.1364,0.1376,0.1354,47.6087,53.5182
28.0,0.1415,0.1386,0.1364,47.6401,53.5496
28.016,0.1419,0.1394,0.1372,47.6715,53.581
28.032,0.138,0.1391,0.1369,47.7029,53.6124
28.048,0.1379,0.1388,0.1366,47.7406,53.6438
28.064,0.1362,0.1381,0.136,47.772,53.6752
28.08,0.1367,0.1378,0.1356,47.8034,53.7128
28.096,0.1381,0.1379,0.1357,47.8348,53.7442
28.112,0.1367,0.1376,0.1354,47.8662,53.7756
28.128,0.1378,0.1376,0.1355,47.8976,53.807
28.144,0.1367,0.1374,0.1353,47.929,53.8384
28.16,0.1395,0.1379,0.1358,47.9604,53.8698
28.176,0.1389,0.1382,0.136,47.9918,53.9012
28.192,0.1364,0.1377,0.1356,48.0232,53.9326
28.208,0.138,0.1378,0.1356,48.0608,53.964
28.224,0.1373,0.1377,0.1355,48.0922,53.9954
28.24,0.1395,0.1381,0.1359,48.1236,54.0331
28.256,0.1403,0.1387,0.1364,48.155,54.0645
28.272,0.1389,0.1387,0.1365,48.1864,54.0959
28.288,0.1365,0.1382,0.136,48.2178,54.1273
28.304,0.1401,0.1386,0.1365,48.2492,54.1587
28.32,0.1384,0.1386,0.1364,48.2806,54.1901
28.336,0.1393,0.1388,0.1366,48.312,54.2215
28.352,0.136,0.1381,0.136,48.3434,54.2529
28.368,0.1398,0.1385,0.1364,48.3748,54.2843
28.384,0.1365,0.138,0.1359,48.4125,54.3157
28.4,0.1389,0.1382,0.1361,48.4439,54.3471
28.416,0.1405,0.1388,0.1366,48.4753,54.3848
28.432,0.133,0.1374,0.1353,48.5067,54.4162
28.448,0.1345,0.1366,0.1346,48.5381,54.4476
28.464,0.1392,0.1373,0.1352,48.5695,54.479
28.48,0.1344,0.1366,0.1345,48.6009,54.5104
28.496,0.138,0.1369,0.1348,48.6323,54.5418
28.512,0.139,0.1374,0.1353,48.6637,54.5732
28.528,0.1397,0.138,0.1358,48.6951,54.6046
28.544,0.1358,0.1374,0.1353,48.7328,54.636
28.56,0.1375,0.1375,0.1353,48.7642,54.6674
28.576,0.1382,0.1376,0.1354,48.7956,54.7051
28.592,0.135,0.137,0.1348,48.827,54.7365
28.608,0.1387,0.1374,0.1352,48.8584,54.7679
28.624,0.1373,0.1374,0.1352,48.8898,54.7993
28.64,0.1379,0.1375,0.1354,48.9212,54.8307
28.656,0.1381,0.1376,0.1355,48.9526,54.8621
28.672,0.1376,0.1376,0.1355,48.984,54.8935
28.688,0.1372,0.1375,0.1354,49.0154,54.9249
28.704,0.139,0.1379,0.1358,49.0468,54.9563
28.72,0.1361,0.1375,0.1353,49.0845,54.9877
28.736,0.1435,0.139,0.1367,49.1159,55.0191
28.752,0.138,0.1387,0.1365,49.1473,55.0568
28.768,0.1391,0.1388,0.1366,49.1787,55.0882
28.784,0.1393,0.1389,0.1367,49.2101,55.1196
28.8,0.1361,0.1382,0.1361,49.2415,55.151
28.816,0.1373,0.138,0.1359,49.2729,55.1824
28.832,0.1402,0.1385,0.1364,49.3043,55.2138
28.848,0.1392,0.1387,0.1366,49.3357,55.2452
28.864,0.1364,0.1381,0.136,49.3671,55.2766
28.88,0.1348,0.1373,0.1352,49.4048,55.308
28.896,0.1363,0.137,0.135,49.4362,55.3394
28.912,0.139,0.1375,0.1354,49.4676,55.3708
28.928,0.1387,0.1378,0.1356,49.499,55.4084
28.944,0.1352,0.1372,0.135,49.5304,55.4398
28.96,0.1383,0.1374,0.1353,49.5618,55.4712
28.976,0.1349,0.1368,0.1347,49.5932,55.5026
28.992,0.1352,0.1364,0.1343,49.6246,55.534
29.008,0.1392,0.1371,0.135,49.656,55.5654
29.024,0.1365,0.137,0.1349,49.6874,55.5968
29.04,0.1431,0.1385,0.1363,49.7188,55.6282
29.056,0.1348,0.1376,0.1354,49.7564,55.6596
29.072,0.1399,0.1381,0.136,49.7878,55.691
29.088,0.1399,0.1386,0.1363,49.8192,55.7287
29.104,0.1399,0.1389,0.1367,49.8506,55.7601
29.12,0.1423,0.1398,0.1375,49.882,55.7915
29.136,0.1398,0.1398,0.1375,49.9134,55.8229
29.152,0.1381,0.1394,0.1372,49.9448,55.8543
29.168,0.1392,0.1393,0.1371,49.9762,55.8857
29.184,0.1382,0.139,0.1369,50.0076,55.9171
29.2,0.1384,0.1389,0.1368,50.039,55.9485
29.216,0.139,0.1389,0.1368,50.0767,55.9799
29.232,0.1399,0.1392,0.137,50.1081,56.0113
29.248,0.1372,0.1387,0.1366,50.1395,56.0427
29.264,0.1352,0.1378,0.1357,50.1709,56.0804
29.28,0.1386,0.138,0.1359,50.2023,56.1118
29.296,0.1359,0.1375,0.1354,50.2337,56.1432
29.312,0.1402,0.1381,0.136,50.2651,56.1746
29.328,0.1403,0.1387,0.1365,50.2965,56.206
29.344,0.1421,0.1395,0.1373,50.3279,56.2374
29.36,0.1397,0.1396,0.1374,50.3593,56.2688
29.376,0.1394,0.1395,0.1374,50.3907,56.3002
29.392,0.1387,0.1393,0.1371,50.4284,56.3316
29.408,0.1382,0.139,0.1369,50.4598,56.363
29.424,0.1379,0.1387,0.1366,50.4912,56.4007
29.44,0.1407,0.1392,0.137,50.5226,56.4321
29.456,0.1379,0.1389,0.1368,50.554,56.4635
29.472,0.1379,0.1386,0.1365,50.5854,56.4949
29.488,0.1408,0.1392,0.137,50.6168,56.5263
29.504,0.1424,0.14,0.1378,50.6482,56.5577
29.52,0.1411,0.1402,0.1381,50.6796,56.5891
29.536,0.141,0.1404,0.1382,50.711,56.6205
29.552,0.1347,0.139,0.1369,50.7487,56.6519
29.568,0.1398,0.1392,0.1371,50.7801,56.6833
29.584,0.1384,0.139,0.1369,50.8115,56.7147
29.6,0.1383,0.1388,0.1367,50.8429,56.7524
29.616,0.1382,0.1386,0.1365,50.8743,56.7838
29.632,0.1396,0.1389,0.1367,50.9057,56.8152
29.648,0.1393,0.139,0.1368,50.9371,56.8466
29.664,0.1406,0.1394,0.1372,50.9685,56.878
29.68,0.1391,0.1393,0.1372,50.9999,56.9094
29.696,0.1356,0.1384,0.1363,51.0313,56.9408
29.712,0.1402,0.1388,0.1367,51.0627,56.9722
29.728,0.137,0.1384,0.1362,51.1004,57.0036
29.744,0.15,0.1413,0.139,51.1318,57.035
29.76,0.1359,0.1399,0.1377,51.1632,57.0726
29.776,0.1379,0.1394,0.1373,51.1946,57.104
29.792,0.1379,0.1391,0.1369,51.226,57.1354
29.808,0.1389,0.139,0.1369,51.2574,57.1668
29.824,0.1363,0.1383,0.1363,51.2888,57.1982
29.84,0.1414,0.1391,0.137,51.3202,57.2296
29.856,0.1363,0.1384,0.1363,51.3516,57.261
29.872,0.1379,0.1383,0.1362,51.383,57.2924
29.888,0.1394,0.1385,0.1364,51.4144,57.3238
29.904,0.1413,0.1392,0.137,51.452,57.3552
29.92,0.136,0.1384,0.1363,51.4834,57.3866
29.936,0.1403,0.1389,0.1367,51.5148,57.4243
29.952,0.1341,0.1377,0.1356,51.5462,57.4557
29.968,0.1397,0.1382,0.1361,51.5776,57.4871
29.984,0.1358,0.1376,0.1355,51.609,57.5185
30.0,0.1407,0.1384,0.1362,51.6404,57.5499
30.016,0.1367,0.138,0.1359,51.6718,57.5813
30.032,0.1374,0.1378,0.1357,51.7032,57.6127
30.048,0.1426,0.139,0.1368,51.7346,57.6441
30.064,0.1389,0.139,0.1368,51.7723,57.6755
30.08,0.1397,0.1392,0.137,51.8037,57.7069
30.096,0.1398,0.1393,0.1371,51.8351,57.7446
30.112,0.1388,0.1392,0.137,51.8665,57.776
30.128,0.1394,0.1392,0.1371,51.8979,57.8074
30.144,0.1394,0.1393,0.1371,51.9293,57.8388
30.16,0.1405,0.1396,0.1374,51.9607,57.8702
30.176,0.1394,0.1395,0.1374,51.9921,57.9016
30.192,0.1398,0.1396,0.1375,52.0235,57.933
30.208,0.1358,0.1387,0.1366,52.0549,57.9644
30.224,0.137,0.1383,0.1362,52.0863,57.9958
30.24,0.1368,0.1379,0.1358,52.124,58.0272
30.256,0.1366,0.1376,0.1355,52.1554,58.0586
30.272,0.139,0.1379,0.1357,52.1868,58.0963
30.288,0.15,0.1409,0.1386,52.2182,58.1277
30.304,0.1364,0.1398,0.1376,52.2496,58.1591
30.32,0.1374,0.1392,0.137,52.281,58.1905
30.336,0.1405,0.1395,0.1374,52.3124,58.2219
30.352,0.1367,0.1388,0.1367,52.3438,58.2533
30.368,0.1396,0.139,0.1369,52.3752,58.2847
30.384,0.1379,0.1387,0.1366,52.4066,58.3161
30.4,0.1378,0.1385,0.1364,52.4443,58.3475
30.416,0.1331,0.1372,0.1351,52.4757,58.3789
30.432,0.1339,0.1364,0.1343,52.5071,58.4166
30.448,0.1355,0.1361,0.1341,52.5385,58.448
30.464,0.1365,0.1362,0.1341,52.5699,58.4794
30.48,0.1372,0.1364,0.1344,52.6013,58.5108
30.496,0.1373,0.1367,0.1346,52.6327,58.5422
30.512,0.138,0.137,0.1349,52.6641,58.5736
30.528,0.1401,0.1378,0.1356,52.6955,58.605
30.544,0.1395,0.1382,0.136,52.7269,58.6364
30.56,0.1363,0.1377,0.1356,52.7583,58.6678
30.576,0.1367,0.1375,0.1353,52.796,58.6992
30.592,0.1402,0.1381,0.1359,52.8274,58.7306
30.608,0.1361,0.1376,0.1354,52.8588,58.7682
30.624,0.1358,0.1372,0.135,52.8902,58.7996
30.64,0.1412,0.1382,0.136,52.9216,58.831
30.656,0.1373,0.138,0.1358,52.953,58.8624
30.672,0.1385,0.1381,0.1359,52.9844,58.8938
30.688,0.1381,0.1381,0.136,53.0158,58.9252
30.704,0.14,0.1386,0.1364,53.0472,58.9566
30.72,0.1394,0.1388,0.1366,53.0786,58.988
30.736,0.1378,0.1385,0.1363,53.1162,59.0194
30.752,0.1351,0.1377,0.1355,53.1476,59.0508
30.768,0.1402,0.1383,0.1361,53.179,59.0885
30.784,0.1395,0.1386,0.1364,53.2104,59.1199
30.8,0.1364,0.1381,0.1359,53.2418,59.1513
30.816,0.1361,0.1376,0.1355,53.2732,59.1827
30.832,0.1347,0.1369,0.1348,53.3046,59.2141
30.848,0.1391,0.1374,0.1353,53.336,59.2455
30.864,0.139,0.1378,0.1357,53.3674,59.2769
30.88,0.1346,0.137,0.1349,53.3988,59.3083
30.896,0.1375,0.1371,0.135,53.4302,59.3397
30.912,0.1402,0.1379,0.1357,53.4679,59.3711
30.928,0.1387,0.1381,0.1359,53.4993,59.4025
30.944,0.1415,0.139,0.1367,53.5307,59.4402
30.96,0.1401,0.1392,0.137,53.5621,59.4716
30.976,0.1364,0.1385,0.1364,53.5935,59.503
30.992,0.137,0.1381,0.136,53.6249,59.5344
31.008,0.137,0.1378,0.1357,53.6563,59.5658
31.024,0.135,0.1371,0.1351,53.6877,59.5972
31.04,0.1365,0.137,0.1349,53.7191,59.6286
31.056,0.1398,0.1377,0.1356,53.7505,59.66
31.072,0.1376,0.1377,0.1355,53.7882,59.6914
31.088,0.1324,0.1363,0.1343,53.8196,59.7228
31.104,0.1406,0.1374,0.1352,53.851,59.7605
31.12,0.1356,0.137,0.1348,53.8824,59.7919
31.136,0.1415,0.1381,0.1359,53.9138,59.8233
31.152,0.1361,0.1376,0.1354,53.9452,59.8547
31.168,0.141,0.1385,0.1363,53.9766,59.8861
31.184,0.1364,0.1379,0.1358,54.008,59.9175
31.2,0.1374,0.1378,0.1357,54.0394,59.9489
31.216,0.1411,0.1386,0.1364,54.0708,59.9803
31.232,0.1321,0.137,0.1349,54.1022,60.0117
31.248,0.1409,0.138,0.1358,54.1399,60.0431
31.264,0.1387,0.1382,0.136,54.1713,60.0745
31.28,0.1359,0.1376,0.1354,54.2027,60.1122
31.296,0.1385,0.1378,0.1356,54.2341,60.1436
31.312,0.1384,0.138,0.1358,54.2655,60.175
31.328,0.1353,0.1373,0.1352,54.2969,60.2064
31.344,0.1367,0.1371,0.135,54.3283,60.2378
31.36,0.1401,0.1379,0.1357,54.3597,60.2692
31.376,0.139,0.1382,0.136,54.3911,60.3006
31.392,0.136,0.1376,0.1355,54.4225,60.332
31.408,0.1358,0.1372,0.135,54.4602,60.3634
31.424,0.1401,0.1379,0.1357,54.4916,60.3948
31.44,0.1383,0.138,0.1358,54.523,60.4324
31.456,0.1384,0.1381,0.1359,54.5544,60.4638
31.472,0.1432,0.1394,0.1371,54.5858,60.4952
31.488,0.1361,0.1386,0.1364,54.6172,60.5266
31.504,0.1364,0.138,0.1359,54.6486,60.558
31.52,0.1406,0.1387,0.1365,54.68,60.5894
31.536,0.1401,0.139,0.1368,54.7114,60.6208
31.552,0.1396,0.1392,0.137,54.7428,60.6522
31.568,0.1401,0.1394,0.1373,54.7742,60.6836
31.584,0.1375,0.1389,0.1368,54.8118,60.715
31.6,0.1353,0.138,0.1359,54.8432,60.7464
31.616,0.1381,0.1381,0.1359,54.8746,60.7841
31.632,0.1408,0.1387,0.1366,54.906,60.8155
31.648,0.1366,0.1382,0.1361,54.9374,60.8469
31.664,0.1388,0.1384,0.1362,54.9688,60.8783
31.68,0.1347,0.1374,0.1354,55.0002,60.9097
31.696,0.1374,0.1374,0.1354,55.0316,60.9411
31.712,0.1405,0.1382,0.1361,55.063,60.9725
31.728,0.1384,0.1382,0.1361,55.0944,61.0039
31.744,0.138,0.1382,0.136,55.1321,61.0353
31.76,0.1391,0.1384,0.1362,55.1635,61.0667
31.776,0.1378,0.1383,0.1361,55.1949,61.1044
31.792,0.1387,0.1384,0.1362,55.2263,61.1358
31.808,0.1384,0.1384,0.1362,55.2577,61.1672
31.824,0.1382,0.1383,0.1362,55.2891,61.1986
31.84,0.1433,0.1396,0.1374,55.3205,61.23
31.856,0.1382,0.1392,0.1371,55.3519,61.2614
31.872,0.1397,0.1394,0.1372,55.3833,61.2928
31.888,0.1423,0.1401,0.1379,55.4147,61.3242
31.904,0.1406,0.1402,0.138,55.4461,61.3556
31.92,0.142,0.1407,0.1384,55.4838,61.387
31.936,0.139,0.1403,0.1381,55.5152,61.4184
31.952,0.1404,0.1403,0.1381,55.5466,61.4561
31.968,0.1378,0.1397,0.1375,55.578,61.4875
31.984,0.1416,0.1402,0.138,55.6094,61.5189
32.0,0.1385,0.1398,0.1376,55.6408,61.5503
32.016,0.1358,0.1388,0.1367,55.6722,61.5817
32.032,0.1344,0.1377,0.1357,55.7036,61.6131
32.048,0.1349,0.137,0.135,55.735,61.6445
32.064,0.1347,0.1364,0.1344,55.7664,61.6759
32.08,0.1381,0.1368,0.1347,55.8041,61.7073
32.096,0.1395,0.1375,0.1354,55.8355,61.7387
32.112,0.1402,0.1382,0.136,55.8669,61.7764
32.128,0.1395,0.1385,0.1363,55.8983,61.8078
32.144,0.1353,0.1377,0.1356,55.9297,61.8392
32.16,0.1424,0.1389,0.1367,55.9611,61.8706
32.176,0.139,0.1389,0.1367,55.9925,61.902
32.192,0.1356,0.1381,0.136,56.0239,61.9334
32.208,0.1383,0.1381,0.136,56.0553,61.9648
32.224,0.1391,0.1384,0.1362,56.0867,61.9962
32.24,0.14,0.1388,0.1366,56.1181,62.0276
32.256,0.139,0.1388,0.1366,56.1558,62.059
32.272,0.1407,0.1393,0.1371,56.1872,62.0904
32.288,0.1355,0.1383,0.1362,56.2186,62.128
32.304,0.1418,0.1392,0.137,56.25,62.1594
32.32,0.133,0.1377,0.1356,56.2814,62.1908
32.336,0.1365,0.1374,0.1353,56.3128,62.2222
32.352,0.1365,0.1371,0.1351,56.3442,62.2536
32.368,0.1371,0.1371,0.1351,56.3756,62.285
32.384,0.1419,0.1383,0.1362,56.407,62.3164
32.4,0.1381,0.1383,0.1361,56.4384,62.3478
32.416,0.1406,0.1389,0.1366,56.476,62.3792
32.432,0.1369,0.1384,0.1362,56.5074,62.4106
32.448,0.1367,0.138,0.1358,56.5388,62.4483
32.464,0.1384,0.1381,0.1359,56.5702,62.4797
32.48,0.1363,0.1376,0.1355,56.6016,62.5111
32.496,0.1361,0.1372,0.1351,56.633,62.5425
32.512,0.1397,0.1378,0.1357,56.6644,62.5739
32.528,0.1397,0.1383,0.1362,56.6958,62.6053
32.544,0.138,0.1382,0.1361,56.7272,62.6367
32.56,0.1364,0.1378,0.1357,56.7586,62.6681
32.576,0.1407,0.1385,0.1364,56.79,62.6995
32.592,0.1382,0.1384,0.1363,56.8277,62.7309
32.608,0.1338,0.1373,0.1352,56.8591,62.7623
32.624,0.1348,0.1367,0.1346,56.8905,62.8
32.64,0.1376,0.1369,0.1348,56.9219,62.8314
32.656,0.1346,0.1363,0.1342,56.9533,62.8628
32.672,0.1364,0.1363,0.1342,56.9847,62.8942
32.688,0.1371,0.1365,0.1344,57.0161,62.9256
32.704,0.1378,0.1369,0.1347,57.0475,62.957
32.72,0.138,0.1371,0.135,57.0789,62.9884
32.736,0.1373,0.1372,0.135,57.1103,63.0198
32.752,0.139,0.1376,0.1354,57.148,63.0512
32.768,0.1361,0.1373,0.1351,57.1794,63.0826
32.784,0.1403,0.138,0.1358,57.2108,63.1203
32.8,0.1362,0.1375,0.1354,57.2422,63.1517
32.816,0.1386,0.1378,0.1356,57.2736,63.1831
32.832,0.1392,0.1382,0.136,57.305,63.2145
32.848,0.134,0.1371,0.135,57.3364,63.2459
32.864,0.1389,0.1376,0.1354,57.3678,63.2773
32.88,0.1392,0.138,0.1358,57.3992,63.3087
32.896,0.1377,0.1379,0.1358,57.4306,63.3401
32.912,0.1346,0.1371,0.135,57.462,63.3715
32.928,0.1401,0.1378,0.1356,57.4997,63.4029
32.944,0.1396,0.1383,0.1361,57.5311,63.4343
32.96,0.1349,0.1374,0.1353,57.5625,63.472
32.976,0.1355,0.1369,0.1348,57.5939,63.5034
32.992,0.1355,0.1366,0.1345,57.6253,63.5348
33.008,0.1405,0.1376,0.1354,57.6567,63.5662
33.024,0.137,0.1374,0.1353,57.6881,63.5976
33.04,0.1353,0.1369,0.1348,57.7195,63.629
33.056,0.1344,0.1363,0.1342,57.7509,63.6604
33.072,0.1404,0.1373,0.1352,57.7823,63.6918
33.088,0.1382,0.1375,0.1353,57.82,63.7232
33.104,0.1386,0.1378,0.1356,57.8514,63.7546
33.12,0.1416,0.1387,0.1365,57.8828,63.7922
33.136,0.1374,0.1384,0.1362,57.9142,63.8236
33.152,0.1411,0.1391,0.1368,57.9456,63.855
33.168,0.1351,0.1381,0.1359,57.977,63.8864
33.184,0.1371,0.1378,0.1357,58.0084,63.9178
33.2,0.1393,0.1382,0.1361,58.0398,63.9492
33.216,0.135,0.1374,0.1353,58.0712,63.9806
33.232,0.1424,0.1386,0.1365,58.1026,64.012
33.248,0.1391,0.1388,0.1366,58.134,64.0434
33.264,0.137,0.1383,0.1361,58.1716,64.0748
33.28,0.1358,0.1377,0.1356,58.203,64.1062
33.296,0.1414,0.1386,0.1364,58.2344,64.1439
33.312,0.1393,0.1388,0.1366,58.2658,64.1753
33.328,0.1378,0.1385,0.1363,58.2972,64.2067
33.344,0.1386,0.1385,0.1364,58.3286,64.2381
33.36,0.1388,0.1386,0.1364,58.36,64.2695
33.376,0.1395,0.1388,0.1367,58.3914,64.3009
33.392,0.1398,0.1391,0.1369,58.4228,64.3323
33.408,0.1388,0.139,0.1369,58.4542,64.3637
33.424,0.138,0.1388,0.1366,58.4919,64.3951
33.44,0.1421,0.1396,0.1374,58.5233,64.4265
33.456,0.1415,0.1401,0.1378,58.5547,64.4642
33.472,0.1351,0.1388,0.1367,58.5861,64.4956
33.488,0.138,0.1386,0.1365,58.6175,64.527
33.504,0.1416,0.1394,0.1372,58.6489,64.5584
33.52,0.1394,0.1394,0.1372,58.6803,64.5898
33.536,0.1392,0.1393,0.1372,58.7117,64.6212
33.552,0.1371,0.1388,0.1367,58.7431,64.6526
33.568,0.1376,0.1385,0.1364,58.7745,64.684
33.584,0.1383,0.1384,0.1364,58.8059,64.7154
33.6,0.1394,0.1387,0.1365,58.8436,64.7468
33.616,0.1344,0.1376,0.1355,58.875,64.7782
33.632,0.136,0.1372,0.1351,58.9064,64.8159
33.648,0.1381,0.1374,0.1353,58.9378,64.8473
33.664,0.1374,0.1374,0.1353,58.9692,64.8787
33.68,0.1354,0.1369,0.1348,59.0006,64.9101
33.696,0.1336,0.1361,0.1341,59.032,64.9415
33.712,0.138,0.1366,0.1345,59.0634,64.9729
33.728,0.1384,0.137,0.1349,59.0948,65.0043
33.744,0.1375,0.1371,0.135,59.1262,65.0357
33.76,0.1427,0.1385,0.1363,59.1639,65.0671
33.776,0.1372,0.1382,0.136,59.1953,65.0985
33.792,0.1391,0.1384,0.1362,59.2267,65.1362
33.808,0.1399,0.1388,0.1366,59.2581,65.1676
33.824,0.1392,0.1389,0.1367,59.2895,65.199
33.84,0.14,0.1392,0.137,59.3209,65.2304
33.856,0.1385,0.139,0.1368,59.3523,65.2618
33.872,0.1363,0.1383,0.1362,59.3837,65.2932
33.888,0.1362,0.1378,0.1357,59.4151,65.3246
33.904,0.1434,0.1392,0.137,59.4465,65.356
33.92,0.1365,0.1385,0.1364,59.4779,65.3874
33.936,0.1401,0.1389,0.1367,59.5156,65.4188
33.952,0.1367,0.1384,0.1362,59.547,65.4502
33.968,0.1385,0.1384,0.1362,59.5784,65.4878
33.984,0.1373,0.1381,0.136,59.6098,65.5192
34.0,0.139,0.1384,0.1362,59.6412,65.5506
34.016,0.14,0.1388,0.1366,59.6726,65.582
34.032,0.1393,0.1389,0.1367,59.704,65.6134
34.048,0.1366,0.1383,0.1362,59.7354,65.6448
34.064,0.1373,0.1381,0.136,59.7668,65.6762
34.08,0.1395,0.1384,0.1363,59.7982,65.7076
34.096,0.1356,0.1377,0.1356,59.8358,65.739
34.112,0.1348,0.137,0.1349,59.8672,65.7704
34.128,0.1388,0.1374,0.1353,59.8986,65.8081
34.144,0.136,0.1371,0.135,59.93,65.8395
34.16,0.1364,0.1369,0.1348,59.9614,65.8709
34.176,0.1368,0.1369,0.1348,59.9928,65.9023
34.192,0.1392,0.1374,0.1353,60.0242,65.9337
34.208,0.1363,0.1372,0.135,60.0556,65.9651
34.224,0.1391,0.1376,0.1355,60.087,65.9965
34.24,0.14,0.1382,0.136,60.1184,66.0279
34.256,0.1393,0.1385,0.1363,60.1498,66.0593
34.272,0.1371,0.1382,0.136,60.1875,66.0907
34.288,0.139,0.1384,0.1362,60.2189,66.1221
34.304,0.1327,0.1369,0.1348,60.2503,66.1598
34.32,0.1363,0.1368,0.1347,60.2817,66.1912
34.336,0.1398,0.1375,0.1354,60.3131,66.2226
34.352,0.1362,0.1372,0.1351,60.3445,66.254
34.368,0.1351,0.1367,0.1346,60.3759,66.2854
34.384,0.1365,0.1366,0.1346,60.4073,66.3168
34.4,0.14,0.1375,0.1353,60.4387,66.3482
34.416,0.1408,0.1383,0.1361,60.4701,66.3796
34.432,0.1386,0.1384,0.1361,60.5078,66.411
34.448,0.1323,0.1369,0.1348,60.5392,66.4424
34.464,0.1376,0.1371,0.1349,60.5706,66.4801
34.48,0.1343,0.1364,0.1343,60.602,66.5115
34.496,0.1368,0.1365,0.1344,60.6334,66.5429
34.512,0.138,0.1369,0.1347,60.6648,66.5743
34.528,0.1412,0.1379,0.1357,60.6962,66.6057
34.544,0.1374,0.1378,0.1356,60.7276,66.6371
34.56,0.1362,0.1374,0.1353,60.759,66.6685
34.576,0.1403,0.1381,0.136,60.7904,66.6999
34.592,0.1398,0.1385,0.1364,60.8218,66.7313
34.608,0.1377,0.1383,0.1361,60.8595,66.7627
34.624,0.14,0.1388,0.1365,60.8909,66.7941
34.64,0.1362,0.1381,0.1359,60.9223,66.8318
34.656,0.1339,0.1371,0.135,60.9537,66.8632
34.672,0.137,0.137,0.1349,60.9851,66.8946
34.688,0.1366,0.1369,0.1348,61.0165,66.926
34.704,0.1392,0.1375,0.1354,61.0479,66.9574
34.72,0.1384,0.1377,0.1356,61.0793,66.9888
34.736,0.1353,0.1371,0.135,61.1107,67.0202
34.752,0.1374,0.1372,0.1351,61.1421,67.0516
34.768,0.1394,0.1378,0.1356,61.1798,67.083
34.784,0.1369,0.1375,0.1354,61.2112,67.1144
34.8,0.1351,0.1369,0.1348,61.2426,67.1458
34.816,0.1397,0.1376,0.1354,61.274,67.1834
34.832,0.1385,0.1378,0.1356,61.3054,67.2148
34.848,0.1313,0.1362,0.1341,61.3368,67.2462
34.864,0.1421,0.1377,0.1355,61.3682,67.2776
34.88,0.1378,0.1377,0.1356,61.3996,67.309
34.896,0.1386,0.1379,0.1358,61.431,67.3404
34.912,0.138,0.138,0.1358,61.4624,67.3718
34.928,0.138,0.138,0.1358,61.4938,67.4032
34.944,0.1424,0.1391,0.1368,61.5314,67.4346
34.96,0.1353,0.1381,0.136,61.5628,67.466
34.976,0.1419,0.1391,0.1368,61.5942,67.5037
34.992,0.1367,0.1385,0.1363,61.6256,67.5351
35.008,0.1374,0.1382,0.1361,61.657,67.5665
35.024,0.1386,0.1383,0.1362,61.6884,67.5979
35.04,0.137,0.138,0.1358,61.7198,67.6293
35.056,0.1385,0.1381,0.136,61.7512,67.6607
35.072,0.1399,0.1386,0.1364,61.7826,67.6921
35.088,0.139,0.1387,0.1365,61.814,67.7235
35.104,0.1388,0.1387,0.1365,61.8517,67.7549
35.12,0.138,0.1385,0.1364,61.8831,67.7863
35.136,0.1367,0.1381,0.136,61.9145,67.8177
35.152,0.1421,0.1391,0.1369,61.9459,67.8554
35.168,0.1381,0.1388,0.1366,61.9773,67.8868
35.184,0.1383,0.1387,0.1365,62.0087,67.9182
35.2,0.1374,0.1384,0.1362,62.0401,67.9496
35.216,0.1407,0.139,0.1368,62.0715,67.981
35.232,0.14,0.1392,0.1371,62.1029,68.0124
35.248,0.1375,0.1388,0.1367,62.1343,68.0438
35.264,0.1386,0.1387,0.1366,62.1657,68.0752
35.28,0.1358,0.138,0.1359,62.2034,68.1066
35.296,0.1372,0.1378,0.1357,62.2348,68.138
35.312,0.1348,0.1371,0.135,62.2662,68.1757
35.328,0.1399,0.1378,0.1356,62.2976,68.2071
35.344,0.1387,0.138,0.1358,62.329,68.2385
35.36,0.1423,0.1391,0.1369,62.3604,68.2699
35.376,0.1364,0.1384,0.1363,62.3918,68.3013
35.392,0.1382,0.1384,0.1362,62.4232,68.3327
35.408,0.1387,0.1385,0.1363,62.4546,68.3641
35.424,0.139,0.1386,0.1365,62.486,68.3955
35.44,0.1347,0.1376,0.1355,62.5237,68.4269
35.456,0.1355,0.1371,0.135,62.5551,68.4583
35.472,0.1387,0.1375,0.1354,62.5865,68.4897
35.488,0.1399,0.1381,0.1359,62.6179,68.5274
35.504,0.1374,0.1379,0.1357,62.6493,68.5588
35.52,0.1407,0.1386,0.1364,62.6807,68.5902
35.536,0.1372,0.1382,0.1361,62.7121,68.6216
35.552,0.1386,0.1383,0.1362,62.7435,68.653
35.568,0.1366,0.1379,0.1358,62.7749,68.6844
35.584,0.1398,0.1384,0.1362,62.8063,68.7158
35.6,0.1355,0.1377,0.1356,62.8377,68.7472
35.616,0.1393,0.1381,0.1359,62.8754,68.7786
35.632,0.1326,0.1367,0.1346,62.9068,68.81
35.648,0.1378,0.137,0.1348,62.9382,68.8476
35.664,0.1358,0.1367,0.1346,62.9696,68.879
35.68,0.1361,0.1365,0.1344,63.001,68.9104
35.696,0.134,0.1359,0.1338,63.0324,68.9418
35.712,0.1368,0.1361,0.134,63.0638,68.9732
35.728,0.1354,0.136,0.1339,63.0952,69.0046
35.744,0.1394,0.1368,0.1347,63.1266,69.036
35.76,0.134,0.1361,0.134,63.158,69.0674
35.776,0.1411,0.1374,0.1352,63.1894,69.0988
35.792,0.1399,0.138,0.1358,63.227,69.1302
35.808,0.1347,0.1372,0.135,63.2584,69.1616
35.824,0.1358,0.1368,0.1347,63.2898,69.1993
35.84,0.1375,0.137,0.1348,63.3212,69.2307
35.856,0.1376,0.1372,0.135,63.3526,69.2621
35.872,0.1361,0.1369,0.1348,63.384,69.2935
35.888,0.1397,0.1376,0.1354,63.4154,69.3249
35.904,0.1351,0.137,0.1348,63.4468,69.3563
35.92,0.1364,0.1368,0.1347,63.4782,69.3877
35.936,0.1338,0.1361,0.134,63.5096,69.4191
35.952,0.1415,0.1374,0.1352,63.5473,69.4505
35.968,0.1395,0.138,0.1357,63.5787,69.4819
35.984,0.1367,0.1376,0.1354,63.6101,69.5196
36.0,0.1382,0.1378,0.1356,63.6415,69.551
36.016,0.1407,0.1385,0.1363,63.6729,69.5824
36.032,0.1401,0.1389,0.1367,63.7043,69.6138
36.048,0.1426,0.1398,0.1375,63.7357,69.6452
36.064,0.1429,0.1406,0.1383,63.7671,69.6766
36.08,0.1382,0.14,0.1378,63.7985,69.708
36.096,0.1388,0.1397,0.1375,63.8299,69.7394
36.112,0.1352,0.1386,0.1365,63.8613,69.7708
36.128,0.1398,0.1389,0.1367,63.899,69.8022
36.144,0.1356,0.138,0.136,63.9304,69.8336
36.16,0.14,0.1385,0.1364,63.9618,69.8713
36.176,0.1351,0.1377,0.1356,63.9932,69.9027
36.192,0.1372,0.1375,0.1354,64.0246,69.9341
36.208,0.1386,0.1378,0.1357,64.056,69.9655
36.224,0.1364,0.1375,0.1354,64.0874,69.9969
36.24,0.1404,0.1382,0.1361,64.1188,70.0283
36.256,0.1412,0.1389,0.1368,64.1502,70.0597
36.272,0.1408,0.1394,0.1372,64.1816,70.0911
36.288,0.1395,0.1394,0.1372,64.2193,70.1225
36.304,0.1375,0.1389,0.1368,64.2507,70.1539
36.32,0.1386,0.1389,0.1367,64.2821,70.1916
36.336,0.1417,0.1396,0.1373,64.3135,70.223
36.352,0.1372,0.139,0.1368,64.3449,70.2544
36.368,0.1356,0.1381,0.1361,64.3763,70.2858
36.384,0.1375,0.138,0.1359,64.4077,70.3172
36.4,0.132,0.1365,0.1345,64.4391,70.3486
36.416,0.1356,0.1363,0.1343,64.4705,70.38
36.432,0.1372,0.1365,0.1344,64.5019,70.4114
36.448,0.1353,0.1362,0.1342,64.5333,70.4428
36.464,0.1408,0.1373,0.1352,64.571,70.4742
36.48,0.1365,0.1371,0.135,64.6024,70.5056
36.496,0.1382,0.1374,0.1352,64.6338,70.5432
36.512,0.1393,0.1379,0.1357,64.6652,70.5746
36.528,0.1409,0.1386,0.1364,64.6966,70.606
36.544,0.1411,0.1393,0.137,64.728,70.6374
36.56,0.1354,0.1383,0.1361,64.7594,70.6688
36.576,0.1367,0.1379,0.1358,64.7908,70.7002
36.592,0.1403,0.1385,0.1364,64.8222,70.7316
36.608,0.1387,0.1386,0.1364,64.8536,70.763
36.624,0.1389,0.1387,0.1365,64.8912,70.7944
36.64,0.1414,0.1393,0.1371,64.9226,70.8258
36.656,0.1354,0.1384,0.1362,64.954,70.8635
36.672,0.1387,0.1384,0.1363,64.9854,70.8949
36.688,0.1379,0.1383,0.1362,65.0168,70.9263
36.704,0.138,0.1382,0.1361,65.0482,70.9577
36.72,0.1354,0.1375,0.1354,65.0796,70.9891
36.736,0.1403,0.1382,0.1361,65.111,71.0205
36.752,0.1392,0.1385,0.1363,65.1424,71.0519
36.768,0.1378,0.1383,0.1362,65.1738,71.0833
36.784,0.1383,0.1383,0.1362,65.2052,71.1147
36.8,0.1386,0.1384,0.1362,65.2429,71.1461
36.816,0.1374,0.1381,0.136,65.2743,71.1775
36.832,0.1388,0.1383,0.1361,65.3057,71.2152
36.848,0.1396,0.1386,0.1364,65.3371,71.2466
36.864,0.1359,0.1379,0.1358,65.3685,71.278
36.88,0.137,0.1377,0.1356,65.3999,71.3094
36.896,0.1371,0.1375,0.1354,65.4313,71.3408
36.912,0.1396,0.138,0.1359,65.4627,71.3722
36.928,0.1405,0.1387,0.1365,65.4941,71.4036
36.944,0.1343,0.1376,0.1355,65.5255,71.435
36.96,0.1383,0.1377,0.1356,65.5632,71.4664
36.976,0.1424,0.1389,0.1367,65.5946,71.4978
36.992,0.1389,0.1389,0.1367,65.626,71.5355
37.008,0.138,0.1387,0.1365,65.6574,71.5669
37.024,0.1432,0.1398,0.1376,65.6888,71.5983
37.04,0.14,0.1399,0.1376,65.7202,71.6297
37.056,0.1398,0.1398,0.1377,65.7516,71.6611
37.072,0.1363,0.139,0.1368,65.783,71.6925
37.088,0.1374,0.1386,0.1365,65.8144,71.7239
37.104,0.1395,0.1388,0.1367,65.8458,71.7553
37.12,0.1385,0.1387,0.1366,65.8772,71.7867
37.136,0.1437,0.14,0.1377,65.9149,71.8181
37.152,0.1397,0.1399,0.1377,65.9463,71.8495
37.168,0.1388,0.1396,0.1374,65.9777,71.8872
37.184,0.1411,0.14,0.1378,66.0091,71.9186
37.2,0.1397,0.1399,0.1377,66.0405,71.95
37.216,0.141,0.1402,0.138,66.0719,71.9814
37.232,0.1388,0.1398,0.1377,66.1033,72.0128
37.248,0.1422,0.1404,0.1382,66.1347,72.0442
37.264,0.1397,0.1402,0.1381,66.1661,72.0756
37.28,0.1412,0.1405,0.1383,66.1975,72.107
37.296,0.1395,0.1402,0.138,66.2352,72.1384
37.312,0.1372,0.1395,0.1374,66.2666,72.1698
37.328,0.1385,0.1392,0.1371,66.298,72.2074
37.344,0.1416,0.1398,0.1376,66.3294,72.2388
37.36,0.1412,0.1401,0.138,66.3608,72.2702
37.376,0.1433,0.1409,0.1387,66.3922,72.3016
37.392,0.1365,0.1398,0.1377,66.4236,72.333
37.408,0.1407,0.1401,0.1379,66.455,72.3644
37.424,0.1377,0.1395,0.1374,66.4864,72.3958
37.44,0.1391,0.1394,0.1373,66.5178,72.4272
37.456,0.1359,0.1385,0.1365,66.5492,72.4586
37.472,0.1398,0.1388,0.1367,66.5868,72.49
37.488,0.1344,0.1377,0.1357,66.6182,72.5214
37.504,0.1404,0.1384,0.1362,66.6496,72.5591
37.52,0.1424,0.1394,0.1372,66.681,72.5905
37.536,0.1338,0.138,0.1359,66.7124,72.6219
37.552,0.1375,0.1378,0.1358,66.7438,72.6533
37.568,0.1378,0.1378,0.1357,66.7752,72.6847
37.584,0.1407,0.1385,0.1364,66.8066,72.7161
37.6,0.1389,0.1386,0.1365,66.838,72.7475
37.616,0.1375,0.1384,0.1362,66.8694,72.7789
37.632,0.15,0.1413,0.1389,66.9071,72.8103
37.648,0.1385,0.1406,0.1383,66.9385,72.8417
37.664,0.1379,0.1399,0.1377,66.9699,72.8794
37.68,0.1396,0.1398,0.1376,67.0013,72.9108
37.696,0.1385,0.1395,0.1373,67.0327,72.9422
37.712,0.1364,0.1387,0.1366,67.0641,72.9736
37.728,0.1393,0.1389,0.1368,67.0955,73.005
37.744,0.1368,0.1384,0.1363,67.1269,73.0364
37.76,0.1439,0.1397,0.1376,67.1583,73.0678
37.776,0.1413,0.1401,0.1379,67.1897,73.0992
37.792,0.1414,0.1404,0.1383,67.2211,73.1306
37.808,0.1395,0.1402,0.138,67.2588,73.162
37.824,0.1397,0.1401,0.1379,67.2902,73.1934
37.84,0.1346,0.1387,0.1366,67.3216,73.2311
37.856,0.1364,0.1381,0.1361,67.353,73.2625
37.872,0.1392,0.1384,0.1363,67.3844,73.2939
37.888,0.1369,0.138,0.136,67.4158,73.3253
37.904,0.1372,0.1378,0.1358,67.4472,73.3567
37.92,0.1403,0.1385,0.1363,67.4786,73.3881
37.936,0.1389,0.1386,0.1364,67.51,73.4195
37.952,0.1408,0.1391,0.137,67.5414,73.4509
37.968,0.138,0.1389,0.1367,67.5791,73.4823
37.984,0.1383,0.1387,0.1366,67.6105,73.5137
38.0,0.1365,0.1382,0.136,67.6419,73.5514
38.016,0.1367,0.1378,0.1357,67.6733,73.5828
38.032,0.1399,0.1383,0.1362,67.7047,73.6142
38.048,0.1357,0.1377,0.1356,67.7361,73.6456
38.064,0.1399,0.1382,0.1361,67.7675,73.677
38.08,0.1412,0.139,0.1368,67.7989,73.7084
38.096,0.134,0.1377,0.1356,67.8303,73.7398
38.112,0.1372,0.1376,0.1355,67.8617,73.7712
38.128,0.1318,0.1362,0.1342,67.8931,73.8026
38.144,0.1355,0.136,0.1339,67.9308,73.834
38.16,0.138,0.1365,0.1344,67.9622,73.8654
38.176,0.1379,0.1368,0.1347,67.9936,73.903
38.192,0.1385,0.1373,0.1351,68.025,73.9344
38.208,0.1373,0.1373,0.1351,68.0564,73.9658
38.224,0.1384,0.1376,0.1354,68.0878,73.9972
38.24,0.1381,0.1377,0.1355,68.1192,74.0286
38.256,0.1386,0.1379,0.1357,68.1506,74.06
38.272,0.1398,0.1384,0.1362,68.182,74.0914
38.288,0.1386,0.1384,0.1363,68.2134,74.1228
38.304,0.1386,0.1385,0.1363,68.251,74.1542
38.32,0.1402,0.1389,0.1367,68.2824,74.1856
38.336,0.1411,0.1394,0.1372,68.3138,74.2233
38.352,0.1352,0.1384,0.1362,68.3452,74.2547
38.368,0.1369,0.138,0.1359,68.3766,74.2861
38.384,0.1391,0.1383,0.1361,68.408,74.3175
38.4,0.1333,0.137,0.135,68.4394,74.3489
38.416,0.133,0.136,0.134,68.4708,74.3803
38.432,0.138,0.1365,0.1345,68.5022,74.4117
38.448,0.1392,0.1372,0.1351,68.5336,74.4431
38.464,0.1395,0.1378,0.1356,68.565,74.4745
38.48,0.141,0.1386,0.1363,68.6027,74.5059
38.496,0.1368,0.1381,0.1359,68.6341,74.5373
38.512,0.1375,0.138,0.1358,68.6655,74.575
38.528,0.1374,0.1378,0.1357,68.6969,74.6064
38.544,0.1433,0.1392,0.1369,68.7283,74.6378
38.56,0.1376,0.1388,0.1366,68.7597,74.6692
38.576,0.1386,0.1387,0.1366,68.7911,74.7006
38.592,0.1379,0.1385,0.1364,68.8225,74.732
38.608,0.138,0.1384,0.1363,68.8539,74.7634
38.624,0.1417,0.1392,0.137,68.8853,74.7948
38.64,0.141,0.1397,0.1374,68.923,74.8262
38.656,0.1375,0.1391,0.1369,68.9544,74.8576
38.672,0.1344,0.1379,0.1358,68.9858,74.8953
38.688,0.1399,0.1384,0.1363,69.0172,74.9267
38.704,0.1383,0.1384,0.1363,69.0486,74.9581
38.72,0.1345,0.1374,0.1354,69.08,74.9895
38.736,0.1391,0.1378,0.1357,69.1114,75.0209
38.752,0.1397,0.1383,0.1362,69.1428,75.0523
38.768,0.1388,0.1384,0.1363,69.1742,75.0837
38.784,0.1342,0.1374,0.1353,69.2056,75.1151
38.8,0.1398,0.138,0.1359,69.237,75.1465
38.816,0.1395,0.1383,0.1362,69.2747,75.1779
38.832,0.1389,0.1385,0.1363,69.3061,75.2093
38.848,0.1356,0.1378,0.1356,69.3375,75.247
38.864,0.1435,0.1392,0.137,69.3689,75.2784
38.88,0.1386,0.1391,0.1369,69.4003,75.3098
38.896,0.1397,0.1392,0.137,69.4317,75.3412
38.912,0.1382,0.139,0.1368,69.4631,75.3726
38.928,0.1385,0.1389,0.1367,69.4945,75.404
38.944,0.1372,0.1384,0.1363,69.5259,75.4354
38.96,0.1406,0.139,0.1368,69.5573,75.4668
38.976,0.1379,0.1387,0.1365,69.595,75.4982
38.992,0.1387,0.1387,0.1366,69.6264,75.5296
39.008,0.1344,0.1376,0.1355,69.6578,75.5672
39.024,0.1355,0.1371,0.135,69.6892,75.5986
39.04,0.1396,0.1377,0.1356,69.7206,75.63
39.056,0.1384,0.1379,0.1358,69.752,75.6614
39.072,0.1382,0.138,0.1358,69.7834,75.6928
39.088,0.1348,0.1372,0.1351,69.8148,75.7242
39.104,0.1365,0.137,0.1349,69.8462,75.7556
39.12,0.1321,0.1358,0.1338,69.8776,75.787
39.136,0.1383,0.1364,0.1343,69.909,75.8184
39.152,0.1373,0.1366,0.1345,69.9466,75.8498
39.168,0.1358,0.1364,0.1343,69.978,75.8812
39.184,0.1392,0.1371,0.1349,70.0094,75.9189
39.2,0.14,0.1378,0.1356,70.0408,75.9503
39.216,0.1358,0.1373,0.1351,70.0722,75.9817
39.232,0.1368,0.1372,0.135,70.1036,76.0131
39.248,0.1384,0.1375,0.1354,70.135,76.0445
39.264,0.135,0.1369,0.1348,70.1664,76.0759
39.28,0.1408,0.1379,0.1357,70.1978,76.1073
39.296,0.1366,0.1376,0.1354,70.2292,76.1387
39.312,0.14,0.1382,0.136,70.2669,76.1701
39.328,0.1414,0.139,0.1367,70.2983,76.2015
39.344,0.1415,0.1396,0.1373,70.3297,76.2392
39.36,0.138,0.1392,0.137,70.3611,76.2706
39.376,0.15,0.1419,0.1395,70.3925,76.302
39.392,0.1417,0.1419,0.1396,70.4239,76.3334
39.408,0.1413,0.1417,0.1395,70.4553,76.3648
39.424,0.1374,0.1406,0.1385,70.4867,76.3962
39.44,0.1409,0.1407,0.1386,70.5181,76.4276
39.456,0.1371,0.1398,0.1377,70.5495,76.459
39.472,0.1401,0.1399,0.1378,70.5809,76.4904
39.488,0.1408,0.1401,0.1379,70.6186,76.5218
39.504,0.1383,0.1397,0.1375,70.65,76.5532
39.52,0.1421,0.1403,0.1381,70.6814,76.5909
39.536,0.1387,0.1399,0.1377,70.7128,76.6223
39.552,0.1349,0.1386,0.1366,70.7442,76.6537
39.568,0.1389,0.1387,0.1366,70.7756,76.6851
39.584,0.1358,0.138,0.1359,70.807,76.7165
39.6,0.1416,0.1389,0.1368,70.8384,76.7479
39.616,0.1373,0.1385,0.1364,70.8698,76.7793
39.632,0.1358,0.1378,0.1358,70.9012,76.8107
39.648,0.139,0.1381,0.136,70.9389,76.8421
39.664,0.1374,0.1379,0.1358,70.9703,76.8735
39.68,0.1355,0.1373,0.1352,71.0017,76.9112
39.696,0.1404,0.1381,0.1359,71.0331,76.9426
39.712,0.1386,0.1382,0.1361,71.0645,76.974
39.728,0.1422,0.1392,0.137,71.0959,77.0054
39.744,0.1366,0.1386,0.1364,71.1273,77.0368
39.76,0.1419,0.1394,0.1372,71.1587,77.0682
39.776,0.1377,0.139,0.1368,71.1901,77.0996
39.792,0.139,0.139,0.1368,71.2215,77.131
39.808,0.1346,0.1379,0.1358,71.2529,77.1624
39.824,0.1403,0.1385,0.1363,71.2906,77.1938
39.84,0.1394,0.1387,0.1366,71.322,77.2252
39.856,0.138,0.1385,0.1364,71.3534,77.2628
39.872,0.1426,0.1396,0.1373,71.3848,77.2942
39.888,0.1401,0.1397,0.1375,71.4162,77.3256
39.904,0.1377,0.1392,0.137,71.4476,77.357
39.92,0.1381,0.1389,0.1368,71.479,77.3884
39.936,0.1364,0.1383,0.1362,71.5104,77.4198
39.952,0.1378,0.1382,0.1361,71.5418,77.4512
39.968,0.1353,0.1374,0.1354,71.5732,77.4826
39.984,0.1377,0.1375,0.1354,71.6108,77.514
40.0,0.1377,0.1375,0.1354,71.6422,77.5454
40.016,0.1399,0.1381,0.1359,71.6736,77.5831
40.032,0.1414,0.139,0.1367,71.705,77.6145
40.048,0.1361,0.1382,0.1361,71.7364,77.6459
40.064,0.1425,0.1393,0.1371,71.7678,77.6773
40.08,0.15,0.142,0.1396,71.7992,77.7087
40.096,0.1382,0.141,0.1388,71.8306,77.7401
40.112,0.1386,0.1404,0.1382,71.862,77.7715
40.128,0.1367,0.1395,0.1374,71.8934,77.8029
40.144,0.1392,0.1394,0.1373,71.9248,77.8343
40.16,0.1382,0.1391,0.137,71.9625,77.8657
40.176,0.1341,0.1379,0.1358,71.9939,77.8971
40.192,0.141,0.1386,0.1365,72.0253,77.9348
40.208,0.1382,0.1385,0.1364,72.0567,77.9662
40.224,0.1376,0.1383,0.1362,72.0881,77.9976
40.24,0.1352,0.1375,0.1355,72.1195,78.029
40.256,0.1342,0.1367,0.1347,72.1509,78.0604
40.272,0.1365,0.1366,0.1346,72.1823,78.0918
40.288,0.1383,0.1371,0.135,72.2137,78.1232
40.304,0.1357,0.1367,0.1346,72.2451,78.1546
40.32,0.1368,0.1367,0.1346,72.2828,78.186
40.336,0.1391,0.1373,0.1352,72.3142,78.2174
40.352,0.1388,0.1377,0.1355,72.3456,78.2488
40.368,0.1376,0.1377,0.1355,72.377,78.2865
40.384,0.1356,0.1372,0.135,72.4084,78.3179
40.4,0.1389,0.1376,0.1354,72.4398,78.3493
40.416,0.1395,0.1381,0.1359,72.4712,78.3807
40.432,0.1369,0.1378,0.1356,72.5026,78.4121
40.448,0.1398,0.1383,0.1361,72.534,78.4435
40.464,0.138,0.1382,0.1361,72.5654,78.4749
40.48,0.1407,0.1388,0.1367,72.5968,78.5063
40.496,0.1393,0.1389,0.1367,72.6345,78.5377
40.512,0.1392,0.139,0.1368,72.6659,78.5691
40.528,0.1354,0.1381,0.1359,72.6973,78.6068
40.544,0.1372,0.1379,0.1357,72.7287,78.6382
40.56,0.1382,0.138,0.1358,72.7601,78.6696
40.576,0.136,0.1375,0.1354,72.7915,78.701
40.592,0.1369,0.1373,0.1352,72.8229,78.7324
40.608,0.1387,0.1377,0.1355,72.8543,78.7638
40.624,0.1397,0.1382,0.136,72.8857,78.7952
40.64,0.1376,0.138,0.1359,72.9171,78.8266
40.656,0.137,0.1378,0.1356,72.9548,78.858
40.672,0.1382,0.1379,0.1357,72.9862,78.8894
40.688,0.1386,0.1381,0.1359,73.0176,78.9208
40.704,0.1338,0.137,0.1349,73.049,78.9584
40.72,0.1392,0.1375,0.1354,73.0804,78.9898
40.736,0.1355,0.137,0.1349,73.1118,79.0212
40.752,0.134,0.1363,0.1342,73.1432,79.0526
40.768,0.1386,0.1369,0.1347,73.1746,79.084
40.784,0.1369,0.1369,0.1348,73.206,79.1154
40.8,0.1385,0.1373,0.1351,73.2374,79.1468
40.816,0.1402,0.138,0.1358,73.2688,79.1782
40.832,0.1405,0.1386,0.1364,73.3064,79.2096
40.848,0.1412,0.1393,0.137,73.3378,79.241
40.864,0.1433,0.1403,0.138,73.3692,79.2787
40.88,0.1352,0.139,0.1368,73.4006,79.3101
40.896,0.1363,0.1383,0.1362,73.432,79.3415
40.912,0.1397,0.1387,0.1365,73.4634,79.3729
40.928,0.1387,0.1387,0.1366,73.4948,79.4043
40.944,0.1375,0.1384,0.1363,73.5262,79.4357
40.96,0.1371,0.1381,0.136,73.5576,79.4671
40.976,0.1378,0.138,0.1359,73.589,79.4985
40.992,0.1343,0.1371,0.135,73.6267,79.5299
41.008,0.1416,0.1382,0.136,73.6581,79.5613
41.024,0.1369,0.1379,0.1357,73.6895,79.5927
41.04,0.1367,0.1376,0.1354,73.7209,79.6304
41.056,0.138,0.1377,0.1356,73.7523,79.6618
41.072,0.1388,0.138,0.1358,73.7837,79.6932
41.088,0.1356,0.1374,0.1353,73.8151,79.7246
41.104,0.1366,0.1372,0.1351,73.8465,79.756
41.12,0.1388,0.1376,0.1355,73.8779,79.7874
41.136,0.136,0.1372,0.1351,73.9093,79.8188
41.152,0.1369,0.1371,0.135,73.9407,79.8502
41.168,0.1367,0.137,0.1349,73.9784,79.8816
41.184,0.1367,0.1369,0.1348,74.0098,79.913
41.2,0.1379,0.1372,0.135,74.0412,79.9507
41.216,0.1371,0.1371,0.135,74.0726,79.9821
41.232,0.1366,0.137,0.1349,74.104,80.0135
41.248,0.136,0.1368,0.1347,74.1354,80.0449
41.264,0.1403,0.1377,0.1355,74.1668,80.0763
41.28,0.1344,0.1369,0.1347,74.1982,80.1077
41.296,0.136,0.1367,0.1346,74.2296,80.1391
41.312,0.1393,0.1373,0.1352,74.261,80.1705
41.328,0.1379,0.1375,0.1353,74.2924,80.2019
41.344,0.1338,0.1365,0.1344,74.3301,80.2333
41.36,0.1377,0.1368,0.1347,74.3615,80.2647
41.376,0.1387,0.1373,0.1351,74.3929,80.3024
41.392,0.1378,0.1374,0.1352,74.4243,80.3338
41.408,0.137,0.1373,0.1351,74.4557,80.3652
41.424,0.1367,0.1371,0.135,74.4871,80.3966
41.44,0.1356,0.1368,0.1346,74.5185,80.428
41.456,0.1389,0.1373,0.1352,74.5499,80.4594
41.472,0.1382,0.1375,0.1354,74.5813,80.4908
41.488,0.1386,0.1378,0.1356,74.6127,80.5222
41.504,0.1375,0.1377,0.1355,74.6504,80.5536
41.52,0.1337,0.1367,0.1346,74.6818,80.585
41.536,0.1418,0.138,0.1357,74.7132,80.6226
41.552,0.1366,0.1376,0.1355,74.7446,80.654
41.568,0.139,0.138,0.1358,74.776,80.6854
41.584,0.1394,0.1383,0.1361,74.8074,80.7168
41.6,0.1399,0.1387,0.1365,74.8388,80.7482
41.616,0.1411,0.1393,0.1371,74.8702,80.7796
41.632,0.1375,0.1389,0.1367,74.9016,80.811
41.648,0.1368,0.1384,0.1362,74.933,80.8424
41.664,0.1377,0.1382,0.1361,74.9644,80.8738
41.68,0.1404,0.1388,0.1366,75.002,80.9052
41.696,0.1343,0.1377,0.1356,75.0334,80.9366
41.712,0.1364,0.1373,0.1352,75.0648,80.9743
41.728,0.1391,0.1378,0.1356,75.0962,81.0057
41.744,0.1423,0.1389,0.1367,75.1276,81.0371
41.76,0.1363,0.1383,0.1361,75.159,81.0685
41.776,0.137,0.1379,0.1358,75.1904,81.0999
41.792,0.1334,0.1368,0.1347,75.2218,81.1313
41.808,0.1355,0.1365,0.1344,75.2532,81.1627
41.824,0.1393,0.1372,0.1351,75.2846,81.1941
41.84,0.1392,0.1377,0.1355,75.3223,81.2255
41.856,0.1373,0.1376,0.1354,75.3537,81.2569
41.872,0.1409,0.1384,0.1362,75.3851,81.2946
41.888,0.1391,0.1386,0.1364,75.4165,81.326
41.904,0.136,0.1379,0.1358,75.4479,81.3574
41.92,0.1399,0.1384,0.1362,75.4793,81.3888
41.936,0.1346,0.1375,0.1354,75.5107,81.4202
41.952,0.1383,0.1377,0.1356,75.5421,81.4516
41.968,0.1355,0.1372,0.1351,75.5735,81.483
41.984,0.1411,0.1381,0.136,75.6049,81.5144
42.0,0.1416,0.139,0.1368,75.6363,81.5458
42.016,0.1392,0.1391,0.1368,75.674,81.5772
42.032,0.1367,0.1385,0.1363,75.7054,81.6086
42.048,0.1335,0.1372,0.1351,75.7368,81.6463
42.064,0.1317,0.1358,0.1338,75.7682,81.6777
42.08,0.1311,0.1347,0.1327,75.7996,81.7091
42.096,0.1266,0.1326,0.1308,75.831,81.7405
42.112,0.115,0.1282,0.1266,75.8624,81.7719
42.128,0.1136,0.1246,0.1231,75.8938,81.8033
42.144,0.117,0.1227,0.1211,75.9252,81.8347
42.16,0.1162,0.1211,0.1196,75.9503,81.8598
42.176,0.1115,0.1187,0.1172,75.9817,81.8912
42.192,0.1118,0.1169,0.1155,76.0068,81.9163
42.208,0.1151,0.1165,0.115,76.032,81.9414
42.224,0.1081,0.1144,0.113,76.0571,81.9666
42.24,0.1096,0.1132,0.1118,76.0822,81.9917
42.256,0.1101,0.1124,0.1111,76.1073,82.0105
42.272,0.107,0.1111,0.1098,76.1262,82.0356
42.288,0.1057,0.1097,0.1085,76.145,82.0545
42.304,0.1068,0.109,0.1078,76.1701,82.0733
42.32,0.1039,0.1077,0.1066,76.189,82.0922
42.336,0.1059,0.1072,0.1061,76.2015,82.111
42.352,0.1011,0.1057,0.1047,76.2204,82.1298
42.368,0.1,0.1043,0.1033,76.2392,82.1424
42.384,0.0984,0.1028,0.1019,76.2518,82.1612
42.4,0.0997,0.102,0.1012,76.2643,82.1801
42.416,0.0969,0.1008,0.0999,76.2769,82.1989
42.432,0.0956,0.0995,0.0987,76.2894,82.2178
42.448,0.0981,0.0991,0.0983,76.2957,82.2366
42.464,0.0964,0.0984,0.0976,76.3083,82.2554
42.48,0.0945,0.0974,0.0967,76.3146,82.2743
42.496,0.0943,0.0966,0.0959,76.3271,82.2931
42.512,0.0921,0.0955,0.0948,76.3334,82.312
42.528,0.0942,0.0952,0.0945,76.3334,82.3308
42.544,0.0924,0.0945,0.0938,76.3397,82.3496
42.56,0.0922,0.0939,0.0933,76.346,82.3685
42.576,0.0949,0.0942,0.0935,76.346,82.3873
42.592,0.0951,0.0944,0.0937,76.346,82.4062
42.608,0.0922,0.0938,0.0932,76.346,82.425
42.624,0.0901,0.0929,0.0923,76.346,82.4438
42.64,0.0813,0.09,0.0896,76.346,82.469
42.656,0.0838,0.0884,0.0881,76.3397,82.4878
42.672,0.0802,0.0864,0.0861,76.3397,82.5066
42.688,0.0796,0.0847,0.0845,76.3334,82.5255
42.704,0.0857,0.0849,0.0847,76.3271,82.5443
42.72,0.086,0.0852,0.0849,76.3208,82.5632
42.736,0.084,0.0849,0.0846,76.3146,82.582
42.752,0.0846,0.0848,0.0845,76.302,82.6008
42.768,0.0775,0.083,0.0828,76.2957,82.6197
42.784,0.0784,0.0818,0.0817,76.2832,82.6385
42.8,0.078,0.0809,0.0808,76.2706,82.6574
42.816,0.0767,0.0798,0.0798,76.258,82.6762
42.832,0.0776,0.0793,0.0792,76.2455,82.695
42.848,0.0779,0.0789,0.0789,76.2266,82.7139
42.864,0.0778,0.0786,0.0786,76.2141,82.7327
42.88,0.0775,0.0784,0.0783,76.1952,82.7516
42.896,0.0789,0.0785,0.0785,76.1764,82.7704
42.912,0.0782,0.0784,0.0784,76.1576,82.7955
42.928,0.0798,0.0788,0.0787,76.1387,82.8144
42.944,0.0798,0.079,0.0789,76.1199,82.8332
42.96,0.0769,0.0785,0.0785,76.101,82.852
42.976,0.0772,0.0782,0.0782,76.0822,82.8709
42.992,0.0757,0.0776,0.0776,76.0634,82.8897
43.008,0.0759,0.0771,0.0772,76.0445,82.9086
43.024,0.077,0.0771,0.0771,76.0257,82.9274
43.04,0.077,0.0771,0.0771,76.0068,82.9462
43.056,0.0794,0.0776,0.0776,75.988,82.9651
43.072,0.0775,0.0776,0.0777,75.9629,82.9839
43.088,0.078,0.0777,0.0777,75.944,83.0028
43.104,0.0804,0.0784,0.0784,75.9252,83.0216
43.12,0.0794,0.0786,0.0786,75.9064,83.0404
43.136,0.0802,0.079,0.079,75.8875,83.0593
43.152,0.0804,0.0794,0.0793,75.8687,83.0781
43.168,0.0809,0.0798,0.0797,75.8498,83.097
43.184,0.0768,0.079,0.079,75.831,83.1158
43.2,0.0782,0.0788,0.0788,75.8122,83.1409
43.216,0.079,0.0789,0.0788,75.7933,83.1598
43.232,0.0813,0.0795,0.0794,75.7745,83.1786
43.248,0.0792,0.0794,0.0794,75.7556,83.1974
43.264,0.0812,0.0798,0.0798,75.7368,83.2163
43.28,0.0814,0.0802,0.0802,75.718,83.2351
43.296,0.0834,0.081,0.0809,75.6991,83.254
43.312,0.0833,0.0816,0.0815,75.6803,83.2728
43.328,0.0829,0.0819,0.0818,75.6614,83.2916
43.344,0.0814,0.0818,0.0818,75.6363,83.3105
43.36,0.081,0.0816,0.0816,75.6175,83.3293
43.376,0.0825,0.0818,0.0818,75.5986,83.3482
43.392,0.0833,0.0822,0.0822,75.5798,83.367
43.408,0.0883,0.0837,0.0836,75.561,83.3858
43.424,0.0877,0.0847,0.0846,75.5421,83.4047
43.44,0.0892,0.0859,0.0857,75.5233,83.4235
43.456,0.0909,0.0871,0.0869,75.5044,83.4424
43.472,0.0912,0.0881,0.0878,75.4856,83.4675
43.488,0.0925,0.0892,0.0889,75.4668,83.4863
43.504,0.0955,0.0908,0.0905,75.4479,83.5052
43.52,0.0946,0.0918,0.0914,75.4291,83.524
43.536,0.0944,0.0924,0.0921,75.4102,83.5428
43.552,0.1076,0.0962,0.0958,75.3914,83.5617
43.568,0.1037,0.0981,0.0976,75.3726,83.5805
43.584,0.1087,0.1008,0.1002,75.3537,83.5994
43.6,0.1128,0.1038,0.1032,75.3349,83.6182
43.616,0.114,0.1063,0.1057,75.316,83.637
43.632,0.1135,0.1081,0.1076,75.2909,83.6559
43.648,0.1137,0.1095,0.109,75.2721,83.6747
43.664,0.1144,0.1107,0.1103,75.2532,83.6936
43.68,0.1096,0.1104,0.1101,75.2344,83.7124
43.696,0.1093,0.1101,0.1099,75.2156,83.7312
43.712,0.1149,0.1113,0.1111,75.1967,83.7501
43.728,0.1148,0.1122,0.1119,75.1779,83.7689
43.744,0.1198,0.1141,0.1138,75.159,83.7878
43.76,0.1403,0.1206,0.1199,75.1402,83.8129
43.776,0.1408,0.1257,0.1248,75.1214,83.8317
43.792,0.1388,0.1289,0.1281,75.1025,83.8506
43.808,0.1386,0.1314,0.1305,75.0837,83.8694
43.824,0.1395,0.1334,0.1327,75.0648,83.882
43.84,0.1389,0.1348,0.1341,75.046,83.9008
43.856,0.1393,0.1359,0.1353,75.0334,83.9196
43.872,0.1338,0.1354,0.1349,75.0146,83.9385
43.888,0.1383,0.1361,0.1357,75.002,83.9573
43.904,0.1397,0.137,0.1365,74.9895,83.9824
43.92,0.1377,0.1372,0.1367,74.9769,84.0013
43.936,0.1382,0.1374,0.137,74.9644,84.0264
43.952,0.1364,0.1372,0.1367,74.9581,84.0515
43.968,0.1395,0.1378,0.1373,74.9455,84.0766
43.984,0.1361,0.1373,0.1368,74.9392,84.1018
44.0,0.1336,0.1364,0.1359,74.933,84.1269
44.016,0.1395,0.1372,0.1366,74.9267,84.1583
44.032,0.1415,0.1383,0.1375,74.9204,84.1897
44.048,0.1399,0.1387,0.1378,74.9204,84.2211
44.064,0.1373,0.1383,0.1375,74.9141,84.2525
44.08,0.1388,0.1385,0.1376,74.9141,84.2839
44.096,0.1379,0.1383,0.1374,74.9141,84.3153
44.112,0.1376,0.1381,0.1372,74.9141,84.3467
44.128,0.1348,0.1373,0.1364,74.9141,84.3781
44.144,0.1356,0.1369,0.136,74.9141,84.4095
44.16,0.1355,0.1365,0.1356,74.9204,84.4409
44.176,0.1362,0.1365,0.1354,74.9267,84.4723
44.192,0.1397,0.1373,0.1361,74.933,84.5037
44.208,0.1392,0.1377,0.1365,74.9392,84.5351
44.224,0.1418,0.1387,0.1375,74.9455,84.5665
44.24,0.1341,0.1376,0.1363,74.9518,84.6042
44.256,0.1374,0.1375,0.1362,74.9644,84.6356
44.272,0.1408,0.1384,0.137,74.9706,84.667
44.288,0.1376,0.1382,0.1368,74.9832,84.6984
44.304,0.1423,0.1392,0.1377,74.9958,84.7298
44.32,0.1392,0.1392,0.1377,75.0083,84.7612
44.336,0.1386,0.1391,0.1376,75.0272,84.7926
44.352,0.139,0.139,0.1375,75.0397,84.824
44.368,0.1401,0.1393,0.1377,75.0586,84.8554
44.384,0.1357,0.1384,0.1369,75.0774,84.8868
44.4,0.1379,0.1383,0.1367,75.0962,84.9244
44.416,0.1338,0.1371,0.1356,75.1151,84.9558
44.432,0.1395,0.1377,0.1361,75.1339,84.9872
44.448,0.1381,0.1378,0.1362,75.1528,85.0186
44.464,0.1374,0.1377,0.136,75.1779,85.05
44.48,0.1345,0.1369,0.1352,75.203,85.0814
44.496,0.1366,0.1369,0.1351,75.2281,85.1128
44.512,0.1344,0.1362,0.1345,75.2532,85.1442
44.528,0.1397,0.1371,0.1353,75.2784,85.1756
44.544,0.1345,0.1365,0.1346,75.3098,85.207
44.56,0.1421,0.1379,0.1359,75.3349,85.2384
44.576,0.15,0.1409,0.1387,75.3663,85.2761
44.592,0.1373,0.14,0.1379,75.3977,85.3075
44.608,0.1377,0.1394,0.1373,75.4291,85.3389
44.624,0.1415,0.14,0.1378,75.4605,85.3703
44.64,0.1415,0.1404,0.1382,75.4919,85.4017
44.656,0.137,0.1395,0.1374,75.5233,85.4331
44.672,0.1354,0.1385,0.1365,75.5547,85.4645
44.688,0.1382,0.1384,0.1364,75.5861,85.4959
44.704,0.1427,0.1395,0.1373,75.6238,85.5273
44.72,0.1423,0.1402,0.138,75.6552,85.5587
44.736,0.1379,0.1396,0.1374,75.6866,85.5964
44.752,0.1368,0.1389,0.1368,75.718,85.6278
44.768,0.137,0.1384,0.1364,75.7494,85.6592
44.784,0.1323,0.1369,0.1349,75.7808,85.6906
44.8,0.1388,0.1374,0.1353,75.8122,85.722
44.816,0.1369,0.1373,0.1352,75.8436,85.7534
44.832,0.1394,0.1378,0.1357,75.875,85.7848
44.848,0.1384,0.1379,0.1358,75.9064,85.8162
44.864,0.1381,0.138,0.1358,75.944,85.8476
44.88,0.1376,0.1379,0.1357,75.9754,85.879
44.896,0.137,0.1377,0.1355,76.0068,85.9104
44.912,0.1407,0.1384,0.1362,76.0382,85.9481
44.928,0.1392,0.1386,0.1364,76.0696,85.9795
44.944,0.1383,0.1385,0.1364,76.101,86.0109
44.96,0.1409,0.1391,0.1369,76.1324,86.0423
44.976,0.1398,0.1393,0.1371,76.1638,86.0737
44.992,0.1378,0.1389,0.1368,76.1952,86.1051
45.008,0.1395,0.1391,0.1369,76.2266,86.1365
45.024,0.1371,0.1386,0.1365,76.258,86.1679
45.04,0.1389,0.1386,0.1365,76.2957,86.1993
45.056,0.1374,0.1383,0.1362,76.3271,86.2307
45.072,0.14,0.1387,0.1365,76.3585,86.2684
45.088,0.1369,0.1383,0.1361,76.3899,86.2998
45.104,0.1382,0.1383,0.1361,76.4213,86.3312
45.12,0.1352,0.1375,0.1354,76.4527,86.3626
45.136,0.1376,0.1375,0.1354,76.4841,86.394
45.152,0.1361,0.1372,0.1351,76.5155,86.4254
45.168,0.1354,0.1367,0.1347,76.5469,86.4568
45.184,0.1323,0.1356,0.1336,76.5783,86.4882
45.2,0.1383,0.1363,0.1342,76.616,86.5196
45.216,0.1402,0.1373,0.1351,76.6474,86.551
45.232,0.1379,0.1374,0.1353,76.6788,86.5824
45.248,0.1413,0.1384,0.1361,76.7102,86.62
45.264,0.1372,0.1381,0.1359,76.7416,86.6514
45.28,0.1371,0.1379,0.1357,76.773,86.6828
45.296,0.1377,0.1378,0.1357,76.8044,86.7142
45.312,0.1379,0.1378,0.1357,76.8358,86.7456
45.328,0.1364,0.1375,0.1354,76.8672,86.777
45.344,0.1318,0.1361,0.134,76.8986,86.8084
45.36,0.1389,0.1368,0.1347,76.93,86.8398
45.376,0.1357,0.1365,0.1344,76.9677,86.8712
45.392,0.1406,0.1375,0.1353,76.9991,86.9026
45.408,0.1381,0.1377,0.1355,77.0305,86.9403
45.424,0.1381,0.1378,0.1356,77.0619,86.9717
45.44,0.14,0.1383,0.1361,77.0933,87.0031
45.456,0.1379,0.1382,0.136,77.1247,87.0345
45.472,0.1407,0.1389,0.1366,77.1561,87.0659
45.488,0.1398,0.1391,0.1369,77.1875,87.0973
45.504,0.1406,0.1395,0.1373,77.2189,87.1287
45.52,0.1405,0.1397,0.1375,77.2503,87.1601
45.536,0.1349,0.1385,0.1364,77.288,87.1915
45.552,0.1403,0.139,0.1368,77.3194,87.2229
45.568,0.1401,0.1392,0.1371,77.3508,87.2543
45.584,0.1378,0.1389,0.1367,77.3822,87.292
45.6,0.1361,0.1382,0.1361,77.4136,87.3234
45.616,0.1367,0.1378,0.1357,77.445,87.3548
45.632,0.1381,0.1379,0.1358,77.4764,87.3862
45.648,0.1361,0.1374,0.1354,77.5078,87.4176
45.664,0.1345,0.1367,0.1347,77.5392,87.449
45.68,0.1335,0.1359,0.1339,77.5706,87.4804
45.696,0.1328,0.1351,0.1331,77.602,87.5118
45.712,0.1387,0.136,0.1339,77.6396,87.5432
45.728,0.1414,0.1374,0.1352,77.671,87.5746
45.744,0.1391,0.1378,0.1355,77.7024,87.6123
45.76,0.1337,0.1367,0.1346,77.7338,87.6437
45.776,0.1378,0.137,0.1349,77.7652,87.6751
45.792,0.1367,0.1369,0.1348,77.7966,87.7065
45.808,0.136,0.1367,0.1346,77.828,87.7379
45.824,0.1338,0.136,0.1339,77.8594,87.7693
45.84,0.1344,0.1356,0.1335,77.8908,87.8007
45.856,0.1392,0.1365,0.1344,77.9222,87.8321
45.872,0.1413,0.1377,0.1354,77.9599,87.8635
45.888,0.1357,0.1372,0.135,77.9913,87.8949
45.904,0.1374,0.1372,0.1351,78.0227,87.9263
45.92,0.1378,0.1374,0.1352,78.0541,87.964
45.936,0.1392,0.1378,0.1356,78.0855,87.9954
45.952,0.1429,0.1391,0.1368,78.1169,88.0268
45.968,0.1407,0.1395,0.1372,78.1483,88.0582
45.984,0.137,0.1389,0.1367,78.1797,88.0896
46.0,0.1383,0.1387,0.1366,78.2111,88.121
46.016,0.1388,0.1388,0.1366,78.2425,88.1524
46.032,0.1387,0.1387,0.1366,78.2739,88.1838
46.048,0.1379,0.1385,0.1364,78.3116,88.2152
46.064,0.1358,0.1378,0.1357,78.343,88.2466
46.08,0.1392,0.1382,0.136,78.3744,88.2842
46.096,0.1413,0.139,0.1368,78.4058,88.3156
46.112,0.1433,0.14,0.1378,78.4372,88.347
46.128,0.1362,0.1391,0.1369,78.4686,88.3784
46.144,0.1384,0.1389,0.1368,78.5,88.4098
46.16,0.1413,0.1395,0.1373,78.5314,88.4412
46.176,0.1377,0.139,0.1369,78.5628,88.4726
46.192,0.1379,0.1388,0.1367,78.5942,88.504
46.208,0.1374,0.1384,0.1363,78.6319,88.5354
46.224,0.1378,0.1383,0.1361,78.6633,88.5668
46.24,0.1368,0.1379,0.1358,78.6947,88.5982
46.256,0.1406,0.1386,0.1364,78.7261,88.6359
46.272,0.1392,0.1387,0.1366,78.7575,88.6673
46.288,0.1418,0.1395,0.1373,78.7889,88.6987
46.304,0.1389,0.1394,0.1372,78.8203,88.7301
46.32,0.1372,0.1388,0.1367,78.8517,88.7615
46.336,0.1386,0.1388,0.1366,78.8831,88.7929
46.352,0.1397,0.139,0.1369,78.9145,88.8243
46.368,0.1372,0.1385,0.1364,78.9459,88.8557
46.384,0.1361,0.1379,0.1358,78.9836,88.8871
46.4,0.1316,0.1364,0.1343,79.015,88.9185
46.416,0.1395,0.1371,0.135,79.0464,88.9562
46.432,0.1343,0.1364,0.1343,79.0778,88.9876
46.448,0.1387,0.137,0.1349,79.1092,89.019
46.464,0.1396,0.1377,0.1355,79.1406,89.0504
46.48,0.1382,0.1378,0.1356,79.172,89.0818
46.496,0.139,0.1381,0.1359,79.2034,89.1132
46.512,0.1385,0.1382,0.136,79.2348,89.1446
46.528,0.1365,0.1378,0.1356,79.2662,89.176
46.544,0.1392,0.1381,0.1359,79.3038,89.2074
46.56,0.1342,0.1371,0.135,79.3352,89.2388
46.576,0.1397,0.1378,0.1356,79.3666,89.2702
46.592,0.1373,0.1377,0.1355,79.398,89.3079
46.608,0.1367,0.1374,0.1353,79.4294,89.3393
46.624,0.143,0.1388,0.1366,79.4608,89.3707
46.64,0.1369,0.1383,0.1362,79.4922,89.4021
46.656,0.139,0.1385,0.1363,79.5236,89.4335
46.672,0.1418,0.1393,0.1371,79.555,89.4649
46.688,0.1342,0.1381,0.136,79.5864,89.4963
46.704,0.141,0.1388,0.1367,79.6178,89.5277
46.72,0.1412,0.1394,0.1372,79.6555,89.5591
46.736,0.1373,0.1389,0.1367,79.6869,89.5905
46.752,0.1401,0.1392,0.137,79.7183,89.6282
46.768,0.1381,0.1389,0.1367,79.7497,89.6596
46.784,0.1413,0.1395,0.1373,79.7811,89.691
46.8,0.1385,0.1393,0.1371,79.8125,89.7224
46.816,0.1379,0.1389,0.1368,79.8439,89.7538
46.832,0.139,0.1389,0.1368,79.8753,89.7852
46.848,0.1378,0.1386,0.1365,79.9067,89.8166
46.864,0.1424,0.1396,0.1374,79.9381,89.848
46.88,0.1407,0.1399,0.1377,79.9758,89.8794
46.896,0.1349,0.1386,0.1365,80.0072,89.9108
46.912,0.1362,0.138,0.136,80.0386,89.9422
46.928,0.1372,0.1378,0.1357,80.07,89.9798
46.944,0.1386,0.138,0.1359,80.1014,90.0112
46.96,0.1364,0.1376,0.1355,80.1328,90.0426
46.976,0.1391,0.138,0.1359,80.1642,90.074
46.992,0.1384,0.1381,0.136,80.1956,90.1054
47.008,0.1373,0.1379,0.1358,80.227,90.1368
47.024,0.1382,0.138,0.1358,80.2584,90.1682
47.04,0.1359,0.1374,0.1354,80.2898,90.1996
47.056,0.1392,0.1379,0.1357,80.3275,90.231
47.072,0.1389,0.1381,0.136,80.3589,90.2624
47.088,0.136,0.1376,0.1354,80.3903,90.3001
47.104,0.139,0.138,0.1358,80.4217,90.3315
47.12,0.141,0.1387,0.1365,80.4531,90.3629
47.136,0.141,0.1393,0.1371,80.4845,90.3943
47.152,0.1365,0.1386,0.1365,80.5159,90.4257
47.168,0.1349,0.1377,0.1356,80.5473,90.4571
47.184,0.1358,0.1372,0.1352,80.5787,90.4885
47.2,0.1358,0.1368,0.1348,80.6101,90.5199
47.216,0.1388,0.1373,0.1352,80.6478,90.5513
47.232,0.1362,0.1371,0.135,80.6792,90.5827
47.248,0.1395,0.1377,0.1355,80.7106,90.6141
47.264,0.1404,0.1383,0.1361,80.742,90.6518
47.28,0.1401,0.1388,0.1366,80.7734,90.6832
47.296,0.1365,0.1382,0.1361,80.8048,90.7146
47.312,0.1369,0.1379,0.1358,80.8362,90.746
47.328,0.1365,0.1375,0.1354,80.8676,90.7774
47.344,0.1403,0.1382,0.1361,80.899,90.8088
47.36,0.1367,0.1379,0.1357,80.9304,90.8402
47.376,0.1384,0.138,0.1359,80.9618,90.8716
47.392,0.1397,0.1384,0.1362,80.9994,90.903
47.408,0.1341,0.1373,0.1352,81.0308,90.9344
47.424,0.1405,0.1381,0.1359,81.0622,90.9721
47.44,0.1366,0.1377,0.1356,81.0936,91.0035
47.456,0.1349,0.137,0.1349,81.125,91.0349
47.472,0.1384,0.1374,0.1352,81.1564,91.0663
47.488,0.1389,0.1378,0.1356,81.1878,91.0977
47.504,0.1346,0.137,0.1349,81.2192,91.1291
47.52,0.1358,0.1367,0.1346,81.2506,91.1605
47.536,0.1374,0.1369,0.1348,81.282,91.1919
47.552,0.1403,0.1377,0.1355,81.3197,91.2233
47.568,0.1364,0.1374,0.1352,81.3511,91.2547
47.584,0.1389,0.1378,0.1356,81.3825,91.2861
47.6,0.1407,0.1385,0.1363,81.4139,91.3238
47.616,0.141,0.1391,0.1369,81.4453,91.3552
47.632,0.1382,0.1389,0.1367,81.4767,91.3866
47.648,0.1374,0.1385,0.1364,81.5081,91.418
47.664,0.1379,0.1384,0.1362,81.5395,91.4494
47.68,0.1353,0.1376,0.1355,81.5709,91.4808
47.696,0.1385,0.1378,0.1357,81.6023,91.5122
47.712,0.1404,0.1385,0.1363,81.6337,91.5436
47.728,0.1371,0.1381,0.136,81.6714,91.575
47.744,0.1417,0.139,0.1368,81.7028,91.6064
47.76,0.1402,0.1393,0.1371,81.7342,91.644
47.776,0.1402,0.1395,0.1373,81.7656,91.6754
47.792,0.1406,0.1398,0.1376,81.797,91.7068
47.808,0.1358,0.1388,0.1367,81.8284,91.7382
47.824,0.1352,0.1379,0.1358,81.8598,91.7696
47.84,0.1385,0.138,0.136,81.8912,91.801
47.856,0.1344,0.1371,0.1351,81.9226,91.8324
47.872,0.1381,0.1374,0.1353,81.954,91.8638
47.888,0.138,0.1375,0.1354,81.9917,91.8952
47.904,0.1398,0.1381,0.1359,82.0231,91.9266
47.92,0.1354,0.1374,0.1353,82.0545,91.958
47.936,0.1384,0.1377,0.1355,82.0859,91.9957
47.952,0.1424,0.1388,0.1366,82.1173,92.0271
47.968,0.1377,0.1386,0.1364,82.1487,92.0585
47.984,0.1384,0.1385,0.1363,82.1801,92.0899
48.0,0.138,0.1384,0.1362,82.2115,92.1213
48.016,0.1384,0.1384,0.1362,82.2429,92.1527
48.032,0.1394,0.1386,0.1365,82.2743,92.1841
48.048,0.139,0.1387,0.1366,82.3057,92.2155
48.064,0.1354,0.1379,0.1358,82.3434,92.2469
48.08,0.1371,0.1377,0.1356,82.3748,92.2783
48.096,0.1423,0.1389,0.1366,82.4062,92.316
48.112,0.1386,0.1388,0.1366,82.4376,92.3474
48.128,0.137,0.1383,0.1362,82.469,92.3788
48.144,0.1367,0.1379,0.1358,82.5004,92.4102
48.16,0.1403,0.1385,0.1364,82.5318,92.4416
48.176,0.1365,0.138,0.1359,82.5632,92.473
48.192,0.1373,0.1379,0.1358,82.5946,92.5044
48.208,0.1343,0.137,0.1349,82.626,92.5358
48.224,0.1389,0.1375,0.1353,82.6636,92.5672
48.24,0.1399,0.1381,0.1359,82.695,92.5986
48.256,0.1382,0.1381,0.1359,82.7264,92.63
48.272,0.138,0.1381,0.1359,82.7578,92.6677
48.288,0.1361,0.1376,0.1354,82.7892,92.6991
48.304,0.1384,0.1378,0.1356,82.8206,92.7305
48.32,0.1383,0.1379,0.1358,82.852,92.7619
48.336,0.1405,0.1386,0.1364,82.8834,92.7933
48.352,0.1372,0.1382,0.1361,82.9148,92.8247
48.368,0.1404,0.1388,0.1366,82.9462,92.8561
48.384,0.1379,0.1385,0.1364,82.9776,92.8875
48.4,0.1391,0.1387,0.1365,83.0153,92.9189
48.416,0.1341,0.1375,0.1354,83.0467,92.9503
48.432,0.1377,0.1376,0.1354,83.0781,92.988
48.448,0.1412,0.1385,0.1363,83.1095,93.0194
