tiempo_s,x_est,y_est,theta_deg,wp_restantes,dist_wp,estado,crudo_m,kalman_m,enc_izq_rad,enc_der_rad,long_ejecutada_m
0.032,-1.0000,-1.0000,0.00,39,0.1061,TRACKING,67.8,45.3,0.00000,0.00000,0.0000
0.048,-0.9997,-1.0000,0.65,39,0.1058,TRACKING,69.7,55.3,0.00000,0.03140,0.0003
0.064,-0.9995,-1.0000,1.55,39,0.1057,TRACKING,70.8,58.4,-0.01256,0.06280,0.0005
0.080,-0.9992,-1.0000,2.46,39,0.1055,TRACKING,72.8,61.2,-0.01884,0.10048,0.0008
0.096,-0.9988,-1.0000,3.11,39,0.1052,TRACKING,66.8,62.4,-0.01884,0.13188,0.0012
0.112,-0.9985,-0.9999,4.01,39,0.1050,TRACKING,67.1,63.3,-0.02512,0.16956,0.0015
0.128,-0.9981,-0.9999,4.79,39,0.1047,TRACKING,72.5,64.6,-0.02512,0.20724,0.0019
0.144,-0.9978,-0.9999,5.69,39,0.1045,TRACKING,70.1,65.5,-0.03140,0.24492,0.0022
0.160,-0.9974,-0.9998,6.47,39,0.1042,TRACKING,63.7,65.2,-0.03140,0.28260,0.0026
0.176,-0.9970,-0.9998,7.38,39,0.1038,TRACKING,68.1,65.6,-0.03140,0.32656,0.0030
0.192,-0.9966,-0.9997,8.15,39,0.1035,TRACKING,73.5,66.0,-0.03140,0.36424,0.0034
0.208,-0.9961,-0.9997,8.93,39,0.1031,TRACKING,68.5,66.0,-0.02512,0.40820,0.0039
0.224,-0.9956,-0.9996,9.84,39,0.1027,TRACKING,69.8,66.6,-0.02512,0.45216,0.0044
0.240,-0.9951,-0.9995,10.61,39,0.1023,TRACKING,67.5,66.7,-0.01884,0.49612,0.0049
0.256,-0.9946,-0.9994,11.39,39,0.1019,TRACKING,72.1,67.4,-0.01256,0.54008,0.0054
0.272,-0.9941,-0.9993,12.29,39,0.1014,TRACKING,67.3,66.6,-0.00628,0.59032,0.0060
0.288,-0.9936,-0.9992,13.07,39,0.1010,TRACKING,67.0,66.3,0.00000,0.63428,0.0065
0.304,-0.9930,-0.9990,13.98,39,0.1005,TRACKING,67.7,66.2,0.00628,0.68452,0.0071
0.320,-0.9924,-0.9989,14.88,39,0.1000,TRACKING,70.4,66.6,0.01256,0.73476,0.0077
0.336,-0.9918,-0.9987,15.66,39,0.0995,TRACKING,68.0,66.4,0.02512,0.78500,0.0083
0.352,-0.9912,-0.9985,16.43,39,0.0990,TRACKING,68.8,66.7,0.03768,0.83524,0.0089
0.368,-0.9905,-0.9983,17.34,39,0.0983,TRACKING,71.4,67.4,0.05024,0.89176,0.0097
0.384,-0.9899,-0.9981,18.12,39,0.0978,TRACKING,70.3,66.5,0.06280,0.94200,0.0103
0.400,-0.9892,-0.9979,19.02,39,0.0972,TRACKING,67.0,66.4,0.07536,0.99852,0.0110
0.416,-0.9885,-0.9977,19.80,39,0.0965,TRACKING,71.0,67.0,0.09420,1.05504,0.0118
0.432,-0.9878,-0.9974,20.71,39,0.0959,TRACKING,71.0,66.7,0.10676,1.11156,0.0125
0.448,-0.9871,-0.9971,21.48,39,0.0952,TRACKING,66.0,66.0,0.12560,1.16808,0.0133
0.464,-0.9864,-0.9968,22.26,39,0.0945,TRACKING,77.7,67.5,0.14444,1.22460,0.0140
0.480,-0.9856,-0.9965,23.16,39,0.0938,TRACKING,71.8,68.0,0.16328,1.28740,0.0149
0.496,-0.9849,-0.9962,23.81,39,0.0930,TRACKING,70.1,68.0,0.18840,1.34392,0.0157
0.512,-0.9841,-0.9958,24.72,39,0.0923,TRACKING,71.6,68.5,0.20724,1.40672,0.0165
0.528,-0.9833,-0.9955,25.49,39,0.0915,TRACKING,62.7,67.7,0.23236,1.46952,0.0174
0.544,-0.9825,-0.9951,26.40,39,0.0907,TRACKING,70.9,68.1,0.25120,1.53232,0.0183
0.560,-0.9817,-0.9947,27.18,39,0.0899,TRACKING,68.1,68.1,0.27632,1.59512,0.0192
0.576,-0.9809,-0.9942,27.82,39,0.0890,TRACKING,72.8,68.7,0.30772,1.65792,0.0201
0.592,-0.9801,-0.9938,28.60,39,0.0882,TRACKING,68.9,68.0,0.33284,1.72072,0.0210
0.608,-0.9792,-0.9934,29.25,39,0.0873,TRACKING,68.4,68.0,0.36424,1.78352,0.0220
0.624,-0.9784,-0.9929,30.15,39,0.0864,TRACKING,69.4,68.0,0.38936,1.85260,0.0230
0.640,-0.9776,-0.9924,30.80,39,0.0855,TRACKING,67.8,68.0,0.42076,1.91540,0.0239
0.656,-0.9767,-0.9919,31.45,39,0.0846,TRACKING,61.1,67.1,0.45216,1.97820,0.0249
0.672,-0.9758,-0.9913,32.09,39,0.0835,TRACKING,66.5,67.0,0.48984,2.04728,0.0260
0.688,-0.9750,-0.9908,32.74,39,0.0826,TRACKING,70.3,67.2,0.52124,2.11008,0.0270
0.704,-0.9741,-0.9902,33.39,39,0.0816,TRACKING,70.8,67.7,0.55892,2.17916,0.0281
0.720,-0.9732,-0.9896,34.03,39,0.0806,TRACKING,68.3,67.6,0.59660,2.24824,0.0292
0.736,-0.9724,-0.9890,34.68,39,0.1852,TRACKING,68.6,67.5,0.62800,2.31104,0.0301
0.752,-0.9714,-0.9883,35.07,39,0.1840,TRACKING,65.1,67.1,0.67824,2.38012,0.0313
0.768,-0.9703,-0.9876,35.59,39,0.1828,TRACKING,66.9,67.1,0.72848,2.45548,0.0326
0.784,-0.9693,-0.9869,35.98,39,0.1816,TRACKING,70.2,67.5,0.77872,2.52456,0.0339
0.800,-0.9682,-0.9861,36.36,39,0.1803,TRACKING,67.6,67.3,0.83524,2.59992,0.0352
0.816,-0.9673,-0.9854,36.75,39,0.1791,TRACKING,71.4,67.0,0.88548,2.66900,0.0364
0.832,-0.9662,-0.9846,37.27,39,0.1778,TRACKING,63.1,66.5,0.93572,2.74436,0.0377
0.848,-0.9652,-0.9838,37.53,39,0.1766,TRACKING,70.2,66.7,0.99224,2.81344,0.0390
0.864,-0.9641,-0.9830,37.92,38,0.1752,TRACKING,71.5,67.2,1.04876,2.88880,0.0404
0.880,-0.9632,-0.9822,38.30,38,0.1740,TRACKING,67.0,67.2,1.09900,2.95788,0.0416
0.896,-0.9621,-0.9814,38.69,38,0.1727,TRACKING,72.5,67.0,1.15552,3.03324,0.0429
0.912,-0.9611,-0.9805,39.08,38,0.1714,TRACKING,68.7,67.3,1.21204,3.10860,0.0443
0.928,-0.9601,-0.9797,39.34,38,0.1701,TRACKING,66.6,66.5,1.26856,3.17768,0.0456
0.944,-0.9590,-0.9788,39.60,38,0.1687,TRACKING,75.4,67.5,1.33136,3.25304,0.0470
0.960,-0.9579,-0.9780,39.99,38,0.1674,TRACKING,71.3,67.8,1.38788,3.32840,0.0483
0.976,-0.9569,-0.9771,40.38,38,0.1661,TRACKING,74.6,68.7,1.44440,3.40376,0.0497
0.992,-0.9558,-0.9762,40.63,38,0.1647,TRACKING,72.2,69.1,1.50720,3.47912,0.0511
1.008,-0.9548,-0.9753,40.89,38,0.1634,TRACKING,69.7,69.2,1.56372,3.54820,0.0524
1.024,-0.9538,-0.9744,41.15,38,0.1620,TRACKING,67.4,68.1,1.62652,3.62356,0.0538
1.040,-0.9527,-0.9735,41.41,38,0.1606,TRACKING,70.0,68.4,1.68932,3.69892,0.0552
1.056,-0.9517,-0.9726,41.80,38,0.1593,TRACKING,68.2,68.3,1.74584,3.77428,0.0566
1.072,-0.9506,-0.9716,42.06,38,0.1579,TRACKING,75.6,69.3,1.80864,3.84964,0.0580
1.088,-0.9496,-0.9707,42.32,38,0.1565,TRACKING,66.8,69.0,1.87144,3.92500,0.0594
1.104,-0.9486,-0.9697,42.58,38,0.1551,TRACKING,70.0,69.1,1.93424,4.00036,0.0608
1.120,-0.9475,-0.9687,42.83,38,0.1537,TRACKING,74.7,69.8,1.99704,4.07572,0.0622
1.136,-0.9465,-0.9678,43.09,38,0.1522,TRACKING,69.1,69.7,2.05984,4.15108,0.0637
1.152,-0.9454,-0.9668,43.22,38,0.1508,TRACKING,71.5,70.0,2.12892,4.22644,0.0651
1.168,-0.9443,-0.9657,43.61,38,0.1493,TRACKING,68.7,69.0,2.19172,4.30808,0.0666
1.184,-0.9433,-0.9648,43.87,38,0.1479,TRACKING,71.3,69.3,2.25452,4.38344,0.0680
1.200,-0.9422,-0.9637,44.00,38,0.1464,TRACKING,68.4,69.2,2.32360,4.45880,0.0695
1.216,-0.9412,-0.9628,44.26,38,0.1450,TRACKING,64.8,68.6,2.38640,4.53416,0.0709
1.232,-0.9402,-0.9617,44.39,38,0.1436,TRACKING,69.0,68.2,2.45548,4.60952,0.0724
1.248,-0.9391,-0.9607,44.65,38,0.1422,TRACKING,67.8,67.9,2.51828,4.68488,0.0738
1.264,-0.9381,-0.9596,44.90,38,0.1406,TRACKING,70.8,68.3,2.58736,4.76652,0.0754
1.280,-0.9370,-0.9586,45.03,38,0.1391,TRACKING,70.6,67.9,2.65644,4.84188,0.0769
1.296,-0.9360,-0.9576,45.29,38,0.1377,TRACKING,71.1,68.4,2.71924,4.91724,0.0783
1.312,-0.9350,-0.9565,45.42,38,0.1363,TRACKING,69.1,68.5,2.78832,4.99260,0.0798
1.328,-0.9339,-0.9554,45.68,38,0.1347,TRACKING,71.9,68.9,2.85740,5.07424,0.0813
1.344,-0.9328,-0.9544,45.81,38,0.1333,TRACKING,70.3,69.1,2.92648,5.14960,0.0828
1.360,-0.9318,-0.9533,45.94,38,0.1318,TRACKING,69.7,69.2,2.99556,5.22496,0.0843
1.376,-0.9307,-0.9522,46.20,38,0.1302,TRACKING,71.0,69.4,3.06464,5.30660,0.0858
1.392,-0.9297,-0.9511,46.33,38,0.1288,TRACKING,66.8,69.1,3.13372,5.38196,0.0873
1.408,-0.9287,-0.9501,46.46,38,0.1273,TRACKING,70.5,69.2,3.20280,5.45732,0.0888
1.424,-0.9276,-0.9489,46.72,38,0.1258,TRACKING,68.9,69.1,3.27188,5.53896,0.0903
1.440,-0.9266,-0.9479,46.85,38,0.1243,TRACKING,70.3,69.3,3.34096,5.61432,0.0918
1.456,-0.9256,-0.9467,47.10,38,0.1227,TRACKING,75.6,70.1,3.41004,5.69596,0.0933
1.472,-0.9246,-0.9456,47.23,38,0.1213,TRACKING,69.6,69.9,3.47912,5.77132,0.0948
1.488,-0.9236,-0.9446,47.36,38,0.1198,TRACKING,68.1,69.7,3.54820,5.84668,0.0963
1.504,-0.9225,-0.9434,47.49,38,0.1182,TRACKING,65.0,69.1,3.62356,5.92832,0.0979
1.520,-0.9215,-0.9423,47.62,38,0.1167,TRACKING,68.3,68.8,3.69264,6.00368,0.0994
1.536,-0.9204,-0.9411,47.88,38,0.1152,TRACKING,69.0,68.7,3.76172,6.08532,0.1009
1.552,-0.9194,-0.9400,47.88,38,0.1136,TRACKING,67.2,68.2,3.83708,6.16068,0.1025
1.568,-0.9184,-0.9388,48.14,38,0.1121,TRACKING,68.6,67.9,3.90616,6.24232,0.1040
1.584,-0.9173,-0.9377,48.14,38,0.1106,TRACKING,70.9,68.1,3.98152,6.31768,0.1056
1.600,-0.9163,-0.9365,48.40,38,0.1090,TRACKING,67.8,68.0,4.05060,6.39932,0.1071
1.616,-0.9153,-0.9354,48.40,38,0.1075,TRACKING,68.3,67.7,4.12596,6.47468,0.1087
1.632,-0.9143,-0.9342,48.66,38,0.1059,TRACKING,73.9,68.3,4.19504,6.55632,0.1102
1.648,-0.9132,-0.9331,48.66,38,0.1044,TRACKING,72.2,68.8,4.27040,6.63168,0.1117
1.664,-0.9122,-0.9319,48.92,38,0.1029,TRACKING,71.7,68.1,4.33948,6.71332,0.1133
1.680,-0.9112,-0.9307,49.05,38,0.1012,TRACKING,66.3,67.9,4.41484,6.79496,0.1149
1.696,-0.9102,-0.9296,49.18,38,0.0998,TRACKING,72.6,68.5,4.48392,6.87032,0.1164
1.712,-0.9091,-0.9283,49.30,38,0.0982,TRACKING,68.5,67.9,4.55928,6.95196,0.1180
1.728,-0.9081,-0.9272,49.30,38,0.0966,TRACKING,71.3,68.3,4.63464,7.02732,0.1195
1.744,-0.9071,-0.9260,49.56,38,0.0951,TRACKING,65.7,68.0,4.70372,7.10896,0.1211
1.760,-0.9061,-0.9248,49.56,38,0.0935,TRACKING,68.6,66.8,4.77908,7.18432,0.1226
1.776,-0.9051,-0.9236,49.69,38,0.0919,TRACKING,64.4,66.5,4.85444,7.26596,0.1242
1.792,-0.9040,-0.9224,49.82,38,0.0903,TRACKING,74.0,67.5,4.92980,7.34760,0.1258
1.808,-0.9031,-0.9212,49.95,38,0.0888,TRACKING,68.0,67.5,4.99888,7.42296,0.1273
1.824,-0.9021,-0.9200,50.08,38,0.0872,TRACKING,67.2,67.5,5.07424,7.50460,0.1289
1.840,-0.9010,-0.9188,50.21,38,0.0856,TRACKING,68.3,67.6,5.14960,7.58624,0.1305
1.856,-0.9000,-0.9176,50.21,38,0.0841,TRACKING,65.2,67.0,5.22496,7.66160,0.1321
1.872,-0.8990,-0.9163,50.34,38,0.0825,TRACKING,72.9,67.0,5.30032,7.74324,0.1337
1.888,-0.8981,-0.9152,50.47,38,0.0810,TRACKING,67.0,67.0,5.36940,7.81860,0.1352
1.904,-0.8970,-0.9140,50.60,38,0.1849,TRACKING,70.6,67.3,5.44476,7.90024,0.1368
1.920,-0.8960,-0.9127,50.47,38,0.1833,TRACKING,70.0,67.6,5.52640,7.97560,0.1384
1.936,-0.8950,-0.9114,50.47,38,0.1817,TRACKING,67.1,67.3,5.60804,8.05724,0.1401
1.952,-0.8939,-0.9102,50.34,38,0.1801,TRACKING,67.8,67.2,5.68968,8.13260,0.1417
1.968,-0.8929,-0.9089,50.34,38,0.1784,TRACKING,68.6,67.1,5.77132,8.21424,0.1434
1.984,-0.8919,-0.9077,50.34,38,0.1768,TRACKING,62.8,66.5,5.84668,8.28960,0.1449
2.000,-0.8908,-0.9065,50.21,37,0.1752,TRACKING,70.4,67.0,5.92832,8.36496,0.1465
2.016,-0.8898,-0.9052,50.21,37,0.1736,TRACKING,63.6,66.2,6.00996,8.44660,0.1482
2.032,-0.8887,-0.9040,50.08,37,0.1719,TRACKING,70.2,66.7,6.09160,8.52196,0.1498
2.048,-0.8877,-0.9027,50.08,37,0.1703,TRACKING,69.2,66.8,6.17324,8.60360,0.1515
2.064,-0.8866,-0.9014,49.95,37,0.1687,TRACKING,70.2,67.2,6.25488,8.67896,0.1531
2.080,-0.8856,-0.9002,49.95,37,0.1670,TRACKING,67.2,66.8,6.33652,8.76060,0.1547
2.096,-0.8846,-0.8990,49.95,37,0.1654,TRACKING,69.9,67.2,6.41188,8.83596,0.1563
2.112,-0.8835,-0.8977,49.95,37,0.1638,TRACKING,67.4,66.9,6.49352,8.91760,0.1580
2.128,-0.8825,-0.8965,49.82,37,0.1622,TRACKING,68.6,67.1,6.57516,8.99296,0.1596
2.144,-0.8814,-0.8952,49.82,37,0.1605,TRACKING,63.8,66.3,6.65680,9.07460,0.1612
2.160,-0.8803,-0.8940,49.69,37,0.1589,TRACKING,69.7,66.4,6.73844,9.14996,0.1629
2.176,-0.8793,-0.8927,49.69,37,0.1572,TRACKING,71.5,67.1,6.82008,9.23160,0.1645
2.192,-0.8782,-0.8914,49.69,37,0.1555,TRACKING,66.8,67.0,6.90172,9.31324,0.1662
2.208,-0.8771,-0.8902,49.56,37,0.1539,TRACKING,67.9,67.1,6.98336,9.38860,0.1678
2.224,-0.8761,-0.8889,49.69,37,0.1523,TRACKING,74.6,66.9,7.05872,9.47024,0.1694
2.240,-0.8750,-0.8877,49.56,37,0.1507,TRACKING,68.6,67.1,7.14036,9.54560,0.1710
2.256,-0.8740,-0.8864,49.56,37,0.1490,TRACKING,69.5,67.4,7.22200,9.62724,0.1727
2.272,-0.8729,-0.8852,49.56,37,0.1474,TRACKING,72.9,68.1,7.30364,9.70888,0.1744
2.288,-0.8718,-0.8840,49.43,37,0.1458,TRACKING,74.5,69.0,7.38528,9.78424,0.1760
2.304,-0.8707,-0.8827,49.43,37,0.1441,TRACKING,64.1,68.1,7.46692,9.86588,0.1777
2.320,-0.8696,-0.8814,49.43,37,0.1424,TRACKING,69.7,67.9,7.54856,9.94752,0.1793
2.336,-0.8686,-0.8802,49.30,37,0.1408,TRACKING,65.9,67.6,7.63020,10.02288,0.1809
2.352,-0.8675,-0.8789,49.30,37,0.1391,TRACKING,70.6,68.0,7.71184,10.10452,0.1826
2.368,-0.8664,-0.8776,49.30,37,0.1375,TRACKING,72.8,68.6,7.79348,10.18616,0.1843
2.384,-0.8654,-0.8764,49.18,37,0.1358,TRACKING,70.3,67.9,7.87512,10.26152,0.1859
2.400,-0.8643,-0.8752,49.30,37,0.1342,TRACKING,66.9,67.7,7.95048,10.34316,0.1875
2.416,-0.8632,-0.8739,49.30,37,0.1326,TRACKING,67.4,67.4,8.03212,10.42480,0.1892
2.432,-0.8622,-0.8727,49.18,37,0.1310,TRACKING,73.9,68.3,8.11376,10.50016,0.1908
2.448,-0.8611,-0.8715,49.18,37,0.1293,TRACKING,69.0,68.4,8.19540,10.58180,0.1925
2.464,-0.8600,-0.8702,49.18,37,0.1276,TRACKING,70.0,68.6,8.27704,10.66344,0.1941
2.480,-0.8589,-0.8690,49.05,37,0.1260,TRACKING,72.6,67.6,8.35868,10.73880,0.1957
2.496,-0.8578,-0.8677,49.05,37,0.1243,TRACKING,66.8,67.5,8.44032,10.82044,0.1974
2.512,-0.8567,-0.8664,49.05,37,0.1227,TRACKING,66.3,67.3,8.52196,10.90208,0.1991
2.528,-0.8556,-0.8652,49.05,37,0.1210,TRACKING,74.3,68.2,8.60360,10.98372,0.2008
2.544,-0.8546,-0.8640,48.92,37,0.1194,TRACKING,66.1,67.9,8.68524,11.05908,0.2024
2.560,-0.8535,-0.8627,48.92,37,0.1177,TRACKING,68.4,67.8,8.76688,11.14072,0.2041
2.576,-0.8524,-0.8614,48.92,37,0.1160,TRACKING,65.0,67.5,8.84852,11.22236,0.2057
2.592,-0.8513,-0.8602,48.92,37,0.1143,TRACKING,73.0,68.2,8.93016,11.30400,0.2074
2.608,-0.8502,-0.8590,48.79,37,0.1127,TRACKING,76.5,67.5,9.01180,11.37936,0.2090
2.624,-0.8491,-0.8577,48.79,37,0.1111,TRACKING,68.7,67.6,9.09344,11.46100,0.2107
2.640,-0.8480,-0.8565,48.79,37,0.1094,TRACKING,69.0,67.8,9.17508,11.54264,0.2124
2.656,-0.8470,-0.8552,48.92,37,0.1078,TRACKING,68.2,67.9,9.25044,11.62428,0.2140
2.672,-0.8459,-0.8540,48.79,37,0.1062,TRACKING,75.1,68.8,9.33208,11.69964,0.2156
2.688,-0.8448,-0.8528,48.79,37,0.1045,TRACKING,69.3,68.9,9.41372,11.78128,0.2172
2.704,-0.8437,-0.8515,48.79,37,0.1028,TRACKING,66.4,68.5,9.49536,11.86292,0.2189
2.720,-0.8426,-0.8503,48.79,37,0.1012,TRACKING,67.3,68.4,9.57700,11.94456,0.2206
2.736,-0.8415,-0.8490,48.79,37,0.0995,TRACKING,70.6,68.0,9.65864,12.02620,0.2223
2.752,-0.8404,-0.8478,48.66,37,0.0979,TRACKING,67.9,67.2,9.74028,12.10156,0.2239
2.768,-0.8393,-0.8465,48.66,37,0.0962,TRACKING,72.3,67.9,9.82192,12.18320,0.2256
2.784,-0.8382,-0.8453,48.66,37,0.0945,TRACKING,69.1,68.0,9.90356,12.26484,0.2272
2.800,-0.8371,-0.8440,48.66,37,0.0929,TRACKING,70.1,68.3,9.98520,12.34648,0.2289
2.816,-0.8360,-0.8428,48.66,37,0.0912,TRACKING,67.1,68.1,10.06684,12.42812,0.2306
2.832,-0.8349,-0.8416,48.53,37,0.0896,TRACKING,70.4,67.6,10.14848,12.50348,0.2322
2.848,-0.8338,-0.8403,48.53,37,0.0879,TRACKING,72.7,67.7,10.23012,12.58512,0.2339
2.864,-0.8327,-0.8390,48.53,37,0.0862,TRACKING,71.1,68.0,10.31176,12.66676,0.2355
2.880,-0.8316,-0.8378,48.53,37,0.0845,TRACKING,69.9,67.9,10.39340,12.74840,0.2372
2.896,-0.8305,-0.8365,48.53,37,0.0829,TRACKING,64.7,67.5,10.47504,12.83004,0.2389
2.912,-0.8294,-0.8353,48.53,37,0.0812,TRACKING,73.3,68.2,10.55668,12.91168,0.2406
2.928,-0.8283,-0.8341,48.40,37,0.1856,TRACKING,70.5,68.1,10.63832,12.98704,0.2422
2.944,-0.8272,-0.8328,48.40,37,0.1839,TRACKING,64.6,67.6,10.71996,13.06868,0.2438
2.960,-0.8262,-0.8317,48.40,37,0.1824,TRACKING,66.7,67.3,10.79532,13.14404,0.2454
2.976,-0.8251,-0.8305,48.27,37,0.1808,TRACKING,70.5,67.7,10.87696,13.21940,0.2470
2.992,-0.8241,-0.8293,48.14,37,0.1792,TRACKING,67.4,67.5,10.95860,13.29476,0.2486
3.008,-0.8229,-0.8280,48.14,37,0.1775,TRACKING,69.1,67.7,11.04024,13.37640,0.2503
3.024,-0.8219,-0.8268,48.01,36,0.1759,TRACKING,63.5,67.1,11.12188,13.45176,0.2519
3.040,-0.8208,-0.8257,48.01,36,0.1743,TRACKING,69.4,67.4,11.19724,13.52712,0.2534
3.056,-0.8197,-0.8244,48.01,36,0.1727,TRACKING,64.8,66.6,11.27888,13.60876,0.2551
3.072,-0.8186,-0.8232,47.88,36,0.1711,TRACKING,66.9,66.5,11.36052,13.68412,0.2567
3.088,-0.8176,-0.8220,47.75,36,0.1695,TRACKING,68.1,66.7,11.44216,13.75948,0.2583
3.104,-0.8164,-0.8208,47.75,36,0.1678,TRACKING,67.2,66.8,11.52380,13.84112,0.2600
3.120,-0.8154,-0.8197,47.75,36,0.1662,TRACKING,64.1,66.4,11.59916,13.91648,0.2615
3.136,-0.8143,-0.8184,47.75,36,0.1646,TRACKING,65.2,66.2,11.68080,13.99812,0.2632
3.152,-0.8132,-0.8172,47.62,36,0.1630,TRACKING,70.2,66.7,11.76244,14.07348,0.2648
3.168,-0.8121,-0.8160,47.49,36,0.1613,TRACKING,67.7,66.4,11.84408,14.14884,0.2664
3.184,-0.8110,-0.8148,47.49,36,0.1597,TRACKING,65.3,66.2,11.92572,14.23048,0.2681
3.200,-0.8099,-0.8136,47.36,36,0.1581,TRACKING,66.4,66.1,12.00736,14.30584,0.2697
3.216,-0.8087,-0.8124,47.36,36,0.1564,TRACKING,69.4,66.5,12.08900,14.38748,0.2714
3.232,-0.8077,-0.8113,47.36,36,0.1548,TRACKING,65.7,66.4,12.16436,14.46284,0.2729
3.248,-0.8066,-0.8100,47.36,36,0.1532,TRACKING,71.1,67.0,12.24600,14.54448,0.2746
3.264,-0.8054,-0.8088,47.36,36,0.1515,TRACKING,68.8,66.6,12.32764,14.62612,0.2763
3.280,-0.8043,-0.8076,47.23,36,0.1499,TRACKING,70.4,67.1,12.40928,14.70148,0.2779
3.296,-0.8032,-0.8064,47.23,36,0.1482,TRACKING,70.1,67.4,12.49092,14.78312,0.2796
3.312,-0.8021,-0.8052,47.10,36,0.1466,TRACKING,72.7,67.7,12.57256,14.85848,0.2812
3.328,-0.8010,-0.8040,47.10,36,0.1449,TRACKING,73.6,68.5,12.65420,14.94012,0.2828
3.344,-0.7999,-0.8028,47.10,36,0.1434,TRACKING,71.2,68.7,12.72956,15.01548,0.2844
3.360,-0.7988,-0.8016,47.10,36,0.1417,TRACKING,69.4,68.2,12.81120,15.09712,0.2861
3.376,-0.7977,-0.8004,46.98,36,0.1401,TRACKING,72.7,68.8,12.89284,15.17248,0.2877
3.392,-0.7965,-0.7992,46.98,36,0.1384,TRACKING,68.0,68.7,12.97448,15.25412,0.2893
3.408,-0.7954,-0.7980,46.98,36,0.1368,TRACKING,68.6,68.4,13.05612,15.33576,0.2910
3.424,-0.7943,-0.7968,46.85,36,0.1352,TRACKING,71.5,68.8,13.13776,15.41112,0.2926
3.440,-0.7932,-0.7956,46.85,36,0.1335,TRACKING,68.3,68.6,13.21940,15.49276,0.2943
3.456,-0.7920,-0.7944,46.72,36,0.1319,TRACKING,73.8,68.5,13.30104,15.56812,0.2959
3.472,-0.7909,-0.7932,46.72,36,0.1302,TRACKING,64.6,68.0,13.38268,15.64976,0.2976
3.488,-0.7898,-0.7920,46.72,36,0.1285,TRACKING,69.6,68.2,13.46432,15.73140,0.2993
3.504,-0.7887,-0.7909,46.72,36,0.1270,TRACKING,72.5,68.8,13.53968,15.80676,0.3008
3.520,-0.7875,-0.7896,46.72,36,0.1253,TRACKING,70.8,69.0,13.62132,15.88840,0.3025
3.536,-0.7864,-0.7884,46.72,36,0.1236,TRACKING,69.6,69.1,13.70296,15.97004,0.3041
3.552,-0.7853,-0.7873,46.59,36,0.1220,TRACKING,64.9,68.4,13.78460,16.04540,0.3058
3.568,-0.7841,-0.7860,46.59,36,0.1203,TRACKING,72.1,68.3,13.86624,16.12704,0.3074
3.584,-0.7830,-0.7848,46.59,36,0.1187,TRACKING,67.9,68.3,13.94788,16.20868,0.3091
3.600,-0.7819,-0.7837,46.46,36,0.1171,TRACKING,70.0,68.5,14.02952,16.28404,0.3107
3.616,-0.7807,-0.7824,46.46,36,0.1154,TRACKING,68.1,67.8,14.11116,16.36568,0.3124
3.632,-0.7796,-0.7812,46.46,36,0.1137,TRACKING,70.0,68.1,14.19280,16.44732,0.3141
3.648,-0.7784,-0.7800,46.46,36,0.1120,TRACKING,67.2,68.0,14.27444,16.52896,0.3157
3.664,-0.7773,-0.7789,46.33,36,0.1104,TRACKING,70.3,68.3,14.35608,16.60432,0.3173
3.680,-0.7762,-0.7776,46.33,36,0.1088,TRACKING,66.6,68.1,14.43772,16.68596,0.3190
3.696,-0.7750,-0.7764,46.33,36,0.1071,TRACKING,70.1,67.9,14.51936,16.76760,0.3207
3.712,-0.7739,-0.7752,46.33,36,0.1054,TRACKING,64.1,67.4,14.60100,16.84924,0.3224
3.728,-0.7727,-0.7741,46.20,36,0.1038,TRACKING,67.1,67.3,14.68264,16.92460,0.3240
3.744,-0.7716,-0.7729,46.33,36,0.1022,TRACKING,68.8,67.5,14.75800,17.00624,0.3256
3.760,-0.7705,-0.7717,46.33,36,0.1005,TRACKING,67.2,67.5,14.83964,17.08788,0.3273
3.776,-0.7693,-0.7705,46.33,36,0.0989,TRACKING,65.1,66.8,14.92128,17.16952,0.3289
3.792,-0.7682,-0.7693,46.20,36,0.0972,TRACKING,71.9,67.4,15.00292,17.24488,0.3305
3.808,-0.7670,-0.7681,46.20,36,0.0956,TRACKING,72.1,68.1,15.08456,17.32652,0.3322
3.824,-0.7659,-0.7669,46.20,36,0.0939,TRACKING,70.3,68.4,15.16620,17.40816,0.3339
3.840,-0.7647,-0.7657,46.20,36,0.0922,TRACKING,71.6,68.8,15.24784,17.48980,0.3356
3.856,-0.7636,-0.7645,46.07,36,0.0906,TRACKING,68.6,67.9,15.32948,17.56516,0.3372
3.872,-0.7625,-0.7633,46.07,36,0.0889,TRACKING,67.6,67.6,15.41112,17.64680,0.3388
3.888,-0.7613,-0.7621,46.07,36,0.0873,TRACKING,70.5,68.0,15.49276,17.72844,0.3405
3.904,-0.7601,-0.7609,46.07,36,0.0856,TRACKING,69.2,68.1,15.57440,17.81008,0.3422
3.920,-0.7590,-0.7597,46.07,36,0.0839,TRACKING,71.9,68.3,15.65604,17.89172,0.3439
3.936,-0.7579,-0.7586,45.94,36,0.0823,TRACKING,66.3,68.0,15.73768,17.96708,0.3455
3.952,-0.7567,-0.7573,45.94,36,0.0806,TRACKING,70.0,67.9,15.81932,18.04872,0.3471
3.968,-0.7555,-0.7561,45.94,36,0.1850,TRACKING,66.6,67.7,15.90096,18.13036,0.3488
3.984,-0.7544,-0.7549,45.94,36,0.1834,TRACKING,69.8,68.0,15.98260,18.21200,0.3505
4.000,-0.7532,-0.7538,45.81,36,0.1817,TRACKING,64.7,67.2,16.06424,18.28736,0.3521
4.016,-0.7521,-0.7526,45.81,36,0.1801,TRACKING,71.5,67.8,16.14588,18.36900,0.3538
4.032,-0.7509,-0.7514,45.81,36,0.1784,TRACKING,68.3,67.8,16.22752,18.45064,0.3555
4.048,-0.7497,-0.7502,45.81,36,0.1767,TRACKING,69.3,68.0,16.30916,18.53228,0.3571
4.064,-0.7486,-0.7490,45.81,35,0.1751,TRACKING,70.9,67.8,16.39080,18.61392,0.3588
4.080,-0.7475,-0.7479,45.81,35,0.1735,TRACKING,69.1,68.0,16.46616,18.68928,0.3603
4.096,-0.7463,-0.7467,45.81,35,0.1718,TRACKING,70.2,67.3,16.54780,18.77092,0.3620
4.112,-0.7452,-0.7455,45.81,35,0.1702,TRACKING,65.7,66.9,16.62944,18.85256,0.3637
4.128,-0.7440,-0.7443,45.81,35,0.1685,TRACKING,68.9,67.0,16.71108,18.93420,0.3654
4.144,-0.7429,-0.7431,45.68,35,0.1669,TRACKING,68.6,67.3,16.79272,19.00956,0.3670
4.160,-0.7417,-0.7419,45.68,35,0.1652,TRACKING,66.9,67.2,16.87436,19.09120,0.3686
4.176,-0.7405,-0.7407,45.68,35,0.1635,TRACKING,74.5,67.8,16.95600,19.17284,0.3703
4.192,-0.7394,-0.7395,45.68,35,0.1619,TRACKING,67.0,67.7,17.03764,19.25448,0.3720
4.208,-0.7382,-0.7383,45.68,35,0.1602,TRACKING,71.9,68.1,17.11928,19.33612,0.3737
4.224,-0.7371,-0.7372,45.55,35,0.1586,TRACKING,67.9,68.1,17.20092,19.41148,0.3753
4.240,-0.7359,-0.7360,45.55,35,0.1569,TRACKING,66.9,67.9,17.28256,19.49312,0.3770
4.256,-0.7347,-0.7348,45.55,35,0.1552,TRACKING,67.7,67.7,17.36420,19.57476,0.3786
4.272,-0.7336,-0.7336,45.55,35,0.1536,TRACKING,64.2,67.1,17.44584,19.65640,0.3803
4.288,-0.7324,-0.7324,45.55,35,0.1519,TRACKING,68.2,67.2,17.52748,19.73804,0.3820
4.304,-0.7312,-0.7312,45.55,35,0.1502,TRACKING,70.3,67.2,17.60912,19.81968,0.3836
4.320,-0.7300,-0.7300,45.55,35,0.1485,TRACKING,69.7,67.5,17.69076,19.90132,0.3853
4.336,-0.7289,-0.7289,45.42,35,0.1469,TRACKING,69.1,67.7,17.77240,19.97668,0.3869
4.352,-0.7277,-0.7277,45.42,35,0.1453,TRACKING,71.2,68.2,17.85404,20.05832,0.3886
4.368,-0.7266,-0.7265,45.42,35,0.1436,TRACKING,71.5,67.4,17.93568,20.13996,0.3903
4.384,-0.7254,-0.7253,45.42,35,0.1419,TRACKING,69.7,67.7,18.01732,20.22160,0.3919
4.400,-0.7242,-0.7241,45.42,35,0.1402,TRACKING,66.1,67.5,18.09896,20.30324,0.3936
4.416,-0.7230,-0.7229,45.42,35,0.1386,TRACKING,66.9,67.4,18.18060,20.38488,0.3953
4.432,-0.7219,-0.7217,45.42,35,0.1369,TRACKING,71.0,67.9,18.26224,20.46652,0.3970
4.448,-0.7207,-0.7205,45.42,35,0.1352,TRACKING,65.7,67.3,18.34388,20.54816,0.3986
4.464,-0.7196,-0.7194,45.29,35,0.1336,TRACKING,65.9,67.1,18.42552,20.62352,0.4003
4.480,-0.7184,-0.7182,45.29,35,0.1319,TRACKING,63.0,66.5,18.50716,20.70516,0.4019
4.496,-0.7172,-0.7170,45.29,35,0.1303,TRACKING,70.3,67.0,18.58880,20.78680,0.4036
4.512,-0.7160,-0.7158,45.29,35,0.1286,TRACKING,69.7,67.4,18.67044,20.86844,0.4053
4.528,-0.7148,-0.7146,45.29,35,0.1269,TRACKING,70.6,67.8,18.75208,20.95008,0.4069
4.544,-0.7137,-0.7134,45.29,35,0.1252,TRACKING,68.2,67.1,18.83372,21.03172,0.4086
4.560,-0.7125,-0.7122,45.29,35,0.1236,TRACKING,70.6,67.6,18.91536,21.11336,0.4103
4.576,-0.7113,-0.7111,45.29,35,0.1219,TRACKING,70.3,67.3,18.99700,21.19500,0.4120
4.592,-0.7101,-0.7099,45.29,35,0.1202,TRACKING,64.8,66.9,19.07864,21.27664,0.4136
4.608,-0.7090,-0.7087,45.29,35,0.1185,TRACKING,69.0,67.2,19.16028,21.35828,0.4153
4.624,-0.7078,-0.7075,45.16,35,0.1169,TRACKING,69.9,67.5,19.24192,21.43364,0.4169
4.640,-0.7066,-0.7063,45.16,35,0.1153,TRACKING,66.8,67.3,19.32356,21.51528,0.4186
4.656,-0.7055,-0.7052,45.16,35,0.1136,TRACKING,66.7,67.2,19.40520,21.59692,0.4203
4.672,-0.7043,-0.7040,45.16,35,0.1119,TRACKING,68.9,67.4,19.48684,21.67856,0.4219
4.688,-0.7031,-0.7028,45.16,35,0.1102,TRACKING,71.9,67.6,19.56848,21.76020,0.4236
4.704,-0.7019,-0.7016,45.16,35,0.1086,TRACKING,68.4,67.4,19.65012,21.84184,0.4253
4.720,-0.7007,-0.7004,45.16,35,0.1069,TRACKING,70.8,67.5,19.73176,21.92348,0.4270
4.736,-0.6996,-0.6992,45.16,35,0.1052,TRACKING,70.0,67.5,19.81340,22.00512,0.4286
4.752,-0.6984,-0.6980,45.16,35,0.1035,TRACKING,66.6,67.2,19.89504,22.08676,0.4303
4.768,-0.6972,-0.6969,45.16,35,0.1019,TRACKING,72.3,67.9,19.97668,22.16840,0.4320
4.784,-0.6960,-0.6957,45.16,35,0.1002,TRACKING,67.8,67.9,20.05832,22.25004,0.4337
4.800,-0.6948,-0.6945,45.16,35,0.0985,TRACKING,67.4,67.5,20.13996,22.33168,0.4353
4.816,-0.6937,-0.6933,45.16,35,0.0968,TRACKING,67.5,67.3,20.22160,22.41332,0.4370
4.832,-0.6925,-0.6921,45.16,35,0.0952,TRACKING,68.0,67.4,20.30324,22.49496,0.4387
4.848,-0.6913,-0.6909,45.16,35,0.0935,TRACKING,66.8,67.3,20.38488,22.57660,0.4404
4.864,-0.6902,-0.6898,45.03,35,0.0919,TRACKING,69.4,66.8,20.46652,22.65196,0.4420
4.880,-0.6890,-0.6886,45.03,35,0.0902,TRACKING,65.0,66.4,20.54816,22.73360,0.4436
4.896,-0.6878,-0.6874,45.03,35,0.0885,TRACKING,69.8,66.8,20.62980,22.81524,0.4453
4.912,-0.6866,-0.6862,45.03,35,0.0869,TRACKING,66.9,66.8,20.71144,22.89688,0.4470
4.928,-0.6854,-0.6850,45.03,35,0.0852,TRACKING,77.3,68.2,20.79308,22.97852,0.4487
4.944,-0.6843,-0.6839,45.03,35,0.0835,TRACKING,73.5,67.8,20.87472,23.06016,0.4503
4.960,-0.6831,-0.6827,45.03,35,0.0818,TRACKING,66.3,67.6,20.95636,23.14180,0.4520
4.976,-0.6819,-0.6815,45.03,35,0.0802,TRACKING,65.3,67.3,21.03800,23.22344,0.4537
4.992,-0.6807,-0.6803,45.03,35,0.1887,TRACKING,68.4,67.5,21.11964,23.30508,0.4554
5.008,-0.6802,-0.6798,45.81,35,0.1880,TRACKING,69.5,67.7,21.13848,23.36160,0.4561
5.024,-0.6796,-0.6792,46.72,35,0.1873,TRACKING,68.6,67.8,21.15732,23.42440,0.4570
5.040,-0.6790,-0.6785,47.62,35,0.1865,TRACKING,68.5,67.9,21.17616,23.48720,0.4578
5.056,-0.6785,-0.6779,48.27,35,0.1858,TRACKING,65.5,66.9,21.20128,23.54372,0.4586
5.072,-0.6779,-0.6772,49.05,35,0.1850,TRACKING,72.2,67.6,21.22640,23.60652,0.4595
5.088,-0.6773,-0.6766,49.82,35,0.1841,TRACKING,69.1,67.8,21.25152,23.66932,0.4604
5.104,-0.6767,-0.6759,50.60,35,0.1833,TRACKING,68.7,67.9,21.27664,23.73212,0.4613
5.120,-0.6761,-0.6751,51.50,35,0.1824,TRACKING,68.2,67.7,21.30176,23.80120,0.4623
5.136,-0.6755,-0.6744,52.15,35,0.1815,TRACKING,69.4,68.0,21.33316,23.86400,0.4633
5.152,-0.6749,-0.6736,52.80,34,0.1806,TRACKING,69.3,67.9,21.36456,23.92680,0.4642
5.168,-0.6743,-0.6728,53.57,34,0.1797,TRACKING,65.4,67.6,21.39596,23.99588,0.4653
5.184,-0.6737,-0.6719,54.09,34,0.1787,TRACKING,67.8,67.6,21.43364,24.05868,0.4663
5.200,-0.6731,-0.6711,54.87,34,0.1777,TRACKING,69.8,67.9,21.46504,24.12776,0.4673
5.216,-0.6725,-0.6702,55.39,34,0.1767,TRACKING,68.4,68.0,21.50272,24.19056,0.4684
5.232,-0.6719,-0.6693,56.03,34,0.1757,TRACKING,70.0,68.2,21.54040,24.25964,0.4695
5.248,-0.6713,-0.6684,56.68,34,0.1747,TRACKING,64.9,67.6,21.57808,24.32872,0.4705
5.264,-0.6706,-0.6675,57.20,34,0.1736,TRACKING,66.2,67.4,21.62204,24.39780,0.4717
5.280,-0.6701,-0.6666,57.72,34,0.1726,TRACKING,69.3,66.8,21.65972,24.46060,0.4727
5.296,-0.6695,-0.6656,58.23,34,0.1715,TRACKING,63.3,66.3,21.70368,24.52968,0.4739
5.312,-0.6689,-0.6646,58.75,34,0.1704,TRACKING,72.5,67.2,21.74764,24.59876,0.4751
5.328,-0.6683,-0.6636,59.27,34,0.1693,TRACKING,67.0,67.1,21.79160,24.66784,0.4762
5.344,-0.6677,-0.6626,59.79,34,0.1681,TRACKING,66.8,67.1,21.83556,24.73692,0.4774
5.360,-0.6671,-0.6616,60.30,34,0.1670,TRACKING,69.8,67.4,21.87952,24.80600,0.4785
5.376,-0.6665,-0.6606,60.95,34,0.1658,TRACKING,70.8,67.4,21.92348,24.88136,0.4797
5.392,-0.6659,-0.6595,61.34,34,0.1647,TRACKING,70.3,67.1,21.97372,24.95044,0.4810
5.408,-0.6653,-0.6584,61.73,34,0.1635,TRACKING,67.9,67.1,22.02396,25.01952,0.4822
5.424,-0.6648,-0.6573,62.12,34,0.1623,TRACKING,71.7,67.6,22.07420,25.08860,0.4834
5.440,-0.6642,-0.6562,62.63,34,0.1610,TRACKING,65.7,67.1,22.12444,25.16396,0.4847
5.456,-0.6636,-0.6551,63.02,34,0.1598,TRACKING,70.7,67.6,22.17468,25.23304,0.4859
5.472,-0.6630,-0.6540,63.41,34,0.1586,TRACKING,70.0,67.6,22.22492,25.30212,0.4872
5.488,-0.6625,-0.6529,63.93,34,0.1574,TRACKING,68.6,67.6,22.27516,25.37748,0.4884
5.504,-0.6619,-0.6517,64.19,34,0.1561,TRACKING,68.1,67.7,22.33168,25.44656,0.4897
5.520,-0.6614,-0.6505,64.70,34,0.1549,TRACKING,70.0,68.0,22.38192,25.52192,0.4910
5.536,-0.6608,-0.6493,65.09,34,0.1535,TRACKING,68.9,68.1,22.43844,25.59728,0.4924
5.552,-0.6602,-0.6481,65.35,34,0.1523,TRACKING,67.9,67.6,22.49496,25.66636,0.4937
5.568,-0.6597,-0.6470,65.87,34,0.1510,TRACKING,68.3,67.7,22.54520,25.74172,0.4949
5.584,-0.6592,-0.6458,66.13,34,0.1498,TRACKING,65.4,67.1,22.60172,25.81080,0.4962
5.600,-0.6586,-0.6445,66.39,34,0.1484,TRACKING,73.4,67.9,22.66452,25.88616,0.4976
5.616,-0.6581,-0.6433,66.77,34,0.1470,TRACKING,70.3,67.9,22.72104,25.96152,0.4990
5.632,-0.6576,-0.6420,67.16,34,0.1457,TRACKING,69.8,67.3,22.77756,26.03688,0.5003
5.648,-0.6570,-0.6408,67.55,34,0.1444,TRACKING,69.5,67.6,22.83408,26.11224,0.5017
5.664,-0.6565,-0.6395,67.68,34,0.1430,TRACKING,69.0,67.8,22.89688,26.18132,0.5031
5.680,-0.6560,-0.6383,68.07,34,0.1417,TRACKING,69.6,67.8,22.95340,26.25668,0.5044
5.696,-0.6555,-0.6370,68.33,34,0.1403,TRACKING,70.0,68.1,23.01620,26.33204,0.5058
5.712,-0.6550,-0.6357,68.72,34,0.1390,TRACKING,71.6,68.1,23.07272,26.40740,0.5072
5.728,-0.6545,-0.6344,68.97,34,0.1376,TRACKING,65.8,67.8,23.13552,26.48276,0.5086
5.744,-0.6540,-0.6331,69.23,34,0.1362,TRACKING,68.8,67.2,23.19832,26.55812,0.5100
5.760,-0.6535,-0.6317,69.49,34,0.1348,TRACKING,69.3,67.4,23.26112,26.63348,0.5114
5.776,-0.6530,-0.6304,69.75,34,0.1334,TRACKING,72.6,68.1,23.32392,26.70884,0.5128
5.792,-0.6525,-0.6291,70.01,34,0.1320,TRACKING,73.3,68.6,23.38672,26.78420,0.5143
5.808,-0.6520,-0.6277,70.27,34,0.1306,TRACKING,71.5,68.9,23.44952,26.85956,0.5157
5.824,-0.6515,-0.6264,70.53,34,0.1292,TRACKING,75.0,69.5,23.51232,26.93492,0.5171
5.840,-0.6511,-0.6251,70.79,34,0.1278,TRACKING,65.2,69.0,23.57512,27.01028,0.5185
5.856,-0.6506,-0.6237,70.92,34,0.1263,TRACKING,72.7,69.0,23.64420,27.08564,0.5200
5.872,-0.6501,-0.6223,71.17,34,0.1249,TRACKING,64.6,68.4,23.70700,27.16100,0.5214
5.888,-0.6497,-0.6210,71.43,34,0.1235,TRACKING,67.1,68.2,23.76980,27.23636,0.5228
5.904,-0.6492,-0.6195,71.69,34,0.1219,TRACKING,70.9,68.1,23.83888,27.31800,0.5244
5.920,-0.6487,-0.6182,71.95,34,0.1205,TRACKING,71.1,68.5,23.90168,27.39336,0.5258
5.936,-0.6483,-0.6168,72.08,34,0.1191,TRACKING,68.1,67.9,23.97076,27.46872,0.5273
5.952,-0.6478,-0.6154,72.34,34,0.1177,TRACKING,65.2,67.5,24.03356,27.54408,0.5287
5.968,-0.6474,-0.6140,72.47,34,0.1162,TRACKING,66.1,67.3,24.10264,27.61944,0.5302
5.984,-0.6469,-0.6125,72.73,34,0.1147,TRACKING,69.9,67.5,24.17172,27.70108,0.5317
6.000,-0.6465,-0.6112,72.99,34,0.1132,TRACKING,66.2,67.2,24.23452,27.77644,0.5331
6.016,-0.6461,-0.6098,73.12,34,0.1118,TRACKING,64.0,66.8,24.30360,27.85180,0.5346
6.032,-0.6456,-0.6083,73.37,34,0.1102,TRACKING,67.2,66.5,24.37268,27.93344,0.5361
6.048,-0.6452,-0.6069,73.50,34,0.1088,TRACKING,71.6,67.2,24.44176,28.00880,0.5376
6.064,-0.6448,-0.6054,73.63,34,0.1073,TRACKING,65.4,67.0,24.51084,28.08416,0.5391
6.080,-0.6444,-0.6040,73.89,34,0.1058,TRACKING,63.5,66.5,24.57992,28.16580,0.5406
6.096,-0.6440,-0.6025,74.02,34,0.1043,TRACKING,67.4,66.5,24.64900,28.24116,0.5421
6.112,-0.6436,-0.6011,74.15,34,0.1028,TRACKING,68.3,66.7,24.71808,28.31652,0.5436
6.128,-0.6431,-0.5996,74.41,34,0.1013,TRACKING,65.0,66.4,24.78716,28.39816,0.5451
6.144,-0.6427,-0.5982,74.54,34,0.0998,TRACKING,71.1,67.1,24.85624,28.47352,0.5466
6.160,-0.6423,-0.5968,74.67,34,0.0983,TRACKING,71.3,67.1,24.92532,28.54888,0.5481
6.176,-0.6419,-0.5953,74.93,34,0.0968,TRACKING,77.2,67.5,24.99440,28.63052,0.5497
6.192,-0.6416,-0.5939,75.06,34,0.0953,TRACKING,70.1,67.6,25.06348,28.70588,0.5511
6.208,-0.6412,-0.5924,75.32,34,0.0938,TRACKING,76.0,68.7,25.13256,28.78752,0.5527
6.224,-0.6408,-0.5909,75.32,34,0.0922,TRACKING,68.6,68.2,25.20792,28.86288,0.5542
6.240,-0.6404,-0.5894,75.57,34,0.0907,TRACKING,68.2,67.4,25.27700,28.94452,0.5558
6.256,-0.6400,-0.5879,75.70,34,0.0892,TRACKING,72.1,68.0,25.34608,29.01988,0.5573
6.272,-0.6397,-0.5865,75.83,34,0.0877,TRACKING,69.0,68.2,25.41516,29.09524,0.5587
6.288,-0.6393,-0.5849,75.96,34,0.0861,TRACKING,65.1,67.7,25.49052,29.17688,0.5603
6.304,-0.6389,-0.5835,76.09,34,0.0847,TRACKING,65.2,67.4,25.55960,29.25224,0.5618
6.320,-0.6385,-0.5819,76.22,34,0.0831,TRACKING,70.3,67.8,25.63496,29.33388,0.5634
6.336,-0.6382,-0.5805,76.35,34,0.0816,TRACKING,65.8,67.5,25.70404,29.40924,0.5649
6.352,-0.6378,-0.5790,76.61,34,0.0800,TRACKING,70.2,67.8,25.77312,29.49088,0.5665
6.368,-0.6375,-0.5775,76.61,34,0.2029,TRACKING,69.6,67.7,25.84848,29.56624,0.5680
6.384,-0.6371,-0.5762,77.00,34,0.2016,TRACKING,71.3,68.1,25.90500,29.64160,0.5694
6.400,-0.6368,-0.5748,77.26,34,0.2002,TRACKING,66.6,67.9,25.96780,29.71696,0.5708
6.416,-0.6365,-0.5735,77.64,34,0.1988,TRACKING,66.8,67.3,26.02432,29.79232,0.5721
6.432,-0.6362,-0.5721,77.90,34,0.1974,TRACKING,68.2,67.2,26.08712,29.86768,0.5735
6.448,-0.6359,-0.5707,78.16,34,0.1960,TRACKING,62.8,66.6,26.14992,29.94304,0.5750
6.464,-0.6357,-0.5693,78.42,34,0.1946,TRACKING,69.1,67.0,26.21272,30.01840,0.5764
6.480,-0.6354,-0.5679,78.68,33,0.1932,TRACKING,69.7,67.3,26.27552,30.09376,0.5778
6.496,-0.6351,-0.5666,79.07,33,0.1919,TRACKING,67.4,66.8,26.33204,30.16912,0.5791
6.512,-0.6348,-0.5652,79.20,33,0.1904,TRACKING,68.9,66.6,26.40112,30.24448,0.5806
6.528,-0.6346,-0.5638,79.46,33,0.1890,TRACKING,68.1,66.7,26.46392,30.31984,0.5820
6.544,-0.6343,-0.5624,79.72,33,0.1876,TRACKING,65.3,66.5,26.52672,30.39520,0.5834
6.560,-0.6341,-0.5610,79.97,33,0.1862,TRACKING,73.9,67.5,26.58952,30.47056,0.5849
6.576,-0.6338,-0.5595,80.10,33,0.1847,TRACKING,73.3,68.3,26.65860,30.54592,0.5863
6.592,-0.6336,-0.5581,80.36,33,0.1833,TRACKING,70.7,68.4,26.72140,30.62128,0.5878
6.608,-0.6333,-0.5567,80.75,33,0.1819,TRACKING,69.2,68.5,26.78420,30.70292,0.5892
6.624,-0.6331,-0.5552,80.88,33,0.1804,TRACKING,62.5,67.3,26.85328,30.77828,0.5907
6.640,-0.6329,-0.5537,81.01,33,0.1789,TRACKING,69.8,67.6,26.92236,30.85364,0.5922
6.656,-0.6326,-0.5523,81.27,33,0.1775,TRACKING,70.7,68.0,26.98516,30.92900,0.5936
6.672,-0.6324,-0.5509,81.40,33,0.1760,TRACKING,71.8,67.7,27.05424,31.00436,0.5951
6.688,-0.6322,-0.5494,81.66,33,0.1745,TRACKING,72.5,67.5,27.12332,31.08600,0.5966
6.704,-0.6320,-0.5480,81.92,33,0.1731,TRACKING,67.1,67.4,27.18612,31.16136,0.5981
6.720,-0.6318,-0.5465,82.04,33,0.1716,TRACKING,68.1,67.5,27.25520,31.23672,0.5995
6.736,-0.6316,-0.5450,82.30,33,0.1701,TRACKING,67.2,67.4,27.32428,31.31836,0.6011
6.752,-0.6314,-0.5435,82.43,33,0.1686,TRACKING,65.9,67.2,27.39336,31.39372,0.6026
6.768,-0.6312,-0.5420,82.56,33,0.1671,TRACKING,65.4,66.2,27.46244,31.46908,0.6040
6.784,-0.6310,-0.5405,82.82,33,0.1656,TRACKING,68.5,66.4,27.53152,31.55072,0.6056
6.800,-0.6308,-0.5390,82.82,33,0.1641,TRACKING,71.3,66.9,27.60688,31.62608,0.6071
6.816,-0.6306,-0.5374,83.08,33,0.1625,TRACKING,72.1,67.6,27.67596,31.70772,0.6087
6.832,-0.6304,-0.5360,83.21,33,0.1610,TRACKING,65.2,67.3,27.74504,31.78308,0.6102
6.848,-0.6302,-0.5345,83.34,33,0.1596,TRACKING,66.8,67.2,27.81412,31.85844,0.6116
6.864,-0.6301,-0.5329,83.60,33,0.1580,TRACKING,69.7,67.2,27.88320,31.94008,0.6132
6.880,-0.6299,-0.5314,83.60,33,0.1565,TRACKING,70.1,67.1,27.95856,32.01544,0.6147
6.896,-0.6297,-0.5299,83.86,33,0.1549,TRACKING,73.4,67.7,28.02764,32.09708,0.6163
6.912,-0.6296,-0.5284,83.99,33,0.1535,TRACKING,69.9,67.7,28.09672,32.17244,0.6178
6.928,-0.6294,-0.5268,84.12,33,0.1519,TRACKING,68.5,67.8,28.17208,32.25408,0.6194
6.944,-0.6293,-0.5253,84.24,33,0.1504,TRACKING,62.8,67.1,28.24116,32.32944,0.6208
6.960,-0.6291,-0.5237,84.37,33,0.1488,TRACKING,63.4,66.6,28.31652,32.41108,0.6225
6.976,-0.6290,-0.5223,84.50,33,0.1473,TRACKING,70.4,67.1,28.38560,32.48644,0.6239
6.992,-0.6288,-0.5207,84.63,33,0.1457,TRACKING,69.5,66.5,28.46096,32.56808,0.6255
7.008,-0.6287,-0.5191,84.76,33,0.1441,TRACKING,72.4,67.1,28.53632,32.64972,0.6272
7.024,-0.6285,-0.5176,84.89,33,0.1426,TRACKING,71.3,67.6,28.60540,32.72508,0.6286
7.040,-0.6284,-0.5160,85.02,33,0.1410,TRACKING,73.9,67.9,28.68076,32.80672,0.6302
7.056,-0.6282,-0.5144,85.02,33,0.1395,TRACKING,72.1,68.0,28.75612,32.88208,0.6318
7.072,-0.6281,-0.5129,85.28,33,0.1379,TRACKING,67.0,67.9,28.82520,32.96372,0.6333
7.088,-0.6280,-0.5114,85.28,33,0.1364,TRACKING,65.1,67.5,28.90056,33.03908,0.6349
7.104,-0.6279,-0.5098,85.41,33,0.1348,TRACKING,71.6,67.6,28.97592,33.12072,0.6365
7.120,-0.6277,-0.5081,85.54,33,0.1332,TRACKING,66.4,67.5,29.05128,33.20236,0.6381
7.136,-0.6276,-0.5067,85.67,33,0.1317,TRACKING,69.9,67.2,29.12036,33.27772,0.6396
7.152,-0.6275,-0.5051,85.80,33,0.1301,TRACKING,71.4,67.8,29.19572,33.35936,0.6412
7.168,-0.6274,-0.5035,85.93,33,0.1285,TRACKING,75.9,68.9,29.27108,33.44100,0.6428
7.184,-0.6273,-0.5019,85.93,33,0.1269,TRACKING,69.7,69.0,29.34644,33.51636,0.6443
7.200,-0.6272,-0.5003,86.06,33,0.1253,TRACKING,69.9,68.2,29.42180,33.59800,0.6460
7.216,-0.6270,-0.4987,86.19,33,0.1237,TRACKING,68.7,68.3,29.49716,33.67964,0.6476
7.232,-0.6269,-0.4972,86.19,33,0.1222,TRACKING,69.4,68.4,29.57252,33.75500,0.6491
7.248,-0.6268,-0.4956,86.32,33,0.1206,TRACKING,70.2,68.6,29.64788,33.83664,0.6507
7.264,-0.6267,-0.4940,86.44,33,0.1190,TRACKING,70.0,68.5,29.72324,33.91828,0.6523
7.280,-0.6266,-0.4924,86.44,33,0.1174,TRACKING,68.7,68.5,29.79860,33.99364,0.6539
7.296,-0.6265,-0.4908,86.57,33,0.1158,TRACKING,70.2,67.5,29.87396,34.07528,0.6555
7.312,-0.6264,-0.4892,86.70,33,0.1142,TRACKING,68.9,67.7,29.94932,34.15692,0.6571
7.328,-0.6264,-0.4876,86.83,33,0.1126,TRACKING,64.1,67.2,30.02468,34.23856,0.6587
7.344,-0.6263,-0.4861,86.83,33,0.1111,TRACKING,66.5,67.1,30.10004,34.31392,0.6602
7.360,-0.6262,-0.4844,86.96,33,0.1095,TRACKING,68.9,67.4,30.17540,34.39556,0.6619
7.376,-0.6261,-0.4828,87.09,33,0.1078,TRACKING,64.5,66.9,30.25076,34.47720,0.6635
7.392,-0.6260,-0.4812,87.09,33,0.1062,TRACKING,75.7,68.1,30.33240,34.55884,0.6651
7.408,-0.6259,-0.4796,87.09,33,0.1046,TRACKING,67.7,67.3,30.40776,34.63420,0.6667
7.424,-0.6259,-0.4780,87.22,33,0.1030,TRACKING,70.4,67.8,30.48312,34.71584,0.6683
7.440,-0.6258,-0.4764,87.35,33,0.1014,TRACKING,73.3,67.6,30.55848,34.79748,0.6699
7.456,-0.6257,-0.4748,87.48,33,0.0998,TRACKING,67.5,67.6,30.63384,34.87912,0.6715
7.472,-0.6256,-0.4732,87.35,33,0.0982,TRACKING,70.5,67.5,30.71548,34.95448,0.6731
7.488,-0.6256,-0.4716,87.48,33,0.0966,TRACKING,66.2,67.1,30.79084,35.03612,0.6747
7.504,-0.6255,-0.4700,87.61,33,0.0950,TRACKING,67.1,67.1,30.86620,35.11776,0.6763
7.520,-0.6254,-0.4684,87.74,33,0.0934,TRACKING,66.1,66.6,30.94156,35.19940,0.6779
7.536,-0.6254,-0.4668,87.61,33,0.0918,TRACKING,72.2,67.4,31.02320,35.27476,0.6796
7.552,-0.6253,-0.4652,87.74,33,0.0902,TRACKING,64.8,67.0,31.09856,35.35640,0.6812
7.568,-0.6252,-0.4635,87.87,33,0.0885,TRACKING,68.3,67.2,31.17392,35.43804,0.6828
7.584,-0.6252,-0.4619,88.00,33,0.0869,TRACKING,70.4,67.2,31.24928,35.51968,0.6844
7.600,-0.6251,-0.4603,88.00,33,0.0853,TRACKING,75.0,67.3,31.33092,35.60132,0.6861
7.616,-0.6251,-0.4587,88.00,33,0.0837,TRACKING,71.0,67.8,31.40628,35.67668,0.6876
7.632,-0.6250,-0.4571,88.13,33,0.0821,TRACKING,73.9,67.7,31.48164,35.75832,0.6892
7.648,-0.6250,-0.4554,88.13,33,0.0804,TRACKING,69.6,67.5,31.56328,35.83996,0.6909
7.664,-0.6249,-0.4538,88.26,33,0.1288,TRACKING,71.3,67.9,31.63864,35.92160,0.6925
7.680,-0.6249,-0.4522,88.39,33,0.1272,TRACKING,70.1,68.0,31.71400,36.00324,0.6941
7.696,-0.6248,-0.4506,88.26,33,0.1256,TRACKING,68.8,67.6,31.79564,36.07860,0.6957
7.712,-0.6248,-0.4490,88.39,33,0.1240,TRACKING,73.8,68.5,31.87100,36.16024,0.6973
7.728,-0.6247,-0.4473,88.39,33,0.1223,TRACKING,69.2,68.4,31.95264,36.24188,0.6990
7.744,-0.6247,-0.4457,88.52,33,0.1207,TRACKING,68.0,67.9,32.02800,36.32352,0.7006
7.760,-0.6246,-0.4441,88.64,32,0.1191,TRACKING,72.5,68.5,32.10336,36.40516,0.7022
7.776,-0.6246,-0.4424,88.64,32,0.1174,TRACKING,67.8,68.4,32.18500,36.48680,0.7039
7.792,-0.6246,-0.4409,88.64,32,0.1159,TRACKING,66.8,67.8,32.26036,36.56216,0.7054
7.808,-0.6245,-0.4392,88.64,32,0.1142,TRACKING,68.5,67.9,32.34200,36.64380,0.7071
7.824,-0.6245,-0.4376,88.77,32,0.1126,TRACKING,68.1,67.9,32.41736,36.72544,0.7087
7.840,-0.6244,-0.4359,88.77,32,0.1109,TRACKING,66.3,67.7,32.49900,36.80708,0.7104
7.856,-0.6244,-0.4343,88.90,32,0.1093,TRACKING,66.3,67.5,32.57436,36.88872,0.7120
7.872,-0.6244,-0.4327,88.90,32,0.1077,TRACKING,63.2,66.8,32.65600,36.97036,0.7137
7.888,-0.6244,-0.4311,89.03,32,0.1061,TRACKING,66.9,66.8,32.73136,37.05200,0.7153
7.904,-0.6243,-0.4294,88.90,32,0.1044,TRACKING,69.9,67.2,32.81300,37.12736,0.7169
7.920,-0.6243,-0.4278,89.03,32,0.1028,TRACKING,65.1,66.9,32.88836,37.20900,0.7185
7.936,-0.6243,-0.4262,89.03,32,0.1012,TRACKING,67.3,66.8,32.97000,37.29064,0.7202
7.952,-0.6242,-0.4246,89.16,32,0.0996,TRACKING,69.5,66.7,33.04536,37.37228,0.7218
7.968,-0.6242,-0.4229,89.16,32,0.0979,TRACKING,69.8,67.1,33.12700,37.45392,0.7235
7.984,-0.6242,-0.4212,89.16,32,0.0962,TRACKING,70.0,67.5,33.20864,37.53556,0.7251
8.000,-0.6242,-0.4196,89.29,32,0.0946,TRACKING,69.3,67.7,33.28400,37.61720,0.7267
8.016,-0.6242,-0.4179,89.29,32,0.0929,TRACKING,68.4,67.6,33.36564,37.69884,0.7284
8.032,-0.6241,-0.4164,89.29,32,0.0914,TRACKING,64.5,67.2,33.44100,37.77420,0.7300
8.048,-0.6241,-0.4147,89.29,32,0.0897,TRACKING,69.4,66.9,33.52264,37.85584,0.7316
8.064,-0.6241,-0.4131,89.42,32,0.0881,TRACKING,69.9,67.3,33.59800,37.93748,0.7332
8.080,-0.6241,-0.4114,89.42,32,0.0864,TRACKING,69.6,67.6,33.67964,38.01912,0.7349
8.096,-0.6241,-0.4097,89.42,32,0.0848,TRACKING,67.3,67.6,33.76128,38.10076,0.7366
8.112,-0.6240,-0.4081,89.55,32,0.0831,TRACKING,66.7,66.8,33.83664,38.18240,0.7382
8.128,-0.6240,-0.4065,89.55,32,0.0815,TRACKING,70.1,67.2,33.91828,38.26404,0.7399
8.144,-0.6240,-0.4048,89.55,32,0.1716,TRACKING,71.2,67.6,33.99992,38.34568,0.7415
8.160,-0.6240,-0.4040,88.77,32,0.1709,TRACKING,69.8,67.1,34.05644,38.36452,0.7423
8.176,-0.6240,-0.4031,88.00,32,0.1701,TRACKING,64.1,66.6,34.11924,38.38964,0.7432
8.192,-0.6239,-0.4022,87.35,32,0.1692,TRACKING,64.3,66.3,34.18204,38.42104,0.7442
8.208,-0.6239,-0.4012,86.44,32,0.1683,TRACKING,67.0,66.3,34.25112,38.44616,0.7451
8.224,-0.6238,-0.4002,85.80,32,0.1674,TRACKING,72.2,67.1,34.31392,38.47756,0.7461
8.240,-0.6238,-0.3993,85.15,32,0.1665,TRACKING,66.7,67.1,34.37672,38.50896,0.7471
8.256,-0.6237,-0.3982,84.37,32,0.1655,TRACKING,66.5,67.0,34.44580,38.54036,0.7481
8.272,-0.6236,-0.3973,83.73,32,0.1646,TRACKING,67.9,66.9,34.50860,38.57176,0.7491
8.288,-0.6234,-0.3963,83.08,32,0.1637,TRACKING,69.1,66.5,34.57140,38.60316,0.7500
8.304,-0.6233,-0.3952,82.43,32,0.1627,TRACKING,66.6,66.5,34.64048,38.64084,0.7511
8.320,-0.6232,-0.3942,81.79,31,0.1617,TRACKING,62.1,65.9,34.70956,38.67852,0.7522
8.336,-0.6230,-0.3931,81.27,31,0.1607,TRACKING,68.0,65.7,34.77236,38.71620,0.7533
8.352,-0.6228,-0.3921,80.62,31,0.1596,TRACKING,67.1,65.9,34.84144,38.75388,0.7544
8.368,-0.6226,-0.3909,80.10,31,0.1585,TRACKING,66.3,66.0,34.91052,38.79784,0.7555
8.384,-0.6224,-0.3898,79.46,31,0.1575,TRACKING,71.8,66.7,34.97960,38.83552,0.7566
8.400,-0.6222,-0.3887,78.94,31,0.1564,TRACKING,69.9,65.9,35.04868,38.87948,0.7578
8.416,-0.6220,-0.3876,78.42,31,0.1553,TRACKING,75.1,67.1,35.11776,38.92344,0.7589
8.432,-0.6218,-0.3864,77.90,31,0.1541,TRACKING,71.4,67.7,35.18684,38.96740,0.7601
8.448,-0.6215,-0.3853,77.39,31,0.1530,TRACKING,71.0,68.1,35.25592,39.01136,0.7612
8.464,-0.6212,-0.3841,77.00,31,0.1518,TRACKING,68.1,68.1,35.32500,39.06160,0.7625
8.480,-0.6210,-0.3830,76.48,31,0.1507,TRACKING,76.5,69.2,35.39408,39.10556,0.7636
8.496,-0.6207,-0.3818,76.09,31,0.1495,TRACKING,69.8,69.3,35.46316,39.15580,0.7648
8.512,-0.6204,-0.3805,75.57,31,0.1483,TRACKING,68.8,68.8,35.53852,39.20604,0.7661
8.528,-0.6201,-0.3794,75.06,31,0.1472,TRACKING,70.1,69.0,35.60760,39.25000,0.7673
8.544,-0.6198,-0.3782,74.67,31,0.1460,TRACKING,70.7,69.2,35.67668,39.30024,0.7685
8.560,-0.6194,-0.3769,74.28,31,0.1447,TRACKING,68.8,69.1,35.75204,39.35676,0.7699
8.576,-0.6191,-0.3758,73.89,31,0.1435,TRACKING,71.8,69.5,35.82112,39.40700,0.7711
8.592,-0.6187,-0.3745,73.37,31,0.1422,TRACKING,72.0,68.9,35.89648,39.45724,0.7724
8.608,-0.6183,-0.3733,73.12,31,0.1410,TRACKING,64.3,68.1,35.96556,39.51376,0.7737
8.624,-0.6179,-0.3721,72.60,31,0.1397,TRACKING,65.2,67.7,36.04092,39.56400,0.7750
8.640,-0.6176,-0.3708,72.34,31,0.1384,TRACKING,69.3,67.9,36.11000,39.62052,0.7762
8.656,-0.6171,-0.3695,71.95,31,0.1371,TRACKING,68.7,68.0,36.18536,39.67704,0.7776
8.672,-0.6167,-0.3683,71.43,31,0.1358,TRACKING,72.2,68.6,36.26072,39.72728,0.7789
8.688,-0.6163,-0.3671,71.17,31,0.1346,TRACKING,70.8,68.9,36.32980,39.78380,0.7802
8.704,-0.6159,-0.3658,70.92,31,0.1332,TRACKING,68.2,68.0,36.40516,39.84660,0.7816
8.720,-0.6154,-0.3645,70.53,31,0.1319,TRACKING,66.5,67.3,36.48052,39.90312,0.7829
8.736,-0.6150,-0.3633,70.27,31,0.1306,TRACKING,73.0,68.0,36.54960,39.95964,0.7842
8.752,-0.6145,-0.3620,69.88,31,0.1293,TRACKING,67.6,67.8,36.62496,40.01616,0.7856
8.768,-0.6140,-0.3607,69.62,31,0.1279,TRACKING,68.2,67.8,36.70032,40.07896,0.7870
8.784,-0.6136,-0.3594,69.23,31,0.1265,TRACKING,72.7,68.5,36.77568,40.13548,0.7883
8.800,-0.6131,-0.3581,68.97,31,0.1251,TRACKING,70.9,67.7,36.85104,40.19828,0.7898
8.816,-0.6126,-0.3568,68.59,31,0.1238,TRACKING,70.0,68.0,36.92640,40.25480,0.7911
8.832,-0.6121,-0.3555,68.33,31,0.1224,TRACKING,67.3,67.8,37.00176,40.31760,0.7925
8.848,-0.6115,-0.3542,68.07,31,0.1210,TRACKING,70.8,68.2,37.07712,40.38040,0.7939
8.864,-0.6110,-0.3530,67.81,31,0.1197,TRACKING,65.4,67.5,37.14620,40.43692,0.7952
8.880,-0.6105,-0.3517,67.55,31,0.1183,TRACKING,66.5,67.4,37.22156,40.49972,0.7966
8.896,-0.6100,-0.3504,67.29,31,0.1169,TRACKING,66.7,67.3,37.29692,40.56252,0.7981
8.912,-0.6094,-0.3491,67.03,31,0.1155,TRACKING,67.4,67.1,37.37228,40.62532,0.7995
8.928,-0.6088,-0.3477,66.65,31,0.1141,TRACKING,71.4,67.7,37.45392,40.68812,0.8010
8.944,-0.6082,-0.3464,66.52,31,0.1126,TRACKING,67.5,67.7,37.52928,40.75720,0.8024
8.960,-0.6077,-0.3451,66.26,31,0.1112,TRACKING,71.0,67.0,37.60464,40.82000,0.8039
8.976,-0.6071,-0.3438,66.00,31,0.1098,TRACKING,64.8,66.7,37.68000,40.88280,0.8053
8.992,-0.6065,-0.3425,65.74,31,0.1084,TRACKING,65.8,66.6,37.75536,40.94560,0.8067
9.008,-0.6059,-0.3411,65.61,31,0.1069,TRACKING,67.8,66.7,37.83072,41.01468,0.8082
9.024,-0.6053,-0.3398,65.35,31,0.1055,TRACKING,70.7,67.3,37.90608,41.07748,0.8096
9.040,-0.6047,-0.3385,65.22,31,0.1040,TRACKING,70.1,67.6,37.98144,41.14656,0.8111
9.056,-0.6041,-0.3371,64.83,31,0.1026,TRACKING,66.4,67.5,38.06308,41.20936,0.8125
9.072,-0.6034,-0.3358,64.70,31,0.1011,TRACKING,69.7,67.8,38.13844,41.27844,0.8140
9.088,-0.6028,-0.3345,64.45,31,0.0997,TRACKING,68.7,67.8,38.21380,41.34124,0.8154
9.104,-0.6022,-0.3332,64.32,31,0.0982,TRACKING,66.2,67.2,38.28916,41.41032,0.8169
9.120,-0.6016,-0.3319,64.06,31,0.0968,TRACKING,66.0,67.1,38.36452,41.47312,0.8183
9.136,-0.6009,-0.3305,63.80,31,0.0953,TRACKING,73.0,67.9,38.44616,41.54220,0.8199
9.152,-0.6002,-0.3292,63.67,31,0.0938,TRACKING,71.9,68.4,38.52152,41.61128,0.8214
9.168,-0.5996,-0.3279,63.54,31,0.0923,TRACKING,69.8,68.2,38.59688,41.68036,0.8228
9.184,-0.5989,-0.3265,63.28,31,0.0908,TRACKING,69.3,68.4,38.67852,41.74944,0.8244
9.200,-0.5983,-0.3252,63.02,31,0.0894,TRACKING,69.6,68.2,38.75388,41.81224,0.8258
9.216,-0.5976,-0.3239,62.89,31,0.0879,TRACKING,71.0,68.2,38.82924,41.88132,0.8273
9.232,-0.5969,-0.3225,62.63,31,0.0864,TRACKING,66.7,67.5,38.91088,41.95040,0.8288
9.248,-0.5962,-0.3212,62.50,31,0.0849,TRACKING,66.0,67.4,38.98624,42.01948,0.8303
9.264,-0.5955,-0.3199,62.37,31,0.0834,TRACKING,65.5,67.0,39.06160,42.08856,0.8318
9.280,-0.5948,-0.3185,62.12,31,0.0819,TRACKING,70.2,67.4,39.14324,42.15764,0.8333
9.296,-0.5941,-0.3172,61.99,31,0.0804,TRACKING,68.1,67.1,39.21860,42.22672,0.8348
9.312,-0.5934,-0.3159,61.86,31,0.1841,TRACKING,69.1,67.3,39.29396,42.29580,0.8363
9.328,-0.5928,-0.3147,61.47,31,0.1827,TRACKING,66.1,67.1,39.36932,42.35232,0.8376
9.344,-0.5921,-0.3136,61.08,31,0.1814,TRACKING,71.3,67.7,39.44468,42.40884,0.8390
9.360,-0.5915,-0.3124,60.82,31,0.1802,TRACKING,71.4,68.1,39.51376,42.46536,0.8403
9.376,-0.5908,-0.3113,60.43,31,0.1788,TRACKING,69.4,68.3,39.58912,42.52188,0.8416
9.392,-0.5902,-0.3101,60.05,31,0.1775,TRACKING,70.5,68.6,39.66448,42.57840,0.8430
9.408,-0.5895,-0.3090,59.79,31,0.1762,TRACKING,73.8,69.0,39.73356,42.63492,0.8443
9.424,-0.5888,-0.3078,59.40,30,0.1749,TRACKING,69.2,68.2,39.80892,42.69144,0.8456
9.440,-0.5881,-0.3066,59.01,30,0.1736,TRACKING,68.8,68.2,39.88428,42.74796,0.8470
9.456,-0.5874,-0.3054,58.75,30,0.1722,TRACKING,70.9,67.6,39.95964,42.81076,0.8484
9.472,-0.5867,-0.3043,58.36,30,0.1708,TRACKING,66.7,67.5,40.03500,42.86728,0.8497
9.488,-0.5860,-0.3031,58.23,30,0.1695,TRACKING,71.3,68.0,40.10408,42.93008,0.8511
9.504,-0.5852,-0.3019,57.97,30,0.1681,TRACKING,63.7,67.4,40.17944,42.99288,0.8525
9.520,-0.5845,-0.3008,57.59,30,0.1668,TRACKING,65.7,66.4,40.25480,43.04940,0.8539
9.536,-0.5838,-0.2996,57.33,30,0.1654,TRACKING,69.0,66.7,40.33016,43.11220,0.8553
9.552,-0.5830,-0.2984,57.07,30,0.1640,TRACKING,68.9,67.0,40.40552,43.17500,0.8567
9.568,-0.5822,-0.2972,56.81,30,0.1626,TRACKING,68.2,67.0,40.48088,43.23780,0.8581
9.584,-0.5814,-0.2960,56.55,30,0.1612,TRACKING,67.0,67.0,40.55624,43.30060,0.8595
9.600,-0.5807,-0.2948,56.29,30,0.1598,TRACKING,68.5,67.2,40.63160,43.36340,0.8609
9.616,-0.5799,-0.2937,56.03,30,0.1584,TRACKING,69.0,67.4,40.70696,43.42620,0.8624
9.632,-0.5790,-0.2924,55.77,30,0.1568,TRACKING,71.3,67.9,40.78860,43.49528,0.8639
9.648,-0.5782,-0.2912,55.52,30,0.1554,TRACKING,72.2,68.5,40.86396,43.55808,0.8653
9.664,-0.5774,-0.2901,55.26,30,0.1540,TRACKING,62.6,67.7,40.93932,43.62088,0.8667
9.680,-0.5765,-0.2888,55.13,30,0.1525,TRACKING,71.3,68.2,41.01468,43.68996,0.8682
9.696,-0.5757,-0.2877,54.87,30,0.1511,TRACKING,68.8,67.8,41.09004,43.75276,0.8696
9.712,-0.5749,-0.2865,54.74,30,0.1497,TRACKING,65.6,67.5,41.16540,43.82184,0.8711
9.728,-0.5740,-0.2853,54.35,30,0.1482,TRACKING,68.2,67.2,41.24704,43.88464,0.8726
9.744,-0.5732,-0.2841,54.22,30,0.1467,TRACKING,69.5,67.5,41.32240,43.95372,0.8741
9.760,-0.5723,-0.2829,54.09,30,0.1453,TRACKING,68.8,67.7,41.39776,44.02280,0.8756
9.776,-0.5714,-0.2817,53.96,30,0.1438,TRACKING,73.6,68.4,41.47312,44.09188,0.8770
9.792,-0.5705,-0.2805,53.57,30,0.1423,TRACKING,67.7,67.4,41.55476,44.15468,0.8785
9.808,-0.5697,-0.2793,53.45,30,0.1408,TRACKING,67.3,67.3,41.63012,44.22376,0.8800
9.824,-0.5688,-0.2781,53.32,30,0.1394,TRACKING,71.6,67.9,41.70548,44.29284,0.8815
9.840,-0.5679,-0.2769,53.06,30,0.1378,TRACKING,66.4,67.7,41.78712,44.36192,0.8830
9.856,-0.5670,-0.2757,52.93,30,0.1364,TRACKING,70.0,68.0,41.86248,44.43100,0.8845
9.872,-0.5661,-0.2745,52.80,30,0.1349,TRACKING,65.2,67.6,41.93784,44.50008,0.8860
9.888,-0.5651,-0.2733,52.54,30,0.1333,TRACKING,63.7,66.8,42.01948,44.56916,0.8875
9.904,-0.5642,-0.2721,52.41,30,0.1319,TRACKING,67.5,66.9,42.09484,44.63824,0.8890
9.920,-0.5633,-0.2708,52.28,30,0.1303,TRACKING,71.2,67.5,42.17648,44.71360,0.8906
9.936,-0.5623,-0.2696,52.15,30,0.1288,TRACKING,67.1,67.3,42.25184,44.78268,0.8921
9.952,-0.5614,-0.2684,51.89,30,0.1272,TRACKING,71.6,67.8,42.33348,44.85176,0.8936
9.968,-0.5605,-0.2673,51.76,30,0.1258,TRACKING,74.4,68.7,42.40884,44.92084,0.8951
9.984,-0.5595,-0.2660,51.76,30,0.1242,TRACKING,72.0,69.1,42.48420,44.99620,0.8967
10.000,-0.5586,-0.2648,51.50,30,0.1227,TRACKING,67.7,68.9,42.56584,45.06528,0.8982
10.016,-0.5576,-0.2637,51.37,30,0.1212,TRACKING,68.3,68.9,42.64120,45.13436,0.8997
10.032,-0.5566,-0.2624,51.25,30,0.1196,TRACKING,70.5,69.1,42.72284,45.20972,0.9013
10.048,-0.5557,-0.2613,51.12,30,0.1181,TRACKING,68.4,69.0,42.79820,45.27880,0.9028
10.064,-0.5547,-0.2600,50.99,30,0.1165,TRACKING,65.8,67.7,42.87984,45.35416,0.9044
10.080,-0.5538,-0.2589,50.86,30,0.1151,TRACKING,71.5,68.2,42.95520,45.42324,0.9059
10.096,-0.5527,-0.2576,50.73,30,0.1134,TRACKING,73.6,68.9,43.03684,45.49860,0.9075
10.112,-0.5518,-0.2564,50.47,30,0.1119,TRACKING,68.2,68.7,43.11848,45.56768,0.9090
10.128,-0.5508,-0.2552,50.47,30,0.1104,TRACKING,76.4,67.9,43.19384,45.64304,0.9106
10.144,-0.5498,-0.2540,50.34,30,0.1088,TRACKING,70.5,67.8,43.27548,45.71840,0.9122
10.160,-0.5488,-0.2529,50.21,30,0.1073,TRACKING,69.5,68.0,43.35084,45.78748,0.9137
10.176,-0.5478,-0.2516,50.08,30,0.1057,TRACKING,67.0,67.9,43.43248,45.86284,0.9153
10.192,-0.5468,-0.2504,50.08,30,0.1041,TRACKING,63.6,67.3,43.50784,45.93820,0.9168
10.208,-0.5458,-0.2493,49.82,30,0.1026,TRACKING,71.1,67.8,43.58948,46.00728,0.9184
10.224,-0.5448,-0.2480,49.69,30,0.1010,TRACKING,69.9,68.1,43.67112,46.08264,0.9200
10.240,-0.5438,-0.2468,49.69,30,0.0994,TRACKING,68.5,68.1,43.74648,46.15800,0.9215
10.256,-0.5427,-0.2456,49.56,30,0.0978,TRACKING,73.5,68.8,43.82812,46.23336,0.9231
10.272,-0.5417,-0.2445,49.43,30,0.0964,TRACKING,68.8,68.8,43.90348,46.30244,0.9246
10.288,-0.5407,-0.2433,49.30,30,0.0948,TRACKING,69.4,68.9,43.98512,46.37780,0.9262
10.304,-0.5397,-0.2421,49.18,30,0.0931,TRACKING,71.7,69.0,44.06676,46.45316,0.9278
10.320,-0.5386,-0.2409,49.18,30,0.0916,TRACKING,69.3,69.1,44.14212,46.52852,0.9294
10.336,-0.5376,-0.2397,49.05,30,0.0900,TRACKING,68.7,68.5,44.22376,46.60388,0.9310
10.352,-0.5365,-0.2385,48.92,30,0.0884,TRACKING,68.1,68.5,44.30540,46.67924,0.9326
10.368,-0.5355,-0.2373,48.92,30,0.0868,TRACKING,69.5,68.1,44.38076,46.75460,0.9341
10.384,-0.5345,-0.2361,48.79,30,0.0852,TRACKING,63.1,67.4,44.46240,46.82996,0.9357
10.400,-0.5334,-0.2349,48.66,30,0.0836,TRACKING,69.1,67.6,44.54404,46.90532,0.9374
10.416,-0.5324,-0.2338,48.53,30,0.0822,TRACKING,70.7,68.1,44.61940,46.97440,0.9388
10.432,-0.5313,-0.2326,48.40,30,0.0805,TRACKING,71.8,67.4,44.70104,47.04976,0.9404
10.448,-0.5303,-0.2314,48.27,30,0.1850,TRACKING,63.6,66.9,44.78268,47.12512,0.9421
10.464,-0.5293,-0.2302,48.27,30,0.1835,TRACKING,68.9,66.7,44.85804,47.20048,0.9436
10.480,-0.5282,-0.2290,48.14,30,0.1819,TRACKING,71.3,67.3,44.93968,47.27584,0.9452
10.496,-0.5271,-0.2278,48.01,30,0.1802,TRACKING,66.3,66.9,45.02132,47.35120,0.9468
10.512,-0.5261,-0.2267,48.01,30,0.1787,TRACKING,76.5,68.1,45.09668,47.42656,0.9484
10.528,-0.5250,-0.2255,47.88,30,0.1771,TRACKING,68.8,67.2,45.17832,47.50192,0.9500
10.544,-0.5239,-0.2243,47.75,29,0.1755,TRACKING,65.6,67.0,45.25996,47.57728,0.9516
10.560,-0.5228,-0.2231,47.62,29,0.1739,TRACKING,69.0,67.3,45.34160,47.65264,0.9532
10.576,-0.5218,-0.2219,47.62,29,0.1723,TRACKING,64.1,66.8,45.41696,47.72800,0.9547
10.592,-0.5207,-0.2207,47.49,29,0.1707,TRACKING,71.1,67.4,45.49860,47.80336,0.9563
10.608,-0.5196,-0.2195,47.49,29,0.1691,TRACKING,71.7,67.6,45.58024,47.88500,0.9580
10.624,-0.5185,-0.2184,47.49,29,0.1675,TRACKING,65.2,67.1,45.65560,47.96036,0.9596
10.640,-0.5174,-0.2172,47.36,29,0.1659,TRACKING,71.4,67.7,45.73724,48.03572,0.9612
10.656,-0.5163,-0.2160,47.23,29,0.1643,TRACKING,69.8,68.0,45.81888,48.11108,0.9628
10.672,-0.5153,-0.2148,47.10,29,0.1627,TRACKING,70.3,68.3,45.90052,48.18644,0.9644
10.688,-0.5142,-0.2137,47.10,29,0.1611,TRACKING,68.5,68.1,45.97588,48.26180,0.9659
10.704,-0.5131,-0.2125,46.98,29,0.1595,TRACKING,68.8,68.2,46.05752,48.33716,0.9675
10.720,-0.5120,-0.2113,46.98,29,0.1579,TRACKING,67.2,67.9,46.13916,48.41880,0.9692
10.736,-0.5109,-0.2101,46.85,29,0.1563,TRACKING,69.0,68.0,46.22080,48.49416,0.9708
10.752,-0.5098,-0.2089,46.72,29,0.1547,TRACKING,72.1,68.4,46.30244,48.56952,0.9724
10.768,-0.5087,-0.2078,46.85,29,0.1530,TRACKING,70.4,68.7,46.37780,48.65116,0.9740
10.784,-0.5076,-0.2066,46.72,29,0.1514,TRACKING,69.1,68.7,46.45944,48.72652,0.9757
10.800,-0.5065,-0.2054,46.59,29,0.1498,TRACKING,66.4,68.4,46.54108,48.80188,0.9773
10.816,-0.5053,-0.2042,46.59,29,0.1482,TRACKING,64.4,67.9,46.62272,48.88352,0.9789
10.832,-0.5042,-0.2030,46.46,29,0.1465,TRACKING,68.8,68.0,46.70436,48.95888,0.9805
10.848,-0.5031,-0.2019,46.46,29,0.1450,TRACKING,64.7,67.6,46.77972,49.03424,0.9821
10.864,-0.5020,-0.2007,46.46,29,0.1433,TRACKING,66.8,67.2,46.86136,49.11588,0.9838
10.880,-0.5009,-0.1996,46.33,29,0.1417,TRACKING,66.6,67.1,46.94300,49.19124,0.9854
10.896,-0.4998,-0.1984,46.20,29,0.1401,TRACKING,73.3,67.9,47.02464,49.26660,0.9870
10.912,-0.4986,-0.1972,46.20,29,0.1384,TRACKING,68.8,68.0,47.10628,49.34824,0.9887
10.928,-0.4975,-0.1961,46.20,29,0.1369,TRACKING,67.8,67.6,47.18164,49.42360,0.9902
10.944,-0.4964,-0.1949,46.20,29,0.1352,TRACKING,65.6,67.3,47.26328,49.50524,0.9919
10.960,-0.4953,-0.1937,46.07,29,0.1336,TRACKING,66.5,67.0,47.34492,49.58060,0.9935
10.976,-0.4941,-0.1925,46.07,29,0.1319,TRACKING,66.6,66.9,47.42656,49.66224,0.9952
10.992,-0.4930,-0.1913,45.94,29,0.1303,TRACKING,71.3,67.5,47.50820,49.73760,0.9968
11.008,-0.4918,-0.1901,45.94,29,0.1287,TRACKING,72.2,67.7,47.58984,49.81924,0.9984
11.024,-0.4907,-0.1890,45.81,29,0.1270,TRACKING,66.5,67.6,47.67148,49.89460,1.0001
11.040,-0.4896,-0.1878,45.94,29,0.1254,TRACKING,69.2,67.3,47.74684,49.97624,1.0017
11.056,-0.4884,-0.1867,45.81,29,0.1238,TRACKING,71.7,67.9,47.82848,50.05160,1.0033
11.072,-0.4873,-0.1855,45.81,29,0.1222,TRACKING,67.2,67.8,47.91012,50.13324,1.0049
11.088,-0.4862,-0.1843,45.68,29,0.1205,TRACKING,69.4,67.5,47.99176,50.20860,1.0066
11.104,-0.4850,-0.1831,45.68,29,0.1189,TRACKING,67.0,67.4,48.07340,50.29024,1.0082
11.120,-0.4839,-0.1820,45.55,29,0.1173,TRACKING,67.1,67.1,48.15504,50.36560,1.0098
11.136,-0.4827,-0.1808,45.55,29,0.1156,TRACKING,67.5,67.2,48.23668,50.44724,1.0115
11.152,-0.4816,-0.1796,45.42,29,0.1140,TRACKING,71.1,67.7,48.31832,50.52260,1.0131
11.168,-0.4804,-0.1785,45.55,29,0.1124,TRACKING,69.8,67.6,48.39368,50.60424,1.0147
11.184,-0.4793,-0.1773,45.55,29,0.1107,TRACKING,72.3,68.3,48.47532,50.68588,1.0164
11.200,-0.4781,-0.1761,45.42,29,0.1091,TRACKING,65.1,67.7,48.55696,50.76124,1.0180
11.216,-0.4770,-0.1749,45.42,29,0.1074,TRACKING,70.7,68.1,48.63860,50.84288,1.0197
11.232,-0.4758,-0.1738,45.29,29,0.1058,TRACKING,71.1,68.5,48.72024,50.91824,1.0213
11.248,-0.4747,-0.1726,45.29,29,0.1041,TRACKING,68.1,68.3,48.80188,50.99988,1.0230
11.264,-0.4735,-0.1714,45.29,29,0.1025,TRACKING,73.0,68.3,48.88352,51.08152,1.0246
11.280,-0.4723,-0.1703,45.16,29,0.1009,TRACKING,69.2,68.3,48.96516,51.15688,1.0263
11.296,-0.4712,-0.1691,45.16,29,0.0992,TRACKING,69.5,68.4,49.04680,51.23852,1.0279
11.312,-0.4700,-0.1679,45.16,29,0.0975,TRACKING,67.0,68.0,49.12844,51.32016,1.0296
11.328,-0.4688,-0.1668,45.03,29,0.0959,TRACKING,74.3,68.8,49.21008,51.39552,1.0312
11.344,-0.4677,-0.1656,45.16,29,0.0943,TRACKING,66.6,68.5,49.28544,51.47716,1.0328
11.360,-0.4665,-0.1644,45.16,29,0.0926,TRACKING,68.5,68.5,49.36708,51.55880,1.0345
11.376,-0.4654,-0.1633,45.03,29,0.0910,TRACKING,68.5,68.5,49.44872,51.63416,1.0361
11.392,-0.4642,-0.1621,45.03,29,0.0893,TRACKING,65.9,68.2,49.53036,51.71580,1.0378
11.408,-0.4630,-0.1609,45.03,29,0.0877,TRACKING,70.5,68.1,49.61200,51.79744,1.0394
11.424,-0.4619,-0.1598,44.90,29,0.0861,TRACKING,62.8,67.2,49.69364,51.87280,1.0411
11.440,-0.4607,-0.1586,44.90,29,0.0844,TRACKING,77.2,67.6,49.77528,51.95444,1.0427
11.456,-0.4595,-0.1574,44.90,29,0.0827,TRACKING,67.2,67.4,49.85692,52.03608,1.0444
11.472,-0.4584,-0.1563,44.78,29,0.0811,TRACKING,69.6,67.6,49.93856,52.11144,1.0460
11.488,-0.4572,-0.1551,44.78,29,0.1855,TRACKING,71.8,68.2,50.02020,52.19308,1.0477
11.504,-0.4560,-0.1539,44.78,29,0.1838,TRACKING,72.4,68.2,50.10184,52.27472,1.0494
11.520,-0.4548,-0.1528,44.78,29,0.1821,TRACKING,70.4,68.5,50.18348,52.35636,1.0510
11.536,-0.4536,-0.1516,44.78,29,0.1805,TRACKING,66.7,67.6,50.26512,52.43800,1.0527
11.552,-0.4524,-0.1504,44.78,29,0.1788,TRACKING,70.1,67.8,50.34676,52.51964,1.0544
11.568,-0.4513,-0.1492,44.78,29,0.1771,TRACKING,69.0,68.0,50.42840,52.60128,1.0561
11.584,-0.4501,-0.1480,44.78,28,0.1754,TRACKING,63.0,67.3,50.51004,52.68292,1.0577
11.600,-0.4489,-0.1469,44.78,28,0.1738,TRACKING,66.1,67.1,50.59168,52.76456,1.0594
11.616,-0.4477,-0.1457,44.78,28,0.1721,TRACKING,70.4,67.6,50.67332,52.84620,1.0611
11.632,-0.4465,-0.1445,44.78,28,0.1704,TRACKING,68.7,67.7,50.75496,52.92784,1.0627
11.648,-0.4453,-0.1433,44.78,28,0.1687,TRACKING,70.1,67.8,50.83660,53.00948,1.0644
11.664,-0.4441,-0.1421,44.78,28,0.1671,TRACKING,67.5,67.8,50.91824,53.09112,1.0661
11.680,-0.4429,-0.1410,44.78,28,0.1654,TRACKING,70.5,67.8,50.99988,53.17276,1.0678
11.696,-0.4417,-0.1398,44.78,28,0.1637,TRACKING,64.6,67.1,51.08152,53.25440,1.0694
11.712,-0.4406,-0.1386,44.78,28,0.1621,TRACKING,75.0,68.1,51.16316,53.33604,1.0711
11.728,-0.4394,-0.1375,44.65,28,0.1604,TRACKING,67.9,68.1,51.24480,53.41140,1.0727
11.744,-0.4382,-0.1363,44.65,28,0.1588,TRACKING,67.3,67.2,51.32644,53.49304,1.0744
11.760,-0.4370,-0.1351,44.65,28,0.1571,TRACKING,66.2,67.0,51.40808,53.57468,1.0761
11.776,-0.4358,-0.1339,44.65,28,0.1554,TRACKING,69.2,67.3,51.48972,53.65632,1.0777
11.792,-0.4347,-0.1328,44.65,28,0.1537,TRACKING,69.1,67.5,51.57136,53.73796,1.0794
11.808,-0.4335,-0.1316,44.65,28,0.1521,TRACKING,71.4,67.8,51.65300,53.81960,1.0811
11.824,-0.4323,-0.1304,44.65,28,0.1504,TRACKING,67.7,67.5,51.73464,53.90124,1.0828
11.840,-0.4311,-0.1292,44.65,28,0.1487,TRACKING,66.7,67.1,51.81628,53.98288,1.0844
11.856,-0.4299,-0.1281,44.65,28,0.1471,TRACKING,67.9,67.1,51.89792,54.06452,1.0861
11.872,-0.4287,-0.1269,44.65,28,0.1454,TRACKING,72.0,67.3,51.97956,54.14616,1.0878
11.888,-0.4275,-0.1257,44.65,28,0.1437,TRACKING,69.0,67.6,52.06120,54.22780,1.0895
11.904,-0.4263,-0.1245,44.65,28,0.1420,TRACKING,70.0,67.9,52.14284,54.30944,1.0911
11.920,-0.4251,-0.1234,44.65,28,0.1404,TRACKING,67.6,67.8,52.22448,54.39108,1.0928
11.936,-0.4239,-0.1222,44.65,28,0.1387,TRACKING,71.5,67.1,52.30612,54.47272,1.0945
11.952,-0.4227,-0.1210,44.65,28,0.1370,TRACKING,69.4,67.1,52.38776,54.55436,1.0962
11.968,-0.4216,-0.1198,44.65,28,0.1353,TRACKING,71.4,67.5,52.46940,54.63600,1.0978
11.984,-0.4204,-0.1187,44.65,28,0.1337,TRACKING,69.2,67.4,52.55104,54.71764,1.0995
12.000,-0.4192,-0.1175,44.65,28,0.1320,TRACKING,68.5,67.5,52.63268,54.79928,1.1012
12.016,-0.4180,-0.1163,44.65,28,0.1303,TRACKING,64.7,66.7,52.71432,54.88092,1.1029
12.032,-0.4168,-0.1151,44.65,28,0.1286,TRACKING,63.1,66.2,52.79596,54.96256,1.1045
12.048,-0.4156,-0.1140,44.65,28,0.1270,TRACKING,68.7,66.5,52.87760,55.04420,1.1062
12.064,-0.4144,-0.1128,44.65,28,0.1253,TRACKING,68.7,66.8,52.95924,55.12584,1.1079
12.080,-0.4132,-0.1116,44.65,28,0.1236,TRACKING,70.3,67.0,53.04088,55.20748,1.1095
12.096,-0.4120,-0.1104,44.65,28,0.1219,TRACKING,73.2,67.3,53.12252,55.28912,1.1112
12.112,-0.4108,-0.1093,44.65,28,0.1203,TRACKING,68.5,67.2,53.20416,55.37076,1.1129
12.128,-0.4096,-0.1081,44.65,28,0.1186,TRACKING,68.5,67.4,53.28580,55.45240,1.1146
12.144,-0.4084,-0.1069,44.52,28,0.1169,TRACKING,72.4,68.1,53.37372,55.53404,1.1163
12.160,-0.4072,-0.1057,44.52,28,0.1152,TRACKING,73.7,68.8,53.45536,55.61568,1.1180
12.176,-0.4060,-0.1045,44.52,28,0.1135,TRACKING,67.9,68.7,53.53700,55.69732,1.1197
12.192,-0.4048,-0.1033,44.52,28,0.1118,TRACKING,67.8,68.1,53.61864,55.77896,1.1213
12.208,-0.4036,-0.1022,44.52,28,0.1102,TRACKING,64.9,67.6,53.70028,55.86060,1.1230
12.224,-0.4024,-0.1010,44.52,28,0.1085,TRACKING,70.1,67.6,53.78192,55.94224,1.1247
12.240,-0.4012,-0.0998,44.52,28,0.1068,TRACKING,69.8,67.8,53.86356,56.02388,1.1263
12.256,-0.4001,-0.0986,44.52,28,0.1051,TRACKING,66.2,67.6,53.94520,56.10552,1.1280
12.272,-0.3989,-0.0975,44.52,28,0.1035,TRACKING,72.3,68.2,54.02684,56.18716,1.1297
12.288,-0.3977,-0.0963,44.52,28,0.1018,TRACKING,69.2,68.4,54.10848,56.26880,1.1314
12.304,-0.3965,-0.0951,44.52,28,0.1001,TRACKING,70.4,68.1,54.19012,56.35044,1.1330
12.320,-0.3953,-0.0939,44.52,28,0.0985,TRACKING,70.0,68.2,54.27176,56.43208,1.1347
12.336,-0.3941,-0.0928,44.52,28,0.0968,TRACKING,65.6,67.7,54.35340,56.51372,1.1364
12.352,-0.3929,-0.0916,44.52,28,0.0951,TRACKING,74.4,68.3,54.43504,56.59536,1.1381
12.368,-0.3917,-0.0904,44.52,28,0.0934,TRACKING,69.2,68.4,54.51668,56.67700,1.1397
12.384,-0.3905,-0.0893,44.52,28,0.0918,TRACKING,69.2,68.5,54.59832,56.75864,1.1414
12.400,-0.3893,-0.0881,44.52,28,0.0901,TRACKING,69.5,67.7,54.67996,56.84028,1.1431
12.416,-0.3881,-0.0869,44.52,28,0.0884,TRACKING,71.4,68.2,54.76160,56.92192,1.1448
12.432,-0.3869,-0.0857,44.52,28,0.0867,TRACKING,65.4,67.8,54.84324,57.00356,1.1464
12.448,-0.3857,-0.0846,44.52,28,0.0851,TRACKING,70.9,68.2,54.92488,57.08520,1.1481
12.464,-0.3845,-0.0834,44.52,28,0.0834,TRACKING,73.1,68.9,55.00652,57.16684,1.1498
12.480,-0.3833,-0.0822,44.52,28,0.0817,TRACKING,68.4,68.8,55.08816,57.24848,1.1515
12.496,-0.3822,-0.0810,44.52,28,0.0800,TRACKING,66.4,68.1,55.16980,57.33012,1.1531
12.512,-0.3810,-0.0799,44.52,28,0.1844,TRACKING,68.1,68.1,55.25144,57.41176,1.1548
12.528,-0.3798,-0.0787,44.52,28,0.1828,TRACKING,68.1,67.7,55.33308,57.49340,1.1565
12.544,-0.3786,-0.0775,44.52,28,0.1811,TRACKING,69.5,67.3,55.41472,57.57504,1.1581
12.560,-0.3774,-0.0763,44.52,28,0.1794,TRACKING,69.6,67.5,55.49636,57.65668,1.1598
12.576,-0.3761,-0.0751,44.65,28,0.1777,TRACKING,68.9,67.7,55.57800,57.74460,1.1616
12.592,-0.3750,-0.0740,44.65,27,0.1760,TRACKING,70.3,68.0,55.65964,57.82624,1.1632
12.608,-0.3738,-0.0728,44.65,27,0.1743,TRACKING,68.8,68.1,55.74128,57.90788,1.1649
12.624,-0.3726,-0.0716,44.65,27,0.1727,TRACKING,70.0,68.4,55.82292,57.98952,1.1666
12.640,-0.3714,-0.0704,44.65,27,0.1710,TRACKING,70.2,68.6,55.90456,58.07116,1.1683
12.656,-0.3702,-0.0692,44.65,27,0.1693,TRACKING,65.2,67.7,55.98620,58.15280,1.1699
12.672,-0.3690,-0.0681,44.65,27,0.1676,TRACKING,68.8,67.9,56.06784,58.23444,1.1716
12.688,-0.3678,-0.0669,44.65,27,0.1660,TRACKING,65.4,67.0,56.14948,58.31608,1.1733
12.704,-0.3666,-0.0657,44.65,27,0.1643,TRACKING,71.6,67.6,56.23112,58.39772,1.1749
12.720,-0.3654,-0.0645,44.65,27,0.1626,TRACKING,67.8,67.6,56.31276,58.47936,1.1766
12.736,-0.3642,-0.0634,44.65,27,0.1609,TRACKING,67.5,67.6,56.39440,58.56100,1.1783
12.752,-0.3630,-0.0622,44.65,27,0.1593,TRACKING,68.0,67.6,56.47604,58.64264,1.1800
12.768,-0.3619,-0.0610,44.65,27,0.1576,TRACKING,69.1,67.6,56.55768,58.72428,1.1816
12.784,-0.3607,-0.0598,44.65,27,0.1559,TRACKING,70.1,67.0,56.63932,58.80592,1.1833
12.800,-0.3595,-0.0587,44.65,27,0.1542,TRACKING,65.7,66.8,56.72096,58.88756,1.1850
12.816,-0.3583,-0.0575,44.65,27,0.1526,TRACKING,71.0,66.7,56.80260,58.96920,1.1867
12.832,-0.3571,-0.0563,44.65,27,0.1509,TRACKING,72.1,67.4,56.88424,59.05084,1.1883
12.848,-0.3559,-0.0551,44.65,27,0.1492,TRACKING,77.0,68.1,56.96588,59.13248,1.1900
12.864,-0.3547,-0.0540,44.65,27,0.1476,TRACKING,68.8,68.0,57.04752,59.21412,1.1917
12.880,-0.3535,-0.0528,44.65,27,0.1459,TRACKING,74.6,68.9,57.12916,59.29576,1.1934
12.896,-0.3523,-0.0516,44.65,27,0.1442,TRACKING,72.7,68.9,57.21080,59.37740,1.1950
12.912,-0.3511,-0.0504,44.65,27,0.1425,TRACKING,71.9,68.5,57.29244,59.45904,1.1967
12.928,-0.3499,-0.0493,44.65,27,0.1409,TRACKING,67.1,68.3,57.37408,59.54068,1.1984
12.944,-0.3488,-0.0481,44.65,27,0.1392,TRACKING,72.4,68.7,57.45572,59.62232,1.2000
12.960,-0.3476,-0.0469,44.65,27,0.1375,TRACKING,70.6,68.9,57.53736,59.70396,1.2017
12.976,-0.3464,-0.0457,44.65,27,0.1358,TRACKING,71.4,69.3,57.61900,59.78560,1.2034
12.992,-0.3452,-0.0445,44.65,27,0.1342,TRACKING,70.1,68.9,57.70064,59.86724,1.2051
13.008,-0.3440,-0.0434,44.65,27,0.1325,TRACKING,66.4,68.0,57.78228,59.94888,1.2067
13.024,-0.3428,-0.0422,44.65,27,0.1308,TRACKING,63.9,67.5,57.86392,60.03052,1.2084
13.040,-0.3416,-0.0410,44.65,27,0.1291,TRACKING,66.0,66.9,57.94556,60.11216,1.2101
13.056,-0.3404,-0.0398,44.65,27,0.1275,TRACKING,67.0,66.8,58.02720,60.19380,1.2118
13.072,-0.3392,-0.0387,44.65,27,0.1258,TRACKING,70.0,67.1,58.10884,60.27544,1.2134
13.088,-0.3380,-0.0375,44.65,27,0.1241,TRACKING,66.6,67.0,58.19048,60.35708,1.2151
13.104,-0.3368,-0.0363,44.65,27,0.1224,TRACKING,70.1,67.4,58.27212,60.43872,1.2168
13.120,-0.3357,-0.0351,44.65,27,0.1208,TRACKING,68.7,66.8,58.35376,60.52036,1.2185
13.136,-0.3345,-0.0340,44.65,27,0.1191,TRACKING,67.5,66.7,58.43540,60.60200,1.2201
13.152,-0.3333,-0.0328,44.65,27,0.1174,TRACKING,66.4,66.6,58.51704,60.68364,1.2218
13.168,-0.3321,-0.0316,44.65,27,0.1158,TRACKING,66.4,66.3,58.59868,60.76528,1.2235
13.184,-0.3309,-0.0304,44.65,27,0.1141,TRACKING,72.1,67.1,58.68032,60.84692,1.2252
13.200,-0.3297,-0.0293,44.65,27,0.1124,TRACKING,64.0,66.3,58.76196,60.92856,1.2268
13.216,-0.3285,-0.0281,44.65,27,0.1107,TRACKING,75.0,67.4,58.84360,61.01020,1.2285
13.232,-0.3274,-0.0270,44.78,27,0.1091,TRACKING,70.1,67.8,58.91896,61.09184,1.2301
13.248,-0.3262,-0.0258,44.78,27,0.1074,TRACKING,70.5,68.1,59.00060,61.17348,1.2318
13.264,-0.3249,-0.0245,44.78,27,0.1056,TRACKING,72.4,68.7,59.08852,61.26140,1.2336
13.280,-0.3237,-0.0233,44.78,27,0.1040,TRACKING,69.7,68.7,59.17016,61.34304,1.2353
13.296,-0.3225,-0.0221,44.78,27,0.1023,TRACKING,68.5,68.1,59.25180,61.42468,1.2369
13.312,-0.3213,-0.0210,44.78,27,0.1006,TRACKING,68.6,67.5,59.33344,61.50632,1.2386
13.328,-0.3202,-0.0198,44.78,27,0.0990,TRACKING,72.2,68.2,59.41508,61.58796,1.2403
13.344,-0.3190,-0.0186,44.78,27,0.0973,TRACKING,71.3,68.6,59.49672,61.66960,1.2420
13.360,-0.3178,-0.0174,44.78,27,0.0956,TRACKING,67.2,68.3,59.57836,61.75124,1.2436
13.376,-0.3166,-0.0163,44.78,27,0.0939,TRACKING,69.7,68.2,59.66000,61.83288,1.2453
13.392,-0.3154,-0.0151,44.78,27,0.0923,TRACKING,68.1,68.1,59.74164,61.91452,1.2470
13.408,-0.3142,-0.0139,44.78,27,0.0906,TRACKING,73.6,67.9,59.82328,61.99616,1.2486
13.424,-0.3130,-0.0127,44.78,27,0.0889,TRACKING,73.1,68.6,59.90492,62.07780,1.2503
13.440,-0.3118,-0.0115,44.78,27,0.0872,TRACKING,67.6,68.5,59.98656,62.15944,1.2520
13.456,-0.3106,-0.0104,44.78,27,0.0856,TRACKING,71.5,68.4,60.06820,62.24108,1.2537
13.472,-0.3095,-0.0092,44.78,27,0.0839,TRACKING,71.2,68.8,60.14984,62.32272,1.2553
13.488,-0.3083,-0.0080,44.78,27,0.0822,TRACKING,69.1,68.6,60.23148,62.40436,1.2570
13.504,-0.3071,-0.0068,44.78,27,0.0805,TRACKING,64.6,68.0,60.31312,62.48600,1.2587
13.520,-0.3059,-0.0056,44.78,27,0.1849,TRACKING,67.3,67.1,60.39476,62.56764,1.2604
13.536,-0.3047,-0.0045,44.78,27,0.1833,TRACKING,62.5,66.5,60.47640,62.64928,1.2620
13.552,-0.3035,-0.0033,44.78,27,0.1816,TRACKING,69.4,66.8,60.55804,62.73092,1.2637
13.568,-0.3023,-0.0021,44.78,27,0.1799,TRACKING,68.1,67.0,60.63968,62.81256,1.2654
13.584,-0.3011,-0.0009,44.78,27,0.1782,TRACKING,67.3,66.6,60.72132,62.89420,1.2671
13.600,-0.3000,0.0003,44.78,27,0.1766,TRACKING,69.0,66.9,60.80296,62.97584,1.2687
13.616,-0.2988,0.0014,44.78,26,0.1749,TRACKING,69.6,66.5,60.88460,63.05748,1.2704
13.632,-0.2976,0.0026,44.78,26,0.1732,TRACKING,73.5,67.4,60.96624,63.13912,1.2721
13.648,-0.2964,0.0038,44.78,26,0.1715,TRACKING,71.8,67.2,61.04788,63.22076,1.2738
13.664,-0.2952,0.0049,44.90,26,0.1699,TRACKING,68.0,67.3,61.12324,63.30240,1.2754
13.680,-0.2940,0.0061,44.78,26,0.1682,TRACKING,70.1,67.5,61.21116,63.38404,1.2771
13.696,-0.2929,0.0073,44.90,26,0.1666,TRACKING,71.8,68.1,61.28652,63.46568,1.2787
13.712,-0.2916,0.0085,44.78,26,0.1649,TRACKING,71.8,67.9,61.37444,63.54732,1.2804
13.728,-0.2905,0.0096,44.90,26,0.1632,TRACKING,69.9,68.1,61.44980,63.62896,1.2821
13.744,-0.2893,0.0108,44.90,26,0.1616,TRACKING,68.3,67.7,61.53144,63.71060,1.2837
13.760,-0.2881,0.0120,44.78,26,0.1598,TRACKING,70.3,68.1,61.61936,63.79224,1.2855
13.776,-0.2869,0.0132,44.90,26,0.1582,TRACKING,68.0,68.1,61.69472,63.87388,1.2871
13.792,-0.2857,0.0144,44.78,26,0.1565,TRACKING,62.8,67.4,61.78264,63.95552,1.2888
13.808,-0.2846,0.0155,44.90,26,0.1549,TRACKING,69.1,67.6,61.85800,64.03716,1.2904
13.824,-0.2833,0.0168,45.03,26,0.1531,TRACKING,74.2,67.0,61.93964,64.12508,1.2922
13.840,-0.2821,0.0180,44.90,26,0.1514,TRACKING,69.0,67.0,62.02756,64.20672,1.2939
13.856,-0.2809,0.0192,44.90,26,0.1497,TRACKING,74.2,67.9,62.10920,64.28836,1.2956
13.872,-0.2797,0.0204,44.90,26,0.1481,TRACKING,69.2,68.1,62.19084,64.37000,1.2972
13.888,-0.2786,0.0215,44.90,26,0.1464,TRACKING,66.8,67.9,62.27248,64.45164,1.2989
13.904,-0.2774,0.0227,44.90,26,0.1447,TRACKING,65.8,67.6,62.35412,64.53328,1.3006
13.920,-0.2762,0.0239,44.90,26,0.1430,TRACKING,67.8,66.5,62.43576,64.61492,1.3023
13.936,-0.2750,0.0251,44.90,26,0.1414,TRACKING,68.2,66.7,62.51740,64.69656,1.3039
13.952,-0.2738,0.0263,44.90,26,0.1397,TRACKING,68.2,66.7,62.59904,64.77820,1.3056
13.968,-0.2726,0.0275,44.90,26,0.1380,TRACKING,70.8,67.1,62.68068,64.85984,1.3073
13.984,-0.2714,0.0286,44.90,26,0.1363,TRACKING,69.9,67.4,62.76232,64.94148,1.3090
14.000,-0.2703,0.0298,44.90,26,0.1347,TRACKING,66.9,67.4,62.84396,65.02312,1.3106
14.016,-0.2691,0.0310,44.90,26,0.1330,TRACKING,66.7,67.3,62.92560,65.10476,1.3123
14.032,-0.2679,0.0322,44.90,26,0.1313,TRACKING,68.6,67.5,63.00724,65.18640,1.3140
14.048,-0.2667,0.0334,44.90,26,0.1296,TRACKING,71.1,67.9,63.08888,65.26804,1.3157
14.064,-0.2655,0.0345,44.90,26,0.1280,TRACKING,71.2,67.3,63.17052,65.34968,1.3173
14.080,-0.2643,0.0357,44.90,26,0.1263,TRACKING,62.2,66.5,63.25216,65.43132,1.3190
14.096,-0.2631,0.0369,44.90,26,0.1246,TRACKING,70.1,66.8,63.33380,65.51296,1.3207
14.112,-0.2620,0.0381,44.90,26,0.1229,TRACKING,64.1,66.5,63.41544,65.59460,1.3224
14.128,-0.2608,0.0393,44.90,26,0.1213,TRACKING,69.2,66.6,63.49708,65.67624,1.3240
14.144,-0.2596,0.0404,44.90,26,0.1196,TRACKING,73.3,67.5,63.57872,65.75788,1.3257
14.160,-0.2584,0.0416,44.90,26,0.1179,TRACKING,71.6,68.0,63.66036,65.83952,1.3274
14.176,-0.2572,0.0428,44.90,26,0.1163,TRACKING,73.2,68.7,63.74200,65.92116,1.3290
14.192,-0.2560,0.0440,44.90,26,0.1146,TRACKING,68.9,68.7,63.82364,66.00280,1.3307
14.208,-0.2548,0.0452,44.90,26,0.1129,TRACKING,65.8,68.0,63.90528,66.08444,1.3324
14.224,-0.2537,0.0464,44.90,26,0.1112,TRACKING,64.9,67.6,63.98692,66.16608,1.3341
14.240,-0.2525,0.0475,44.90,26,0.1096,TRACKING,72.7,67.6,64.06856,66.24772,1.3357
14.256,-0.2513,0.0487,44.90,26,0.1079,TRACKING,67.5,67.5,64.15020,66.32936,1.3374
14.272,-0.2501,0.0499,44.90,26,0.1062,TRACKING,71.0,67.1,64.23184,66.41100,1.3391
14.288,-0.2489,0.0511,44.90,26,0.1045,TRACKING,76.2,68.3,64.31348,66.49264,1.3408
14.304,-0.2477,0.0523,44.90,26,0.1029,TRACKING,71.2,68.3,64.39512,66.57428,1.3424
14.320,-0.2465,0.0534,44.90,26,0.1012,TRACKING,68.9,68.4,64.47676,66.65592,1.3441
14.336,-0.2453,0.0547,45.03,26,0.0995,TRACKING,68.1,68.4,64.55840,66.74384,1.3458
14.352,-0.2441,0.0559,45.03,26,0.0978,TRACKING,69.9,67.8,64.64004,66.82548,1.3475
14.368,-0.2430,0.0570,45.03,26,0.0961,TRACKING,65.1,67.5,64.72168,66.90712,1.3492
14.384,-0.2418,0.0582,45.03,26,0.0944,TRACKING,66.4,67.3,64.80332,66.98876,1.3509
14.400,-0.2406,0.0594,45.03,26,0.0928,TRACKING,64.5,66.9,64.88496,67.07040,1.3525
14.416,-0.2394,0.0606,45.03,26,0.0911,TRACKING,64.6,66.5,64.96660,67.15204,1.3542
14.432,-0.2382,0.0618,45.03,26,0.0894,TRACKING,64.8,66.2,65.04824,67.23368,1.3559
14.448,-0.2370,0.0630,45.03,26,0.0877,TRACKING,72.1,66.2,65.12988,67.31532,1.3576
14.464,-0.2359,0.0641,45.03,26,0.0861,TRACKING,71.4,66.8,65.21152,67.39696,1.3592
14.480,-0.2347,0.0653,45.03,26,0.0844,TRACKING,69.2,67.1,65.29316,67.47860,1.3609
14.496,-0.2335,0.0665,45.03,26,0.0827,TRACKING,61.9,66.4,65.37480,67.56024,1.3626
14.512,-0.2323,0.0677,45.03,26,0.0810,TRACKING,70.1,66.9,65.45644,67.64188,1.3643
14.528,-0.2311,0.0689,45.03,26,0.1854,TRACKING,66.2,66.7,65.53808,67.72352,1.3659
14.544,-0.2299,0.0701,45.03,26,0.1838,TRACKING,66.7,66.4,65.61972,67.80516,1.3676
14.560,-0.2288,0.0713,45.03,26,0.1821,TRACKING,66.5,66.4,65.70136,67.88680,1.3693
14.576,-0.2276,0.0724,45.03,26,0.1804,TRACKING,67.6,66.6,65.78300,67.96844,1.3710
14.592,-0.2263,0.0737,44.90,26,0.1787,TRACKING,67.4,66.7,65.87092,68.05008,1.3727
14.608,-0.2252,0.0748,44.90,26,0.1770,TRACKING,70.4,66.6,65.95256,68.13172,1.3744
14.624,-0.2240,0.0760,44.90,25,0.1753,TRACKING,70.5,66.9,66.03420,68.21336,1.3760
14.640,-0.2228,0.0772,44.90,25,0.1737,TRACKING,69.5,67.1,66.11584,68.29500,1.3777
14.656,-0.2216,0.0784,44.90,25,0.1720,TRACKING,69.2,67.4,66.19748,68.37664,1.3794
14.672,-0.2204,0.0796,44.90,25,0.1703,TRACKING,63.6,66.9,66.27912,68.45828,1.3811
14.688,-0.2192,0.0808,44.90,25,0.1686,TRACKING,67.5,66.9,66.36076,68.53992,1.3827
14.704,-0.2181,0.0819,44.90,25,0.1670,TRACKING,67.1,66.8,66.44240,68.62156,1.3844
14.720,-0.2169,0.0831,44.90,25,0.1653,TRACKING,72.9,67.6,66.52404,68.70320,1.3861
14.736,-0.2157,0.0843,44.90,25,0.1636,TRACKING,65.3,67.3,66.60568,68.78484,1.3878
14.752,-0.2145,0.0855,44.90,25,0.1619,TRACKING,74.3,67.7,66.68732,68.86648,1.3894
14.768,-0.2133,0.0867,44.90,25,0.1603,TRACKING,69.9,67.6,66.76896,68.94812,1.3911
14.784,-0.2121,0.0878,44.90,25,0.1586,TRACKING,68.2,67.6,66.85060,69.02976,1.3928
14.800,-0.2109,0.0890,44.90,25,0.1569,TRACKING,67.6,67.6,66.93224,69.11140,1.3944
14.816,-0.2098,0.0902,44.90,25,0.1552,TRACKING,68.3,67.1,67.01388,69.19304,1.3961
14.832,-0.2086,0.0914,44.90,25,0.1536,TRACKING,70.3,66.8,67.09552,69.27468,1.3978
14.848,-0.2074,0.0926,44.90,25,0.1519,TRACKING,71.2,67.4,67.17716,69.35632,1.3995
14.864,-0.2062,0.0937,44.90,25,0.1502,TRACKING,69.3,67.7,67.25880,69.43796,1.4011
14.880,-0.2050,0.0950,45.03,25,0.1485,TRACKING,67.0,67.6,67.34044,69.52588,1.4029
14.896,-0.2038,0.0962,45.03,25,0.1468,TRACKING,68.1,67.3,67.42208,69.60752,1.4046
14.912,-0.2026,0.0973,45.03,25,0.1451,TRACKING,71.5,67.8,67.50372,69.68916,1.4062
14.928,-0.2014,0.0985,45.03,25,0.1435,TRACKING,69.4,67.9,67.58536,69.77080,1.4079
14.944,-0.2002,0.0997,45.03,25,0.1418,TRACKING,69.6,68.1,67.66700,69.85244,1.4096
14.960,-0.1991,0.1009,45.03,25,0.1401,TRACKING,68.7,68.2,67.74864,69.93408,1.4112
14.976,-0.1979,0.1021,45.03,25,0.1384,TRACKING,64.3,67.7,67.83028,70.01572,1.4129
14.992,-0.1967,0.1033,45.03,25,0.1368,TRACKING,69.0,67.9,67.91192,70.09736,1.4146
15.008,-0.1955,0.1044,45.03,25,0.1351,TRACKING,67.9,67.9,67.99356,70.17900,1.4163
15.024,-0.1943,0.1056,45.03,25,0.1334,TRACKING,67.9,67.9,68.07520,70.26064,1.4179
15.040,-0.1931,0.1068,45.03,25,0.1317,TRACKING,73.2,68.0,68.15684,70.34228,1.4196
15.056,-0.1920,0.1080,45.03,25,0.1301,TRACKING,71.5,67.8,68.23848,70.42392,1.4213
15.072,-0.1908,0.1092,45.03,25,0.1284,TRACKING,69.6,68.0,68.32012,70.50556,1.4230
15.088,-0.1896,0.1104,45.03,25,0.1267,TRACKING,67.7,67.8,68.40176,70.58720,1.4246
15.104,-0.1884,0.1116,45.03,25,0.1251,TRACKING,69.9,68.1,68.48340,70.66884,1.4263
15.120,-0.1872,0.1127,45.03,25,0.1234,TRACKING,69.0,68.2,68.56504,70.75048,1.4280
15.136,-0.1860,0.1139,45.03,25,0.1217,TRACKING,70.7,68.6,68.64668,70.83212,1.4297
15.152,-0.1849,0.1151,45.03,25,0.1200,TRACKING,74.4,68.4,68.72832,70.91376,1.4313
15.168,-0.1837,0.1163,45.03,25,0.1184,TRACKING,66.1,68.1,68.80996,70.99540,1.4330
15.184,-0.1825,0.1175,45.03,25,0.1167,TRACKING,72.0,68.6,68.89160,71.07704,1.4347
15.200,-0.1813,0.1187,45.03,25,0.1150,TRACKING,72.4,68.1,68.97324,71.15868,1.4364
15.216,-0.1801,0.1198,45.03,25,0.1133,TRACKING,71.1,68.5,69.05488,71.24032,1.4380
15.232,-0.1789,0.1210,45.03,25,0.1117,TRACKING,63.2,67.7,69.13652,71.32196,1.4397
15.248,-0.1777,0.1223,44.90,25,0.1099,TRACKING,68.6,67.8,69.22444,71.40360,1.4414
15.264,-0.1765,0.1234,44.90,25,0.1083,TRACKING,76.9,68.0,69.30608,71.48524,1.4431
15.280,-0.1753,0.1246,44.90,25,0.1066,TRACKING,71.1,68.4,69.38772,71.56688,1.4448
15.296,-0.1742,0.1258,44.90,25,0.1049,TRACKING,68.4,68.4,69.46936,71.64852,1.4465
15.312,-0.1730,0.1270,44.90,25,0.1032,TRACKING,65.2,68.0,69.55100,71.73016,1.4481
15.328,-0.1718,0.1282,44.90,25,0.1016,TRACKING,67.7,67.9,69.63264,71.81180,1.4498
15.344,-0.1706,0.1293,44.90,25,0.0999,TRACKING,72.7,67.9,69.71428,71.89344,1.4515
15.360,-0.1694,0.1306,45.03,25,0.0981,TRACKING,68.2,67.9,69.79592,71.98136,1.4532
15.376,-0.1682,0.1318,45.03,25,0.0965,TRACKING,70.6,68.3,69.87756,72.06300,1.4549
15.392,-0.1670,0.1329,45.03,25,0.0948,TRACKING,65.8,67.9,69.95920,72.14464,1.4566
15.408,-0.1658,0.1341,45.03,25,0.0931,TRACKING,66.8,67.8,70.04084,72.22628,1.4582
15.424,-0.1646,0.1353,45.03,25,0.0915,TRACKING,73.0,68.5,70.12248,72.30792,1.4599
15.440,-0.1635,0.1365,45.03,25,0.0898,TRACKING,70.2,68.7,70.20412,72.38956,1.4616
15.456,-0.1623,0.1377,45.03,25,0.0881,TRACKING,69.6,68.0,70.28576,72.47120,1.4633
15.472,-0.1611,0.1389,45.03,25,0.0864,TRACKING,70.4,67.7,70.36740,72.55284,1.4649
15.488,-0.1599,0.1400,45.03,25,0.0848,TRACKING,66.5,67.4,70.44904,72.63448,1.4666
15.504,-0.1587,0.1412,45.03,25,0.0831,TRACKING,74.1,68.3,70.53068,72.71612,1.4683
15.520,-0.1575,0.1424,45.03,25,0.0814,TRACKING,71.0,67.8,70.61232,72.79776,1.4700
15.536,-0.1564,0.1436,45.03,25,0.1858,TRACKING,66.4,67.5,70.69396,72.87940,1.4716
15.552,-0.1552,0.1448,45.03,25,0.1841,TRACKING,71.4,67.8,70.77560,72.96104,1.4733
15.568,-0.1540,0.1460,45.03,25,0.1825,TRACKING,70.1,68.1,70.85724,73.04268,1.4750
15.584,-0.1528,0.1472,45.03,25,0.1808,TRACKING,67.0,68.0,70.93888,73.12432,1.4766
15.600,-0.1516,0.1483,45.03,25,0.1791,TRACKING,68.9,68.1,71.02052,73.20596,1.4783
15.616,-0.1505,0.1495,45.03,25,0.1774,TRACKING,65.4,67.6,71.10216,73.28760,1.4800
15.632,-0.1493,0.1507,45.03,24,0.1758,TRACKING,70.4,68.0,71.18380,73.36924,1.4817
15.648,-0.1481,0.1519,45.03,24,0.1741,TRACKING,68.1,68.0,71.26544,73.45088,1.4833
15.664,-0.1469,0.1531,45.03,24,0.1724,TRACKING,70.2,68.3,71.34708,73.53252,1.4850
15.680,-0.1457,0.1543,45.03,24,0.1707,TRACKING,68.4,68.3,71.42872,73.61416,1.4867
15.696,-0.1445,0.1554,45.03,24,0.1691,TRACKING,71.9,68.1,71.51036,73.69580,1.4884
15.712,-0.1434,0.1566,45.03,24,0.1674,TRACKING,67.4,67.1,71.59200,73.77744,1.4900
15.728,-0.1422,0.1578,45.03,24,0.1657,TRACKING,67.7,67.1,71.67364,73.85908,1.4917
15.744,-0.1410,0.1590,45.03,24,0.1640,TRACKING,69.5,67.3,71.75528,73.94072,1.4934
15.760,-0.1398,0.1602,44.90,24,0.1623,TRACKING,69.4,67.2,71.84320,74.02236,1.4951
15.776,-0.1386,0.1614,44.90,24,0.1606,TRACKING,71.8,67.8,71.92484,74.10400,1.4968
15.792,-0.1374,0.1626,44.90,24,0.1590,TRACKING,73.2,68.3,72.00648,74.18564,1.4985
15.808,-0.1362,0.1638,44.90,24,0.1573,TRACKING,72.9,68.7,72.08812,74.26728,1.5001
15.824,-0.1350,0.1649,44.90,24,0.1556,TRACKING,69.9,68.5,72.16976,74.34892,1.5018
15.840,-0.1338,0.1662,45.03,24,0.1539,TRACKING,70.8,68.5,72.25140,74.43684,1.5036
15.856,-0.1326,0.1674,45.03,24,0.1522,TRACKING,70.7,68.8,72.33304,74.51848,1.5052
15.872,-0.1314,0.1685,45.03,24,0.1505,TRACKING,82.9,70.6,72.41468,74.60012,1.5069
15.888,-0.1302,0.1697,45.03,24,0.1489,TRACKING,93.3,72.2,72.49632,74.68176,1.5086
15.904,-0.1291,0.1709,45.03,24,0.1472,TRACKING,94.0,75.1,72.57796,74.76340,1.5102
15.920,-0.1279,0.1721,45.03,24,0.1455,TRACKING,117.1,80.6,72.65960,74.84504,1.5119
15.936,-0.1267,0.1733,45.03,24,0.1438,TRACKING,126.8,86.7,72.74124,74.92668,1.5136
15.952,-0.1255,0.1745,45.03,24,0.1422,TRACKING,131.9,92.6,72.82288,75.00832,1.5153
15.968,-0.1243,0.1756,45.03,24,0.1405,TRACKING,142.2,99.2,72.90452,75.08996,1.5169
15.984,-0.1231,0.1768,45.03,24,1.3925,REVERSING,144.8,105.2,72.98616,75.17160,1.5186
16.000,-0.1231,0.1768,45.03,24,1.3925,REVERSING,133.0,108.8,72.98616,75.17160,1.5186
16.016,-0.1240,0.1760,45.03,24,1.3936,REVERSING,138.3,112.7,72.92964,75.11508,1.5198
16.032,-0.1248,0.1752,45.03,24,1.3948,REVERSING,147.4,117.3,72.87312,75.05856,1.5209
16.048,-0.1256,0.1743,44.90,24,1.3960,REVERSING,138.0,120.0,72.81660,74.99576,1.5222
16.064,-0.1265,0.1735,45.03,24,1.3972,REVERSING,134.2,121.9,72.75380,74.93924,1.5234
16.080,-0.1273,0.1726,45.03,24,1.3984,REVERSING,129.0,122.8,72.69728,74.88272,1.5245
16.096,-0.1282,0.1718,45.03,24,1.3995,REVERSING,112.8,121.5,72.64076,74.82620,1.5257
16.112,-0.1290,0.1710,45.03,24,1.4006,REVERSING,113.0,120.4,72.58424,74.76968,1.5269
16.128,-0.1298,0.1702,45.03,24,1.4018,REVERSING,105.7,118.4,72.52772,74.71316,1.5280
16.144,-0.1306,0.1694,45.03,24,1.4029,REVERSING,94.5,115.3,72.47120,74.65664,1.5292
16.160,-0.1315,0.1685,44.90,24,1.4041,REVERSING,91.1,112.1,72.41468,74.59384,1.5304
16.176,-0.1323,0.1676,45.03,24,1.4054,REVERSING,90.3,109.2,72.35188,74.53732,1.5316
16.192,-0.1332,0.1668,45.03,24,1.4065,REVERSING,69.5,104.0,72.29536,74.48080,1.5328
16.208,-0.1340,0.1660,45.03,24,1.4076,REVERSING,63.8,98.5,72.23884,74.42428,1.5339
16.224,-0.1348,0.1652,45.03,24,1.4088,REVERSING,69.4,94.7,72.18232,74.36776,1.5351
16.240,-0.1356,0.1644,45.03,24,1.4099,REVERSING,69.8,91.4,72.12580,74.31124,1.5363
16.256,-0.1364,0.1635,45.03,24,1.4111,REVERSING,64.1,87.7,72.06928,74.25472,1.5374
16.272,-0.1373,0.1627,45.03,24,1.4122,REVERSING,73.5,84.6,72.01276,74.19820,1.5386
16.288,-0.1381,0.1619,44.90,24,1.4134,REVERSING,65.4,82.0,71.95624,74.13540,1.5398
16.304,-0.1390,0.1610,45.03,24,1.4146,REVERSING,66.6,79.2,71.89344,74.07888,1.5410
16.320,-0.1398,0.1602,45.03,24,1.4158,REVERSING,69.3,77.9,71.83692,74.02236,1.5422
16.336,-0.1406,0.1593,45.03,24,1.4169,REVERSING,66.3,76.4,71.78040,73.96584,1.5433
16.352,-0.1414,0.1585,45.03,24,1.4181,REVERSING,69.6,74.7,71.72388,73.90932,1.5445
16.368,-0.1423,0.1577,45.03,24,1.4192,REVERSING,66.8,73.4,71.66736,73.85280,1.5457
16.384,-0.1431,0.1569,45.03,24,1.4204,REVERSING,71.3,73.1,71.61084,73.79628,1.5468
16.400,-0.1439,0.1561,45.03,24,1.4215,REVERSING,68.0,72.5,71.55432,73.73976,1.5480
16.416,-0.1448,0.1552,45.03,24,1.4228,REVERSING,65.3,70.9,71.49152,73.67696,1.5493
16.432,-0.1456,0.1543,45.03,24,1.4239,REVERSING,66.8,70.0,71.43500,73.62044,1.5504
16.448,-0.1464,0.1535,45.03,24,1.4251,REVERSING,66.3,69.5,71.37848,73.56392,1.5516
16.464,-0.1473,0.1527,45.03,24,1.4262,REVERSING,68.7,69.3,71.32196,73.50740,1.5527
16.480,-0.1481,0.1519,45.03,24,1.4274,REVERSING,61.8,68.2,71.26544,73.45088,1.5539
16.496,-0.1489,0.1511,45.03,24,1.4285,REVERSING,70.8,68.5,71.20892,73.39436,1.5551
16.512,-0.1497,0.1502,45.03,24,1.4297,REVERSING,66.5,68.3,71.15240,73.33784,1.5562
16.528,-0.1506,0.1494,44.90,24,1.4309,REVERSING,69.4,68.2,71.09588,73.27504,1.5574
16.544,-0.1514,0.1485,45.03,24,1.4321,REVERSING,68.1,68.1,71.03308,73.21852,1.5587
16.560,-0.1523,0.1477,45.03,24,1.4332,REVERSING,65.4,67.7,70.97656,73.16200,1.5598
16.576,-0.1531,0.1469,45.03,24,1.4344,REVERSING,70.5,67.3,70.92004,73.10548,1.5610
16.592,-0.1539,0.1461,45.03,24,1.4355,REVERSING,69.5,67.0,70.86352,73.04896,1.5621
16.608,-0.1547,0.1452,45.03,24,1.4367,REVERSING,70.9,67.3,70.80700,72.99244,1.5633
16.624,-0.1555,0.1444,45.03,24,1.4378,REVERSING,70.4,67.7,70.75048,72.93592,1.5644
16.640,-0.1564,0.1436,45.03,24,1.4390,REVERSING,69.1,67.8,70.69396,72.87940,1.5656
16.656,-0.1573,0.1427,45.03,24,1.4402,REVERSING,69.6,68.0,70.63116,72.81660,1.5669
16.672,-0.1581,0.1419,45.03,24,1.4414,REVERSING,69.5,67.2,70.57464,72.76008,1.5681
16.688,-0.1589,0.1410,45.03,24,1.4425,REVERSING,70.4,67.3,70.51812,72.70356,1.5692
16.704,-0.1597,0.1402,45.03,24,1.4437,REVERSING,71.8,67.8,70.46160,72.64704,1.5704
16.720,-0.1605,0.1394,45.03,24,1.4448,REVERSING,72.7,68.4,70.40508,72.59052,1.5715
16.736,-0.1614,0.1386,45.03,24,1.4460,REVERSING,68.3,68.4,70.34856,72.53400,1.5727
16.752,-0.1622,0.1378,45.03,24,1.4471,REVERSING,70.9,68.0,70.29204,72.47748,1.5738
16.768,-0.1630,0.1369,44.90,24,1.4483,REVERSING,71.3,68.5,70.23552,72.41468,1.5751
16.784,-0.1639,0.1360,45.03,24,1.4495,REVERSING,64.2,67.7,70.17272,72.35816,1.5763
16.800,-0.1647,0.1352,45.03,24,1.4507,REVERSING,75.2,68.7,70.11620,72.30164,1.5775
16.816,-0.1656,0.1344,45.03,24,1.4518,REVERSING,69.2,68.6,70.05968,72.24512,1.5786
16.832,-0.1664,0.1336,45.03,39,1.4530,TRACKING,67.7,68.4,70.00316,72.18860,1.5798
16.848,-0.1664,0.1336,45.03,39,0.1182,TRACKING,68.1,68.2,70.00316,72.18860,1.5798
16.864,-0.1664,0.1336,45.81,39,0.1182,TRACKING,66.1,67.7,69.98432,72.20744,1.5798
16.880,-0.1664,0.1336,46.59,39,0.1182,TRACKING,76.9,68.2,69.96548,72.22628,1.5798
16.896,-0.1664,0.1336,47.62,39,0.1182,TRACKING,66.5,68.0,69.94036,72.25140,1.5798
16.912,-0.1664,0.1336,48.40,39,0.1182,TRACKING,70.4,68.3,69.92152,72.27024,1.5798
16.928,-0.1664,0.1336,49.18,39,0.1182,TRACKING,66.8,67.9,69.90268,72.28908,1.5798
16.944,-0.1664,0.1336,49.95,39,0.1182,TRACKING,64.3,67.4,69.88384,72.30792,1.5798
16.960,-0.1664,0.1336,50.73,39,0.1182,TRACKING,69.6,67.3,69.86500,72.32676,1.5798
16.976,-0.1664,0.1336,51.50,39,0.1182,TRACKING,70.1,67.5,69.84616,72.34560,1.5798
16.992,-0.1664,0.1336,52.54,39,0.1182,TRACKING,71.9,68.1,69.82104,72.37072,1.5798
17.008,-0.1664,0.1336,53.32,39,0.1182,TRACKING,67.8,67.3,69.80220,72.38956,1.5798
17.024,-0.1664,0.1336,54.09,39,0.1182,TRACKING,68.5,67.5,69.78336,72.40840,1.5798
17.040,-0.1664,0.1336,54.87,39,0.1182,TRACKING,67.5,67.5,69.76452,72.42724,1.5798
17.056,-0.1664,0.1336,55.65,39,0.1182,TRACKING,68.1,67.3,69.74568,72.44608,1.5798
17.072,-0.1664,0.1336,56.68,39,0.1182,TRACKING,67.1,66.9,69.72056,72.47120,1.5798
17.088,-0.1664,0.1336,57.46,39,0.1182,TRACKING,70.2,67.3,69.70172,72.49004,1.5798
17.104,-0.1664,0.1336,58.23,39,0.1182,TRACKING,71.3,67.6,69.68288,72.50888,1.5798
17.120,-0.1664,0.1336,59.01,39,0.1182,TRACKING,71.3,68.1,69.66404,72.52772,1.5798
17.136,-0.1664,0.1336,59.79,39,0.1182,TRACKING,67.8,67.7,69.64520,72.54656,1.5798
17.152,-0.1664,0.1336,60.82,39,0.1182,TRACKING,68.8,67.9,69.62008,72.57168,1.5798
17.168,-0.1664,0.1336,61.60,39,0.1182,TRACKING,72.0,68.3,69.60124,72.59052,1.5798
17.184,-0.1664,0.1336,62.37,39,0.1182,TRACKING,70.0,68.5,69.58240,72.60936,1.5798
17.200,-0.1664,0.1336,63.15,39,0.1182,TRACKING,68.1,68.2,69.56356,72.62820,1.5798
17.216,-0.1664,0.1336,63.93,39,0.1182,TRACKING,66.9,68.0,69.54472,72.64704,1.5798
17.232,-0.1664,0.1336,64.70,39,0.1182,TRACKING,68.9,67.7,69.52588,72.66588,1.5798
17.248,-0.1664,0.1336,65.74,39,0.1182,TRACKING,63.6,67.1,69.50076,72.69100,1.5798
17.264,-0.1664,0.1336,66.52,39,0.1182,TRACKING,73.3,68.0,69.48192,72.70984,1.5798
17.280,-0.1664,0.1336,67.29,39,0.1182,TRACKING,68.6,68.0,69.46308,72.72868,1.5798
17.296,-0.1664,0.1336,68.07,39,0.1182,TRACKING,64.9,67.6,69.44424,72.74752,1.5798
17.312,-0.1664,0.1336,68.85,39,0.1182,TRACKING,67.8,67.6,69.42540,72.76636,1.5798
17.328,-0.1664,0.1336,69.88,39,0.1182,TRACKING,70.4,68.0,69.40028,72.79148,1.5798
17.344,-0.1664,0.1336,70.66,39,0.1182,TRACKING,67.3,67.6,69.38144,72.81032,1.5798
17.360,-0.1664,0.1336,71.43,39,0.1182,TRACKING,74.7,67.5,69.36260,72.82916,1.5798
17.376,-0.1664,0.1336,72.21,39,0.1182,TRACKING,68.5,67.7,69.34376,72.84800,1.5798
17.392,-0.1664,0.1336,72.99,39,0.1182,TRACKING,68.3,67.7,69.32492,72.86684,1.5798
17.408,-0.1664,0.1336,74.02,39,0.1182,TRACKING,68.5,67.8,69.29980,72.89196,1.5798
17.424,-0.1664,0.1336,74.80,39,0.1182,TRACKING,67.1,67.8,69.28096,72.91080,1.5798
17.440,-0.1664,0.1336,75.57,39,0.1182,TRACKING,69.4,68.0,69.26212,72.92964,1.5798
17.456,-0.1664,0.1336,76.35,39,0.1182,TRACKING,64.3,67.0,69.24328,72.94848,1.5798
17.472,-0.1664,0.1336,77.13,39,0.1182,TRACKING,69.7,67.2,69.22444,72.96732,1.5798
17.488,-0.1664,0.1336,77.90,39,0.1182,TRACKING,71.8,67.3,69.20560,72.98616,1.5798
17.504,-0.1664,0.1336,78.94,39,0.1182,TRACKING,67.9,67.4,69.18048,73.01128,1.5798
17.520,-0.1664,0.1336,79.72,39,0.1182,TRACKING,67.7,67.5,69.16164,73.03012,1.5798
17.536,-0.1664,0.1336,80.49,39,0.1182,TRACKING,70.5,66.9,69.14280,73.04896,1.5798
17.552,-0.1664,0.1336,81.27,39,0.1182,TRACKING,67.2,66.3,69.12396,73.06780,1.5798
17.568,-0.1664,0.1336,82.04,39,0.1182,TRACKING,70.8,66.9,69.10512,73.08664,1.5798
17.584,-0.1664,0.1336,83.08,39,0.1182,TRACKING,70.2,67.3,69.08000,73.11176,1.5798
17.600,-0.1664,0.1336,83.86,39,0.1182,TRACKING,68.2,67.2,69.06116,73.13060,1.5798
17.616,-0.1664,0.1336,84.63,39,0.1182,TRACKING,66.5,67.1,69.04232,73.14944,1.5798
17.632,-0.1664,0.1336,85.41,39,0.1182,TRACKING,66.4,67.0,69.02348,73.16828,1.5798
17.648,-0.1664,0.1336,86.19,39,0.1182,TRACKING,66.1,66.8,69.00464,73.18712,1.5798
17.664,-0.1664,0.1336,87.22,39,0.1182,TRACKING,67.6,66.9,68.97952,73.21224,1.5798
17.680,-0.1664,0.1336,88.00,39,0.1182,TRACKING,69.5,67.2,68.96068,73.23108,1.5798
17.696,-0.1664,0.1336,88.77,39,0.1182,TRACKING,69.1,67.5,68.94184,73.24992,1.5798
17.712,-0.1664,0.1336,89.55,39,0.1182,TRACKING,70.9,67.3,68.92300,73.26876,1.5798
17.728,-0.1664,0.1336,90.33,39,0.1182,TRACKING,71.4,67.8,68.90416,73.28760,1.5798
17.744,-0.1664,0.1336,91.10,39,0.1182,TRACKING,75.0,68.8,68.88532,73.30644,1.5798
17.760,-0.1664,0.1336,92.14,39,0.1182,TRACKING,66.4,68.1,68.86020,73.33156,1.5798
17.776,-0.1664,0.1336,92.91,39,0.1182,TRACKING,67.5,68.0,68.84136,73.35040,1.5798
17.792,-0.1664,0.1336,93.69,39,0.1182,TRACKING,70.9,67.3,68.82252,73.36924,1.5798
17.808,-0.1664,0.1336,94.47,39,0.1182,TRACKING,69.3,67.3,68.80368,73.38808,1.5798
17.824,-0.1664,0.1336,95.24,39,0.1182,TRACKING,75.4,67.8,68.78484,73.40692,1.5798
17.840,-0.1664,0.1336,96.28,39,0.1182,TRACKING,72.3,68.1,68.75972,73.43204,1.5798
17.856,-0.1664,0.1336,97.06,39,0.1182,TRACKING,68.7,67.8,68.74088,73.45088,1.5798
17.872,-0.1664,0.1336,97.83,39,0.1182,TRACKING,64.4,67.3,68.72204,73.46972,1.5798
17.888,-0.1664,0.1336,98.61,39,0.1182,TRACKING,71.3,67.0,68.70320,73.48856,1.5798
17.904,-0.1664,0.1336,99.39,39,0.1182,TRACKING,65.8,66.9,68.68436,73.50740,1.5798
17.920,-0.1664,0.1336,100.42,39,0.1182,TRACKING,68.4,67.1,68.65924,73.53252,1.5798
17.936,-0.1664,0.1336,101.20,39,0.1182,TRACKING,68.5,66.7,68.64040,73.55136,1.5798
17.952,-0.1664,0.1336,101.97,39,0.1182,TRACKING,66.8,66.7,68.62156,73.57020,1.5798
17.968,-0.1664,0.1336,102.75,39,0.1182,TRACKING,71.1,67.3,68.60272,73.58904,1.5798
17.984,-0.1664,0.1336,103.53,39,0.1182,TRACKING,75.2,68.3,68.58388,73.60788,1.5798
18.000,-0.1664,0.1336,104.30,39,0.1182,TRACKING,74.4,69.1,68.56504,73.62672,1.5798
18.016,-0.1664,0.1336,105.34,39,0.1182,TRACKING,70.3,68.7,68.53992,73.65184,1.5798
18.032,-0.1664,0.1336,106.11,39,0.1182,TRACKING,65.1,68.3,68.52108,73.67068,1.5798
18.048,-0.1664,0.1336,106.89,39,0.1182,TRACKING,71.3,67.9,68.50224,73.68952,1.5798
18.064,-0.1664,0.1336,107.67,39,0.1182,TRACKING,68.4,68.0,68.48340,73.70836,1.5798
18.080,-0.1664,0.1336,108.44,39,0.1182,TRACKING,72.6,67.8,68.46456,73.72720,1.5798
18.096,-0.1664,0.1336,109.48,39,0.1182,TRACKING,75.7,68.5,68.43944,73.75232,1.5798
18.112,-0.1664,0.1336,110.26,39,0.1182,TRACKING,74.5,69.3,68.42060,73.77116,1.5798
18.128,-0.1664,0.1336,111.03,39,0.1182,TRACKING,70.8,69.5,68.40176,73.79000,1.5798
18.144,-0.1664,0.1336,111.81,39,0.1182,TRACKING,71.8,69.6,68.38292,73.80884,1.5798
18.160,-0.1664,0.1336,112.59,39,0.1182,TRACKING,66.7,69.2,68.36408,73.82768,1.5798
18.176,-0.1664,0.1336,113.62,39,0.1182,TRACKING,66.9,68.9,68.33896,73.85280,1.5798
18.192,-0.1664,0.1336,114.40,39,0.1182,TRACKING,70.7,68.3,68.32012,73.87164,1.5798
18.208,-0.1664,0.1336,115.17,39,0.1182,TRACKING,68.1,68.2,68.30128,73.89048,1.5798
18.224,-0.1664,0.1336,115.95,39,0.1182,TRACKING,71.6,68.7,68.28244,73.90932,1.5798
18.240,-0.1664,0.1336,116.73,39,0.1182,TRACKING,66.3,68.4,68.26360,73.92816,1.5798
18.256,-0.1664,0.1336,117.50,39,0.1182,TRACKING,69.5,68.1,68.24476,73.94700,1.5798
18.272,-0.1664,0.1336,118.54,39,0.1182,TRACKING,69.3,67.3,68.21964,73.97212,1.5798
18.288,-0.1664,0.1336,119.31,39,0.1182,TRACKING,71.1,67.8,68.20080,73.99096,1.5798
18.304,-0.1664,0.1336,120.09,39,0.1182,TRACKING,69.0,67.9,68.18196,74.00980,1.5798
18.320,-0.1664,0.1336,120.87,39,0.1182,TRACKING,70.9,67.8,68.16312,74.02864,1.5798
18.336,-0.1664,0.1336,121.64,39,0.1182,TRACKING,65.1,67.5,68.14428,74.04748,1.5798
18.352,-0.1664,0.1336,122.68,39,0.1182,TRACKING,68.9,67.7,68.11916,74.07260,1.5798
18.368,-0.1664,0.1336,123.46,39,0.1182,TRACKING,71.2,68.1,68.10032,74.09144,1.5798
18.384,-0.1664,0.1336,124.23,39,0.1182,TRACKING,69.0,68.2,68.08148,74.11028,1.5798
18.400,-0.1664,0.1336,125.01,39,0.1182,TRACKING,68.4,68.3,68.06264,74.12912,1.5798
18.416,-0.1664,0.1336,125.78,39,0.1182,TRACKING,62.8,67.3,68.04380,74.14796,1.5798
18.432,-0.1664,0.1336,126.82,39,0.1182,TRACKING,67.1,67.1,68.01868,74.17308,1.5798
18.448,-0.1664,0.1336,127.60,39,0.1182,TRACKING,67.6,67.2,67.99984,74.19192,1.5798
18.464,-0.1664,0.1336,128.37,39,0.1182,TRACKING,67.0,67.1,67.98100,74.21076,1.5798
18.480,-0.1664,0.1336,129.15,39,0.1182,TRACKING,72.8,67.1,67.96216,74.22960,1.5798
18.496,-0.1664,0.1336,129.93,39,0.1182,TRACKING,66.2,66.9,67.94332,74.24844,1.5798
18.512,-0.1664,0.1336,130.70,39,0.1182,TRACKING,71.3,67.5,67.92448,74.26728,1.5798
18.528,-0.1664,0.1336,131.74,39,0.1182,TRACKING,67.9,67.5,67.89936,74.29240,1.5798
18.544,-0.1664,0.1336,132.51,39,0.1182,TRACKING,69.4,67.7,67.88052,74.31124,1.5798
18.560,-0.1664,0.1336,133.29,39,0.1182,TRACKING,68.9,67.9,67.86168,74.33008,1.5798
18.576,-0.1664,0.1336,134.07,39,0.1182,TRACKING,69.5,68.1,67.84284,74.34892,1.5798
18.592,-0.1664,0.1336,134.84,39,0.1182,TRACKING,68.0,67.7,67.82400,74.36776,1.5798
18.608,-0.1664,0.1336,135.88,39,0.1182,TRACKING,72.5,68.3,67.79888,74.39288,1.5798
18.624,-0.1664,0.1336,136.65,39,0.1182,TRACKING,68.8,67.7,67.78004,74.41172,1.5798
18.640,-0.1664,0.1336,137.43,39,0.1182,TRACKING,66.3,67.5,67.76120,74.43056,1.5798
18.656,-0.1664,0.1336,138.21,39,0.1182,TRACKING,68.0,67.2,67.74236,74.44940,1.5798
18.672,-0.1664,0.1336,138.98,39,0.1182,TRACKING,72.1,67.9,67.72352,74.46824,1.5798
18.688,-0.1664,0.1336,140.02,39,0.1182,TRACKING,70.3,68.0,67.69840,74.49336,1.5798
18.704,-0.1664,0.1336,140.80,39,0.1182,TRACKING,65.7,67.7,67.67956,74.51220,1.5798
18.720,-0.1664,0.1336,141.57,39,0.1182,TRACKING,66.6,67.6,67.66072,74.53104,1.5798
18.736,-0.1664,0.1336,142.35,39,0.1182,TRACKING,69.1,67.8,67.64188,74.54988,1.5798
18.752,-0.1664,0.1336,143.13,39,0.1182,TRACKING,68.7,67.1,67.62304,74.56872,1.5798
18.768,-0.1664,0.1336,143.90,39,0.1182,TRACKING,69.6,66.8,67.60420,74.58756,1.5798
18.784,-0.1664,0.1336,144.94,39,0.1182,TRACKING,69.0,67.0,67.57908,74.61268,1.5798
18.800,-0.1664,0.1336,145.71,39,0.1182,TRACKING,73.8,67.9,67.56024,74.63152,1.5798
18.816,-0.1664,0.1336,146.49,39,0.1182,TRACKING,66.1,67.7,67.54140,74.65036,1.5798
18.832,-0.1664,0.1336,147.27,39,0.1182,TRACKING,66.5,67.5,67.52256,74.66920,1.5798
18.848,-0.1664,0.1336,148.04,39,0.1182,TRACKING,71.1,67.5,67.50372,74.68804,1.5798
18.864,-0.1664,0.1336,149.08,39,0.1182,TRACKING,70.4,67.8,67.47860,74.71316,1.5798
18.880,-0.1664,0.1336,149.85,39,0.1182,TRACKING,67.3,67.8,67.45976,74.73200,1.5798
18.896,-0.1664,0.1336,150.63,39,0.1182,TRACKING,66.2,67.6,67.44092,74.75084,1.5798
18.912,-0.1664,0.1336,151.41,39,0.1182,TRACKING,71.7,68.1,67.42208,74.76968,1.5798
18.928,-0.1664,0.1336,152.18,39,0.1182,TRACKING,70.1,68.4,67.40324,74.78852,1.5798
18.944,-0.1664,0.1336,153.22,39,0.1182,TRACKING,72.0,68.9,67.37812,74.81364,1.5798
18.960,-0.1664,0.1336,154.00,39,0.1182,TRACKING,59.5,67.6,67.35928,74.83248,1.5798
18.976,-0.1664,0.1336,154.77,39,0.1182,TRACKING,64.6,67.2,67.34044,74.85132,1.5798
18.992,-0.1664,0.1336,155.55,39,0.1182,TRACKING,64.9,66.9,67.32160,74.87016,1.5798
19.008,-0.1664,0.1336,156.32,39,0.1182,TRACKING,69.2,66.8,67.30276,74.88900,1.5798
19.024,-0.1663,0.1335,157.23,39,0.1183,TRACKING,69.8,67.2,67.27764,74.90784,1.5798
19.040,-0.1664,0.1336,158.14,39,0.1182,TRACKING,65.7,67.0,67.25880,74.93296,1.5799
19.056,-0.1664,0.1336,158.91,39,0.1182,TRACKING,66.2,66.3,67.23996,74.95180,1.5799
19.072,-0.1664,0.1336,159.69,39,0.1182,TRACKING,67.6,66.4,67.22112,74.97064,1.5799
19.088,-0.1664,0.1336,160.47,39,0.1182,TRACKING,69.8,66.8,67.20228,74.98948,1.5799
19.104,-0.1664,0.1336,161.24,39,0.1182,TRACKING,66.8,66.8,67.18344,75.00832,1.5799
19.120,-0.1664,0.1336,162.28,39,0.1182,TRACKING,68.7,67.1,67.15832,75.03344,1.5799
19.136,-0.1664,0.1336,163.05,39,0.1182,TRACKING,71.5,67.7,67.13948,75.05228,1.5799
19.152,-0.1664,0.1336,163.83,39,0.1182,TRACKING,68.5,67.8,67.12064,75.07112,1.5799
19.168,-0.1664,0.1336,164.61,39,0.1182,TRACKING,70.5,67.6,67.10180,75.08996,1.5799
19.184,-0.1664,0.1336,165.38,39,0.1182,TRACKING,68.4,67.3,67.08296,75.10880,1.5799
19.200,-0.1664,0.1336,166.42,39,0.1182,TRACKING,75.2,68.4,67.05784,75.13392,1.5799
19.216,-0.1664,0.1336,167.20,39,0.1182,TRACKING,66.1,68.0,67.03900,75.15276,1.5799
19.232,-0.1664,0.1336,167.97,39,0.1182,TRACKING,72.9,68.4,67.02016,75.17160,1.5799
19.248,-0.1664,0.1336,168.75,39,0.1182,TRACKING,68.5,68.4,67.00132,75.19044,1.5799
19.264,-0.1664,0.1336,169.52,39,0.1182,TRACKING,66.5,67.8,66.98248,75.20928,1.5799
19.280,-0.1663,0.1336,170.43,39,0.1183,TRACKING,68.7,67.9,66.95736,75.22812,1.5800
19.296,-0.1664,0.1336,171.34,39,0.1182,TRACKING,69.6,68.1,66.93852,75.25324,1.5800
19.312,-0.1664,0.1336,172.11,39,0.1182,TRACKING,66.5,67.8,66.91968,75.27208,1.5800
19.328,-0.1664,0.1336,172.89,39,0.1182,TRACKING,68.1,67.7,66.90084,75.29092,1.5800
19.344,-0.1664,0.1336,173.67,39,0.1182,TRACKING,65.1,67.3,66.88200,75.30976,1.5800
19.360,-0.1664,0.1336,174.44,39,0.1182,TRACKING,66.6,67.2,66.86316,75.32860,1.5800
19.376,-0.1664,0.1336,175.48,39,0.1182,TRACKING,66.8,67.1,66.83804,75.35372,1.5800
19.392,-0.1664,0.1336,176.25,39,0.1182,TRACKING,68.6,67.1,66.81920,75.37256,1.5800
19.408,-0.1664,0.1336,177.03,39,0.1182,TRACKING,67.7,67.2,66.80036,75.39140,1.5800
19.424,-0.1664,0.1336,177.81,39,0.1182,TRACKING,72.4,67.2,66.78152,75.41024,1.5800
19.440,-0.1664,0.1336,178.58,39,0.1182,TRACKING,68.4,67.4,66.76268,75.42908,1.5800
19.456,-0.1664,0.1336,179.62,39,0.1182,TRACKING,70.1,67.7,66.73756,75.45420,1.5800
19.472,-0.1664,0.1336,-179.61,39,0.1182,TRACKING,74.9,67.2,66.71872,75.47304,1.5800
19.488,-0.1666,0.1336,-178.83,39,0.1180,TRACKING,71.8,67.7,66.71244,75.50444,1.5803
19.504,-0.1669,0.1336,-178.05,39,0.1179,TRACKING,65.8,67.2,66.70616,75.53584,1.5805
19.520,-0.1672,0.1335,-177.15,39,0.1176,TRACKING,61.9,66.4,66.69988,75.57352,1.5809
19.536,-0.1675,0.1335,-176.37,39,0.1174,TRACKING,72.8,67.2,66.69360,75.60492,1.5811
19.552,-0.1678,0.1335,-175.59,39,0.1171,TRACKING,70.4,67.3,66.69360,75.64260,1.5815
19.568,-0.1682,0.1335,-174.82,39,0.1168,TRACKING,68.1,67.4,66.69360,75.68028,1.5819
19.584,-0.1686,0.1334,-173.91,39,0.1166,TRACKING,73.1,67.5,66.68732,75.71796,1.5822
19.600,-0.1690,0.1334,-173.01,39,0.1163,TRACKING,67.0,67.4,66.68732,75.76192,1.5827
19.616,-0.1694,0.1333,-172.36,39,0.1159,TRACKING,68.2,67.5,66.69360,75.79960,1.5831
19.632,-0.1699,0.1333,-171.45,39,0.1155,TRACKING,68.8,67.7,66.69360,75.84356,1.5836
19.648,-0.1703,0.1332,-170.55,39,0.1152,TRACKING,66.3,67.5,66.69360,75.88752,1.5840
19.664,-0.1708,0.1331,-169.77,39,0.1148,TRACKING,68.4,67.3,66.69988,75.93148,1.5845
19.680,-0.1714,0.1330,-168.99,39,0.1144,TRACKING,69.5,67.3,66.70616,75.97544,1.5850
19.696,-0.1719,0.1329,-168.09,39,0.1139,TRACKING,74.7,68.0,66.71244,76.02568,1.5856
19.712,-0.1724,0.1328,-167.31,39,0.1135,TRACKING,72.0,68.5,66.71872,76.06964,1.5861
19.728,-0.1731,0.1326,-166.53,39,0.1129,TRACKING,66.7,67.9,66.73128,76.11988,1.5868
19.744,-0.1736,0.1325,-165.63,39,0.1124,TRACKING,67.2,67.0,66.73756,76.17012,1.5874
19.760,-0.1742,0.1323,-164.85,39,0.1119,TRACKING,73.2,67.6,66.75012,76.22036,1.5880
19.776,-0.1749,0.1322,-164.08,39,0.1113,TRACKING,67.3,67.2,66.76268,76.27060,1.5887
19.792,-0.1755,0.1320,-163.17,39,0.1107,TRACKING,66.9,67.2,66.77524,76.32712,1.5894
19.808,-0.1762,0.1318,-162.39,39,0.1102,TRACKING,68.8,67.4,66.78780,76.37736,1.5900
19.824,-0.1768,0.1316,-161.49,39,0.1096,TRACKING,70.6,67.2,66.80036,76.43388,1.5907
19.840,-0.1776,0.1313,-160.71,39,0.1089,TRACKING,66.8,66.9,66.81920,76.49040,1.5915
19.856,-0.1782,0.1311,-159.81,39,0.1083,TRACKING,68.9,67.1,66.83176,76.54692,1.5922
19.872,-0.1789,0.1308,-159.03,39,0.1076,TRACKING,64.3,66.7,66.85060,76.60344,1.5930
19.888,-0.1797,0.1305,-158.25,39,0.1069,TRACKING,62.8,66.2,66.86944,76.65996,1.5937
19.904,-0.1804,0.1302,-157.35,39,0.1062,TRACKING,68.4,66.3,66.88828,76.72276,1.5946
19.920,-0.1813,0.1299,-156.57,39,0.1054,TRACKING,69.8,66.8,66.91340,76.78556,1.5955
19.936,-0.1820,0.1295,-155.79,39,0.1047,TRACKING,73.2,67.6,66.93224,76.84208,1.5962
19.952,-0.1828,0.1292,-155.02,39,0.1038,TRACKING,64.1,67.2,66.95736,76.90488,1.5971
19.968,-0.1836,0.1288,-154.24,39,0.1030,TRACKING,67.5,67.2,66.98248,76.96768,1.5980
19.984,-0.1844,0.1284,-153.46,39,0.1022,TRACKING,66.4,66.8,67.00760,77.03048,1.5990
20.000,-0.1852,0.1280,-152.69,39,0.1014,TRACKING,69.8,67.2,67.03272,77.09328,1.5999
20.016,-0.1861,0.1275,-151.78,39,0.1005,TRACKING,66.1,66.8,67.05784,77.16236,1.6008
20.032,-0.1869,0.1271,-151.14,39,0.0996,TRACKING,70.7,67.0,67.08924,77.22516,1.6018
20.048,-0.1878,0.1266,-150.49,39,0.0987,TRACKING,68.5,67.2,67.12064,77.28796,1.6027
20.064,-0.1887,0.1261,-149.71,39,0.0977,TRACKING,68.0,67.1,67.15204,77.35704,1.6038
20.080,-0.1895,0.1256,-149.06,39,0.0968,TRACKING,73.3,67.0,67.18344,77.41984,1.6047
20.096,-0.1904,0.1251,-148.55,39,0.0959,TRACKING,69.3,67.4,67.22112,77.48264,1.6058
20.112,-0.1913,0.1245,-147.90,39,0.0948,TRACKING,66.3,67.2,67.25880,77.55172,1.6069
20.128,-0.1922,0.1239,-147.12,39,0.0939,TRACKING,70.4,67.4,67.29020,77.62080,1.6079
20.144,-0.1930,0.1234,-146.61,39,0.0929,TRACKING,64.2,67.0,67.32788,77.68360,1.6089
20.160,-0.1939,0.1228,-145.96,39,0.0918,TRACKING,71.8,67.6,67.36556,77.75268,1.6100
20.176,-0.1948,0.1221,-145.31,39,0.0908,TRACKING,68.4,67.7,67.40324,77.82176,1.6111
20.192,-0.1957,0.1215,-144.92,39,0.0898,TRACKING,68.4,67.3,67.44720,77.88456,1.6122
20.208,-0.1966,0.1209,-144.28,39,0.0887,TRACKING,68.2,67.2,67.48488,77.95364,1.6133
20.224,-0.1976,0.1202,-143.76,39,0.0876,TRACKING,70.9,67.1,67.52884,78.02272,1.6145
20.240,-0.1985,0.1195,-143.24,39,0.0865,TRACKING,68.6,67.3,67.57280,78.09180,1.6156
20.256,-0.1994,0.1188,-142.59,39,0.0855,TRACKING,69.6,67.6,67.61048,78.16088,1.6167
20.272,-0.2003,0.1181,-142.08,39,0.0843,TRACKING,68.7,67.2,67.65444,78.22996,1.6179
20.288,-0.2013,0.1174,-141.69,39,0.0832,TRACKING,66.2,67.0,67.70468,78.29904,1.6191
20.304,-0.2022,0.1167,-141.17,39,0.0820,TRACKING,66.6,67.0,67.74864,78.36812,1.6203
20.320,-0.2031,0.1159,-140.65,39,0.0809,TRACKING,66.9,66.8,67.79260,78.43720,1.6214
20.336,-0.2040,0.1152,-140.14,39,0.1013,TRACKING,68.2,66.9,67.83656,78.50628,1.6226
20.352,-0.2047,0.1145,-139.36,39,0.1003,TRACKING,71.0,67.4,67.86796,78.57536,1.6236
20.368,-0.2055,0.1139,-138.71,39,0.0994,TRACKING,65.7,67.2,67.89936,78.63816,1.6246
20.384,-0.2061,0.1133,-137.94,39,0.0986,TRACKING,70.6,67.6,67.92448,78.70096,1.6255
20.400,-0.2069,0.1126,-137.16,39,0.0976,TRACKING,68.6,67.5,67.95588,78.77004,1.6265
20.416,-0.2077,0.1119,-136.64,39,0.0967,TRACKING,65.5,67.3,67.99356,78.83284,1.6275
20.432,-0.2084,0.1112,-135.99,39,0.0958,TRACKING,67.6,67.3,68.02496,78.89564,1.6285
20.448,-0.2091,0.1105,-135.35,39,0.0947,TRACKING,75.3,68.4,68.06264,78.96472,1.6296
20.464,-0.2098,0.1098,-134.70,39,0.0938,TRACKING,68.6,67.2,68.09404,79.02752,1.6306
20.480,-0.2106,0.1090,-134.05,39,0.0928,TRACKING,73.1,68.0,68.13172,79.09660,1.6317
20.496,-0.2113,0.1082,-133.41,38,0.0917,TRACKING,70.1,68.2,68.16940,79.16568,1.6327
20.512,-0.2121,0.1074,-132.76,38,0.0907,TRACKING,64.4,67.0,68.20708,79.23476,1.6338
20.528,-0.2128,0.1066,-132.37,38,0.0897,TRACKING,71.5,66.9,68.25104,79.29756,1.6349
20.544,-0.2136,0.1058,-131.72,38,0.0886,TRACKING,67.8,66.9,68.28872,79.36664,1.6360
20.560,-0.2143,0.1050,-131.08,38,0.0876,TRACKING,65.4,66.6,68.32640,79.43572,1.6371
20.576,-0.2150,0.1041,-130.56,38,0.0865,TRACKING,67.7,66.8,68.37036,79.50480,1.6383
20.592,-0.2158,0.1032,-130.04,38,0.0854,TRACKING,70.4,66.8,68.41432,79.57388,1.6394
20.608,-0.2165,0.1023,-129.52,38,0.0842,TRACKING,73.0,67.7,68.45828,79.64296,1.6406
20.624,-0.2173,0.1014,-129.01,38,0.0831,TRACKING,68.7,67.8,68.50224,79.71204,1.6418
20.640,-0.2180,0.1005,-128.49,38,0.0820,TRACKING,66.8,66.6,68.54620,79.78112,1.6429
20.656,-0.2187,0.0996,-127.97,38,0.0809,TRACKING,67.2,66.7,68.59016,79.85020,1.6441
20.672,-0.2195,0.0986,-127.58,38,0.1252,TRACKING,70.7,66.9,68.64040,79.91928,1.6453
20.688,-0.2195,0.0986,-126.81,38,0.1252,TRACKING,66.2,66.8,68.62156,79.93812,1.6453
20.704,-0.2195,0.0986,-125.77,38,0.1252,TRACKING,65.3,66.4,68.59644,79.96324,1.6453
20.720,-0.2196,0.0984,-124.99,38,0.1250,TRACKING,68.5,66.7,68.59016,79.99464,1.6456
20.736,-0.2198,0.0982,-124.22,38,0.1248,TRACKING,66.3,66.6,68.58388,80.02604,1.6458
20.752,-0.2199,0.0980,-123.44,38,0.1246,TRACKING,65.1,66.4,68.57760,80.05744,1.6461
20.768,-0.2201,0.0977,-122.54,38,0.1244,TRACKING,68.5,66.2,68.57132,80.09512,1.6464
20.784,-0.2203,0.0974,-121.76,38,0.1241,TRACKING,72.8,67.1,68.57132,80.13280,1.6468
20.800,-0.2205,0.0971,-120.98,38,0.1238,TRACKING,69.3,66.8,68.57132,80.17048,1.6472
20.816,-0.2206,0.0968,-120.08,38,0.1235,TRACKING,75.3,68.0,68.56504,80.20816,1.6475
20.832,-0.2209,0.0964,-119.17,38,0.1232,TRACKING,65.6,67.6,68.56504,80.25212,1.6479
20.848,-0.2211,0.0960,-118.52,38,0.1228,TRACKING,65.5,67.3,68.57132,80.28980,1.6484
20.864,-0.2213,0.0956,-117.62,38,0.1225,TRACKING,70.0,67.7,68.57132,80.33376,1.6488
20.880,-0.2215,0.0952,-116.71,38,0.1221,TRACKING,66.9,67.6,68.57132,80.37772,1.6493
20.896,-0.2217,0.0948,-115.94,38,0.1217,TRACKING,73.6,67.9,68.57760,80.42168,1.6498
20.912,-0.2219,0.0943,-115.16,38,0.1213,TRACKING,68.9,68.1,68.58388,80.46564,1.6503
20.928,-0.2222,0.0938,-114.38,38,0.1209,TRACKING,65.2,67.7,68.59016,80.50960,1.6508
20.944,-0.2224,0.0933,-113.48,38,0.1204,TRACKING,68.8,67.0,68.59644,80.55984,1.6514
20.960,-0.2226,0.0928,-112.57,38,0.1199,TRACKING,71.1,67.5,68.60272,80.61008,1.6520
20.976,-0.2229,0.0922,-111.80,38,0.1194,TRACKING,70.6,68.0,68.61528,80.66032,1.6526
20.992,-0.2231,0.0916,-111.02,38,0.1188,TRACKING,66.6,67.8,68.62784,80.71056,1.6533
21.008,-0.2233,0.0910,-110.24,38,0.1183,TRACKING,70.7,67.4,68.64040,80.76080,1.6539
21.024,-0.2236,0.0904,-109.47,38,0.1177,TRACKING,72.4,67.3,68.65296,80.81104,1.6546
21.040,-0.2238,0.0897,-108.56,37,0.1171,TRACKING,64.5,66.9,68.66552,80.86756,1.6553
21.056,-0.2240,0.0891,-107.78,37,0.1166,TRACKING,68.4,67.1,68.67808,80.91780,1.6559
21.072,-0.2242,0.0883,-107.01,37,0.1159,TRACKING,63.0,66.5,68.69692,80.97432,1.6567
21.088,-0.2244,0.0877,-106.10,37,0.1153,TRACKING,69.7,66.9,68.70948,81.03084,1.6574
21.104,-0.2246,0.0869,-105.20,37,0.1145,TRACKING,69.2,66.5,68.72832,81.09364,1.6582
21.120,-0.2248,0.0861,-104.42,37,0.1138,TRACKING,72.1,67.2,68.74716,81.15016,1.6590
21.136,-0.2250,0.0854,-103.64,37,0.1132,TRACKING,65.8,66.9,68.76600,81.20668,1.6598
21.152,-0.2252,0.0845,-102.74,37,0.1124,TRACKING,69.4,67.2,68.78484,81.26948,1.6606
21.168,-0.2254,0.0837,-101.96,37,0.1116,TRACKING,70.8,67.0,68.80996,81.33228,1.6615
21.184,-0.2256,0.0828,-101.18,37,0.1108,TRACKING,70.7,67.5,68.83508,81.39508,1.6624
21.200,-0.2258,0.0819,-100.41,37,0.1100,TRACKING,68.2,67.4,68.86020,81.45788,1.6633
21.216,-0.2259,0.0810,-99.63,37,0.1091,TRACKING,68.2,67.5,68.88532,81.52068,1.6642
21.232,-0.2261,0.0801,-98.85,37,0.1083,TRACKING,72.2,67.3,68.91044,81.58348,1.6651
21.248,-0.2262,0.0792,-98.21,37,0.1074,TRACKING,69.9,67.7,68.94184,81.64628,1.6661
21.264,-0.2263,0.0783,-97.43,37,0.1066,TRACKING,68.6,67.6,68.96696,81.70908,1.6670
21.280,-0.2265,0.0772,-96.65,37,0.1056,TRACKING,70.8,67.8,68.99836,81.77816,1.6680
21.296,-0.2266,0.0763,-96.01,37,0.1047,TRACKING,73.5,68.4,69.02976,81.84096,1.6690
21.312,-0.2267,0.0752,-95.36,37,0.1037,TRACKING,67.8,68.0,69.06744,81.91004,1.6701
21.328,-0.2268,0.0742,-94.71,37,0.1028,TRACKING,67.4,67.7,69.09884,81.97284,1.6710
21.344,-0.2268,0.0731,-94.07,37,0.1017,TRACKING,69.2,67.9,69.13652,82.04192,1.6721
21.360,-0.2269,0.0721,-93.55,37,0.1008,TRACKING,67.3,67.8,69.17420,82.10472,1.6732
21.376,-0.2270,0.0710,-92.90,37,0.0997,TRACKING,74.4,68.6,69.21188,82.17380,1.6743
21.392,-0.2270,0.0699,-92.25,37,0.0987,TRACKING,69.1,67.9,69.24956,82.24288,1.6754
21.408,-0.2271,0.0688,-91.61,37,0.0977,TRACKING,67.5,67.7,69.28724,82.31196,1.6765
21.424,-0.2271,0.0677,-91.22,37,0.0966,TRACKING,68.3,67.4,69.33120,82.37476,1.6775
21.440,-0.2271,0.0667,-90.57,37,0.0956,TRACKING,67.7,67.5,69.36888,82.44384,1.6786
21.456,-0.2271,0.0655,-90.05,37,0.0945,TRACKING,71.2,68.0,69.41284,82.51292,1.6798
21.472,-0.2271,0.0643,-89.54,37,0.0934,TRACKING,67.5,67.9,69.45680,82.58200,1.6810
21.488,-0.2271,0.0632,-89.02,37,0.0922,TRACKING,65.9,67.6,69.50076,82.65108,1.6821
21.504,-0.2271,0.0620,-88.50,37,0.0911,TRACKING,70.8,67.5,69.54472,82.72016,1.6833
21.520,-0.2270,0.0609,-87.98,37,0.0900,TRACKING,70.6,67.9,69.58868,82.78924,1.6844
21.536,-0.2270,0.0597,-87.47,37,0.0889,TRACKING,67.7,67.7,69.63264,82.85832,1.6856
21.552,-0.2269,0.0585,-87.08,37,0.0877,TRACKING,71.4,68.2,69.68288,82.92740,1.6868
21.568,-0.2268,0.0573,-86.43,37,0.0865,TRACKING,72.6,68.8,69.72684,83.00276,1.6880
21.584,-0.2268,0.0560,-86.04,37,0.0853,TRACKING,67.5,68.6,69.77708,83.07184,1.6893
21.600,-0.2267,0.0548,-85.65,37,0.0842,TRACKING,67.6,67.7,69.82732,83.14092,1.6905
21.616,-0.2266,0.0537,-85.14,37,0.0830,TRACKING,72.7,67.9,69.87128,83.21000,1.6916
21.632,-0.2265,0.0524,-84.62,37,0.0818,TRACKING,71.5,68.3,69.92152,83.28536,1.6929
21.648,-0.2264,0.0512,-84.23,37,0.0806,TRACKING,66.6,67.7,69.97176,83.35444,1.6942
21.664,-0.2262,0.0499,-83.84,37,0.0908,TRACKING,72.4,68.1,70.02200,83.42352,1.6954
21.680,-0.2261,0.0491,-82.94,37,0.0900,TRACKING,65.5,67.4,70.04084,83.48632,1.6962
21.696,-0.2260,0.0483,-82.16,37,0.0894,TRACKING,74.1,68.3,70.05968,83.54284,1.6970
21.712,-0.2259,0.0475,-81.26,37,0.0886,TRACKING,67.4,68.2,70.07852,83.60564,1.6978
21.728,-0.2258,0.0467,-80.61,37,0.0879,TRACKING,68.2,68.2,70.10364,83.66216,1.6987
21.744,-0.2256,0.0459,-79.70,37,0.0871,TRACKING,70.4,68.1,70.12248,83.72496,1.6995
21.760,-0.2255,0.0450,-78.93,37,0.0863,TRACKING,73.9,68.9,70.14760,83.78776,1.7004
21.776,-0.2253,0.0441,-78.15,37,0.0855,TRACKING,70.5,68.1,70.17272,83.85056,1.7013
21.792,-0.2251,0.0432,-77.37,37,0.0846,TRACKING,69.4,68.2,70.19784,83.91336,1.7022
21.808,-0.2249,0.0423,-76.60,37,0.0838,TRACKING,68.6,68.3,70.22296,83.97616,1.7031
21.824,-0.2247,0.0415,-75.82,37,0.0830,TRACKING,70.7,68.3,70.24808,84.03896,1.7040
21.840,-0.2244,0.0405,-75.17,36,0.0821,TRACKING,68.8,68.0,70.27948,84.10176,1.7050
21.856,-0.2242,0.0395,-74.40,36,0.0811,TRACKING,68.7,68.1,70.31088,84.17084,1.7060
21.872,-0.2239,0.0386,-73.75,36,0.0802,TRACKING,69.0,68.2,70.34228,84.23364,1.7070
21.888,-0.2236,0.0377,-73.10,36,0.1145,TRACKING,63.6,67.6,70.37368,84.29644,1.7079
21.904,-0.2233,0.0368,-72.20,36,0.1136,TRACKING,69.5,67.9,70.39880,84.36552,1.7089
21.920,-0.2230,0.0358,-71.55,36,0.1127,TRACKING,62.3,67.0,70.43020,84.42832,1.7099
21.936,-0.2227,0.0349,-70.90,36,0.1118,TRACKING,69.6,67.2,70.46160,84.49112,1.7108
21.952,-0.2224,0.0340,-70.13,36,0.1109,TRACKING,70.8,67.2,70.49300,84.56020,1.7119
21.968,-0.2221,0.0331,-69.48,36,0.1100,TRACKING,64.9,66.9,70.52440,84.62300,1.7128
21.984,-0.2217,0.0321,-68.96,36,0.1090,TRACKING,65.7,66.6,70.56208,84.68580,1.7139
22.000,-0.2213,0.0311,-68.18,36,0.1080,TRACKING,67.5,66.5,70.59348,84.75488,1.7149
22.016,-0.2209,0.0301,-67.54,36,0.1070,TRACKING,68.3,66.7,70.63116,84.82396,1.7160
22.032,-0.2205,0.0292,-67.02,36,0.1060,TRACKING,66.6,66.7,70.66884,84.88676,1.7170
22.048,-0.2201,0.0282,-66.37,35,0.1050,TRACKING,68.9,66.7,70.70652,84.95584,1.7181
22.064,-0.2196,0.0272,-65.73,35,0.1039,TRACKING,70.1,67.2,70.74420,85.02492,1.7192
22.080,-0.2191,0.0261,-65.21,35,0.1028,TRACKING,70.0,67.0,70.78816,85.09400,1.7204
22.096,-0.2187,0.0252,-64.69,35,0.1018,TRACKING,70.8,67.3,70.82584,85.15680,1.7214
22.112,-0.2182,0.0241,-64.17,35,0.1007,TRACKING,65.6,66.6,70.86980,85.22588,1.7225
22.128,-0.2177,0.0231,-63.66,35,0.0996,TRACKING,70.7,67.1,70.91376,85.29496,1.7237
22.144,-0.2172,0.0221,-63.14,35,0.0985,TRACKING,66.1,67.0,70.95772,85.36404,1.7249
22.160,-0.2166,0.0210,-62.62,35,0.0974,TRACKING,72.8,67.8,71.00168,85.43312,1.7260
22.176,-0.2161,0.0200,-62.10,35,0.0963,TRACKING,61.9,67.0,71.04564,85.50220,1.7272
22.192,-0.2156,0.0190,-61.59,35,0.0952,TRACKING,65.8,66.8,71.08960,85.57128,1.7283
22.208,-0.2149,0.0178,-61.07,35,0.0939,TRACKING,69.9,67.2,71.13984,85.64664,1.7296
22.224,-0.2144,0.0168,-60.55,35,0.0928,TRACKING,70.4,67.6,71.18380,85.71572,1.7308
22.240,-0.2138,0.0158,-60.16,35,0.0916,TRACKING,70.5,68.0,71.23404,85.78480,1.7320
22.256,-0.2132,0.0147,-59.77,35,0.0904,TRACKING,72.8,67.9,71.28428,85.85388,1.7332
22.272,-0.2125,0.0137,-59.13,35,0.0892,TRACKING,68.9,68.0,71.32824,85.92924,1.7344
22.288,-0.2119,0.0126,-58.74,35,0.0881,TRACKING,69.3,67.7,71.37848,85.99832,1.7357
22.304,-0.2113,0.0116,-58.35,35,0.0869,TRACKING,67.2,67.5,71.42872,86.06740,1.7369
22.320,-0.2106,0.0104,-57.96,35,0.0855,TRACKING,71.7,68.1,71.48524,86.14276,1.7382
22.336,-0.2099,0.0094,-57.57,35,0.0844,TRACKING,68.4,68.1,71.53548,86.21184,1.7395
22.352,-0.2092,0.0083,-57.06,35,0.0831,TRACKING,69.5,68.3,71.58572,86.28720,1.7408
22.368,-0.2085,0.0073,-56.67,35,0.0819,TRACKING,68.8,68.4,71.63596,86.35628,1.7420
22.384,-0.2078,0.0062,-56.28,35,0.0806,TRACKING,69.7,68.5,71.69248,86.43164,1.7433
22.400,-0.2071,0.0051,-55.89,35,0.1665,TRACKING,65.8,68.0,71.74272,86.50072,1.7446
22.416,-0.2068,0.0047,-55.11,35,0.1661,TRACKING,70.7,68.4,71.74900,86.54468,1.7451
22.432,-0.2065,0.0042,-54.21,35,0.1656,TRACKING,68.9,68.5,71.75528,86.59492,1.7457
22.448,-0.2062,0.0038,-53.43,35,0.1652,TRACKING,69.3,68.6,71.76156,86.63888,1.7462
22.464,-0.2058,0.0033,-52.66,35,0.1647,TRACKING,72.7,69.1,71.77412,86.68912,1.7468
22.480,-0.2054,0.0029,-51.75,35,0.1642,TRACKING,64.0,68.0,71.78040,86.73936,1.7474
22.496,-0.2050,0.0023,-50.97,35,0.1636,TRACKING,67.6,67.9,71.79296,86.78960,1.7480
22.512,-0.2046,0.0019,-50.20,35,0.1631,TRACKING,68.9,67.6,71.80552,86.83984,1.7487
22.528,-0.2042,0.0014,-49.42,35,0.1625,TRACKING,68.2,67.7,71.81808,86.89008,1.7493
22.544,-0.2038,0.0008,-48.51,35,0.1619,TRACKING,65.9,67.4,71.83064,86.94660,1.7500
22.560,-0.2033,0.0003,-47.74,35,0.1614,TRACKING,68.9,67.3,71.84320,86.99684,1.7507
22.576,-0.2028,-0.0002,-46.96,35,0.1607,TRACKING,69.8,66.9,71.86204,87.05336,1.7514
22.592,-0.2023,-0.0007,-46.06,35,0.1601,TRACKING,71.4,67.5,71.87460,87.10988,1.7522
22.608,-0.2017,-0.0013,-45.15,35,0.1593,TRACKING,68.1,67.6,71.89344,87.17268,1.7530
22.624,-0.2012,-0.0019,-44.37,35,0.1587,TRACKING,69.3,67.8,71.91228,87.22920,1.7538
22.640,-0.2006,-0.0025,-43.47,34,0.1579,TRACKING,69.5,67.7,71.93112,87.29200,1.7546
22.656,-0.2000,-0.0030,-42.82,34,0.1571,TRACKING,68.1,67.8,71.95624,87.34852,1.7554
22.672,-0.1993,-0.0036,-41.92,34,0.1564,TRACKING,72.9,67.8,71.97508,87.41132,1.7563
22.688,-0.1987,-0.0042,-41.14,34,0.1556,TRACKING,67.8,67.8,72.00020,87.47412,1.7572
22.704,-0.1980,-0.0048,-40.36,34,0.1547,TRACKING,70.0,68.0,72.02532,87.53692,1.7581
22.720,-0.1972,-0.0054,-39.72,34,0.1539,TRACKING,68.1,68.0,72.05672,87.59972,1.7590
22.736,-0.1965,-0.0060,-38.81,34,0.1530,TRACKING,67.8,67.9,72.08184,87.66880,1.7600
22.752,-0.1957,-0.0066,-38.16,34,0.1521,TRACKING,71.0,67.6,72.11324,87.73160,1.7610
22.768,-0.1950,-0.0072,-37.52,34,0.1512,TRACKING,67.0,67.5,72.14464,87.79440,1.7619
22.784,-0.1942,-0.0078,-36.74,34,0.1502,TRACKING,69.0,67.7,72.17604,87.86348,1.7630
22.800,-0.1933,-0.0084,-36.22,34,0.1492,TRACKING,69.0,67.9,72.21372,87.92628,1.7640
22.816,-0.1925,-0.0090,-35.44,34,0.1483,TRACKING,64.9,66.8,72.24512,87.99536,1.7650
22.832,-0.1917,-0.0096,-34.93,34,0.1473,TRACKING,66.6,66.7,72.28280,88.05816,1.7661
22.848,-0.1908,-0.0103,-34.28,34,0.1463,TRACKING,75.9,67.9,72.32048,88.12724,1.7671
22.864,-0.1898,-0.0109,-33.63,34,0.1452,TRACKING,65.6,67.6,72.35816,88.19632,1.7682
22.880,-0.1889,-0.0115,-33.12,34,0.1441,TRACKING,70.8,67.9,72.40212,88.26540,1.7694
22.896,-0.1880,-0.0121,-32.60,34,0.1431,TRACKING,67.8,67.8,72.43980,88.32820,1.7704
22.912,-0.1870,-0.0127,-32.08,34,0.1420,TRACKING,65.0,67.3,72.48376,88.39728,1.7716
22.928,-0.1861,-0.0133,-31.56,34,0.1409,TRACKING,67.6,67.4,72.52772,88.46636,1.7727
22.944,-0.1851,-0.0139,-30.92,34,0.1399,TRACKING,72.5,67.3,72.56540,88.53544,1.7738
22.960,-0.1841,-0.0145,-30.53,34,0.1387,TRACKING,67.2,67.3,72.61564,88.60452,1.7751
22.976,-0.1831,-0.0151,-30.01,34,0.1376,TRACKING,68.1,67.4,72.65960,88.67360,1.7762
22.992,-0.1821,-0.0156,-29.49,34,0.1365,TRACKING,67.3,67.1,72.70356,88.74268,1.7774
23.008,-0.1809,-0.0163,-28.97,34,0.1352,TRACKING,71.1,67.6,72.75380,88.81804,1.7787
23.024,-0.1799,-0.0168,-28.46,34,0.1341,TRACKING,68.0,67.7,72.79776,88.88712,1.7798
23.040,-0.1788,-0.0174,-28.07,34,0.1329,TRACKING,69.3,67.6,72.84800,88.95620,1.7811
23.056,-0.1778,-0.0180,-27.68,34,0.1317,TRACKING,68.7,67.1,72.89824,89.02528,1.7823
23.072,-0.1766,-0.0186,-27.16,34,0.1305,TRACKING,72.9,67.9,72.94848,89.10064,1.7836
23.088,-0.1755,-0.0191,-26.77,34,0.1293,TRACKING,72.0,68.4,72.99872,89.16972,1.7848
23.104,-0.1744,-0.0197,-26.26,34,0.1280,TRACKING,68.4,68.2,73.04896,89.24508,1.7861
23.120,-0.1732,-0.0203,-26.00,34,0.1268,TRACKING,66.3,67.9,73.10548,89.31416,1.7874
23.136,-0.1721,-0.0208,-25.48,34,0.1255,TRACKING,67.1,67.8,73.15572,89.38952,1.7886
23.152,-0.1709,-0.0214,-25.22,34,0.1242,TRACKING,65.9,67.5,73.21224,89.45860,1.7899
23.168,-0.1697,-0.0219,-24.70,34,0.1230,TRACKING,68.5,67.3,73.26248,89.53396,1.7912
23.184,-0.1686,-0.0225,-24.44,34,0.1217,TRACKING,67.8,67.3,73.31900,89.60304,1.7925
23.200,-0.1673,-0.0230,-24.06,34,0.1204,TRACKING,65.0,66.9,73.37552,89.67840,1.7939
23.216,-0.1661,-0.0236,-23.67,34,0.1191,TRACKING,67.4,66.9,73.43204,89.75376,1.7952
23.232,-0.1649,-0.0241,-23.41,34,0.1178,TRACKING,67.1,66.9,73.48856,89.82284,1.7965
23.248,-0.1637,-0.0246,-23.02,34,0.1165,TRACKING,72.4,67.5,73.54508,89.89820,1.7979
23.264,-0.1624,-0.0251,-22.63,34,0.1151,TRACKING,65.6,67.3,73.60160,89.97356,1.7992
23.280,-0.1612,-0.0256,-22.24,34,0.1138,TRACKING,71.7,67.2,73.65812,90.04892,1.8006
23.296,-0.1599,-0.0262,-22.12,34,0.1125,TRACKING,69.5,66.9,73.72092,90.11800,1.8019
23.312,-0.1587,-0.0267,-21.73,34,0.1111,TRACKING,70.1,67.2,73.77744,90.19336,1.8033
23.328,-0.1574,-0.0272,-21.34,34,0.1098,TRACKING,68.8,67.4,73.83396,90.26872,1.8046
23.344,-0.1561,-0.0277,-21.08,34,0.1084,TRACKING,66.1,67.2,73.89676,90.34408,1.8060
23.360,-0.1548,-0.0282,-20.82,34,0.1070,TRACKING,67.3,67.3,73.95956,90.41944,1.8074
23.376,-0.1535,-0.0287,-20.43,34,0.1057,TRACKING,65.2,66.5,74.01608,90.49480,1.8088
23.392,-0.1522,-0.0291,-20.17,34,0.1043,TRACKING,65.8,66.2,74.07888,90.57016,1.8102
23.408,-0.1508,-0.0296,-19.92,34,0.1029,TRACKING,67.1,66.3,74.14168,90.64552,1.8116
23.424,-0.1495,-0.0301,-19.66,34,0.1015,TRACKING,71.0,66.9,74.20448,90.72088,1.8130
23.440,-0.1482,-0.0306,-19.40,34,0.1001,TRACKING,77.1,67.5,74.26728,90.79624,1.8145
23.456,-0.1468,-0.0311,-19.14,34,0.0987,TRACKING,69.8,67.2,74.33008,90.87160,1.8159
23.472,-0.1455,-0.0315,-18.88,34,0.0973,TRACKING,64.8,66.9,74.39288,90.94696,1.8173
23.488,-0.1442,-0.0320,-18.62,34,0.0959,TRACKING,72.9,67.6,74.45568,91.02232,1.8187
23.504,-0.1428,-0.0324,-18.36,34,0.0945,TRACKING,70.4,67.8,74.51848,91.09768,1.8201
23.520,-0.1415,-0.0329,-18.10,34,0.0931,TRACKING,70.3,68.0,74.58128,91.17304,1.8215
23.536,-0.1401,-0.0333,-17.85,34,0.0917,TRACKING,68.2,68.0,74.64408,91.24840,1.8230
23.552,-0.1387,-0.0338,-17.72,34,0.0902,TRACKING,72.2,67.4,74.71316,91.32376,1.8244
23.568,-0.1374,-0.0342,-17.46,34,0.0888,TRACKING,70.5,67.7,74.77596,91.39912,1.8259
23.584,-0.1360,-0.0346,-17.20,34,0.0874,TRACKING,69.0,67.9,74.83876,91.47448,1.8273
23.600,-0.1345,-0.0351,-16.94,34,0.0858,TRACKING,71.1,68.3,74.90784,91.55612,1.8288
23.616,-0.1332,-0.0355,-16.68,34,0.0844,TRACKING,70.2,68.5,74.97064,91.63148,1.8302
23.632,-0.1318,-0.0359,-16.55,34,0.0830,TRACKING,64.9,68.0,75.03972,91.70684,1.8317
23.648,-0.1304,-0.0363,-16.29,34,0.0816,TRACKING,69.9,68.2,75.10252,91.78220,1.8331
23.664,-0.1290,-0.0367,-16.16,34,0.0801,TRACKING,72.4,68.2,75.17160,91.85756,1.8346
23.680,-0.1275,-0.0371,-15.90,34,0.2029,TRACKING,68.7,68.3,75.24068,91.93920,1.8362
23.696,-0.1263,-0.0375,-15.52,34,0.2017,TRACKING,68.4,68.2,75.29092,92.00828,1.8374
23.712,-0.1250,-0.0378,-15.13,34,0.2004,TRACKING,71.1,68.1,75.34744,92.08364,1.8387
23.728,-0.1238,-0.0381,-14.74,34,0.1992,TRACKING,68.6,68.2,75.39768,92.15272,1.8400
23.744,-0.1225,-0.0385,-14.35,34,0.1979,TRACKING,70.4,68.5,75.45420,92.22808,1.8413
23.760,-0.1213,-0.0388,-14.09,34,0.1966,TRACKING,68.6,68.4,75.51072,92.29716,1.8426
23.776,-0.1200,-0.0391,-13.70,34,0.1953,TRACKING,69.2,68.2,75.56724,92.37252,1.8439
23.792,-0.1187,-0.0394,-13.32,33,0.1939,TRACKING,68.6,68.3,75.62376,92.44788,1.8453
23.808,-0.1173,-0.0398,-13.06,33,0.1925,TRACKING,66.8,68.1,75.68656,92.52324,1.8467
23.824,-0.1160,-0.0400,-12.80,33,0.1913,TRACKING,70.6,68.4,75.74308,92.59232,1.8480
23.840,-0.1147,-0.0403,-12.41,33,0.1899,TRACKING,63.1,67.7,75.79960,92.66768,1.8494
23.856,-0.1133,-0.0406,-12.15,33,0.1885,TRACKING,70.8,67.9,75.86240,92.74304,1.8508
23.872,-0.1120,-0.0409,-11.76,33,0.1872,TRACKING,70.3,67.7,75.91892,92.81840,1.8521
23.888,-0.1106,-0.0412,-11.50,33,0.1858,TRACKING,70.8,68.1,75.98172,92.89376,1.8535
23.904,-0.1092,-0.0415,-11.25,33,0.1844,TRACKING,67.1,68.0,76.04452,92.96912,1.8550
23.920,-0.1078,-0.0418,-10.99,33,0.1830,TRACKING,67.3,67.3,76.10732,93.04448,1.8564
23.936,-0.1064,-0.0420,-10.73,33,0.1816,TRACKING,65.7,67.0,76.17012,93.11984,1.8578
23.952,-0.1050,-0.0423,-10.47,33,0.1802,TRACKING,66.7,66.9,76.23292,93.19520,1.8592
23.968,-0.1037,-0.0425,-10.21,33,0.1788,TRACKING,66.7,66.8,76.29572,93.27056,1.8606
23.984,-0.1023,-0.0428,-9.95,33,0.1774,TRACKING,65.6,66.7,76.35852,93.34592,1.8620
24.000,-0.1009,-0.0430,-9.69,33,0.1760,TRACKING,68.5,66.6,76.42132,93.42128,1.8634
24.016,-0.0995,-0.0433,-9.43,33,0.1746,TRACKING,69.4,66.5,76.48412,93.49664,1.8649
24.032,-0.0980,-0.0435,-9.30,33,0.1731,TRACKING,72.6,67.1,76.55320,93.57200,1.8663
24.048,-0.0966,-0.0437,-9.05,33,0.1717,TRACKING,62.5,66.5,76.61600,93.64736,1.8678
24.064,-0.0951,-0.0440,-8.79,33,0.1702,TRACKING,69.5,66.9,76.68508,93.72900,1.8693
24.080,-0.0937,-0.0442,-8.53,33,0.1688,TRACKING,66.8,66.6,76.74788,93.80436,1.8707
24.096,-0.0922,-0.0444,-8.40,33,0.1673,TRACKING,69.1,66.8,76.81696,93.87972,1.8722
24.112,-0.0908,-0.0446,-8.14,33,0.1659,TRACKING,69.1,67.0,76.87976,93.95508,1.8736
24.128,-0.0893,-0.0448,-7.88,33,0.1644,TRACKING,66.4,66.6,76.94884,94.03672,1.8752
24.144,-0.0878,-0.0450,-7.75,33,0.1629,TRACKING,64.0,66.2,77.01792,94.11208,1.8766
24.160,-0.0863,-0.0452,-7.62,33,0.1614,TRACKING,70.6,66.8,77.08700,94.18744,1.8781
24.176,-0.0849,-0.0454,-7.36,33,0.1600,TRACKING,69.0,67.1,77.14980,94.26280,1.8795
24.192,-0.0834,-0.0456,-7.10,33,0.1585,TRACKING,70.4,66.8,77.21888,94.34444,1.8811
24.208,-0.0819,-0.0458,-6.97,33,0.1570,TRACKING,68.7,67.0,77.28796,94.41980,1.8826
24.224,-0.0804,-0.0460,-6.72,33,0.1555,TRACKING,69.6,67.4,77.35704,94.50144,1.8841
24.240,-0.0789,-0.0461,-6.59,33,0.1540,TRACKING,66.9,66.6,77.42612,94.57680,1.8856
24.256,-0.0774,-0.0463,-6.59,33,0.1524,TRACKING,66.8,66.6,77.50148,94.65216,1.8871
24.272,-0.0759,-0.0465,-6.33,33,0.1509,TRACKING,70.1,67.1,77.57056,94.73380,1.8887
24.288,-0.0744,-0.0466,-6.20,33,0.1494,TRACKING,72.2,67.8,77.63964,94.80916,1.8902
24.304,-0.0729,-0.0468,-5.94,33,0.1479,TRACKING,71.5,68.3,77.70872,94.89080,1.8917
24.320,-0.0714,-0.0470,-5.81,33,0.1464,TRACKING,71.5,68.7,77.77780,94.96616,1.8932
24.336,-0.0699,-0.0471,-5.81,33,0.1449,TRACKING,64.4,68.1,77.85316,95.04152,1.8947
24.352,-0.0683,-0.0473,-5.55,33,0.1433,TRACKING,72.0,67.3,77.92224,95.12316,1.8963
24.368,-0.0668,-0.0474,-5.42,33,0.1419,TRACKING,68.1,67.4,77.99132,95.19852,1.8978
24.384,-0.0652,-0.0476,-5.29,33,0.1403,TRACKING,68.8,67.6,78.06668,95.28016,1.8994
24.400,-0.0638,-0.0477,-5.16,33,0.1388,TRACKING,70.4,67.9,78.13576,95.35552,1.9008
24.416,-0.0622,-0.0478,-5.03,33,0.1372,TRACKING,66.4,67.7,78.21112,95.43716,1.9025
24.432,-0.0607,-0.0480,-4.90,33,0.1357,TRACKING,67.5,67.4,78.28020,95.51252,1.9039
24.448,-0.0591,-0.0481,-4.77,33,0.1341,TRACKING,65.5,67.0,78.35556,95.59416,1.9055
24.464,-0.0575,-0.0482,-4.52,33,0.1326,TRACKING,68.1,66.9,78.42464,95.67580,1.9071
24.480,-0.0560,-0.0483,-4.52,33,0.1310,TRACKING,69.8,67.3,78.50000,95.75116,1.9086
24.496,-0.0544,-0.0485,-4.39,33,0.1294,TRACKING,74.0,68.2,78.57536,95.83280,1.9102
24.512,-0.0529,-0.0486,-4.26,33,0.1279,TRACKING,68.8,68.3,78.64444,95.90816,1.9117
24.528,-0.0513,-0.0487,-4.13,33,0.1263,TRACKING,66.3,68.0,78.71980,95.98980,1.9133
24.544,-0.0498,-0.0488,-4.13,33,0.1248,TRACKING,67.5,67.9,78.79516,96.06516,1.9149
24.560,-0.0482,-0.0489,-3.87,33,0.1232,TRACKING,67.4,67.9,78.86424,96.14680,1.9164
24.576,-0.0466,-0.0490,-3.74,33,0.1216,TRACKING,65.9,67.6,78.93960,96.22844,1.9180
24.592,-0.0451,-0.0491,-3.74,33,0.1201,TRACKING,72.7,67.6,79.01496,96.30380,1.9196
24.608,-0.0435,-0.0492,-3.61,33,0.1185,TRACKING,67.2,67.5,79.09032,96.38544,1.9212
24.624,-0.0419,-0.0493,-3.48,33,0.1169,TRACKING,69.4,67.4,79.16568,96.46708,1.9228
24.640,-0.0403,-0.0494,-3.48,33,0.1153,TRACKING,69.4,67.1,79.24104,96.54244,1.9243
24.656,-0.0388,-0.0495,-3.22,33,0.1138,TRACKING,66.1,67.0,79.31012,96.62408,1.9259
24.672,-0.0372,-0.0496,-3.09,33,0.1122,TRACKING,75.0,68.0,79.38548,96.70572,1.9275
24.688,-0.0356,-0.0497,-3.09,33,0.1106,TRACKING,69.1,68.2,79.46084,96.78108,1.9290
24.704,-0.0340,-0.0498,-2.96,33,0.1090,TRACKING,64.5,67.6,79.53620,96.86272,1.9306
24.720,-0.0324,-0.0499,-2.83,33,0.1074,TRACKING,69.2,67.8,79.61156,96.94436,1.9323
24.736,-0.0309,-0.0499,-2.83,33,0.1059,TRACKING,71.1,68.0,79.68692,97.01972,1.9338
24.752,-0.0293,-0.0500,-2.70,33,0.1043,TRACKING,70.5,68.3,79.76228,97.10136,1.9354
24.768,-0.0277,-0.0501,-2.57,33,0.1027,TRACKING,73.3,68.1,79.83764,97.18300,1.9370
24.784,-0.0261,-0.0502,-2.57,33,0.1011,TRACKING,67.4,68.0,79.91300,97.25836,1.9386
24.800,-0.0245,-0.0502,-2.45,33,0.0995,TRACKING,67.1,66.9,79.98836,97.34000,1.9402
24.816,-0.0228,-0.0503,-2.45,33,0.0978,TRACKING,66.0,66.6,80.07000,97.42164,1.9418
24.832,-0.0212,-0.0504,-2.32,33,0.0962,TRACKING,70.1,67.1,80.14536,97.50328,1.9435
24.848,-0.0197,-0.0504,-2.32,33,0.0947,TRACKING,68.9,67.2,80.22072,97.57864,1.9450
24.864,-0.0181,-0.0505,-2.19,33,0.0931,TRACKING,68.9,67.0,80.29608,97.66028,1.9466
24.880,-0.0165,-0.0505,-2.06,33,0.0915,TRACKING,71.3,67.5,80.37144,97.74192,1.9482
24.896,-0.0149,-0.0506,-2.06,33,0.0899,TRACKING,66.9,67.3,80.44680,97.81728,1.9498
24.912,-0.0133,-0.0507,-1.93,33,0.0883,TRACKING,69.7,67.6,80.52216,97.89892,1.9514
24.928,-0.0117,-0.0507,-1.80,33,0.0867,TRACKING,69.4,67.9,80.59752,97.98056,1.9530
24.944,-0.0100,-0.0508,-1.80,33,0.0850,TRACKING,66.3,67.2,80.67916,98.06220,1.9547
24.960,-0.0085,-0.0508,-1.80,33,0.0835,TRACKING,65.8,66.7,80.75452,98.13756,1.9562
24.976,-0.0069,-0.0509,-1.67,33,0.0819,TRACKING,70.6,66.5,80.82988,98.21920,1.9578
24.992,-0.0053,-0.0509,-1.54,33,0.0803,TRACKING,71.2,67.1,80.90524,98.30084,1.9594
25.008,-0.0037,-0.0509,-1.41,33,0.1037,TRACKING,67.0,67.1,80.98060,98.38248,1.9610
25.024,-0.0020,-0.0510,-1.41,33,0.1020,TRACKING,68.3,67.2,81.06224,98.46412,1.9627
25.040,-0.0005,-0.0510,-1.41,33,0.1005,TRACKING,68.7,67.4,81.13760,98.53948,1.9643
25.056,0.0011,-0.0511,-1.28,33,0.0989,TRACKING,69.2,67.3,81.21296,98.62112,1.9659
25.072,0.0028,-0.0511,-1.28,33,0.0972,TRACKING,67.8,67.3,81.29460,98.70276,1.9675
25.088,0.0044,-0.0511,-1.15,33,0.0956,TRACKING,72.0,67.6,81.36996,98.78440,1.9691
25.104,0.0060,-0.0512,-1.02,32,0.0940,TRACKING,70.0,67.9,81.44532,98.86604,1.9708
25.120,0.0076,-0.0512,-1.15,32,0.0924,TRACKING,67.1,67.8,81.52696,98.94140,1.9724
25.136,0.0093,-0.0512,-1.02,32,0.0907,TRACKING,75.3,68.8,81.60232,99.02304,1.9740
25.152,0.0109,-0.0513,-0.89,32,0.0891,TRACKING,67.1,68.3,81.67768,99.10468,1.9756
25.168,0.0125,-0.0513,-0.89,32,0.0875,TRACKING,69.3,67.5,81.75932,99.18632,1.9773
25.184,0.0142,-0.0513,-0.76,32,0.0859,TRACKING,74.2,68.4,81.83468,99.26796,1.9789
25.200,0.0158,-0.0513,-0.76,32,0.0842,TRACKING,71.6,68.4,81.91632,99.34960,1.9805
25.216,0.0174,-0.0513,-0.76,32,0.0826,TRACKING,69.0,68.4,81.99168,99.42496,1.9821
25.232,0.0190,-0.0514,-0.76,32,0.0810,TRACKING,70.3,68.3,82.07332,99.50660,1.9838
25.248,0.0207,-0.0514,-0.63,32,0.1710,TRACKING,68.9,68.3,82.14868,99.58824,1.9854
25.264,0.0216,-0.0514,-1.41,32,0.1702,TRACKING,70.5,68.6,82.21148,99.61336,1.9863
25.280,0.0225,-0.0514,-2.19,32,0.1694,TRACKING,66.0,68.1,82.27428,99.63848,1.9872
25.296,0.0234,-0.0515,-2.96,32,0.1685,TRACKING,68.6,68.1,82.33708,99.66360,1.9881
25.312,0.0243,-0.0515,-3.61,32,0.1676,TRACKING,69.3,68.3,82.39988,99.69500,1.9890
25.328,0.0252,-0.0516,-4.39,32,0.1668,TRACKING,69.5,68.4,82.46268,99.72012,1.9899
25.344,0.0262,-0.0517,-5.16,32,0.1658,TRACKING,71.2,67.8,82.53176,99.75152,1.9910
25.360,0.0273,-0.0518,-5.68,32,0.1649,TRACKING,69.6,67.7,82.59456,99.78920,1.9920
25.376,0.0283,-0.0519,-6.46,32,0.1639,TRACKING,68.8,67.8,82.66364,99.82060,1.9930
25.392,0.0293,-0.0520,-7.10,32,0.1630,TRACKING,69.5,68.1,82.72644,99.85200,1.9940
25.408,0.0303,-0.0521,-7.75,31,0.1620,TRACKING,70.2,68.3,82.79552,99.88968,1.9951
25.424,0.0314,-0.0523,-8.27,31,0.1610,TRACKING,73.1,69.0,82.85832,99.92736,1.9961
25.440,0.0324,-0.0524,-8.92,31,0.1600,TRACKING,68.7,68.9,82.92740,99.96504,1.9972
25.456,0.0336,-0.0526,-9.43,31,0.1589,TRACKING,72.2,69.3,82.99648,100.00900,1.9984
25.472,0.0347,-0.0528,-10.08,31,0.1578,TRACKING,68.1,68.4,83.06556,100.04668,1.9995
25.488,0.0358,-0.0530,-10.60,31,0.1567,TRACKING,72.1,68.9,83.13464,100.09064,2.0006
25.504,0.0369,-0.0532,-11.12,31,0.1556,TRACKING,67.6,68.7,83.20372,100.13460,2.0018
25.520,0.0381,-0.0535,-11.63,31,0.1545,TRACKING,64.4,68.2,83.27280,100.17856,2.0029
25.536,0.0392,-0.0537,-12.15,31,0.1534,TRACKING,65.2,67.8,83.34188,100.22252,2.0041
25.552,0.0403,-0.0540,-12.67,31,0.1523,TRACKING,69.4,67.9,83.41096,100.26648,2.0053
25.568,0.0415,-0.0542,-13.19,31,0.1511,TRACKING,68.6,67.3,83.48004,100.31044,2.0064
25.584,0.0427,-0.0545,-13.57,31,0.1499,TRACKING,69.4,67.2,83.54912,100.36068,2.0076
25.600,0.0438,-0.0548,-13.96,31,0.1488,TRACKING,67.8,67.3,83.61820,100.41092,2.0089
25.616,0.0450,-0.0551,-14.61,31,0.1476,TRACKING,69.9,67.2,83.69356,100.45488,2.0101
25.632,0.0462,-0.0554,-15.00,31,0.1464,TRACKING,72.7,67.9,83.76264,100.50512,2.0113
25.648,0.0474,-0.0557,-15.39,31,0.1452,TRACKING,72.3,67.6,83.83172,100.55536,2.0125
25.664,0.0487,-0.0561,-15.77,31,0.1439,TRACKING,68.5,67.8,83.90708,100.61188,2.0139
25.680,0.0499,-0.0564,-16.16,31,0.1427,TRACKING,65.6,67.5,83.97616,100.66212,2.0151
25.696,0.0511,-0.0568,-16.68,31,0.1414,TRACKING,66.5,66.9,84.05152,100.71236,2.0164
25.712,0.0523,-0.0572,-16.94,31,0.1402,TRACKING,69.4,67.2,84.12060,100.76888,2.0177
25.728,0.0536,-0.0575,-17.46,31,0.1389,TRACKING,62.0,66.5,84.19596,100.81912,2.0190
25.744,0.0548,-0.0579,-17.72,31,0.1376,TRACKING,76.5,67.2,84.26504,100.87564,2.0203
25.760,0.0561,-0.0583,-18.10,31,0.1363,TRACKING,70.3,67.6,84.34040,100.93216,2.0216
25.776,0.0574,-0.0588,-18.49,31,0.1350,TRACKING,67.5,67.0,84.41576,100.98868,2.0230
25.792,0.0586,-0.0592,-18.75,31,0.1337,TRACKING,69.6,67.3,84.48484,101.04520,2.0242
25.808,0.0599,-0.0596,-19.14,31,0.1324,TRACKING,67.7,67.4,84.56020,101.10172,2.0256
25.824,0.0611,-0.0601,-19.53,31,0.1311,TRACKING,67.4,67.4,84.63556,101.15824,2.0269
25.840,0.0624,-0.0605,-19.92,31,0.1297,TRACKING,70.0,67.7,84.71092,101.21476,2.0283
25.856,0.0637,-0.0610,-20.05,31,0.1284,TRACKING,71.3,68.2,84.78000,101.27756,2.0297
25.872,0.0650,-0.0615,-20.43,31,0.1271,TRACKING,76.9,67.8,84.85536,101.33408,2.0310
25.888,0.0662,-0.0619,-20.82,31,0.1257,TRACKING,74.6,68.7,84.93072,101.39060,2.0324
25.904,0.0675,-0.0624,-21.08,31,0.1243,TRACKING,71.4,68.7,85.00608,101.45340,2.0338
25.920,0.0689,-0.0629,-21.34,31,0.1229,TRACKING,67.0,68.4,85.08144,101.51620,2.0352
25.936,0.0701,-0.0634,-21.73,31,0.1216,TRACKING,71.3,68.6,85.15680,101.57272,2.0365
25.952,0.0714,-0.0640,-21.99,31,0.1202,TRACKING,69.6,68.4,85.23216,101.63552,2.0380
25.968,0.0727,-0.0645,-22.24,31,0.1188,TRACKING,67.3,68.3,85.30752,101.69832,2.0394
25.984,0.0741,-0.0650,-22.50,31,0.1174,TRACKING,68.5,68.3,85.38288,101.76112,2.0408
26.000,0.0754,-0.0656,-22.76,31,0.1160,TRACKING,64.7,67.8,85.45824,101.82392,2.0422
26.016,0.0767,-0.0661,-23.02,31,0.1146,TRACKING,63.7,67.3,85.53360,101.88672,2.0436
26.032,0.0780,-0.0667,-23.28,31,0.1132,TRACKING,69.5,67.6,85.60896,101.94952,2.0450
26.048,0.0793,-0.0673,-23.54,31,0.1118,TRACKING,67.2,67.5,85.68432,102.01232,2.0465
26.064,0.0806,-0.0679,-23.67,31,0.1103,TRACKING,69.1,67.4,85.75968,102.08140,2.0479
26.080,0.0819,-0.0684,-23.93,31,0.1089,TRACKING,73.6,67.8,85.83504,102.14420,2.0493
26.096,0.0832,-0.0690,-24.19,31,0.1075,TRACKING,71.3,68.3,85.91040,102.20700,2.0508
26.112,0.0845,-0.0696,-24.44,31,0.1061,TRACKING,64.6,67.6,85.98576,102.26980,2.0522
26.128,0.0859,-0.0702,-24.70,31,0.1046,TRACKING,69.0,67.6,86.06740,102.33888,2.0537
26.144,0.0872,-0.0708,-24.96,31,0.1032,TRACKING,71.1,68.1,86.14276,102.40168,2.0551
26.160,0.0885,-0.0714,-25.09,31,0.1017,TRACKING,70.6,67.4,86.21812,102.47076,2.0566
26.176,0.0898,-0.0721,-25.35,31,0.1003,TRACKING,70.8,67.8,86.29348,102.53356,2.0580
26.192,0.0912,-0.0727,-25.48,31,0.0988,TRACKING,66.3,67.6,86.36884,102.60264,2.0595
26.208,0.0925,-0.0734,-25.74,31,0.0973,TRACKING,66.0,66.8,86.45048,102.67172,2.0611
26.224,0.0938,-0.0740,-26.00,31,0.0959,TRACKING,66.4,66.5,86.52584,102.73452,2.0625
26.240,0.0951,-0.0746,-26.13,31,0.0944,TRACKING,72.7,67.2,86.60120,102.80360,2.0640
26.256,0.0965,-0.0753,-26.26,31,0.0929,TRACKING,66.9,66.4,86.67656,102.87268,2.0654
26.272,0.0979,-0.0760,-26.52,31,0.0914,TRACKING,68.4,66.6,86.75820,102.94176,2.0670
26.288,0.0992,-0.0766,-26.64,31,0.0899,TRACKING,66.6,66.5,86.83356,103.01084,2.0685
26.304,0.1004,-0.0773,-26.90,31,0.0885,TRACKING,66.7,66.3,86.90892,103.07364,2.0699
26.320,0.1018,-0.0780,-27.16,31,0.0870,TRACKING,68.7,66.6,86.99056,103.14272,2.0714
26.336,0.1031,-0.0786,-27.29,31,0.0855,TRACKING,66.9,66.6,87.06592,103.21180,2.0729
26.352,0.1045,-0.0793,-27.42,31,0.0840,TRACKING,68.5,66.8,87.14128,103.28088,2.0744
26.368,0.1058,-0.0800,-27.68,31,0.0825,TRACKING,72.0,67.5,87.22292,103.34996,2.0759
26.384,0.1071,-0.0807,-27.81,31,0.0810,TRACKING,64.9,67.2,87.29828,103.41904,2.0774
26.400,0.1084,-0.0814,-27.94,31,0.1847,TRACKING,69.5,67.5,87.37364,103.48812,2.0789
26.416,0.1096,-0.0821,-28.33,31,0.1833,TRACKING,67.9,67.5,87.44900,103.54464,2.0802
26.432,0.1108,-0.0827,-28.72,31,0.1820,TRACKING,67.8,67.1,87.52436,103.60116,2.0816
26.448,0.1119,-0.0833,-29.10,31,0.1808,TRACKING,68.7,67.3,87.59344,103.65140,2.0828
26.464,0.1131,-0.0840,-29.49,31,0.1795,TRACKING,66.1,67.1,87.66880,103.70792,2.0842
26.480,0.1142,-0.0846,-29.88,31,0.1782,TRACKING,72.4,67.8,87.74416,103.76444,2.0855
26.496,0.1154,-0.0853,-30.01,31,0.1768,TRACKING,72.5,68.3,87.81324,103.82724,2.0869
26.512,0.1166,-0.0860,-30.40,31,0.1755,TRACKING,67.8,68.1,87.88860,103.88376,2.0882
26.528,0.1178,-0.0867,-30.79,30,0.1742,TRACKING,69.3,67.9,87.96396,103.94028,2.0896
26.544,0.1189,-0.0874,-31.17,30,0.1728,TRACKING,64.0,67.2,88.03932,103.99680,2.0909
26.560,0.1201,-0.0881,-31.30,30,0.1715,TRACKING,69.7,67.6,88.10840,104.05960,2.0923
26.576,0.1212,-0.0888,-31.69,30,0.1702,TRACKING,70.8,68.0,88.18376,104.11612,2.0936
26.592,0.1224,-0.0895,-31.95,30,0.1688,TRACKING,69.3,67.5,88.25912,104.17892,2.0951
26.608,0.1236,-0.0903,-32.21,30,0.1674,TRACKING,72.8,68.2,88.33448,104.24172,2.0965
26.624,0.1248,-0.0910,-32.47,30,0.1660,TRACKING,67.9,68.1,88.40984,104.30452,2.0979
26.640,0.1260,-0.0918,-32.86,30,0.1646,TRACKING,68.5,67.4,88.48520,104.36104,2.0992
26.656,0.1271,-0.0925,-33.12,30,0.1632,TRACKING,69.0,67.5,88.56056,104.42384,2.1007
26.672,0.1283,-0.0933,-33.37,30,0.1618,TRACKING,76.6,68.1,88.63592,104.48664,2.1021
26.688,0.1296,-0.0941,-33.50,30,0.1604,TRACKING,70.0,68.0,88.71128,104.55572,2.1035
26.704,0.1307,-0.0949,-33.76,30,0.1590,TRACKING,68.9,68.1,88.78664,104.61852,2.1050
26.720,0.1319,-0.0957,-34.02,30,0.1576,TRACKING,67.4,67.4,88.86200,104.68132,2.1064
26.736,0.1331,-0.0965,-34.28,30,0.1561,TRACKING,66.3,67.2,88.93736,104.74412,2.1078
26.752,0.1344,-0.0974,-34.54,30,0.1546,TRACKING,76.5,67.7,89.01900,104.81320,2.1093
26.768,0.1355,-0.0982,-34.80,30,0.1532,TRACKING,65.4,67.3,89.09436,104.87600,2.1108
26.784,0.1367,-0.0990,-35.06,30,0.1518,TRACKING,73.0,68.1,89.16972,104.93880,2.1122
26.800,0.1379,-0.0998,-35.19,30,0.1503,TRACKING,74.9,69.0,89.24508,105.00788,2.1137
26.816,0.1391,-0.1007,-35.32,30,0.1489,TRACKING,66.7,68.7,89.32044,105.07696,2.1151
26.832,0.1403,-0.1015,-35.70,30,0.1474,TRACKING,73.3,69.3,89.40208,105.13976,2.1166
26.848,0.1415,-0.1024,-35.83,30,0.1459,TRACKING,65.5,68.6,89.47744,105.20884,2.1181
26.864,0.1427,-0.1033,-35.96,30,0.1444,TRACKING,70.7,68.9,89.55280,105.27792,2.1196
26.880,0.1439,-0.1041,-36.09,30,0.1430,TRACKING,67.6,68.7,89.62816,105.34700,2.1211
26.896,0.1451,-0.1050,-36.48,30,0.1415,TRACKING,73.0,69.3,89.70980,105.40980,2.1225
26.912,0.1463,-0.1059,-36.61,30,0.1400,TRACKING,68.3,68.4,89.78516,105.47888,2.1240
26.928,0.1475,-0.1068,-36.74,30,0.1386,TRACKING,65.6,68.0,89.86052,105.54796,2.1255
26.944,0.1487,-0.1077,-37.00,30,0.1370,TRACKING,68.5,68.0,89.94216,105.61704,2.1270
26.960,0.1499,-0.1086,-37.13,30,0.1355,TRACKING,71.7,68.1,90.01752,105.68612,2.1285
26.976,0.1511,-0.1095,-37.26,30,0.1341,TRACKING,72.3,67.8,90.09288,105.75520,2.1300
26.992,0.1523,-0.1104,-37.52,30,0.1325,TRACKING,67.2,67.5,90.17452,105.82428,2.1315
27.008,0.1535,-0.1114,-37.52,30,0.1310,TRACKING,70.0,67.7,90.24988,105.89964,2.1331
27.024,0.1548,-0.1123,-37.77,30,0.1295,TRACKING,68.0,67.7,90.33152,105.96872,2.1346
27.040,0.1559,-0.1132,-37.90,30,0.1280,TRACKING,68.6,67.8,90.40688,106.03780,2.1361
27.056,0.1571,-0.1142,-38.16,30,0.1264,TRACKING,67.4,67.7,90.48852,106.10688,2.1377
27.072,0.1584,-0.1151,-38.16,30,0.1249,TRACKING,65.1,67.2,90.56388,106.18224,2.1392
27.088,0.1596,-0.1161,-38.42,30,0.1234,TRACKING,69.8,67.6,90.64552,106.25132,2.1408
27.104,0.1607,-0.1170,-38.55,30,0.1219,TRACKING,69.2,67.1,90.72088,106.32040,2.1422
27.120,0.1620,-0.1180,-38.68,30,0.1203,TRACKING,73.7,67.3,90.80252,106.39576,2.1438
27.136,0.1631,-0.1189,-38.81,30,0.1188,TRACKING,68.7,66.5,90.87788,106.46484,2.1453
27.152,0.1644,-0.1200,-38.94,30,0.1172,TRACKING,69.8,66.9,90.95952,106.54020,2.1469
27.168,0.1655,-0.1209,-39.07,30,0.1157,TRACKING,67.5,67.0,91.03488,106.60928,2.1484
27.184,0.1668,-0.1219,-39.20,30,0.1141,TRACKING,72.3,67.4,91.11652,106.68464,2.1500
27.200,0.1679,-0.1228,-39.33,30,0.1126,TRACKING,68.5,67.6,91.19188,106.75372,2.1515
27.216,0.1692,-0.1239,-39.46,30,0.1110,TRACKING,65.6,67.1,91.27352,106.82908,2.1531
27.232,0.1704,-0.1248,-39.46,30,0.1095,TRACKING,67.9,67.2,91.34888,106.90444,2.1547
27.248,0.1716,-0.1258,-39.72,30,0.1079,TRACKING,69.1,67.4,91.43052,106.97352,2.1562
27.264,0.1728,-0.1268,-39.72,30,0.1064,TRACKING,70.0,67.4,91.50588,107.04888,2.1577
27.280,0.1739,-0.1278,-39.97,30,0.1049,TRACKING,71.5,67.1,91.58752,107.11796,2.1593
27.296,0.1752,-0.1288,-40.10,30,0.1033,TRACKING,69.4,67.4,91.66916,107.19332,2.1609
27.312,0.1764,-0.1298,-40.10,30,0.1017,TRACKING,66.1,67.2,91.74452,107.26868,2.1624
27.328,0.1776,-0.1309,-40.23,30,0.1001,TRACKING,73.2,68.0,91.82616,107.34404,2.1641
27.344,0.1787,-0.1318,-40.36,30,0.0986,TRACKING,71.1,67.2,91.90152,107.41312,2.1655
27.360,0.1799,-0.1329,-40.49,30,0.0970,TRACKING,69.5,67.0,91.98316,107.48848,2.1671
27.376,0.1812,-0.1339,-40.62,30,0.0954,TRACKING,66.9,67.0,92.06480,107.56384,2.1688
27.392,0.1823,-0.1349,-40.62,30,0.0939,TRACKING,66.2,66.7,92.14016,107.63920,2.1703
27.408,0.1836,-0.1360,-40.75,30,0.0923,TRACKING,65.7,66.5,92.22180,107.71456,2.1719
27.424,0.1848,-0.1370,-40.88,30,0.0907,TRACKING,65.3,66.3,92.30344,107.78992,2.1735
27.440,0.1859,-0.1380,-41.01,30,0.0892,TRACKING,64.5,66.1,92.37880,107.85900,2.1750
27.456,0.1871,-0.1391,-41.14,30,0.0876,TRACKING,67.4,66.1,92.46044,107.93436,2.1766
27.472,0.1883,-0.1401,-41.27,30,0.0860,TRACKING,66.1,66.1,92.54208,108.00972,2.1782
27.488,0.1895,-0.1411,-41.27,30,0.0844,TRACKING,72.5,67.0,92.61744,108.08508,2.1798
27.504,0.1907,-0.1422,-41.40,30,0.0828,TRACKING,66.6,66.7,92.69908,108.16044,2.1814
27.520,0.1919,-0.1433,-41.53,30,0.0812,TRACKING,66.0,66.2,92.78072,108.23580,2.1830
27.536,0.1930,-0.1443,-41.53,30,0.1857,TRACKING,71.1,66.6,92.85608,108.31116,2.1845
27.552,0.1943,-0.1454,-41.66,30,0.1841,TRACKING,70.6,67.1,92.93772,108.38652,2.1861
27.568,0.1955,-0.1464,-41.79,30,0.1825,TRACKING,73.4,67.3,93.01936,108.46188,2.1877
27.584,0.1966,-0.1475,-41.79,30,0.1810,TRACKING,67.1,67.3,93.09472,108.53724,2.1893
27.600,0.1978,-0.1485,-41.92,30,0.1794,TRACKING,68.2,67.4,93.17636,108.61260,2.1909
27.616,0.1990,-0.1496,-42.04,30,0.1778,TRACKING,62.7,66.6,93.25800,108.68796,2.1925
27.632,0.2001,-0.1506,-42.04,30,0.1762,TRACKING,64.9,65.8,93.33336,108.76332,2.1941
27.648,0.2013,-0.1517,-42.17,29,0.1746,TRACKING,64.9,65.7,93.41500,108.83868,2.1957
27.664,0.2025,-0.1528,-42.30,29,0.1730,TRACKING,67.4,65.9,93.49664,108.91404,2.1973
27.680,0.2037,-0.1538,-42.30,29,0.1715,TRACKING,72.9,66.5,93.57200,108.98940,2.1988
27.696,0.2049,-0.1549,-42.43,29,0.1699,TRACKING,67.0,66.6,93.65364,109.06476,2.2004
27.712,0.2061,-0.1560,-42.56,29,0.1682,TRACKING,69.1,66.9,93.73528,109.14012,2.2020
27.728,0.2072,-0.1571,-42.69,29,0.1666,TRACKING,75.2,67.4,93.81692,109.21548,2.2036
27.744,0.2084,-0.1582,-42.69,29,0.1651,TRACKING,69.8,67.5,93.89228,109.29084,2.2052
27.760,0.2096,-0.1592,-42.82,29,0.1635,TRACKING,69.8,67.8,93.97392,109.36620,2.2068
27.776,0.2108,-0.1604,-42.82,29,0.1618,TRACKING,66.0,67.6,94.05556,109.44784,2.2085
27.792,0.2120,-0.1615,-42.95,29,0.1602,TRACKING,70.6,67.3,94.13720,109.52320,2.2101
27.808,0.2131,-0.1625,-42.95,29,0.1587,TRACKING,68.9,67.5,94.21256,109.59856,2.2116
27.824,0.2143,-0.1636,-43.08,29,0.1571,TRACKING,64.7,67.0,94.29420,109.67392,2.2132
27.840,0.2155,-0.1648,-43.08,29,0.1554,TRACKING,71.3,67.6,94.37584,109.75556,2.2149
27.856,0.2167,-0.1659,-43.21,29,0.1538,TRACKING,70.1,67.9,94.45748,109.83092,2.2165
27.872,0.2178,-0.1670,-43.34,29,0.1522,TRACKING,69.6,67.9,94.53912,109.90628,2.2181
27.888,0.2190,-0.1681,-43.21,29,0.1506,TRACKING,68.9,68.0,94.61448,109.98792,2.2197
27.904,0.2202,-0.1692,-43.34,29,0.1489,TRACKING,65.1,67.6,94.69612,110.06328,2.2213
27.920,0.2213,-0.1703,-43.47,29,0.1473,TRACKING,66.0,67.0,94.77776,110.13864,2.2230
27.936,0.2225,-0.1714,-43.60,29,0.1457,TRACKING,67.7,67.1,94.85940,110.21400,2.2246
27.952,0.2237,-0.1725,-43.60,29,0.1441,TRACKING,68.7,66.5,94.94104,110.29564,2.2262
27.968,0.2248,-0.1736,-43.60,29,0.1425,TRACKING,67.1,66.6,95.01640,110.37100,2.2278
27.984,0.2261,-0.1748,-43.60,29,0.1408,TRACKING,68.7,66.9,95.09804,110.45264,2.2295
28.000,0.2272,-0.1759,-43.73,29,0.1392,TRACKING,69.2,67.2,95.17968,110.52800,2.2311
28.016,0.2284,-0.1770,-43.86,29,0.1376,TRACKING,67.5,66.6,95.26132,110.60336,2.2327
28.032,0.2296,-0.1782,-43.86,29,0.1360,TRACKING,69.0,67.0,95.34296,110.68500,2.2343
28.048,0.2307,-0.1793,-43.99,29,0.1343,TRACKING,65.5,66.5,95.42460,110.76036,2.2360
28.064,0.2319,-0.1804,-43.86,29,0.1327,TRACKING,69.3,66.9,95.49996,110.84200,2.2376
28.080,0.2331,-0.1815,-43.99,29,0.1311,TRACKING,70.4,67.3,95.58160,110.91736,2.2392
28.096,0.2343,-0.1827,-43.99,29,0.1295,TRACKING,66.9,66.6,95.66324,110.99900,2.2408
28.112,0.2354,-0.1838,-44.11,29,0.1278,TRACKING,67.6,66.5,95.74488,111.07436,2.2425
28.128,0.2366,-0.1849,-44.11,29,0.1262,TRACKING,72.9,67.3,95.82652,111.15600,2.2441
28.144,0.2378,-0.1861,-44.24,29,0.1246,TRACKING,68.3,67.4,95.90816,111.23136,2.2457
28.160,0.2390,-0.1872,-44.24,29,0.1229,TRACKING,70.6,67.8,95.98980,111.31300,2.2474
28.176,0.2401,-0.1883,-44.24,29,0.1213,TRACKING,67.3,67.1,96.06516,111.38836,2.2490
28.192,0.2413,-0.1895,-44.24,29,0.1197,TRACKING,71.2,67.7,96.14680,111.47000,2.2506
28.208,0.2425,-0.1907,-44.24,29,0.1180,TRACKING,72.0,67.5,96.22844,111.55164,2.2523
28.224,0.2436,-0.1918,-44.37,29,0.1164,TRACKING,68.5,67.5,96.31008,111.62700,2.2539
28.240,0.2448,-0.1929,-44.37,29,0.1147,TRACKING,68.8,67.2,96.39172,111.70864,2.2556
28.256,0.2460,-0.1941,-44.50,29,0.1131,TRACKING,65.5,67.0,96.47336,111.78400,2.2572
28.272,0.2472,-0.1952,-44.50,29,0.1114,TRACKING,67.2,66.9,96.55500,111.86564,2.2589
28.288,0.2483,-0.1964,-44.63,29,0.1098,TRACKING,67.7,67.0,96.63664,111.94100,2.2605
28.304,0.2495,-0.1976,-44.63,29,0.1082,TRACKING,71.2,66.9,96.71828,112.02264,2.2622
28.320,0.2507,-0.1987,-44.50,29,0.1065,TRACKING,69.2,67.1,96.79364,112.10428,2.2638
28.336,0.2518,-0.1998,-44.63,29,0.1049,TRACKING,67.3,66.7,96.87528,112.17964,2.2654
28.352,0.2530,-0.2010,-44.63,29,0.1033,TRACKING,69.2,67.0,96.95692,112.26128,2.2670
28.368,0.2541,-0.2021,-44.76,29,0.1017,TRACKING,66.0,66.9,97.03856,112.33664,2.2687
28.384,0.2553,-0.2033,-44.76,29,0.1000,TRACKING,65.5,66.7,97.12020,112.41828,2.2703
28.400,0.2565,-0.2045,-44.76,29,0.0983,TRACKING,73.8,67.6,97.20184,112.49992,2.2720
28.416,0.2577,-0.2056,-44.89,29,0.0967,TRACKING,65.9,67.4,97.28348,112.57528,2.2736
28.432,0.2588,-0.2068,-44.89,29,0.0950,TRACKING,71.8,67.0,97.36512,112.65692,2.2753
28.448,0.2600,-0.2080,-44.89,29,0.0933,TRACKING,72.2,67.1,97.44676,112.73856,2.2770
28.464,0.2612,-0.2091,-45.02,29,0.0917,TRACKING,69.4,67.4,97.52840,112.81392,2.2786
28.480,0.2624,-0.2103,-45.02,29,0.0901,TRACKING,69.7,67.7,97.61004,112.89556,2.2802
28.496,0.2635,-0.2114,-44.89,29,0.0885,TRACKING,68.5,67.8,97.68540,112.97720,2.2819
28.512,0.2647,-0.2126,-44.89,29,0.0868,TRACKING,70.3,67.4,97.76704,113.05884,2.2835
28.528,0.2658,-0.2137,-45.02,29,0.0852,TRACKING,72.0,68.0,97.84868,113.13420,2.2851
28.544,0.2670,-0.2149,-45.02,29,0.0835,TRACKING,69.8,68.3,97.93032,113.21584,2.2868
28.560,0.2682,-0.2161,-45.02,29,0.0818,TRACKING,73.1,68.9,98.01196,113.29748,2.2885
28.576,0.2693,-0.2173,-45.15,29,0.0802,TRACKING,65.3,68.4,98.09360,113.37284,2.2901
28.592,0.2705,-0.2184,-45.15,29,0.1139,TRACKING,74.9,69.3,98.17524,113.45448,2.2918
28.608,0.2717,-0.2196,-45.15,29,0.1122,TRACKING,75.0,68.8,98.25688,113.53612,2.2934
28.624,0.2729,-0.2208,-45.15,29,0.1105,TRACKING,64.1,68.1,98.33852,113.61776,2.2951
28.640,0.2740,-0.2220,-45.28,29,0.1089,TRACKING,66.6,67.9,98.42016,113.69312,2.2967
28.656,0.2752,-0.2231,-45.28,29,0.1073,TRACKING,65.8,67.6,98.50180,113.77476,2.2984
28.672,0.2763,-0.2243,-45.28,29,0.1056,TRACKING,70.1,67.4,98.58344,113.85640,2.3001
28.688,0.2775,-0.2255,-45.28,28,0.1039,TRACKING,70.0,67.7,98.66508,113.93804,2.3017
28.704,0.2787,-0.2267,-45.28,28,0.1022,TRACKING,70.2,67.3,98.74672,114.01968,2.3034
28.720,0.2799,-0.2279,-45.28,28,0.1006,TRACKING,68.7,67.5,98.82836,114.10132,2.3051
28.736,0.2811,-0.2291,-45.28,28,0.0989,TRACKING,71.0,67.8,98.91000,114.18296,2.3068
28.752,0.2822,-0.2302,-45.41,28,0.0973,TRACKING,65.9,67.5,98.99164,114.25832,2.3084
28.768,0.2834,-0.2314,-45.41,28,0.0956,TRACKING,68.5,67.6,99.07328,114.33996,2.3100
28.784,0.2845,-0.2326,-45.41,28,0.0939,TRACKING,72.0,67.9,99.15492,114.42160,2.3117
28.800,0.2857,-0.2338,-45.41,28,0.0923,TRACKING,68.0,67.9,99.23656,114.50324,2.3134
28.816,0.2869,-0.2350,-45.41,28,0.0906,TRACKING,69.6,68.0,99.31820,114.58488,2.3151
28.832,0.2881,-0.2362,-45.41,28,0.0889,TRACKING,70.5,68.3,99.39984,114.66652,2.3167
28.848,0.2892,-0.2374,-45.41,28,0.0872,TRACKING,72.5,68.3,99.48148,114.74816,2.3184
28.864,0.2904,-0.2386,-45.41,28,0.0856,TRACKING,69.5,68.4,99.56312,114.82980,2.3201
28.880,0.2915,-0.2397,-45.54,28,0.0840,TRACKING,68.0,68.4,99.64476,114.90516,2.3217
28.896,0.2927,-0.2409,-45.54,28,0.0823,TRACKING,67.4,68.2,99.72640,114.98680,2.3234
28.912,0.2939,-0.2421,-45.54,28,0.0806,TRACKING,68.4,68.3,99.80804,115.06844,2.3250
28.928,0.2951,-0.2433,-45.54,28,0.0980,TRACKING,69.8,68.1,99.88968,115.15008,2.3267
28.944,0.2960,-0.2443,-45.15,28,0.0967,TRACKING,71.1,68.0,99.94620,115.22544,2.3281
28.960,0.2970,-0.2452,-44.76,28,0.0953,TRACKING,69.0,67.9,100.00272,115.30080,2.3294
28.976,0.2980,-0.2462,-44.50,28,0.0939,TRACKING,70.4,68.3,100.06552,115.37616,2.3308
28.992,0.2989,-0.2471,-44.24,28,0.0927,TRACKING,67.0,68.1,100.12204,115.44524,2.3321
29.008,0.2999,-0.2481,-43.99,28,0.0913,TRACKING,67.7,67.4,100.18484,115.52060,2.3335
29.024,0.3009,-0.2490,-43.60,28,0.0899,TRACKING,71.2,67.8,100.24136,115.59596,2.3349
29.040,0.3019,-0.2500,-43.34,27,0.0885,TRACKING,74.5,68.6,100.30416,115.67132,2.3363
29.056,0.3029,-0.2510,-43.08,27,0.0871,TRACKING,74.4,68.8,100.36696,115.74668,2.3377
29.072,0.3039,-0.2519,-42.69,27,0.0858,TRACKING,73.5,69.1,100.42348,115.82204,2.3391
29.088,0.3050,-0.2529,-42.43,27,0.0844,TRACKING,69.5,69.1,100.48628,115.89740,2.3405
29.104,0.3060,-0.2538,-42.17,27,0.0830,TRACKING,74.7,69.8,100.54908,115.97276,2.3419
29.120,0.3071,-0.2548,-41.92,27,0.0816,TRACKING,70.9,69.9,100.61188,116.04812,2.3433
29.136,0.3081,-0.2557,-41.66,27,0.0802,TRACKING,68.9,69.0,100.67468,116.12348,2.3447
29.152,0.3092,-0.2566,-41.40,27,0.1137,TRACKING,69.7,68.7,100.73748,116.19884,2.3462
29.168,0.3103,-0.2576,-41.27,27,0.1122,TRACKING,71.6,68.8,100.80656,116.27420,2.3476
29.184,0.3115,-0.2587,-41.14,27,0.1106,TRACKING,65.3,68.4,100.88192,116.35584,2.3492
29.200,0.3126,-0.2597,-41.01,27,0.1091,TRACKING,70.5,68.1,100.95100,116.43120,2.3507
29.216,0.3138,-0.2607,-40.88,27,0.1075,TRACKING,68.6,68.1,101.02636,116.51284,2.3523
29.232,0.3150,-0.2617,-40.75,27,0.1060,TRACKING,64.9,67.6,101.09544,116.58820,2.3538
29.248,0.3162,-0.2627,-40.62,26,0.1044,TRACKING,68.1,67.3,101.17080,116.66984,2.3554
29.264,0.3174,-0.2637,-40.36,26,0.1029,TRACKING,66.1,67.2,101.23988,116.75148,2.3570
29.280,0.3185,-0.2647,-40.36,26,0.1013,TRACKING,69.6,67.2,101.31524,116.82684,2.3585
29.296,0.3198,-0.2658,-40.23,26,0.0997,TRACKING,69.1,67.4,101.39060,116.90848,2.3601
29.312,0.3209,-0.2667,-40.10,26,0.0982,TRACKING,68.4,67.5,101.45968,116.98384,2.3616
29.328,0.3221,-0.2678,-39.97,26,0.0966,TRACKING,66.7,67.4,101.53504,117.06548,2.3632
29.344,0.3233,-0.2688,-39.97,26,0.0951,TRACKING,73.8,68.3,101.61040,117.14084,2.3648
29.360,0.3245,-0.2697,-39.72,26,0.0936,TRACKING,68.9,68.3,101.67948,117.22248,2.3663
29.376,0.3257,-0.2708,-39.59,26,0.0919,TRACKING,65.3,67.9,101.75484,117.30412,2.3679
29.392,0.3269,-0.2718,-39.59,26,0.0904,TRACKING,73.0,68.4,101.83020,117.37948,2.3695
29.408,0.3281,-0.2727,-39.33,26,0.0889,TRACKING,68.4,68.1,101.89928,117.46112,2.3710
29.424,0.3293,-0.2737,-39.33,26,0.0873,TRACKING,66.7,67.8,101.97464,117.53648,2.3725
29.440,0.3306,-0.2747,-39.20,26,0.0857,TRACKING,69.3,67.9,102.05000,117.61812,2.3742
29.456,0.3318,-0.2758,-39.07,26,0.0841,TRACKING,65.2,67.5,102.12536,117.69976,2.3758
29.472,0.3330,-0.2767,-39.07,26,0.0826,TRACKING,65.9,66.8,102.20072,117.77512,2.3773
29.488,0.3343,-0.2777,-38.94,26,0.0810,TRACKING,71.1,67.3,102.27608,117.85676,2.3789
29.504,0.3355,-0.2787,-38.68,26,0.1008,TRACKING,72.5,68.0,102.34516,117.93840,2.3805
29.520,0.3365,-0.2795,-38.42,26,0.0995,TRACKING,66.6,67.5,102.40168,118.00748,2.3818
29.536,0.3375,-0.2803,-38.03,26,0.0982,TRACKING,66.9,67.4,102.45820,118.08284,2.3831
29.552,0.3386,-0.2812,-37.64,26,0.0969,TRACKING,68.0,67.5,102.51472,118.15820,2.3845
29.568,0.3396,-0.2820,-37.39,26,0.0956,TRACKING,66.6,67.4,102.57124,118.22728,2.3857
29.584,0.3407,-0.2828,-37.00,26,0.0943,TRACKING,66.5,67.1,102.62776,118.30264,2.3871
29.600,0.3418,-0.2836,-36.61,26,0.0930,TRACKING,69.6,67.5,102.68428,118.37800,2.3884
29.616,0.3429,-0.2844,-36.48,26,0.0916,TRACKING,71.6,68.0,102.74708,118.44708,2.3898
29.632,0.3440,-0.2852,-36.09,25,0.0903,TRACKING,66.6,67.4,102.80360,118.52244,2.3912
29.648,0.3451,-0.2860,-35.70,25,0.0890,TRACKING,68.7,67.5,102.86012,118.59780,2.3925
29.664,0.3462,-0.2868,-35.44,25,0.0876,TRACKING,63.6,67.0,102.92292,118.67316,2.3939
29.680,0.3473,-0.2876,-35.06,25,0.0862,TRACKING,74.0,67.9,102.97944,118.74852,2.3953
29.696,0.3485,-0.2884,-34.80,25,0.0848,TRACKING,68.2,68.0,103.04224,118.82388,2.3967
29.712,0.3495,-0.2891,-34.54,25,0.0836,TRACKING,73.0,68.6,103.09876,118.89296,2.3980
29.728,0.3507,-0.2899,-34.28,25,0.0822,TRACKING,68.4,68.6,103.16156,118.96832,2.3994
29.744,0.3519,-0.2907,-34.02,25,0.0808,TRACKING,70.2,68.1,103.22436,119.04368,2.4008
29.760,0.3530,-0.2915,-33.63,25,0.1479,TRACKING,65.7,67.8,103.28088,119.11904,2.4022
29.776,0.3544,-0.2924,-33.63,25,0.1462,TRACKING,67.4,67.6,103.36252,119.20068,2.4038
29.792,0.3558,-0.2933,-33.63,25,0.1445,TRACKING,67.7,67.6,103.44416,119.28232,2.4055
29.808,0.3571,-0.2942,-33.76,25,0.1429,TRACKING,67.6,67.6,103.52580,119.35768,2.4071
29.824,0.3585,-0.2952,-33.76,25,0.1412,TRACKING,66.6,67.3,103.60744,119.43932,2.4088
29.840,0.3599,-0.2961,-33.76,25,0.1396,TRACKING,66.9,66.4,103.68908,119.52096,2.4105
29.856,0.3613,-0.2970,-33.76,24,0.1379,TRACKING,65.0,65.9,103.77072,119.60260,2.4121
29.872,0.3627,-0.2979,-33.76,24,0.1362,TRACKING,74.3,67.0,103.85236,119.68424,2.4138
29.888,0.3640,-0.2988,-33.89,24,0.1346,TRACKING,68.5,66.9,103.93400,119.75960,2.4154
29.904,0.3654,-0.2998,-33.89,24,0.1329,TRACKING,65.3,66.5,104.01564,119.84124,2.4171
29.920,0.3668,-0.3007,-33.89,24,0.1312,TRACKING,68.8,66.5,104.09728,119.92288,2.4188
29.936,0.3682,-0.3016,-33.89,24,0.1296,TRACKING,74.0,67.5,104.17892,120.00452,2.4204
29.952,0.3696,-0.3026,-33.89,24,0.1279,TRACKING,63.4,66.9,104.26056,120.08616,2.4221
29.968,0.3710,-0.3035,-33.89,24,0.1262,TRACKING,72.4,67.1,104.34220,120.16780,2.4238
29.984,0.3723,-0.3044,-34.02,24,0.1246,TRACKING,64.8,66.8,104.42384,120.24316,2.4254
30.000,0.3737,-0.3053,-34.02,24,0.1229,TRACKING,71.7,66.8,104.50548,120.32480,2.4271
30.016,0.3751,-0.3063,-34.02,24,0.1213,TRACKING,66.9,66.8,104.58712,120.40644,2.4287
30.032,0.3765,-0.3072,-34.02,24,0.1196,TRACKING,65.4,66.6,104.66876,120.48808,2.4304
30.048,0.3779,-0.3082,-34.02,24,0.1179,TRACKING,65.7,66.5,104.75040,120.56972,2.4321
30.064,0.3792,-0.3091,-34.02,24,0.1163,TRACKING,66.5,66.5,104.83204,120.65136,2.4338
30.080,0.3806,-0.3100,-34.02,24,0.1146,TRACKING,72.5,66.7,104.91368,120.73300,2.4354
30.096,0.3820,-0.3109,-34.15,24,0.1130,TRACKING,69.3,66.4,104.99532,120.80836,2.4370
30.112,0.3833,-0.3119,-34.15,24,0.1113,TRACKING,70.1,66.9,105.07696,120.89000,2.4387
30.128,0.3847,-0.3128,-34.15,24,0.1096,TRACKING,68.5,66.8,105.15860,120.97164,2.4404
30.144,0.3861,-0.3137,-34.15,24,0.1079,TRACKING,69.0,66.5,105.24024,121.05328,2.4421
30.160,0.3875,-0.3147,-34.15,24,0.1063,TRACKING,65.3,66.1,105.32188,121.13492,2.4437
30.176,0.3889,-0.3156,-34.15,24,0.1046,TRACKING,69.2,66.5,105.40352,121.21656,2.4454
30.192,0.3903,-0.3166,-34.15,24,0.1029,TRACKING,71.1,66.7,105.48516,121.29820,2.4471
30.208,0.3917,-0.3175,-34.15,24,0.1013,TRACKING,66.5,66.5,105.56680,121.37984,2.4488
30.224,0.3930,-0.3184,-34.28,24,0.0996,TRACKING,65.9,66.4,105.64844,121.45520,2.4504
30.240,0.3944,-0.3194,-34.28,24,0.0980,TRACKING,68.7,66.5,105.73008,121.53684,2.4520
30.256,0.3958,-0.3203,-34.28,24,0.0963,TRACKING,73.1,67.3,105.81172,121.61848,2.4537
30.272,0.3971,-0.3212,-34.28,24,0.0946,TRACKING,68.0,66.9,105.89336,121.70012,2.4554
30.288,0.3985,-0.3222,-34.28,24,0.0929,TRACKING,68.4,66.8,105.97500,121.78176,2.4571
30.304,0.3999,-0.3231,-34.28,24,0.0913,TRACKING,71.1,66.7,106.05664,121.86340,2.4587
30.320,0.4013,-0.3241,-34.28,24,0.0896,TRACKING,70.3,67.2,106.13828,121.94504,2.4604
30.336,0.4027,-0.3250,-34.28,24,0.0879,TRACKING,65.4,66.8,106.21992,122.02668,2.4621
30.352,0.4040,-0.3259,-34.28,24,0.0863,TRACKING,69.9,67.2,106.30156,122.10832,2.4638
30.368,0.4054,-0.3269,-34.28,24,0.0846,TRACKING,63.2,66.7,106.38320,122.18996,2.4654
30.384,0.4068,-0.3278,-34.28,24,0.0829,TRACKING,67.3,66.8,106.46484,122.27160,2.4671
30.400,0.4081,-0.3287,-34.41,24,0.0813,TRACKING,66.3,66.7,106.54648,122.34696,2.4687
30.416,0.4095,-0.3297,-34.41,24,0.1012,TRACKING,69.8,66.8,106.62812,122.42860,2.4704
30.432,0.4107,-0.3305,-34.15,24,0.0998,TRACKING,67.0,66.8,106.69092,122.50396,2.4718
30.448,0.4119,-0.3313,-33.76,24,0.0983,TRACKING,67.8,66.9,106.75372,122.58560,2.4733
30.464,0.4131,-0.3321,-33.50,24,0.0969,TRACKING,66.4,66.7,106.81652,122.66096,2.4747
30.480,0.4143,-0.3329,-33.37,24,0.0954,TRACKING,70.0,66.9,106.88560,122.73632,2.4762
30.496,0.4155,-0.3337,-33.12,24,0.0940,TRACKING,68.9,67.2,106.94840,122.81168,2.4776
30.512,0.4167,-0.3345,-32.86,24,0.0926,TRACKING,69.1,67.1,107.01120,122.88704,2.4790
30.528,0.4180,-0.3353,-32.73,23,0.0912,TRACKING,70.4,67.2,107.08028,122.96240,2.4805
30.544,0.4191,-0.3360,-32.47,23,0.0898,TRACKING,70.4,67.6,107.14308,123.03776,2.4819
30.560,0.4205,-0.3369,-32.21,23,0.0882,TRACKING,70.8,68.0,107.21216,123.11940,2.4835
30.576,0.4217,-0.3376,-31.95,23,0.0868,TRACKING,71.8,68.5,107.27496,123.19476,2.4849
30.592,0.4229,-0.3384,-31.82,23,0.0853,TRACKING,75.0,68.5,107.34404,123.27012,2.4864
30.608,0.4242,-0.3392,-31.69,23,0.0839,TRACKING,71.2,68.8,107.41312,123.34548,2.4878
30.624,0.4254,-0.3399,-31.30,23,0.0824,TRACKING,70.1,69.0,107.47592,123.42712,2.4893
30.640,0.4267,-0.3407,-31.17,23,0.0809,TRACKING,68.1,68.9,107.54500,123.50248,2.4908
30.656,0.4280,-0.3415,-31.04,23,0.1133,TRACKING,70.0,69.0,107.61408,123.57784,2.4923
30.672,0.4294,-0.3423,-31.04,23,0.1116,TRACKING,67.5,68.2,107.69572,123.65948,2.4940
30.688,0.4308,-0.3432,-31.04,23,0.1100,TRACKING,68.2,68.2,107.77736,123.74112,2.4956
30.704,0.4323,-0.3441,-31.04,23,0.1083,TRACKING,72.1,68.7,107.85900,123.82276,2.4973
30.720,0.4337,-0.3449,-31.04,23,0.1066,TRACKING,69.9,68.8,107.94064,123.90440,2.4990
30.736,0.4351,-0.3458,-31.04,23,0.1050,TRACKING,71.6,69.2,108.02228,123.98604,2.5006
30.752,0.4366,-0.3467,-31.04,22,0.1033,TRACKING,66.5,68.4,108.10392,124.06768,2.5023
30.768,0.4380,-0.3475,-31.04,22,0.1016,TRACKING,70.9,68.2,108.18556,124.14932,2.5040
30.784,0.4394,-0.3484,-31.04,22,0.0999,TRACKING,71.8,68.7,108.26720,124.23096,2.5057
30.800,0.4409,-0.3492,-31.04,22,0.0983,TRACKING,69.9,68.9,108.34884,124.31260,2.5073
30.816,0.4423,-0.3501,-31.04,22,0.0966,TRACKING,71.5,69.1,108.43048,124.39424,2.5090
30.832,0.4437,-0.3510,-31.04,22,0.0949,TRACKING,68.5,69.0,108.51212,124.47588,2.5107
30.848,0.4452,-0.3518,-31.04,22,0.0932,TRACKING,75.4,69.9,108.59376,124.55752,2.5124
30.864,0.4466,-0.3527,-31.04,22,0.0916,TRACKING,69.9,69.9,108.67540,124.63916,2.5140
30.880,0.4480,-0.3536,-31.04,22,0.0899,TRACKING,71.8,70.1,108.75704,124.72080,2.5157
30.896,0.4496,-0.3545,-31.04,22,0.0881,TRACKING,64.9,69.4,108.84496,124.80872,2.5175
30.912,0.4510,-0.3553,-31.04,22,0.0864,TRACKING,72.0,69.1,108.92660,124.89036,2.5192
30.928,0.4525,-0.3562,-31.04,22,0.0847,TRACKING,70.7,68.7,109.00824,124.97200,2.5209
30.944,0.4539,-0.3571,-31.04,22,0.0831,TRACKING,72.7,68.7,109.08988,125.05364,2.5225
30.960,0.4553,-0.3579,-31.04,22,0.0814,TRACKING,72.7,69.2,109.17152,125.13528,2.5242
30.976,0.4568,-0.3588,-31.04,22,0.1976,TRACKING,66.9,68.9,109.25316,125.21692,2.5259
30.992,0.4576,-0.3593,-30.53,22,0.1966,TRACKING,70.3,68.9,109.29084,125.27972,2.5269
31.008,0.4586,-0.3599,-29.88,22,0.1956,TRACKING,69.3,69.0,109.32852,125.34880,2.5280
31.024,0.4595,-0.3604,-29.23,22,0.1945,TRACKING,75.2,69.8,109.36620,125.41788,2.5291
31.040,0.4605,-0.3610,-28.72,22,0.1934,TRACKING,69.2,69.3,109.41016,125.48696,2.5303
31.056,0.4615,-0.3615,-28.07,22,0.1924,TRACKING,69.9,69.3,109.44784,125.55604,2.5314
31.072,0.4625,-0.3620,-27.55,22,0.1913,TRACKING,70.9,69.5,109.49180,125.62512,2.5325
31.088,0.4636,-0.3626,-27.03,22,0.1902,TRACKING,69.2,69.5,109.53576,125.69420,2.5337
31.104,0.4647,-0.3631,-26.64,22,0.1890,TRACKING,66.4,69.1,109.58600,125.76328,2.5349
31.120,0.4657,-0.3636,-26.13,21,0.1879,TRACKING,68.4,69.0,109.62996,125.83236,2.5360
31.136,0.4667,-0.3641,-25.61,21,0.1867,TRACKING,67.6,68.8,109.67392,125.90144,2.5372
31.152,0.4678,-0.3647,-25.22,21,0.1856,TRACKING,70.1,68.5,109.72416,125.97052,2.5384
31.168,0.4689,-0.3652,-24.83,21,0.1844,TRACKING,75.3,68.2,109.77440,126.03960,2.5397
31.184,0.4701,-0.3657,-24.32,21,0.1831,TRACKING,72.5,68.5,109.82464,126.11496,2.5409
31.200,0.4712,-0.3662,-23.93,21,0.1819,TRACKING,68.4,68.4,109.87488,126.18404,2.5422
31.216,0.4724,-0.3667,-23.54,21,0.1807,TRACKING,69.3,68.5,109.92512,126.25312,2.5434
31.232,0.4735,-0.3672,-23.02,21,0.1795,TRACKING,65.8,68.1,109.97536,126.32848,2.5447
31.248,0.4747,-0.3677,-22.63,21,0.1783,TRACKING,71.1,67.8,110.02560,126.39756,2.5459
31.264,0.4759,-0.3682,-22.24,21,0.1770,TRACKING,70.7,67.8,110.08212,126.47292,2.5472
31.280,0.4770,-0.3687,-21.86,21,0.1758,TRACKING,70.4,67.4,110.13236,126.54200,2.5485
31.296,0.4783,-0.3692,-21.47,21,0.1744,TRACKING,68.2,67.4,110.18888,126.61736,2.5498
31.312,0.4796,-0.3697,-21.08,21,0.1731,TRACKING,72.3,68.1,110.24540,126.69272,2.5512
31.328,0.4808,-0.3701,-20.82,21,0.1718,TRACKING,70.5,68.4,110.30192,126.76180,2.5525
31.344,0.4820,-0.3706,-20.43,21,0.1705,TRACKING,69.6,68.1,110.35844,126.83716,2.5538
31.360,0.4833,-0.3711,-20.05,21,0.1692,TRACKING,71.7,68.6,110.41496,126.91252,2.5552
31.376,0.4846,-0.3715,-19.66,21,0.1679,TRACKING,71.7,68.8,110.47148,126.98788,2.5565
31.392,0.4858,-0.3720,-19.53,21,0.1665,TRACKING,67.7,68.6,110.53428,127.05696,2.5579
31.408,0.4871,-0.3724,-19.14,21,0.1652,TRACKING,67.9,68.1,110.59080,127.13232,2.5592
31.424,0.4885,-0.3729,-18.88,21,0.1638,TRACKING,69.9,68.3,110.65360,127.20768,2.5606
31.440,0.4897,-0.3733,-18.49,21,0.1625,TRACKING,69.6,68.0,110.71012,127.28304,2.5620
31.456,0.4911,-0.3738,-18.23,21,0.1611,TRACKING,68.8,67.6,110.77292,127.35840,2.5634
31.472,0.4924,-0.3742,-17.97,21,0.1597,TRACKING,66.8,67.3,110.83572,127.43376,2.5648
31.488,0.4937,-0.3746,-17.59,21,0.1583,TRACKING,65.5,67.0,110.89224,127.50912,2.5662
31.504,0.4951,-0.3750,-17.33,21,0.1569,TRACKING,65.8,66.6,110.95504,127.58448,2.5676
31.520,0.4964,-0.3755,-17.07,21,0.1555,TRACKING,71.4,67.2,111.01784,127.65984,2.5690
31.536,0.4978,-0.3759,-16.81,21,0.1541,TRACKING,67.1,67.2,111.08064,127.73520,2.5704
31.552,0.4992,-0.3763,-16.68,21,0.1527,TRACKING,68.0,66.9,111.14972,127.81056,2.5719
31.568,0.5006,-0.3767,-16.42,21,0.1513,TRACKING,67.6,67.0,111.21252,127.88592,2.5733
31.584,0.5019,-0.3771,-16.16,21,0.1498,TRACKING,70.9,66.9,111.27532,127.96128,2.5747
31.600,0.5033,-0.3775,-15.90,21,0.1484,TRACKING,70.4,67.2,111.33812,128.03664,2.5762
31.616,0.5047,-0.3779,-15.77,21,0.1470,TRACKING,68.2,67.2,111.40720,128.11200,2.5776
31.632,0.5061,-0.3783,-15.52,21,0.1456,TRACKING,66.6,67.0,111.47000,128.18736,2.5790
31.648,0.5075,-0.3787,-15.26,21,0.1440,TRACKING,71.7,67.6,111.53908,128.26900,2.5806
31.664,0.5089,-0.3791,-15.00,21,0.1426,TRACKING,69.8,67.9,111.60188,128.34436,2.5820
31.680,0.5103,-0.3794,-14.87,21,0.1412,TRACKING,74.8,68.8,111.67096,128.41972,2.5835
31.696,0.5117,-0.3798,-14.61,21,0.1398,TRACKING,70.9,68.5,111.73376,128.49508,2.5849
31.712,0.5132,-0.3802,-14.35,21,0.1382,TRACKING,71.7,68.0,111.80284,128.57672,2.5865
31.728,0.5146,-0.3806,-14.22,21,0.1367,TRACKING,68.0,67.9,111.87192,128.65208,2.5879
31.744,0.5161,-0.3809,-14.09,21,0.1353,TRACKING,70.2,67.9,111.94100,128.72744,2.5894
31.760,0.5175,-0.3813,-13.83,21,0.1339,TRACKING,63.7,67.3,112.00380,128.80280,2.5908
31.776,0.5190,-0.3816,-13.57,21,0.1323,TRACKING,65.8,66.8,112.07288,128.88444,2.5924
31.792,0.5204,-0.3820,-13.45,21,0.1309,TRACKING,65.2,66.4,112.14196,128.95980,2.5939
31.808,0.5218,-0.3823,-13.32,21,0.1294,TRACKING,68.5,66.7,112.21104,129.03516,2.5953
31.824,0.5233,-0.3827,-13.06,21,0.1278,TRACKING,66.8,66.7,112.28012,129.11680,2.5969
31.840,0.5248,-0.3830,-12.93,21,0.1264,TRACKING,70.7,66.8,112.34920,129.19216,2.5984
31.856,0.5263,-0.3833,-12.67,21,0.1248,TRACKING,68.8,66.9,112.41828,129.27380,2.5999
31.872,0.5278,-0.3837,-12.67,21,0.1233,TRACKING,76.7,67.4,112.49364,129.34916,2.6014
31.888,0.5292,-0.3840,-12.54,21,0.1218,TRACKING,69.9,67.7,112.56272,129.42452,2.6029
31.904,0.5308,-0.3843,-12.28,21,0.1203,TRACKING,65.6,67.2,112.63180,129.50616,2.6045
31.920,0.5322,-0.3846,-12.15,21,0.1188,TRACKING,69.8,67.3,112.70088,129.58152,2.6060
31.936,0.5338,-0.3850,-12.02,21,0.1172,TRACKING,72.9,67.6,112.77624,129.66316,2.6076
31.952,0.5352,-0.3853,-11.89,21,0.1157,TRACKING,65.3,67.2,112.84532,129.73852,2.6090
31.968,0.5367,-0.3856,-11.63,21,0.1142,TRACKING,69.9,67.1,112.91440,129.82016,2.6106
31.984,0.5382,-0.3859,-11.63,21,0.1126,TRACKING,71.3,67.6,112.98976,129.89552,2.6121
32.000,0.5398,-0.3862,-11.37,21,0.1111,TRACKING,67.4,67.6,113.05884,129.97716,2.6137
32.016,0.5412,-0.3865,-11.25,21,0.1096,TRACKING,69.6,67.2,113.12792,130.05252,2.6152
32.032,0.5428,-0.3868,-11.12,21,0.1080,TRACKING,71.0,67.7,113.20328,130.13416,2.6168
32.048,0.5442,-0.3871,-10.99,21,0.1065,TRACKING,71.4,67.8,113.27236,130.20952,2.6182
32.064,0.5458,-0.3874,-10.86,21,0.1049,TRACKING,69.4,68.0,113.34772,130.29116,2.6199
32.080,0.5473,-0.3877,-10.86,21,0.1034,TRACKING,67.0,67.9,113.42308,130.36652,2.6214
32.096,0.5489,-0.3880,-10.60,21,0.1019,TRACKING,73.0,68.0,113.49216,130.44816,2.6229
32.112,0.5504,-0.3883,-10.60,21,0.1003,TRACKING,69.8,68.2,113.56752,130.52352,2.6245
32.128,0.5519,-0.3886,-10.34,21,0.0988,TRACKING,70.2,68.5,113.63660,130.60516,2.6260
32.144,0.5535,-0.3888,-10.21,21,0.0972,TRACKING,70.2,68.0,113.71196,130.68680,2.6276
32.160,0.5550,-0.3891,-10.21,21,0.0956,TRACKING,70.4,67.5,113.78732,130.76216,2.6292
32.176,0.5565,-0.3894,-9.95,21,0.0941,TRACKING,65.4,67.2,113.85640,130.84380,2.6307
32.192,0.5580,-0.3897,-9.95,21,0.0925,TRACKING,66.2,67.1,113.93176,130.91916,2.6323
32.208,0.5596,-0.3899,-9.82,21,0.0909,TRACKING,66.9,67.0,114.00712,131.00080,2.6339
32.224,0.5612,-0.3902,-9.69,21,0.0893,TRACKING,68.3,67.2,114.08248,131.08244,2.6355
32.240,0.5627,-0.3905,-9.56,21,0.0878,TRACKING,66.1,67.1,114.15156,131.15780,2.6370
32.256,0.5643,-0.3907,-9.43,21,0.0862,TRACKING,68.9,67.0,114.22692,131.23944,2.6386
32.272,0.5658,-0.3910,-9.43,21,0.0847,TRACKING,73.0,67.1,114.30228,131.31480,2.6401
32.288,0.5674,-0.3912,-9.30,21,0.0831,TRACKING,73.3,67.9,114.37764,131.39644,2.6417
32.304,0.5690,-0.3915,-9.17,21,0.0815,TRACKING,75.1,68.7,114.45300,131.47808,2.6434
32.320,0.5705,-0.3917,-9.17,21,0.1058,TRACKING,72.0,68.8,114.52836,131.55344,2.6449
32.336,0.5716,-0.3919,-8.53,21,0.1048,TRACKING,66.5,68.2,114.56604,131.62252,2.6460
32.352,0.5727,-0.3921,-7.88,21,0.1038,TRACKING,72.5,68.6,114.60372,131.69160,2.6471
32.368,0.5738,-0.3922,-7.36,21,0.1027,TRACKING,66.5,68.3,114.64768,131.76068,2.6482
32.384,0.5749,-0.3924,-6.72,21,0.1016,TRACKING,70.2,68.5,114.68536,131.82976,2.6493
32.400,0.5760,-0.3925,-6.20,21,0.1005,TRACKING,70.2,68.1,114.72932,131.89884,2.6505
32.416,0.5772,-0.3926,-5.68,21,0.0994,TRACKING,68.1,68.1,114.77328,131.96792,2.6517
32.432,0.5784,-0.3927,-5.29,21,0.0982,TRACKING,67.0,67.9,114.82352,132.03700,2.6529
32.448,0.5796,-0.3928,-4.77,21,0.0971,TRACKING,66.2,67.3,114.86748,132.10608,2.6540
32.464,0.5807,-0.3929,-4.26,20,0.0960,TRACKING,68.4,67.1,114.91144,132.17516,2.6552
32.480,0.5819,-0.3930,-3.87,20,0.0948,TRACKING,63.2,66.4,114.96168,132.24424,2.6564
32.496,0.5831,-0.3931,-3.35,20,0.0937,TRACKING,67.9,66.6,115.00564,132.31332,2.6576
32.512,0.5844,-0.3931,-2.83,20,0.0924,TRACKING,67.9,66.7,115.05588,132.38868,2.6589
32.528,0.5856,-0.3932,-2.45,20,0.0912,TRACKING,67.4,66.8,115.10612,132.45776,2.6601
32.544,0.5868,-0.3932,-1.93,20,0.0901,TRACKING,71.1,67.4,115.15008,132.52684,2.6612
32.560,0.5880,-0.3933,-1.41,20,0.0889,TRACKING,66.7,67.2,115.20032,132.60220,2.6625
32.576,0.5893,-0.3933,-1.02,20,0.0877,TRACKING,68.3,67.2,115.25056,132.67128,2.6638
32.592,0.5906,-0.3933,-0.76,20,0.0864,TRACKING,71.9,67.6,115.30708,132.74036,2.6650
32.608,0.5918,-0.3933,-0.25,20,0.0852,TRACKING,69.4,67.5,115.35732,132.81572,2.6663
32.624,0.5931,-0.3933,0.14,20,0.0840,TRACKING,71.7,68.1,115.40756,132.88480,2.6676
32.640,0.5944,-0.3933,0.53,20,0.0826,TRACKING,67.9,68.0,115.46408,132.96016,2.6689
32.656,0.5956,-0.3933,0.92,20,0.0814,TRACKING,68.3,67.0,115.51432,133.02924,2.6701
32.672,0.5970,-0.3933,1.31,20,0.0801,TRACKING,69.8,67.1,115.57084,133.10460,2.6715
32.688,0.5982,-0.3933,1.70,20,0.1034,TRACKING,68.6,67.1,115.62108,133.17368,2.6727
32.704,0.5996,-0.3932,1.95,20,0.1020,TRACKING,72.2,67.8,115.68388,133.24904,2.6741
32.720,0.6010,-0.3932,2.21,20,0.1006,TRACKING,70.9,67.9,115.74668,133.32440,2.6755
32.736,0.6025,-0.3931,2.47,20,0.0992,TRACKING,72.4,68.5,115.80948,133.39976,2.6770
32.752,0.6039,-0.3930,2.73,20,0.0978,TRACKING,66.6,68.2,115.87228,133.47512,2.6784
32.768,0.6053,-0.3930,2.99,20,0.0964,TRACKING,67.4,68.1,115.93508,133.55048,2.6798
32.784,0.6067,-0.3929,3.25,20,0.0950,TRACKING,70.9,68.5,115.99788,133.62584,2.6812
32.800,0.6082,-0.3928,3.51,19,0.0935,TRACKING,65.9,68.1,116.06696,133.70748,2.6827
32.816,0.6097,-0.3927,3.77,19,0.0921,TRACKING,72.8,68.7,116.12976,133.78284,2.6842
32.832,0.6111,-0.3926,4.02,19,0.0907,TRACKING,70.5,69.0,116.19256,133.85820,2.6856
32.848,0.6125,-0.3925,4.15,19,0.0892,TRACKING,68.4,68.9,116.26164,133.93356,2.6871
32.864,0.6140,-0.3924,4.41,19,0.0878,TRACKING,69.6,68.3,116.32444,134.00892,2.6885
32.880,0.6154,-0.3923,4.67,19,0.0864,TRACKING,66.2,68.0,116.38724,134.08428,2.6899
32.896,0.6168,-0.3922,4.80,19,0.0849,TRACKING,69.8,67.9,116.45632,134.15964,2.6914
32.912,0.6183,-0.3920,5.19,19,0.0834,TRACKING,68.4,67.5,116.51912,134.24128,2.6929
32.928,0.6198,-0.3919,5.32,19,0.0820,TRACKING,64.6,67.1,116.58820,134.31664,2.6943
32.944,0.6213,-0.3918,5.45,19,0.0805,TRACKING,70.3,67.6,116.65728,134.39200,2.6958
32.960,0.6227,-0.3916,5.71,19,0.1105,TRACKING,74.2,67.6,116.72008,134.46736,2.6972
32.976,0.6238,-0.3915,6.22,19,0.1094,TRACKING,70.4,67.5,116.76404,134.53644,2.6984
32.992,0.6250,-0.3914,6.74,19,0.1082,TRACKING,63.2,67.0,116.80800,134.60552,2.6995
33.008,0.6261,-0.3912,7.26,19,0.1071,TRACKING,73.5,67.8,116.85196,134.67460,2.7007
33.024,0.6274,-0.3911,7.78,19,0.1059,TRACKING,68.1,67.8,116.90220,134.74996,2.7020
33.040,0.6286,-0.3909,8.30,19,0.1048,TRACKING,69.2,67.4,116.94616,134.81904,2.7032
33.056,0.6298,-0.3907,8.68,19,0.1036,TRACKING,70.0,67.7,116.99640,134.88812,2.7044
33.072,0.6309,-0.3905,9.20,19,0.1025,TRACKING,64.7,67.3,117.04036,134.95720,2.7055
33.088,0.6321,-0.3903,9.59,18,0.1013,TRACKING,68.6,67.5,117.09060,135.02628,2.7068
33.104,0.6334,-0.3901,10.11,18,0.1000,TRACKING,68.1,67.2,117.14084,135.10164,2.7080
33.120,0.6346,-0.3899,10.50,18,0.0988,TRACKING,71.1,67.1,117.19108,135.17072,2.7093
33.136,0.6358,-0.3897,10.88,18,0.0976,TRACKING,73.3,67.6,117.24132,135.23980,2.7105
33.152,0.6371,-0.3894,11.40,18,0.0964,TRACKING,71.9,68.2,117.29156,135.31516,2.7118
33.168,0.6383,-0.3892,11.66,18,0.0951,TRACKING,69.0,68.3,117.34808,135.38424,2.7131
33.184,0.6396,-0.3889,12.18,18,0.0939,TRACKING,69.5,67.7,117.39832,135.45960,2.7144
33.200,0.6408,-0.3886,12.57,18,0.0927,TRACKING,71.7,68.2,117.44856,135.52868,2.7156
33.216,0.6421,-0.3883,12.95,18,0.0913,TRACKING,65.7,67.7,117.50508,135.60404,2.7169
33.232,0.6433,-0.3881,13.21,18,0.0901,TRACKING,63.9,67.2,117.56160,135.67312,2.7182
33.248,0.6446,-0.3878,13.73,18,0.0888,TRACKING,67.7,66.8,117.61184,135.74848,2.7195
33.264,0.6459,-0.3874,14.12,18,0.0875,TRACKING,69.4,67.2,117.66836,135.82384,2.7209
33.280,0.6472,-0.3871,14.38,18,0.0862,TRACKING,69.7,67.5,117.72488,135.89292,2.7221
33.296,0.6485,-0.3868,14.77,18,0.0849,TRACKING,70.3,67.5,117.78140,135.96828,2.7235
33.312,0.6498,-0.3864,15.15,18,0.0836,TRACKING,73.1,68.3,117.83792,136.04364,2.7248
33.328,0.6510,-0.3861,15.41,18,0.0823,TRACKING,68.0,68.1,117.89444,136.11272,2.7261
33.344,0.6523,-0.3857,15.80,18,0.0810,TRACKING,66.2,67.8,117.95096,136.18808,2.7275
33.360,0.6536,-0.3853,16.19,18,0.1264,TRACKING,66.3,67.6,118.00748,136.26344,2.7288
33.376,0.6552,-0.3849,16.19,18,0.1248,TRACKING,67.5,67.6,118.08912,136.34508,2.7305
33.392,0.6568,-0.3844,16.19,18,0.1231,TRACKING,70.4,67.0,118.17076,136.42672,2.7322
33.408,0.6584,-0.3839,16.19,18,0.1214,TRACKING,74.5,67.7,118.25240,136.50836,2.7339
33.424,0.6600,-0.3835,16.19,18,0.1197,TRACKING,64.7,67.3,118.33404,136.59000,2.7355
33.440,0.6616,-0.3830,16.19,18,0.1181,TRACKING,70.1,67.7,118.41568,136.67164,2.7372
33.456,0.6633,-0.3825,16.19,17,0.1164,TRACKING,66.6,67.5,118.49732,136.75328,2.7389
33.472,0.6649,-0.3821,16.19,17,0.1147,TRACKING,70.9,67.4,118.57896,136.83492,2.7406
33.488,0.6665,-0.3816,16.19,17,0.1130,TRACKING,70.5,67.5,118.66060,136.91656,2.7422
33.504,0.6681,-0.3811,16.19,17,0.1114,TRACKING,64.0,66.7,118.74224,136.99820,2.7439
33.520,0.6697,-0.3807,16.19,17,0.1097,TRACKING,64.1,66.4,118.82388,137.07984,2.7456
33.536,0.6713,-0.3802,16.19,17,0.1080,TRACKING,69.0,66.7,118.90552,137.16148,2.7472
33.552,0.6730,-0.3797,16.06,17,0.1063,TRACKING,68.6,66.6,118.99344,137.24312,2.7490
33.568,0.6745,-0.3793,16.19,17,0.1047,TRACKING,68.5,66.9,119.06880,137.32476,2.7506
33.584,0.6761,-0.3788,16.19,17,0.1030,TRACKING,70.0,66.5,119.15044,137.40640,2.7523
33.600,0.6778,-0.3783,16.06,17,0.1013,TRACKING,71.7,67.2,119.23836,137.48804,2.7540
33.616,0.6793,-0.3779,16.19,17,0.0997,TRACKING,71.9,67.4,119.31372,137.56968,2.7556
33.632,0.6810,-0.3774,16.06,17,0.0979,TRACKING,67.9,67.1,119.40164,137.65132,2.7574
33.648,0.6825,-0.3770,16.19,17,0.0963,TRACKING,67.2,67.1,119.47700,137.73296,2.7590
33.664,0.6842,-0.3765,16.06,17,0.0946,TRACKING,69.1,67.3,119.56492,137.81460,2.7607
33.680,0.6858,-0.3760,16.19,17,0.0930,TRACKING,71.7,67.9,119.64028,137.89624,2.7623
33.696,0.6874,-0.3756,16.19,17,0.0913,TRACKING,71.7,67.8,119.72192,137.97788,2.7640
33.712,0.6890,-0.3751,16.06,17,0.0895,TRACKING,68.0,67.9,119.80984,138.05952,2.7657
33.728,0.6906,-0.3746,16.19,17,0.0879,TRACKING,71.1,67.6,119.88520,138.14116,2.7673
33.744,0.6923,-0.3741,16.32,17,0.0862,TRACKING,67.8,67.5,119.96684,138.22908,2.7691
33.760,0.6939,-0.3737,16.19,17,0.0845,TRACKING,61.7,66.8,120.05476,138.31072,2.7708
33.776,0.6955,-0.3732,16.19,17,0.0828,TRACKING,68.1,66.9,120.13640,138.39236,2.7725
33.792,0.6971,-0.3727,16.19,17,0.0811,TRACKING,68.0,66.8,120.21804,138.47400,2.7742
33.808,0.6987,-0.3723,16.19,17,0.1798,TRACKING,69.8,67.1,120.29968,138.55564,2.7758
33.824,0.6998,-0.3719,16.84,17,0.1788,TRACKING,68.8,67.0,120.33736,138.62472,2.7769
33.840,0.7010,-0.3716,17.22,17,0.1776,TRACKING,71.8,67.6,120.38760,138.69380,2.7781
33.856,0.7021,-0.3712,17.74,17,0.1765,TRACKING,69.1,67.4,120.43156,138.76288,2.7793
33.872,0.7032,-0.3709,18.26,17,0.1754,TRACKING,71.1,67.5,120.47552,138.83196,2.7805
33.888,0.7043,-0.3705,18.65,17,0.1742,TRACKING,68.1,67.3,120.52576,138.90104,2.7817
33.904,0.7054,-0.3701,19.17,17,0.1731,TRACKING,72.3,67.9,120.56972,138.97012,2.7828
33.920,0.7066,-0.3697,19.68,17,0.1718,TRACKING,66.7,67.6,120.61996,139.04548,2.7841
33.936,0.7078,-0.3693,20.07,16,0.1706,TRACKING,70.3,67.9,120.67020,139.11456,2.7854
33.952,0.7089,-0.3689,20.46,16,0.1694,TRACKING,67.9,67.9,120.72044,139.18364,2.7866
33.968,0.7101,-0.3684,20.98,16,0.1682,TRACKING,68.9,68.0,120.77068,139.25900,2.7879
33.984,0.7113,-0.3680,21.37,16,0.1670,TRACKING,64.6,67.6,120.82092,139.32808,2.7891
34.000,0.7125,-0.3675,21.75,16,0.1657,TRACKING,71.0,68.0,120.87744,139.40344,2.7904
34.016,0.7137,-0.3670,22.14,16,0.1645,TRACKING,68.5,67.6,120.92768,139.47252,2.7917
34.032,0.7149,-0.3665,22.53,16,0.1631,TRACKING,77.4,67.8,120.98420,139.54788,2.7930
34.048,0.7161,-0.3660,22.79,16,0.1619,TRACKING,73.1,68.5,121.04072,139.61696,2.7943
34.064,0.7173,-0.3655,23.31,16,0.1606,TRACKING,72.4,69.0,121.09096,139.69232,2.7956
34.080,0.7185,-0.3649,23.69,16,0.1593,TRACKING,70.5,69.2,121.14748,139.76768,2.7969
34.096,0.7198,-0.3644,23.82,16,0.1580,TRACKING,68.7,69.1,121.21028,139.83676,2.7983
34.112,0.7210,-0.3639,24.21,16,0.1566,TRACKING,66.5,68.8,121.26680,139.91212,2.7996
34.128,0.7222,-0.3633,24.60,16,0.1553,TRACKING,70.7,68.7,121.32332,139.98748,2.8010
34.144,0.7235,-0.3627,24.99,16,0.1540,TRACKING,68.9,68.6,121.37984,140.06284,2.8023
34.160,0.7247,-0.3622,25.12,16,0.1526,TRACKING,70.4,68.3,121.44264,140.13192,2.8037
34.176,0.7259,-0.3616,25.51,16,0.1513,TRACKING,67.7,68.3,121.49916,140.20728,2.8051
34.192,0.7271,-0.3610,25.89,16,0.1500,TRACKING,68.4,67.6,121.55568,140.28264,2.8064
34.208,0.7284,-0.3604,26.15,16,0.1486,TRACKING,71.8,67.7,121.61848,140.35800,2.8078
34.224,0.7297,-0.3597,26.41,16,0.1472,TRACKING,70.8,68.1,121.68128,140.43336,2.8092
34.240,0.7309,-0.3591,26.67,16,0.1458,TRACKING,71.9,68.6,121.74408,140.50872,2.8107
34.256,0.7322,-0.3585,26.93,16,0.1444,TRACKING,73.4,67.8,121.80688,140.58408,2.8121
34.272,0.7334,-0.3579,27.32,16,0.1430,TRACKING,65.9,67.5,121.86340,140.65944,2.8134
34.288,0.7347,-0.3572,27.45,16,0.1416,TRACKING,69.5,67.8,121.93248,140.73480,2.8149
34.304,0.7360,-0.3565,27.71,16,0.1402,TRACKING,67.6,67.8,121.99528,140.81016,2.8163
34.320,0.7372,-0.3559,27.97,16,0.1388,TRACKING,69.9,68.0,122.05808,140.88552,2.8177
34.336,0.7385,-0.3552,28.22,16,0.1374,TRACKING,64.1,67.5,122.12088,140.96088,2.8191
34.352,0.7397,-0.3545,28.48,16,0.1360,TRACKING,71.2,68.0,122.18368,141.03624,2.8206
34.368,0.7410,-0.3538,28.74,16,0.1346,TRACKING,72.0,68.4,122.24648,141.11160,2.8220
34.384,0.7423,-0.3531,28.87,16,0.1331,TRACKING,63.3,67.7,122.31556,141.18696,2.8235
34.400,0.7436,-0.3524,29.26,16,0.1316,TRACKING,63.0,67.1,122.37836,141.26860,2.8249
34.416,0.7448,-0.3517,29.39,16,0.1301,TRACKING,74.5,68.1,122.44744,141.34396,2.8264
34.432,0.7461,-0.3510,29.65,16,0.1287,TRACKING,68.4,68.0,122.51024,141.41932,2.8278
34.448,0.7474,-0.3503,29.78,16,0.1273,TRACKING,71.0,68.4,122.57932,141.49468,2.8293
34.464,0.7487,-0.3495,29.91,16,0.1258,TRACKING,70.9,67.3,122.64840,141.57004,2.8308
34.480,0.7499,-0.3488,30.29,16,0.1243,TRACKING,69.4,67.6,122.71120,141.65168,2.8323
34.496,0.7512,-0.3480,30.42,16,0.1228,TRACKING,65.9,67.3,122.78028,141.72704,2.8338
34.512,0.7525,-0.3473,30.55,16,0.1214,TRACKING,68.9,67.4,122.84936,141.80240,2.8352
34.528,0.7538,-0.3465,30.81,16,0.1198,TRACKING,69.8,67.7,122.91844,141.88404,2.8368
34.544,0.7551,-0.3457,30.94,16,0.1184,TRACKING,72.1,67.6,122.98752,141.95940,2.8383
34.560,0.7563,-0.3450,31.20,16,0.1170,TRACKING,70.8,68.0,123.05032,142.03476,2.8397
34.576,0.7576,-0.3442,31.46,16,0.1154,TRACKING,69.8,68.0,123.11940,142.11640,2.8412
34.592,0.7589,-0.3434,31.59,16,0.1139,TRACKING,70.3,68.2,123.18848,142.19176,2.8427
34.608,0.7602,-0.3426,31.59,16,0.1124,TRACKING,62.7,67.5,123.26384,142.26712,2.8443
34.624,0.7615,-0.3418,31.85,16,0.1109,TRACKING,72.6,67.7,123.33292,142.34876,2.8458
34.640,0.7628,-0.3410,31.98,16,0.1094,TRACKING,68.3,67.6,123.40200,142.42412,2.8473
34.656,0.7640,-0.3402,32.11,16,0.1079,TRACKING,69.4,67.8,123.47108,142.49948,2.8488
34.672,0.7653,-0.3394,32.37,16,0.1064,TRACKING,69.1,67.7,123.54016,142.58112,2.8503
34.688,0.7666,-0.3386,32.49,16,0.1049,TRACKING,73.2,68.4,123.60924,142.65648,2.8518
34.704,0.7679,-0.3378,32.75,16,0.1034,TRACKING,68.0,68.4,123.67832,142.73812,2.8533
34.720,0.7692,-0.3369,32.75,16,0.1018,TRACKING,66.6,67.4,123.75368,142.81348,2.8549
34.736,0.7705,-0.3361,33.01,16,0.1003,TRACKING,68.6,67.5,123.82276,142.89512,2.8564
34.752,0.7717,-0.3353,33.14,16,0.0988,TRACKING,67.5,67.5,123.89184,142.97048,2.8579
34.768,0.7731,-0.3344,33.27,16,0.0972,TRACKING,67.0,67.2,123.96720,143.05212,2.8595
34.784,0.7743,-0.3336,33.40,16,0.0957,TRACKING,67.1,67.2,124.03628,143.12748,2.8610
34.800,0.7756,-0.3327,33.53,16,0.0941,TRACKING,66.0,67.0,124.11164,143.20912,2.8626
34.816,0.7769,-0.3319,33.66,16,0.0926,TRACKING,77.7,68.4,124.18072,143.28448,2.8641
34.832,0.7782,-0.3310,33.79,16,0.0910,TRACKING,67.1,68.2,124.25608,143.36612,2.8657
34.848,0.7794,-0.3302,33.92,16,0.0896,TRACKING,74.6,69.1,124.32516,143.44148,2.8672
34.864,0.7808,-0.3293,34.05,16,0.0880,TRACKING,68.3,68.4,124.40052,143.52312,2.8688
34.880,0.7820,-0.3284,34.18,16,0.0865,TRACKING,63.1,67.7,124.46960,143.59848,2.8703
34.896,0.7833,-0.3275,34.31,16,0.0849,TRACKING,69.9,67.7,124.54496,143.68012,2.8719
34.912,0.7846,-0.3267,34.44,16,0.0834,TRACKING,70.0,67.7,124.61404,143.75548,2.8733
34.928,0.7859,-0.3258,34.57,16,0.0818,TRACKING,65.3,67.2,124.68940,143.83712,2.8750
34.944,0.7871,-0.3249,34.69,16,0.0803,TRACKING,64.2,66.5,124.75848,143.91248,2.8764
34.960,0.7884,-0.3240,34.82,16,0.1139,TRACKING,66.3,66.3,124.83384,143.99412,2.8780
34.976,0.7896,-0.3232,34.95,16,0.1124,TRACKING,66.7,66.3,124.90292,144.06948,2.8795
34.992,0.7909,-0.3223,35.21,16,0.1109,TRACKING,69.7,66.2,124.97200,144.15112,2.8811
35.008,0.7921,-0.3214,35.34,16,0.1094,TRACKING,63.6,65.7,125.04108,144.22648,2.8826
35.024,0.7933,-0.3206,35.47,16,0.1080,TRACKING,68.6,66.1,125.11016,144.30184,2.8840
35.040,0.7946,-0.3197,35.73,16,0.1064,TRACKING,74.7,66.6,125.17924,144.38348,2.8856
35.056,0.7958,-0.3188,35.86,15,0.1049,TRACKING,66.5,66.6,125.24832,144.45884,2.8871
35.072,0.7970,-0.3179,36.12,15,0.1034,TRACKING,66.8,66.6,125.31740,144.54048,2.8886
35.088,0.7982,-0.3170,36.25,15,0.1019,TRACKING,64.6,66.2,125.38648,144.61584,2.8901
35.104,0.7995,-0.3161,36.25,15,0.1004,TRACKING,70.5,66.2,125.46184,144.69120,2.8916
35.120,0.8007,-0.3152,36.51,15,0.0989,TRACKING,69.9,66.7,125.53092,144.77284,2.8932
35.136,0.8019,-0.3143,36.64,15,0.0974,TRACKING,69.1,67.0,125.60000,144.84820,2.8947
35.152,0.8031,-0.3134,36.89,15,0.0958,TRACKING,70.9,67.3,125.66908,144.92984,2.8962
35.168,0.8044,-0.3125,36.89,15,0.0943,TRACKING,68.6,67.3,125.74444,145.00520,2.8977
35.184,0.8056,-0.3115,37.15,15,0.0928,TRACKING,66.4,67.1,125.81352,145.08684,2.8993
35.200,0.8068,-0.3106,37.15,15,0.0912,TRACKING,68.1,66.9,125.88888,145.16220,2.9008
35.216,0.8081,-0.3097,37.41,15,0.0897,TRACKING,70.7,67.4,125.95796,145.24384,2.9024
35.232,0.8092,-0.3088,37.54,15,0.0882,TRACKING,71.5,67.8,126.02704,145.31920,2.9039
35.248,0.8105,-0.3078,37.67,15,0.0866,TRACKING,69.6,68.0,126.10240,145.40084,2.9055
35.264,0.8117,-0.3069,37.80,15,0.0851,TRACKING,66.6,67.4,126.17148,145.47620,2.9069
35.280,0.8130,-0.3059,37.93,15,0.0835,TRACKING,71.4,67.6,126.24684,145.55784,2.9086
35.296,0.8141,-0.3050,38.06,15,0.0820,TRACKING,72.8,68.3,126.31592,145.63320,2.9100
35.312,0.8154,-0.3040,38.19,15,0.0804,TRACKING,67.9,68.3,126.39128,145.71484,2.9116
35.328,0.8165,-0.3031,38.32,15,0.1185,TRACKING,69.4,68.0,126.46036,145.79020,2.9131
35.344,0.8174,-0.3024,39.09,15,0.1175,TRACKING,69.6,68.2,126.49176,145.85928,2.9142
35.360,0.8181,-0.3018,39.74,15,0.1166,TRACKING,71.2,68.3,126.52316,145.92208,2.9151
35.376,0.8189,-0.3012,40.26,15,0.1157,TRACKING,66.0,68.0,126.56084,145.98488,2.9162
35.392,0.8197,-0.3005,41.04,15,0.1147,TRACKING,72.2,67.7,126.59224,146.05396,2.9172
35.408,0.8204,-0.2998,41.68,15,0.1138,TRACKING,67.8,67.7,126.62364,146.11676,2.9181
35.424,0.8212,-0.2991,42.33,15,0.1128,TRACKING,73.0,68.4,126.66132,146.18584,2.9192
35.440,0.8220,-0.2984,42.98,15,0.1117,TRACKING,69.8,67.8,126.69900,146.25492,2.9203
35.456,0.8228,-0.2977,43.49,15,0.1108,TRACKING,70.0,67.9,126.73668,146.31772,2.9214
35.472,0.8236,-0.2969,44.14,14,0.1097,TRACKING,68.3,67.9,126.77436,146.38680,2.9225
35.488,0.8244,-0.2961,44.66,14,0.1086,TRACKING,69.8,67.5,126.81832,146.45588,2.9236
35.504,0.8252,-0.2953,45.31,14,0.1076,TRACKING,67.0,67.2,126.85600,146.52496,2.9247
35.520,0.8260,-0.2945,45.82,14,0.1065,TRACKING,66.0,67.1,126.89996,146.59404,2.9259
35.536,0.8268,-0.2937,46.34,14,0.1054,TRACKING,71.3,67.4,126.94392,146.66312,2.9270
35.552,0.8276,-0.2928,46.86,14,0.1042,TRACKING,70.4,67.3,126.98788,146.73220,2.9282
35.568,0.8284,-0.2920,47.38,14,0.1031,TRACKING,68.2,67.4,127.03184,146.80128,2.9293
35.584,0.8291,-0.2911,47.89,14,0.1020,TRACKING,68.1,67.5,127.07580,146.87036,2.9305
35.600,0.8299,-0.2903,48.41,14,0.1009,TRACKING,67.6,67.5,127.11976,146.93944,2.9317
35.616,0.8307,-0.2893,48.80,14,0.0997,TRACKING,68.4,67.6,127.17000,147.00852,2.9329
35.632,0.8315,-0.2885,49.32,14,0.0986,TRACKING,67.0,67.6,127.21396,147.07760,2.9340
35.648,0.8323,-0.2875,49.71,14,0.0974,TRACKING,72.7,68.2,127.26420,147.14668,2.9353
35.664,0.8331,-0.2865,50.22,14,0.0962,TRACKING,68.6,68.3,127.31444,147.22204,2.9366
35.680,0.8339,-0.2856,50.61,14,0.0950,TRACKING,69.8,67.8,127.36468,147.29112,2.9378
35.696,0.8346,-0.2847,51.13,14,0.0938,TRACKING,70.4,67.6,127.40864,147.36020,2.9389
35.712,0.8355,-0.2836,51.52,14,0.0925,TRACKING,66.4,67.5,127.46516,147.43556,2.9403
35.728,0.8362,-0.2827,51.91,14,0.0913,TRACKING,68.0,67.5,127.51540,147.50464,2.9415
35.744,0.8370,-0.2817,52.42,14,0.0901,TRACKING,70.0,67.9,127.56564,147.58000,2.9428
35.760,0.8377,-0.2807,52.81,14,0.0889,TRACKING,69.4,66.9,127.61588,147.64908,2.9440
35.776,0.8386,-0.2796,53.20,14,0.0876,TRACKING,68.5,67.1,127.67240,147.72444,2.9454
35.792,0.8393,-0.2786,53.59,14,0.0864,TRACKING,69.8,67.3,127.72264,147.79352,2.9466
35.808,0.8401,-0.2775,53.98,14,0.0850,TRACKING,66.0,67.1,127.77916,147.86888,2.9480
35.824,0.8408,-0.2766,54.36,14,0.0838,TRACKING,71.6,67.7,127.82940,147.93796,2.9492
35.840,0.8416,-0.2755,54.75,14,0.0825,TRACKING,66.4,66.9,127.88592,148.01332,2.9505
35.856,0.8423,-0.2744,55.01,14,0.0813,TRACKING,66.0,66.6,127.94244,148.08240,2.9518
35.872,0.8431,-0.2733,55.40,14,0.1136,TRACKING,68.1,66.7,127.99896,148.15776,2.9532
35.888,0.8440,-0.2720,55.66,14,0.1120,TRACKING,68.2,66.7,128.06804,148.23940,2.9547
35.904,0.8448,-0.2707,55.66,14,0.1105,TRACKING,73.7,67.6,128.14340,148.31476,2.9563
35.920,0.8457,-0.2695,55.92,14,0.1090,TRACKING,74.5,68.6,128.21248,148.39640,2.9578
35.936,0.8466,-0.2682,55.92,14,0.1074,TRACKING,64.7,67.8,128.28784,148.47176,2.9593
35.952,0.8474,-0.2669,56.18,14,0.1059,TRACKING,68.9,66.9,128.35692,148.55340,2.9609
35.968,0.8483,-0.2656,56.18,14,0.1043,TRACKING,70.2,67.4,128.43228,148.62876,2.9624
35.984,0.8492,-0.2643,56.44,13,0.1028,TRACKING,71.6,67.1,128.50136,148.71040,2.9640
36.000,0.8500,-0.2630,56.44,13,0.1012,TRACKING,71.0,67.4,128.57672,148.78576,2.9655
36.016,0.8509,-0.2618,56.69,13,0.0997,TRACKING,70.7,67.8,128.64580,148.86740,2.9671
36.032,0.8517,-0.2605,56.69,13,0.0982,TRACKING,69.2,68.0,128.72116,148.94276,2.9686
36.048,0.8526,-0.2592,56.95,13,0.0966,TRACKING,70.3,68.1,128.79024,149.02440,2.9702
36.064,0.8534,-0.2579,56.95,13,0.0951,TRACKING,69.7,68.1,128.86560,149.09976,2.9717
36.080,0.8543,-0.2565,57.08,13,0.0935,TRACKING,71.5,68.3,128.94096,149.18140,2.9733
36.096,0.8551,-0.2552,57.34,13,0.0919,TRACKING,66.9,68.0,129.01004,149.26304,2.9749
36.112,0.8559,-0.2539,57.34,13,0.0904,TRACKING,61.3,67.0,129.08540,149.33840,2.9764
36.128,0.8568,-0.2526,57.47,13,0.0888,TRACKING,72.9,67.8,129.16076,149.42004,2.9780
36.144,0.8576,-0.2513,57.47,13,0.0872,TRACKING,71.5,67.8,129.23612,149.49540,2.9796
36.160,0.8585,-0.2499,57.60,13,0.0856,TRACKING,69.4,68.0,129.31148,149.57704,2.9812
36.176,0.8593,-0.2486,57.86,13,0.0841,TRACKING,68.3,68.1,129.38056,149.65868,2.9827
36.192,0.8602,-0.2473,57.86,13,0.0826,TRACKING,69.7,68.3,129.45592,149.73404,2.9843
36.208,0.8610,-0.2459,57.99,13,0.0809,TRACKING,66.5,67.3,129.53128,149.81568,2.9859
36.224,0.8619,-0.2446,58.12,13,0.1020,TRACKING,71.6,67.8,129.60664,149.89732,2.9875
36.240,0.8625,-0.2435,58.38,13,0.1007,TRACKING,64.7,67.3,129.66316,149.96640,2.9888
36.256,0.8633,-0.2423,58.64,13,0.0993,TRACKING,65.3,66.8,129.72596,150.04176,2.9902
36.272,0.8640,-0.2411,59.02,13,0.0980,TRACKING,69.5,66.9,129.78248,150.11712,2.9915
36.288,0.8647,-0.2399,59.28,13,0.0966,TRACKING,71.5,67.2,129.84528,150.19248,2.9929
36.304,0.8654,-0.2387,59.67,13,0.0952,TRACKING,66.9,67.2,129.90180,150.26784,2.9943
36.320,0.8661,-0.2375,59.93,13,0.0938,TRACKING,69.6,67.1,129.96460,150.34320,2.9957
36.336,0.8668,-0.2363,60.19,12,0.0924,TRACKING,74.9,67.8,130.02740,150.41856,2.9971
36.352,0.8675,-0.2351,60.58,12,0.0911,TRACKING,67.7,67.8,130.08392,150.49392,2.9985
36.368,0.8682,-0.2339,60.83,12,0.0897,TRACKING,68.8,67.5,130.14672,150.56928,2.9999
36.384,0.8689,-0.2326,61.09,12,0.0883,TRACKING,72.0,68.1,130.20952,150.64464,3.0013
36.400,0.8695,-0.2314,61.35,12,0.0869,TRACKING,66.9,67.8,130.27232,150.72000,3.0027
36.416,0.8702,-0.2301,61.61,12,0.0855,TRACKING,68.5,67.9,130.33512,150.79536,3.0041
36.432,0.8709,-0.2289,61.87,12,0.0841,TRACKING,67.9,67.9,130.39792,150.87072,3.0056
36.448,0.8715,-0.2276,62.13,12,0.0827,TRACKING,69.7,68.0,130.46072,150.94608,3.0070
36.464,0.8722,-0.2263,62.26,12,0.0812,TRACKING,71.8,67.7,130.52980,151.02144,3.0085
36.480,0.8729,-0.2251,62.52,12,0.1128,TRACKING,71.4,68.1,130.59260,151.09680,3.0099
36.496,0.8737,-0.2236,62.52,12,0.1112,TRACKING,66.1,67.8,130.67424,151.17844,3.0116
36.512,0.8744,-0.2221,62.52,12,0.1095,TRACKING,68.3,67.9,130.75588,151.26008,3.0132
36.528,0.8752,-0.2206,62.52,12,0.1078,TRACKING,65.8,67.3,130.83752,151.34172,3.0149
36.544,0.8760,-0.2191,62.52,12,0.1061,TRACKING,69.4,67.6,130.91916,151.42336,3.0166
36.560,0.8768,-0.2177,62.52,12,0.1045,TRACKING,67.9,67.5,131.00080,151.50500,3.0182
36.576,0.8775,-0.2162,62.52,11,0.1028,TRACKING,72.8,68.2,131.08244,151.58664,3.0199
36.592,0.8783,-0.2147,62.52,11,0.1011,TRACKING,72.3,68.7,131.16408,151.66828,3.0216
36.608,0.8791,-0.2132,62.52,11,0.0994,TRACKING,68.1,68.6,131.24572,151.74992,3.0233
36.624,0.8798,-0.2117,62.52,11,0.0978,TRACKING,67.5,68.5,131.32736,151.83156,3.0249
36.640,0.8806,-0.2102,62.52,11,0.0961,TRACKING,65.9,67.8,131.40900,151.91320,3.0266
36.656,0.8814,-0.2088,62.52,11,0.0944,TRACKING,68.1,67.4,131.49064,151.99484,3.0283
36.672,0.8822,-0.2073,62.52,11,0.0928,TRACKING,67.3,66.9,131.57228,152.07648,3.0300
36.688,0.8829,-0.2058,62.52,11,0.0911,TRACKING,75.1,68.0,131.65392,152.15812,3.0316
36.704,0.8837,-0.2043,62.52,11,0.0894,TRACKING,65.0,67.6,131.73556,152.23976,3.0333
36.720,0.8845,-0.2028,62.52,11,0.0877,TRACKING,68.2,67.7,131.81720,152.32140,3.0350
36.736,0.8853,-0.2013,62.52,11,0.0861,TRACKING,70.9,68.1,131.89884,152.40304,3.0367
36.752,0.8860,-0.1998,62.52,11,0.0844,TRACKING,71.5,68.6,131.98048,152.48468,3.0383
36.768,0.8868,-0.1984,62.52,11,0.0827,TRACKING,71.7,69.0,132.06212,152.56632,3.0400
36.784,0.8876,-0.1968,62.65,11,0.0810,TRACKING,66.7,68.6,132.14376,152.65424,3.0417
36.800,0.8883,-0.1954,62.52,11,0.1988,TRACKING,72.5,68.8,132.22540,152.72960,3.0433
36.816,0.8889,-0.1944,63.03,11,0.1977,TRACKING,71.0,69.1,132.26936,152.79868,3.0445
36.832,0.8894,-0.1933,63.55,11,0.1966,TRACKING,69.5,69.2,132.31332,152.86776,3.0457
36.848,0.8899,-0.1923,64.07,11,0.1955,TRACKING,71.1,68.9,132.35728,152.93684,3.0468
36.864,0.8904,-0.1912,64.72,11,0.1943,TRACKING,71.0,68.1,132.40124,153.01220,3.0480
36.880,0.8909,-0.1901,65.11,11,0.1931,TRACKING,69.3,68.2,132.45148,153.08128,3.0493
36.896,0.8914,-0.1890,65.62,11,0.1920,TRACKING,66.3,67.8,132.49544,153.15036,3.0504
36.912,0.8919,-0.1879,66.01,11,0.1908,TRACKING,68.1,67.4,132.54568,153.21944,3.0517
36.928,0.8924,-0.1868,66.40,10,0.1896,TRACKING,69.7,67.6,132.59592,153.28852,3.0529
36.944,0.8929,-0.1856,66.92,10,0.1884,TRACKING,69.6,67.8,132.64616,153.36388,3.0542
36.960,0.8934,-0.1845,67.31,10,0.1872,TRACKING,69.5,68.1,132.69640,153.43296,3.0554
36.976,0.8939,-0.1833,67.82,10,0.1859,TRACKING,70.0,67.9,132.74664,153.50832,3.0567
36.992,0.8944,-0.1821,68.08,10,0.1846,TRACKING,71.7,68.1,132.80316,153.57740,3.0580
37.008,0.8949,-0.1809,68.60,10,0.1834,TRACKING,66.4,67.6,132.85340,153.65276,3.0592
37.024,0.8953,-0.1797,68.86,10,0.1821,TRACKING,64.4,67.1,132.90992,153.72184,3.0605
37.040,0.8958,-0.1785,69.38,10,0.1809,TRACKING,71.1,67.6,132.96016,153.79720,3.0618
37.056,0.8962,-0.1773,69.63,10,0.1796,TRACKING,65.5,67.1,133.01668,153.86628,3.0631
37.072,0.8967,-0.1760,70.02,10,0.1783,TRACKING,63.3,66.6,133.07320,153.94164,3.0645
37.088,0.8972,-0.1747,70.41,10,0.1770,TRACKING,64.6,65.8,133.12972,154.01700,3.0658
37.104,0.8976,-0.1735,70.67,10,0.1757,TRACKING,61.5,65.2,133.18624,154.08608,3.0671
37.120,0.8980,-0.1723,71.06,10,0.1744,TRACKING,70.8,65.9,133.24276,154.16144,3.0685
37.136,0.8985,-0.1709,71.32,10,0.1730,TRACKING,69.0,66.3,133.30556,154.23680,3.0699
37.152,0.8989,-0.1696,71.71,10,0.1716,TRACKING,69.9,65.9,133.36208,154.31216,3.0712
37.168,0.8994,-0.1683,71.96,10,0.1702,TRACKING,66.9,66.0,133.42488,154.38752,3.0726
37.184,0.8998,-0.1670,72.35,10,0.1689,TRACKING,66.4,66.1,133.48140,154.46288,3.0740
37.200,0.9002,-0.1657,72.48,10,0.1676,TRACKING,68.2,66.1,133.54420,154.53196,3.0753
37.216,0.9006,-0.1644,72.74,10,0.1662,TRACKING,68.5,66.4,133.60700,154.60732,3.0768
37.232,0.9010,-0.1631,73.13,10,0.1648,TRACKING,67.7,66.4,133.66352,154.68268,3.0781
37.248,0.9014,-0.1617,73.39,10,0.1634,TRACKING,74.9,67.5,133.72632,154.75804,3.0795
37.264,0.9018,-0.1604,73.65,10,0.1620,TRACKING,70.1,66.8,133.78912,154.83340,3.0809
37.280,0.9022,-0.1590,73.91,10,0.1606,TRACKING,71.1,67.2,133.85192,154.90876,3.0824
37.296,0.9026,-0.1576,74.16,10,0.1592,TRACKING,67.2,67.0,133.91472,154.98412,3.0838
37.312,0.9030,-0.1563,74.42,10,0.1578,TRACKING,66.1,66.8,133.97752,155.05948,3.0852
37.328,0.9034,-0.1548,74.68,10,0.1563,TRACKING,68.8,67.0,134.04660,155.14112,3.0867
37.344,0.9038,-0.1534,74.94,10,0.1549,TRACKING,69.1,67.0,134.10940,155.21648,3.0882
37.360,0.9041,-0.1520,75.20,10,0.1535,TRACKING,69.0,67.2,134.17220,155.29184,3.0896
37.376,0.9045,-0.1506,75.33,10,0.1520,TRACKING,72.9,68.0,134.24128,155.36720,3.0910
37.392,0.9049,-0.1492,75.59,10,0.1506,TRACKING,70.4,68.3,134.30408,155.44256,3.0925
37.408,0.9052,-0.1478,75.72,10,0.1491,TRACKING,70.8,68.1,134.37316,155.51792,3.0939
37.424,0.9056,-0.1464,76.11,10,0.1477,TRACKING,72.0,67.7,134.43596,155.59956,3.0954
37.440,0.9059,-0.1449,76.23,10,0.1462,TRACKING,69.9,67.8,134.50504,155.67492,3.0969
37.456,0.9063,-0.1435,76.36,10,0.1447,TRACKING,70.1,68.0,134.57412,155.75028,3.0984
37.472,0.9066,-0.1421,76.49,10,0.1432,TRACKING,68.6,67.9,134.64320,155.82564,3.0999
37.488,0.9070,-0.1406,76.88,10,0.1418,TRACKING,72.9,68.1,134.70600,155.90728,3.1013
37.504,0.9073,-0.1392,77.01,10,0.1403,TRACKING,64.6,67.6,134.77508,155.98264,3.1028
37.520,0.9076,-0.1377,77.14,10,0.1388,TRACKING,69.4,67.4,134.84416,156.05800,3.1043
37.536,0.9080,-0.1362,77.40,10,0.1373,TRACKING,71.6,67.9,134.91324,156.13964,3.1059
37.552,0.9083,-0.1348,77.53,10,0.1358,TRACKING,71.3,68.4,134.98232,156.21500,3.1073
37.568,0.9086,-0.1333,77.66,10,0.1343,TRACKING,67.2,68.2,135.05140,156.29036,3.1088
37.584,0.9090,-0.1318,77.92,10,0.1328,TRACKING,64.2,67.7,135.12048,156.37200,3.1104
37.600,0.9093,-0.1304,78.05,10,0.1313,TRACKING,70.5,67.4,135.18956,156.44736,3.1118
37.616,0.9096,-0.1289,78.31,10,0.1298,TRACKING,68.6,67.6,135.25864,156.52900,3.1134
37.632,0.9099,-0.1274,78.31,10,0.1282,TRACKING,67.5,67.2,135.33400,156.60436,3.1149
37.648,0.9102,-0.1259,78.43,10,0.1268,TRACKING,66.0,67.1,135.40308,156.67972,3.1164
37.664,0.9105,-0.1244,78.69,10,0.1252,TRACKING,67.3,67.1,135.47216,156.76136,3.1180
37.680,0.9108,-0.1229,78.82,10,0.1238,TRACKING,64.3,66.6,135.54124,156.83672,3.1194
37.696,0.9111,-0.1214,78.95,10,0.1222,TRACKING,63.9,66.2,135.61660,156.91836,3.1210
37.712,0.9114,-0.1199,79.08,10,0.1207,TRACKING,73.4,66.7,135.68568,156.99372,3.1225
37.728,0.9117,-0.1184,79.34,10,0.1191,TRACKING,72.5,67.3,135.75476,157.07536,3.1241
37.744,0.9120,-0.1169,79.34,10,0.1176,TRACKING,66.2,67.0,135.83012,157.15072,3.1256
37.760,0.9122,-0.1153,79.60,10,0.1161,TRACKING,66.6,66.9,135.89920,157.23236,3.1272
37.776,0.9125,-0.1138,79.60,10,0.1145,TRACKING,71.1,67.5,135.97456,157.30772,3.1287
37.792,0.9128,-0.1123,79.86,10,0.1130,TRACKING,72.8,68.2,136.04364,157.38936,3.1302
37.808,0.9131,-0.1108,79.86,10,0.1114,TRACKING,66.9,67.7,136.11900,157.46472,3.1318
37.824,0.9133,-0.1092,79.99,10,0.1098,TRACKING,71.5,68.2,136.19436,157.54636,3.1334
37.840,0.9136,-0.1077,80.12,10,0.1083,TRACKING,75.2,67.6,136.26344,157.62172,3.1349
37.856,0.9139,-0.1062,80.25,10,0.1067,TRACKING,66.5,67.5,136.33880,157.70336,3.1365
37.872,0.9141,-0.1046,80.50,10,0.1052,TRACKING,67.6,67.5,136.40788,157.78500,3.1380
37.888,0.9144,-0.1031,80.50,10,0.1037,TRACKING,72.2,68.1,136.48324,157.86036,3.1396
37.904,0.9146,-0.1015,80.63,10,0.1021,TRACKING,70.0,68.3,136.55860,157.94200,3.1412
37.920,0.9149,-0.1000,80.63,10,0.1005,TRACKING,68.8,68.0,136.63396,158.01736,3.1427
37.936,0.9151,-0.0985,80.89,10,0.0990,TRACKING,68.8,68.1,136.70304,158.09900,3.1443
37.952,0.9154,-0.0969,81.02,10,0.0974,TRACKING,69.2,68.2,136.77840,158.18064,3.1459
37.968,0.9156,-0.0954,81.02,10,0.0958,TRACKING,73.0,68.8,136.85376,158.25600,3.1474
37.984,0.9159,-0.0938,81.15,10,0.0942,TRACKING,67.6,68.7,136.92912,158.33764,3.1490
38.000,0.9161,-0.0923,81.28,10,0.0927,TRACKING,68.4,68.7,136.99820,158.41300,3.1505
38.016,0.9164,-0.0907,81.41,10,0.0911,TRACKING,70.8,68.9,137.07356,158.49464,3.1521
38.032,0.9166,-0.0891,81.54,10,0.0895,TRACKING,67.8,68.7,137.14892,158.57628,3.1537
38.048,0.9168,-0.0876,81.54,10,0.0880,TRACKING,71.7,69.1,137.22428,158.65164,3.1553
38.064,0.9171,-0.0860,81.67,10,0.0864,TRACKING,70.0,69.2,137.29964,158.73328,3.1569
38.080,0.9173,-0.0844,81.80,10,0.0848,TRACKING,74.1,69.9,137.37500,158.81492,3.1585
38.096,0.9175,-0.0829,81.80,10,0.0832,TRACKING,70.3,69.9,137.45036,158.89028,3.1601
38.112,0.9177,-0.0813,81.93,10,0.0816,TRACKING,71.5,70.1,137.52572,158.97192,3.1617
38.128,0.9180,-0.0797,82.06,10,0.0800,TRACKING,72.7,70.0,137.60108,159.05356,3.1633
38.144,0.9182,-0.0782,82.06,10,0.2033,TRACKING,69.2,69.4,137.67644,159.12892,3.1648
38.160,0.9184,-0.0767,82.45,10,0.2018,TRACKING,69.6,69.4,137.73924,159.21056,3.1663
38.176,0.9186,-0.0752,82.58,10,0.2003,TRACKING,71.3,69.0,137.80832,159.28592,3.1678
38.192,0.9188,-0.0738,82.70,10,0.1989,TRACKING,74.1,68.6,137.87740,159.36128,3.1693
38.208,0.9190,-0.0722,82.96,10,0.1973,TRACKING,70.8,68.9,137.94648,159.44292,3.1708
38.224,0.9191,-0.0708,83.09,10,0.1958,TRACKING,70.2,68.7,138.01556,159.51828,3.1723
38.240,0.9193,-0.0692,83.35,9,0.1943,TRACKING,72.4,69.2,138.08464,159.59992,3.1738
38.256,0.9195,-0.0677,83.35,9,0.1928,TRACKING,67.4,68.8,138.16000,159.67528,3.1754
38.272,0.9197,-0.0662,83.48,9,0.1913,TRACKING,73.3,68.8,138.22908,159.75064,3.1769
38.288,0.9198,-0.0647,83.74,9,0.1898,TRACKING,67.1,68.6,138.29816,159.83228,3.1784
38.304,0.9200,-0.0632,83.87,9,0.1883,TRACKING,72.4,69.1,138.36724,159.90764,3.1799
38.320,0.9202,-0.0616,84.00,9,0.1867,TRACKING,68.5,68.9,138.44260,159.98928,3.1815
38.336,0.9203,-0.0601,84.13,9,0.1852,TRACKING,70.0,69.1,138.51168,160.06464,3.1830
38.352,0.9205,-0.0586,84.39,9,0.1837,TRACKING,74.3,69.7,138.58076,160.14628,3.1845
38.368,0.9206,-0.0571,84.39,9,0.1821,TRACKING,70.8,69.9,138.65612,160.22164,3.1861
38.384,0.9208,-0.0555,84.65,9,0.1806,TRACKING,67.5,69.2,138.72520,160.30328,3.1876
38.400,0.9209,-0.0540,84.65,9,0.1790,TRACKING,67.5,68.7,138.80056,160.37864,3.1891
38.416,0.9211,-0.0525,84.90,9,0.1775,TRACKING,68.6,68.7,138.86964,160.46028,3.1907
38.432,0.9212,-0.0509,84.90,9,0.1760,TRACKING,74.2,68.8,138.94500,160.53564,3.1922
38.448,0.9213,-0.0493,85.03,9,0.1743,TRACKING,65.0,68.3,139.02036,160.61728,3.1938
38.464,0.9215,-0.0478,85.16,9,0.1729,TRACKING,66.9,67.8,139.08944,160.69264,3.1953
38.480,0.9216,-0.0462,85.29,9,0.1713,TRACKING,67.2,67.3,139.16480,160.77428,3.1969
38.496,0.9217,-0.0446,85.42,9,0.1697,TRACKING,69.6,67.5,139.24016,160.85592,3.1985
38.512,0.9218,-0.0431,85.42,9,0.1681,TRACKING,70.8,68.0,139.31552,160.93128,3.2001
38.528,0.9220,-0.0415,85.68,9,0.1666,TRACKING,66.4,67.8,139.38460,161.01292,3.2016
38.544,0.9221,-0.0399,85.81,9,0.1650,TRACKING,69.1,67.9,139.45996,161.09456,3.2032
38.560,0.9222,-0.0384,85.81,9,0.1634,TRACKING,66.3,67.7,139.53532,161.16992,3.2048
38.576,0.9223,-0.0368,85.94,9,0.1618,TRACKING,70.4,67.5,139.61068,161.25156,3.2064
38.592,0.9224,-0.0353,85.94,9,0.1603,TRACKING,74.5,68.4,139.68604,161.32692,3.2079
38.608,0.9225,-0.0337,86.07,9,0.1587,TRACKING,71.7,67.3,139.76140,161.40856,3.2096
38.624,0.9226,-0.0321,86.33,9,0.1571,TRACKING,69.6,67.6,139.83048,161.49020,3.2111
38.640,0.9227,-0.0306,86.33,9,0.1556,TRACKING,68.3,67.5,139.90584,161.56556,3.2126
38.656,0.9228,-0.0290,86.46,9,0.1540,TRACKING,68.6,67.6,139.98120,161.64720,3.2143
38.672,0.9229,-0.0274,86.59,9,0.1524,TRACKING,67.6,67.3,140.05656,161.72884,3.2159
38.688,0.9230,-0.0257,86.59,9,0.1507,TRACKING,70.7,67.7,140.13820,161.81048,3.2175
38.704,0.9231,-0.0241,86.59,9,0.1492,TRACKING,69.9,68.0,140.21356,161.88584,3.2191
38.720,0.9232,-0.0225,86.72,9,0.1475,TRACKING,68.0,68.0,140.28892,161.96748,3.2207
38.736,0.9233,-0.0209,86.85,9,0.1459,TRACKING,64.8,67.6,140.36428,162.04912,3.2223
38.752,0.9234,-0.0194,86.85,9,0.1444,TRACKING,68.7,67.7,140.43964,162.12448,3.2238
38.768,0.9235,-0.0178,86.98,9,0.1428,TRACKING,69.1,67.4,140.51500,162.20612,3.2255
38.784,0.9236,-0.0162,87.10,9,0.1412,TRACKING,73.5,68.2,140.59036,162.28776,3.2271
38.800,0.9236,-0.0146,87.23,9,0.1396,TRACKING,68.3,68.2,140.66572,162.36940,3.2287
38.816,0.9237,-0.0130,87.23,9,0.1380,TRACKING,69.0,68.1,140.74108,162.44476,3.2302
38.832,0.9238,-0.0114,87.23,9,0.1364,TRACKING,66.1,67.8,140.82272,162.52640,3.2319
38.848,0.9239,-0.0097,87.36,9,0.1347,TRACKING,72.7,68.0,140.89808,162.60804,3.2335
38.864,0.9240,-0.0081,87.49,9,0.1331,TRACKING,70.4,68.4,140.97344,162.68968,3.2351
38.880,0.9240,-0.0065,87.62,9,0.1315,TRACKING,65.8,68.0,141.04880,162.77132,3.2367
38.896,0.9241,-0.0049,87.49,9,0.1299,TRACKING,68.3,67.5,141.13044,162.84668,3.2383
38.912,0.9242,-0.0033,87.62,9,0.1283,TRACKING,68.1,67.6,141.20580,162.92832,3.2399
38.928,0.9242,-0.0017,87.75,9,0.1267,TRACKING,66.7,67.5,141.28116,163.00996,3.2415
38.944,0.9243,-0.0000,87.75,9,0.1250,TRACKING,65.1,66.5,141.36280,163.09160,3.2432
38.960,0.9243,0.0015,87.75,9,0.1235,TRACKING,70.5,66.5,141.43816,163.16696,3.2448
38.976,0.9244,0.0031,87.88,9,0.1219,TRACKING,70.8,66.6,141.51352,163.24860,3.2464
38.992,0.9245,0.0048,87.88,9,0.1202,TRACKING,68.9,66.9,141.59516,163.33024,3.2480
39.008,0.9245,0.0064,88.01,9,0.1186,TRACKING,67.7,66.2,141.67052,163.41188,3.2497
39.024,0.9246,0.0080,88.14,9,0.1170,TRACKING,72.2,66.9,141.74588,163.49352,3.2513
39.040,0.9246,0.0097,88.14,9,0.1153,TRACKING,71.5,67.5,141.82752,163.57516,3.2529
39.056,0.9247,0.0112,88.14,9,0.1138,TRACKING,68.0,67.6,141.90288,163.65052,3.2545
39.072,0.9247,0.0129,88.14,9,0.1121,TRACKING,69.3,67.7,141.98452,163.73216,3.2562
39.088,0.9248,0.0145,88.27,9,0.1105,TRACKING,68.7,67.9,142.05988,163.81380,3.2578
39.104,0.9248,0.0161,88.40,9,0.1089,TRACKING,66.9,67.5,142.13524,163.89544,3.2594
39.120,0.9249,0.0178,88.40,9,0.1072,TRACKING,70.7,67.3,142.21688,163.97708,3.2610
39.136,0.9249,0.0194,88.53,9,0.1056,TRACKING,70.1,67.3,142.29224,164.05872,3.2627
39.152,0.9250,0.0210,88.40,9,0.1040,TRACKING,74.2,68.0,142.37388,164.13408,3.2643
39.168,0.9250,0.0226,88.53,9,0.1024,TRACKING,66.9,67.6,142.44924,164.21572,3.2659
39.184,0.9251,0.0243,88.53,9,0.1007,TRACKING,69.2,67.7,142.53088,164.29736,3.2675
39.200,0.9251,0.0259,88.66,9,0.0991,TRACKING,68.9,67.4,142.60624,164.37900,3.2692
39.216,0.9251,0.0276,88.66,9,0.0974,TRACKING,66.0,67.2,142.68788,164.46064,3.2708
39.232,0.9252,0.0292,88.79,9,0.0958,TRACKING,64.7,66.6,142.76324,164.54228,3.2724
39.248,0.9252,0.0309,88.79,9,0.0941,TRACKING,67.8,66.8,142.84488,164.62392,3.2741
39.264,0.9252,0.0325,88.92,9,0.0925,TRACKING,68.6,67.0,142.92024,164.70556,3.2757
39.280,0.9253,0.0341,88.79,9,0.0909,TRACKING,72.2,67.7,143.00188,164.78092,3.2773
39.296,0.9253,0.0357,88.79,9,0.0893,TRACKING,72.6,68.2,143.08352,164.86256,3.2790
39.312,0.9253,0.0374,88.92,9,0.0876,TRACKING,67.7,67.9,143.15888,164.94420,3.2806
39.328,0.9254,0.0390,88.92,9,0.0860,TRACKING,71.8,68.1,143.24052,165.02584,3.2823
39.344,0.9254,0.0406,89.05,9,0.0844,TRACKING,64.7,67.6,143.31588,165.10748,3.2839
39.360,0.9254,0.0423,89.05,9,0.0827,TRACKING,70.3,68.0,143.39752,165.18912,3.2856
39.376,0.9255,0.0439,89.18,9,0.0811,TRACKING,68.6,67.3,143.47288,165.27076,3.2872
39.392,0.9255,0.0456,89.18,9,0.2044,TRACKING,71.2,67.8,143.55452,165.35240,3.2889
39.408,0.9255,0.0472,89.05,9,0.2028,TRACKING,72.5,68.4,143.63616,165.42776,3.2905
39.424,0.9255,0.0488,89.18,9,0.2012,TRACKING,67.4,68.0,143.71152,165.50940,3.2921
39.440,0.9256,0.0505,89.18,9,0.1995,TRACKING,71.2,68.4,143.79316,165.59104,3.2937
39.456,0.9256,0.0522,89.18,9,0.1978,TRACKING,68.9,68.2,143.87480,165.67268,3.2954
39.472,0.9256,0.0538,89.30,9,0.1962,TRACKING,67.4,68.1,143.95016,165.75432,3.2970
39.488,0.9256,0.0554,89.30,8,0.1946,TRACKING,69.8,68.3,144.03180,165.83596,3.2987
39.504,0.9256,0.0571,89.30,8,0.1929,TRACKING,70.5,68.6,144.11344,165.91760,3.3004
39.520,0.9257,0.0587,89.43,8,0.1913,TRACKING,68.2,68.3,144.18880,165.99924,3.3020
39.536,0.9257,0.0604,89.43,8,0.1896,TRACKING,72.8,68.9,144.27044,166.08088,3.3037
39.552,0.9257,0.0621,89.43,8,0.1879,TRACKING,69.9,69.1,144.35208,166.16252,3.3053
39.568,0.9257,0.0637,89.43,8,0.1863,TRACKING,69.4,69.1,144.43372,166.24416,3.3070
39.584,0.9257,0.0654,89.43,8,0.1846,TRACKING,64.0,68.4,144.51536,166.32580,3.3087
39.600,0.9257,0.0670,89.56,8,0.1830,TRACKING,72.4,68.9,144.59072,166.40744,3.3103
39.616,0.9257,0.0687,89.56,8,0.1813,TRACKING,70.4,68.7,144.67236,166.48908,3.3120
39.632,0.9258,0.0704,89.56,8,0.1796,TRACKING,67.3,68.5,144.75400,166.57072,3.3136
39.648,0.9258,0.0720,89.56,8,0.1780,TRACKING,73.1,69.1,144.83564,166.65236,3.3153
39.664,0.9258,0.0737,89.69,8,0.1763,TRACKING,64.5,68.5,144.91100,166.73400,3.3169
39.680,0.9258,0.0753,89.56,8,0.1747,TRACKING,66.9,68.0,144.99264,166.80936,3.3185
39.696,0.9258,0.0769,89.56,8,0.1731,TRACKING,65.7,67.5,145.07428,166.89100,3.3202
39.712,0.9258,0.0786,89.56,8,0.1714,TRACKING,68.6,67.3,145.15592,166.97264,3.3219
39.728,0.9258,0.0803,89.56,8,0.1697,TRACKING,71.2,67.8,145.23756,167.05428,3.3236
39.744,0.9258,0.0819,89.69,8,0.1681,TRACKING,67.1,67.7,145.31292,167.13592,3.3252
39.760,0.9259,0.0836,89.69,8,0.1664,TRACKING,63.3,67.1,145.39456,167.21756,3.3268
39.776,0.9259,0.0852,89.69,8,0.1648,TRACKING,69.6,67.3,145.47620,167.29920,3.3285
39.792,0.9259,0.0869,89.69,8,0.1631,TRACKING,68.9,67.5,145.55784,167.38084,3.3302
39.808,0.9259,0.0886,89.69,8,0.1614,TRACKING,72.4,67.2,145.63948,167.46248,3.3319
39.824,0.9259,0.0902,89.82,8,0.1598,TRACKING,75.9,68.4,145.71484,167.54412,3.3335
39.840,0.9259,0.0919,89.82,8,0.1581,TRACKING,68.7,68.4,145.79648,167.62576,3.3351
39.856,0.9259,0.0935,89.82,8,0.1565,TRACKING,66.7,67.5,145.87812,167.70740,3.3368
39.872,0.9259,0.0952,89.82,8,0.1548,TRACKING,74.4,68.4,145.95976,167.78904,3.3385
39.888,0.9259,0.0969,89.82,8,0.1531,TRACKING,73.7,69.1,146.04140,167.87068,3.3402
39.904,0.9259,0.0986,89.82,8,0.1514,TRACKING,66.8,68.8,146.12304,167.95232,3.3418
39.920,0.9259,0.1002,89.82,8,0.1498,TRACKING,71.8,67.8,146.20468,168.03396,3.3435
39.936,0.9259,0.1018,89.95,8,0.1482,TRACKING,67.5,67.8,146.28004,168.11560,3.3451
39.952,0.9259,0.1035,89.95,8,0.1465,TRACKING,66.4,67.3,146.36168,168.19724,3.3468
39.968,0.9259,0.1052,89.95,8,0.1448,TRACKING,72.3,67.7,146.44332,168.27888,3.3485
39.984,0.9259,0.1069,89.95,8,0.1431,TRACKING,66.1,67.3,146.52496,168.36052,3.3501
40.000,0.9259,0.1085,89.95,8,0.1415,TRACKING,69.5,67.6,146.60660,168.44216,3.3518
40.016,0.9259,0.1102,89.95,8,0.1398,TRACKING,71.5,68.1,146.68824,168.52380,3.3535
40.032,0.9259,0.1119,89.95,8,0.1381,TRACKING,71.1,67.5,146.76988,168.60544,3.3552
40.048,0.9259,0.1136,89.95,8,0.1364,TRACKING,72.9,68.2,146.85152,168.68708,3.3568
40.064,0.9259,0.1152,89.95,8,0.1348,TRACKING,68.2,67.7,146.93316,168.76872,3.3585
40.080,0.9259,0.1168,90.08,8,0.1332,TRACKING,67.9,67.7,147.00852,168.85036,3.3601
40.096,0.9259,0.1185,90.08,8,0.1315,TRACKING,70.8,68.0,147.09016,168.93200,3.3618
40.112,0.9259,0.1202,90.08,8,0.1298,TRACKING,67.1,67.9,147.17180,169.01364,3.3635
40.128,0.9259,0.1219,90.08,8,0.1281,TRACKING,65.7,67.6,147.25344,169.09528,3.3651
40.144,0.9259,0.1235,90.08,8,0.1265,TRACKING,69.4,67.8,147.33508,169.17692,3.3668
40.160,0.9259,0.1252,90.08,8,0.1248,TRACKING,66.3,67.6,147.41672,169.25856,3.3685
40.176,0.9259,0.1269,90.08,8,0.1231,TRACKING,70.9,68.1,147.49836,169.34020,3.3702
40.192,0.9259,0.1286,90.08,8,0.1214,TRACKING,68.1,68.1,147.58000,169.42184,3.3718
40.208,0.9259,0.1302,90.08,8,0.1198,TRACKING,67.5,68.0,147.66164,169.50348,3.3735
40.224,0.9259,0.1319,90.08,8,0.1181,TRACKING,70.7,68.3,147.74328,169.58512,3.3752
40.240,0.9259,0.1336,90.08,8,0.1164,TRACKING,71.2,68.7,147.82492,169.66676,3.3769
40.256,0.9259,0.1352,90.21,8,0.1148,TRACKING,70.0,68.9,147.90028,169.74840,3.3785
40.272,0.9259,0.1369,90.21,8,0.1131,TRACKING,69.2,68.9,147.98192,169.83004,3.3801
40.288,0.9259,0.1385,90.21,8,0.1115,TRACKING,68.3,68.3,148.06356,169.91168,3.3818
40.304,0.9259,0.1402,90.21,8,0.1098,TRACKING,66.5,68.0,148.14520,169.99332,3.3835
40.320,0.9259,0.1419,90.21,8,0.1081,TRACKING,66.4,67.8,148.22684,170.07496,3.3852
40.336,0.9259,0.1436,90.21,8,0.1064,TRACKING,69.5,67.8,148.30848,170.15660,3.3868
40.352,0.9259,0.1452,90.21,8,0.1048,TRACKING,66.8,67.7,148.39012,170.23824,3.3885
40.368,0.9259,0.1469,90.21,8,0.1031,TRACKING,68.4,67.8,148.47176,170.31988,3.3902
40.384,0.9259,0.1486,90.21,8,0.1014,TRACKING,64.5,67.3,148.55340,170.40152,3.3918
40.400,0.9258,0.1503,90.21,8,0.0998,TRACKING,69.9,67.0,148.63504,170.48316,3.3935
40.416,0.9258,0.1519,90.21,8,0.0981,TRACKING,66.7,66.7,148.71668,170.56480,3.3952
40.432,0.9258,0.1536,90.21,8,0.0964,TRACKING,66.5,66.6,148.79832,170.64644,3.3969
40.448,0.9258,0.1553,90.21,8,0.0947,TRACKING,67.0,66.7,148.87996,170.72808,3.3985
40.464,0.9258,0.1569,90.21,8,0.0931,TRACKING,70.9,67.0,148.96160,170.80972,3.4002
40.480,0.9258,0.1586,90.21,8,0.0914,TRACKING,63.9,66.6,149.04324,170.89136,3.4019
40.496,0.9258,0.1603,90.21,8,0.0897,TRACKING,69.0,66.6,149.12488,170.97300,3.4036
40.512,0.9258,0.1620,90.21,8,0.0880,TRACKING,67.8,66.5,149.20652,171.05464,3.4052
40.528,0.9258,0.1636,90.34,8,0.0864,TRACKING,71.5,67.1,149.28188,171.13628,3.4068
40.544,0.9258,0.1653,90.34,8,0.0848,TRACKING,71.8,67.3,149.36352,171.21792,3.4085
40.560,0.9258,0.1669,90.34,8,0.0831,TRACKING,73.2,67.2,149.44516,171.29956,3.4102
40.576,0.9258,0.1686,90.34,8,0.0814,TRACKING,69.5,67.4,149.52680,171.38120,3.4119
40.592,0.9258,0.1703,90.34,8,0.2047,TRACKING,70.7,67.7,149.60844,171.46284,3.4135
40.608,0.9257,0.1719,90.34,8,0.2031,TRACKING,72.2,68.3,149.69008,171.54448,3.4152
40.624,0.9257,0.1736,90.34,8,0.2014,TRACKING,69.1,68.4,149.77172,171.62612,3.4169
40.640,0.9257,0.1753,90.34,8,0.1997,TRACKING,70.2,68.4,149.85336,171.70776,3.4186
40.656,0.9257,0.1770,90.34,8,0.1980,TRACKING,70.2,68.7,149.93500,171.78940,3.4202
40.672,0.9257,0.1786,90.34,8,0.1964,TRACKING,71.0,69.0,150.01664,171.87104,3.4219
40.688,0.9257,0.1803,90.34,7,0.1947,TRACKING,71.7,68.8,150.09828,171.95268,3.4236
40.704,0.9257,0.1821,90.21,7,0.1930,TRACKING,67.9,68.4,150.18620,172.03432,3.4253
40.720,0.9257,0.1837,90.21,7,0.1913,TRACKING,71.6,68.2,150.26784,172.11596,3.4270
40.736,0.9257,0.1854,90.21,7,0.1896,TRACKING,70.9,67.9,150.34948,172.19760,3.4287
40.752,0.9257,0.1871,90.21,7,0.1879,TRACKING,66.7,67.8,150.43112,172.27924,3.4303
40.768,0.9257,0.1887,90.21,7,0.1863,TRACKING,68.5,67.9,150.51276,172.36088,3.4320
40.784,0.9257,0.1904,90.21,7,0.1846,TRACKING,70.9,68.1,150.59440,172.44252,3.4337
40.800,0.9257,0.1921,90.21,7,0.1829,TRACKING,68.4,68.1,150.67604,172.52416,3.4354
40.816,0.9256,0.1938,90.21,7,0.1812,TRACKING,74.0,68.4,150.75768,172.60580,3.4370
40.832,0.9256,0.1954,90.21,7,0.1796,TRACKING,67.9,68.0,150.83932,172.68744,3.4387
40.848,0.9256,0.1971,90.21,7,0.1779,TRACKING,67.6,67.7,150.92096,172.76908,3.4404
40.864,0.9256,0.1988,90.21,7,0.1762,TRACKING,70.7,68.1,151.00260,172.85072,3.4421
40.880,0.9256,0.2005,90.21,7,0.1745,TRACKING,73.2,68.6,151.08424,172.93236,3.4437
40.896,0.9256,0.2022,90.34,7,0.1728,TRACKING,63.2,67.8,151.16588,173.02028,3.4455
40.912,0.9256,0.2039,90.34,7,0.1711,TRACKING,74.9,68.6,151.24752,173.10192,3.4471
40.928,0.9256,0.2055,90.34,7,0.1695,TRACKING,65.4,68.2,151.32916,173.18356,3.4488
40.944,0.9256,0.2072,90.21,7,0.1678,TRACKING,70.0,68.4,151.41080,173.25892,3.4504
40.960,0.9256,0.2089,90.34,7,0.1661,TRACKING,71.1,68.8,151.49244,173.34684,3.4522
40.976,0.9256,0.2106,90.34,7,0.1644,TRACKING,69.9,68.0,151.57408,173.42848,3.4538
40.992,0.9256,0.2122,90.34,7,0.1628,TRACKING,71.9,68.5,151.65572,173.51012,3.4555
41.008,0.9256,0.2138,90.21,7,0.1612,TRACKING,67.1,68.3,151.73736,173.58548,3.4571
41.024,0.9255,0.2156,90.34,7,0.1594,TRACKING,67.7,68.2,151.81900,173.67340,3.4589
41.040,0.9255,0.2173,90.34,7,0.1577,TRACKING,64.3,67.6,151.90064,173.75504,3.4605
41.056,0.9255,0.2189,90.34,7,0.1561,TRACKING,66.2,67.4,151.98228,173.83668,3.4622
41.072,0.9255,0.2205,90.21,7,0.1545,TRACKING,66.6,67.2,152.06392,173.91204,3.4638
41.088,0.9255,0.2223,90.34,7,0.1527,TRACKING,71.4,67.0,152.14556,173.99996,3.4656
41.104,0.9255,0.2240,90.34,7,0.1510,TRACKING,67.8,67.1,152.22720,174.08160,3.4672
41.120,0.9255,0.2256,90.34,7,0.1494,TRACKING,74.6,67.8,152.30884,174.16324,3.4689
41.136,0.9255,0.2272,90.21,7,0.1478,TRACKING,69.5,67.8,152.39048,174.23860,3.4705
41.152,0.9255,0.2290,90.34,7,0.1460,TRACKING,70.8,68.2,152.47212,174.32652,3.4722
41.168,0.9255,0.2306,90.34,7,0.1444,TRACKING,74.1,68.9,152.55376,174.40816,3.4739
41.184,0.9255,0.2323,90.21,7,0.1427,TRACKING,66.2,67.8,152.63540,174.48352,3.4755
41.200,0.9254,0.2341,90.21,7,0.1409,TRACKING,63.8,67.3,152.72332,174.57144,3.4773
41.216,0.9254,0.2357,90.21,7,0.1393,TRACKING,70.3,67.5,152.80496,174.65308,3.4790
41.232,0.9254,0.2374,90.21,7,0.1376,TRACKING,74.5,68.4,152.88660,174.73472,3.4807
41.248,0.9254,0.2391,90.21,7,0.1359,TRACKING,65.8,68.1,152.96824,174.81636,3.4824
41.264,0.9254,0.2408,90.21,7,0.1342,TRACKING,66.3,67.8,153.04988,174.89800,3.4840
41.280,0.9254,0.2424,90.21,7,0.1326,TRACKING,69.0,67.7,153.13152,174.97964,3.4857
41.296,0.9254,0.2441,90.21,7,0.1309,TRACKING,70.0,67.5,153.21316,175.06128,3.4874
41.312,0.9254,0.2458,90.21,7,0.1292,TRACKING,71.1,67.7,153.29480,175.14292,3.4890
41.328,0.9254,0.2475,90.21,7,0.1276,TRACKING,71.2,68.0,153.37644,175.22456,3.4907
41.344,0.9254,0.2491,90.21,7,0.1259,TRACKING,69.0,67.9,153.45808,175.30620,3.4924
41.360,0.9254,0.2508,90.21,7,0.1242,TRACKING,65.1,67.5,153.53972,175.38784,3.4941
41.376,0.9254,0.2525,90.21,7,0.1225,TRACKING,70.7,68.0,153.62136,175.46948,3.4957
41.392,0.9254,0.2541,90.21,7,0.1209,TRACKING,66.2,67.4,153.70300,175.55112,3.4974
41.408,0.9254,0.2558,90.21,7,0.1192,TRACKING,65.8,66.8,153.78464,175.63276,3.4991
41.424,0.9254,0.2575,90.21,7,0.1175,TRACKING,66.5,66.8,153.86628,175.71440,3.5008
41.440,0.9254,0.2592,90.21,7,0.1158,TRACKING,66.7,66.7,153.94792,175.79604,3.5024
41.456,0.9253,0.2608,90.21,7,0.1142,TRACKING,66.8,66.6,154.02956,175.87768,3.5041
41.472,0.9253,0.2625,90.21,7,0.1125,TRACKING,67.2,66.7,154.11120,175.95932,3.5058
41.488,0.9253,0.2642,90.21,7,0.1108,TRACKING,65.8,66.4,154.19284,176.04096,3.5075
41.504,0.9253,0.2659,90.21,7,0.1091,TRACKING,66.0,66.3,154.27448,176.12260,3.5091
41.520,0.9253,0.2675,90.21,7,0.1075,TRACKING,66.9,66.4,154.35612,176.20424,3.5108
41.536,0.9253,0.2692,90.21,7,0.1058,TRACKING,66.1,66.4,154.43776,176.28588,3.5125
41.552,0.9253,0.2709,90.21,7,0.1041,TRACKING,70.6,66.9,154.51940,176.36752,3.5142
41.568,0.9253,0.2726,90.21,7,0.1024,TRACKING,68.1,67.0,154.60104,176.44916,3.5158
41.584,0.9253,0.2742,90.21,7,0.1008,TRACKING,72.1,67.7,154.68268,176.53080,3.5175
41.600,0.9253,0.2759,90.21,7,0.0991,TRACKING,65.7,67.4,154.76432,176.61244,3.5192
41.616,0.9253,0.2776,90.08,7,0.0974,TRACKING,70.4,67.8,154.85224,176.69408,3.5209
41.632,0.9253,0.2793,90.08,7,0.0957,TRACKING,67.0,67.7,154.93388,176.77572,3.5226
41.648,0.9253,0.2810,90.08,7,0.0940,TRACKING,70.8,68.1,155.01552,176.85736,3.5243
41.664,0.9253,0.2827,90.08,7,0.0923,TRACKING,69.1,68.2,155.09716,176.93900,3.5259
41.680,0.9253,0.2843,90.08,7,0.0907,TRACKING,65.7,67.9,155.17880,177.02064,3.5276
41.696,0.9253,0.2860,90.08,7,0.0890,TRACKING,68.6,68.0,155.26044,177.10228,3.5293
41.712,0.9253,0.2877,90.08,7,0.0873,TRACKING,68.5,68.0,155.34208,177.18392,3.5310
41.728,0.9253,0.2894,90.08,7,0.0856,TRACKING,73.9,68.8,155.42372,177.26556,3.5326
41.744,0.9253,0.2911,90.21,7,0.0839,TRACKING,67.7,68.6,155.50536,177.35348,3.5344
41.760,0.9253,0.2928,90.21,7,0.0822,TRACKING,71.2,69.0,155.58700,177.43512,3.5360
41.776,0.9253,0.2944,90.21,7,0.0806,TRACKING,73.8,68.1,155.66864,177.51676,3.5377
41.792,0.9252,0.2961,90.21,7,0.2039,TRACKING,67.5,68.0,155.75028,177.59840,3.5394
41.808,0.9252,0.2978,90.21,7,0.2022,TRACKING,73.2,68.7,155.83192,177.68004,3.5411
41.824,0.9252,0.2995,90.21,7,0.2005,TRACKING,70.7,68.4,155.91356,177.76168,3.5427
41.840,0.9252,0.3011,90.21,7,0.1989,TRACKING,68.5,68.4,155.99520,177.84332,3.5444
41.856,0.9252,0.3028,90.21,7,0.1972,TRACKING,64.7,67.7,156.07684,177.92496,3.5461
41.872,0.9252,0.3045,90.21,7,0.1955,TRACKING,72.1,68.3,156.15848,178.00660,3.5478
41.888,0.9252,0.3062,90.21,6,0.1938,TRACKING,68.2,67.8,156.24012,178.08824,3.5494
41.904,0.9252,0.3078,90.21,6,0.1922,TRACKING,67.5,67.7,156.32176,178.16988,3.5511
41.920,0.9252,0.3095,90.21,6,0.1905,TRACKING,69.4,67.9,156.40340,178.25152,3.5528
41.936,0.9252,0.3112,90.21,6,0.1888,TRACKING,72.2,68.5,156.48504,178.33316,3.5544
41.952,0.9252,0.3128,90.21,6,0.1872,TRACKING,68.9,68.5,156.56668,178.41480,3.5561
41.968,0.9252,0.3145,90.08,6,0.1855,TRACKING,70.5,68.8,156.64832,178.49016,3.5577
41.984,0.9252,0.3162,90.21,6,0.1838,TRACKING,68.6,68.8,156.72996,178.57808,3.5595
42.000,0.9252,0.3179,90.21,6,0.1821,TRACKING,67.6,68.6,156.81160,178.65972,3.5611
42.016,0.9252,0.3195,90.08,6,0.1805,TRACKING,70.3,68.5,156.89324,178.73508,3.5628
42.032,0.9252,0.3212,90.21,6,0.1788,TRACKING,66.2,68.2,156.97488,178.82300,3.5645
42.048,0.9252,0.3229,90.21,6,0.1771,TRACKING,71.6,67.9,157.05652,178.90464,3.5662
42.064,0.9252,0.3245,90.08,6,0.1755,TRACKING,65.6,67.2,157.13816,178.98000,3.5678
42.080,0.9251,0.3262,90.21,6,0.1738,TRACKING,73.4,68.0,157.21980,179.06792,3.5695
42.096,0.9251,0.3278,90.08,6,0.1722,TRACKING,67.0,67.7,157.30144,179.14328,3.5711
42.112,0.9251,0.3296,90.21,6,0.1704,TRACKING,71.4,67.8,157.38308,179.23120,3.5729
42.128,0.9251,0.3313,90.21,6,0.1687,TRACKING,73.7,68.6,157.46472,179.31284,3.5745
42.144,0.9251,0.3329,90.08,6,0.1671,TRACKING,66.3,68.0,157.54636,179.38820,3.5761
42.160,0.9251,0.3346,90.21,6,0.1654,TRACKING,72.4,68.5,157.62800,179.47612,3.5779
42.176,0.9251,0.3363,90.21,6,0.1637,TRACKING,64.8,67.5,157.70964,179.55776,3.5796
42.192,0.9251,0.3379,90.08,6,0.1621,TRACKING,69.8,67.9,157.79128,179.63312,3.5812
42.208,0.9251,0.3396,90.21,6,0.1604,TRACKING,65.6,67.3,157.87292,179.72104,3.5829
42.224,0.9251,0.3412,90.08,6,0.1588,TRACKING,66.7,67.2,157.95456,179.79640,3.5845
42.240,0.9251,0.3430,90.21,6,0.1570,TRACKING,64.5,66.9,158.03620,179.88432,3.5862
42.256,0.9251,0.3446,90.08,6,0.1554,TRACKING,67.6,66.5,158.11784,179.95968,3.5879
42.272,0.9251,0.3464,90.08,6,0.1536,TRACKING,65.0,66.3,158.20576,180.04760,3.5897
42.288,0.9251,0.3481,90.08,6,0.1519,TRACKING,70.1,66.5,158.28740,180.12924,3.5913
42.304,0.9251,0.3497,90.08,6,0.1503,TRACKING,63.9,66.2,158.36904,180.21088,3.5930
42.320,0.9251,0.3514,90.08,6,0.1486,TRACKING,67.3,66.3,158.45068,180.29252,3.5947
42.336,0.9251,0.3531,90.08,6,0.1469,TRACKING,71.2,66.5,158.53232,180.37416,3.5964
42.352,0.9251,0.3548,90.08,6,0.1452,TRACKING,67.3,66.3,158.61396,180.45580,3.5980
42.368,0.9251,0.3564,90.08,6,0.1436,TRACKING,74.0,67.1,158.69560,180.53744,3.5997
42.384,0.9251,0.3581,90.08,6,0.1419,TRACKING,66.5,66.9,158.77724,180.61908,3.6014
42.400,0.9251,0.3598,90.08,6,0.1402,TRACKING,65.4,66.4,158.85888,180.70072,3.6030
42.416,0.9251,0.3614,90.08,6,0.1386,TRACKING,64.4,66.1,158.94052,180.78236,3.6047
42.432,0.9251,0.3631,90.08,6,0.1369,TRACKING,72.6,66.6,159.02216,180.86400,3.6064
42.448,0.9251,0.3648,90.08,6,0.1352,TRACKING,69.6,66.7,159.10380,180.94564,3.6081
42.464,0.9251,0.3665,90.08,6,0.1335,TRACKING,69.9,67.1,159.18544,181.02728,3.6097
42.480,0.9251,0.3681,90.08,6,0.1319,TRACKING,71.5,67.4,159.26708,181.10892,3.6114
42.496,0.9251,0.3698,90.08,6,0.1302,TRACKING,67.8,67.5,159.34872,181.19056,3.6131
42.512,0.9251,0.3715,90.08,6,0.1285,TRACKING,71.3,68.0,159.43036,181.27220,3.6148
42.528,0.9251,0.3732,90.08,6,0.1268,TRACKING,65.6,67.7,159.51200,181.35384,3.6164
42.544,0.9251,0.3748,90.08,6,0.1252,TRACKING,68.3,67.8,159.59364,181.43548,3.6181
42.560,0.9251,0.3765,90.08,6,0.1235,TRACKING,67.3,67.7,159.67528,181.51712,3.6198
42.576,0.9251,0.3782,90.08,6,0.1218,TRACKING,68.5,67.4,159.75692,181.59876,3.6215
42.592,0.9250,0.3799,90.08,6,0.1201,TRACKING,69.6,67.1,159.83856,181.68040,3.6231
42.608,0.9250,0.3815,90.08,6,0.1185,TRACKING,68.6,67.0,159.92020,181.76204,3.6248
42.624,0.9250,0.3832,90.08,6,0.1168,TRACKING,62.7,66.4,160.00184,181.84368,3.6265
42.640,0.9250,0.3849,90.08,6,0.1151,TRACKING,69.6,66.9,160.08348,181.92532,3.6282
42.656,0.9250,0.3866,90.08,6,0.1134,TRACKING,68.1,66.9,160.16512,182.00696,3.6298
42.672,0.9250,0.3882,90.08,6,0.1118,TRACKING,76.4,68.1,160.24676,182.08860,3.6315
42.688,0.9250,0.3899,90.08,6,0.1101,TRACKING,66.5,67.8,160.32840,182.17024,3.6332
42.704,0.9250,0.3916,90.08,6,0.1084,TRACKING,67.4,67.5,160.41004,182.25188,3.6348
42.720,0.9250,0.3932,90.08,6,0.1068,TRACKING,67.8,67.5,160.49168,182.33352,3.6365
42.736,0.9250,0.3950,89.95,6,0.1050,TRACKING,67.7,67.5,160.57960,182.41516,3.6383
42.752,0.9250,0.3967,89.95,6,0.1033,TRACKING,73.1,67.3,160.66124,182.49680,3.6399
42.768,0.9250,0.3983,89.95,6,0.1017,TRACKING,70.2,67.7,160.74288,182.57844,3.6416
42.784,0.9250,0.4000,89.95,6,0.1000,TRACKING,67.3,67.5,160.82452,182.66008,3.6433
42.800,0.9250,0.4017,89.95,6,0.0983,TRACKING,66.7,67.4,160.90616,182.74172,3.6450
42.816,0.9250,0.4034,89.95,6,0.0966,TRACKING,64.9,67.1,160.98780,182.82336,3.6466
42.832,0.9250,0.4050,89.95,6,0.0950,TRACKING,65.5,66.5,161.06944,182.90500,3.6483
42.848,0.9250,0.4067,89.95,6,0.0933,TRACKING,72.5,66.9,161.15108,182.98664,3.6500
42.864,0.9250,0.4084,89.95,6,0.0916,TRACKING,69.0,67.2,161.23272,183.06828,3.6516
42.880,0.9250,0.4100,89.95,6,0.0900,TRACKING,72.1,67.8,161.31436,183.14992,3.6533
42.896,0.9250,0.4117,89.95,6,0.0883,TRACKING,73.9,68.6,161.39600,183.23156,3.6550
42.912,0.9250,0.4135,90.08,6,0.0865,TRACKING,64.6,68.1,161.47764,183.31948,3.6567
42.928,0.9250,0.4151,90.08,6,0.0849,TRACKING,72.1,68.6,161.55928,183.40112,3.6584
42.944,0.9250,0.4168,90.08,6,0.0832,TRACKING,70.6,68.9,161.64092,183.48276,3.6601
42.960,0.9250,0.4185,90.08,6,0.0815,TRACKING,65.5,68.4,161.72256,183.56440,3.6618
42.976,0.9250,0.4202,90.08,6,0.2048,TRACKING,65.9,68.1,161.80420,183.64604,3.6634
42.992,0.9250,0.4218,90.08,6,0.2032,TRACKING,70.5,67.4,161.88584,183.72768,3.6651
43.008,0.9250,0.4235,90.08,6,0.2015,TRACKING,64.8,67.1,161.96748,183.80932,3.6668
43.024,0.9250,0.4252,90.08,6,0.1998,TRACKING,67.1,67.1,162.04912,183.89096,3.6684
43.040,0.9250,0.4268,90.08,6,0.1982,TRACKING,68.9,66.5,162.13076,183.97260,3.6701
43.056,0.9250,0.4285,90.08,6,0.1965,TRACKING,66.0,66.4,162.21240,184.05424,3.6718
43.072,0.9250,0.4302,90.08,5,0.1948,TRACKING,69.0,66.7,162.29404,184.13588,3.6735
43.088,0.9250,0.4319,90.08,5,0.1931,TRACKING,71.4,66.3,162.37568,184.21752,3.6751
43.104,0.9250,0.4335,90.08,5,0.1915,TRACKING,68.9,66.6,162.45732,184.29916,3.6768
43.120,0.9250,0.4352,90.08,5,0.1898,TRACKING,68.4,66.7,162.53896,184.38080,3.6785
43.136,0.9250,0.4369,90.08,5,0.1881,TRACKING,73.0,67.6,162.62060,184.46244,3.6802
43.152,0.9250,0.4386,90.08,5,0.1864,TRACKING,71.5,68.1,162.70224,184.54408,3.6818
43.168,0.9250,0.4402,90.08,5,0.1848,TRACKING,69.9,68.2,162.78388,184.62572,3.6835
43.184,0.9250,0.4419,90.08,5,0.1831,TRACKING,68.9,67.9,162.86552,184.70736,3.6852
43.200,0.9250,0.4436,90.08,5,0.1814,TRACKING,71.6,68.0,162.94716,184.78900,3.6869
43.216,0.9250,0.4453,90.08,5,0.1797,TRACKING,68.9,67.7,163.02880,184.87064,3.6885
43.232,0.9250,0.4469,90.08,5,0.1781,TRACKING,69.7,67.8,163.11044,184.95228,3.6902
43.248,0.9250,0.4486,90.08,5,0.1764,TRACKING,66.8,67.5,163.19208,185.03392,3.6919
43.264,0.9250,0.4503,90.08,5,0.1747,TRACKING,66.7,67.4,163.27372,185.11556,3.6936
43.280,0.9250,0.4520,90.08,5,0.1730,TRACKING,66.8,67.3,163.35536,185.19720,3.6952
43.296,0.9250,0.4537,89.95,5,0.1713,TRACKING,72.0,67.0,163.44328,185.27884,3.6970
43.312,0.9250,0.4554,89.95,5,0.1696,TRACKING,71.0,67.5,163.52492,185.36048,3.6986
43.328,0.9250,0.4570,89.95,5,0.1680,TRACKING,71.3,68.0,163.60656,185.44212,3.7003
43.344,0.9250,0.4587,89.95,5,0.1663,TRACKING,71.3,68.5,163.68820,185.52376,3.7020
43.360,0.9250,0.4604,89.95,5,0.1646,TRACKING,65.0,68.0,163.76984,185.60540,3.7037
43.376,0.9250,0.4621,89.95,5,0.1629,TRACKING,72.4,68.2,163.85148,185.68704,3.7053
43.392,0.9250,0.4637,89.95,5,0.1613,TRACKING,68.5,68.2,163.93312,185.76868,3.7070
43.408,0.9250,0.4654,89.95,5,0.1596,TRACKING,67.1,68.1,164.01476,185.85032,3.7087
43.424,0.9250,0.4671,89.95,5,0.1579,TRACKING,67.4,67.4,164.09640,185.93196,3.7104
43.440,0.9250,0.4688,89.95,5,0.1562,TRACKING,68.3,67.4,164.17804,186.01360,3.7120
43.456,0.9250,0.4704,89.95,5,0.1546,TRACKING,65.2,66.6,164.25968,186.09524,3.7137
43.472,0.9250,0.4721,89.95,5,0.1529,TRACKING,69.7,66.7,164.34132,186.17688,3.7154
43.488,0.9250,0.4738,89.95,5,0.1512,TRACKING,68.7,66.9,164.42296,186.25852,3.7170
43.504,0.9250,0.4754,89.95,5,0.1496,TRACKING,67.6,67.0,164.50460,186.34016,3.7187
43.520,0.9250,0.4771,89.95,5,0.1479,TRACKING,70.7,67.0,164.58624,186.42180,3.7204
43.536,0.9250,0.4788,89.95,5,0.1462,TRACKING,67.1,67.0,164.66788,186.50344,3.7221
43.552,0.9250,0.4805,89.95,5,0.1445,TRACKING,70.5,67.5,164.74952,186.58508,3.7237
43.568,0.9250,0.4821,89.95,5,0.1429,TRACKING,68.2,66.7,164.83116,186.66672,3.7254
43.584,0.9250,0.4839,90.08,5,0.1411,TRACKING,69.7,66.9,164.91280,186.75464,3.7272
43.600,0.9250,0.4856,90.08,5,0.1394,TRACKING,70.3,67.3,164.99444,186.83628,3.7288
43.616,0.9250,0.4872,90.08,5,0.1378,TRACKING,70.6,67.2,165.07608,186.91792,3.7305
43.632,0.9250,0.4889,90.08,5,0.1361,TRACKING,67.6,67.3,165.15772,186.99956,3.7322
43.648,0.9250,0.4906,90.08,5,0.1344,TRACKING,71.3,67.8,165.23936,187.08120,3.7338
43.664,0.9250,0.4922,90.08,5,0.1328,TRACKING,64.2,67.1,165.32100,187.16284,3.7355
43.680,0.9250,0.4939,90.08,5,0.1311,TRACKING,70.2,67.2,165.40264,187.24448,3.7372
43.696,0.9250,0.4956,90.08,5,0.1294,TRACKING,70.3,67.5,165.48428,187.32612,3.7389
43.712,0.9250,0.4973,90.08,5,0.1277,TRACKING,70.7,67.9,165.56592,187.40776,3.7405
43.728,0.9250,0.4989,90.08,5,0.1261,TRACKING,66.5,67.7,165.64756,187.48940,3.7422
43.744,0.9250,0.5006,90.08,5,0.1244,TRACKING,63.4,67.2,165.72920,187.57104,3.7439
43.760,0.9250,0.5023,90.08,5,0.1227,TRACKING,72.3,67.8,165.81084,187.65268,3.7456
43.776,0.9250,0.5040,90.08,5,0.1210,TRACKING,71.4,68.3,165.89248,187.73432,3.7472
43.792,0.9250,0.5056,90.08,5,0.1194,TRACKING,69.6,68.5,165.97412,187.81596,3.7489
43.808,0.9250,0.5073,90.08,5,0.1177,TRACKING,70.6,68.3,166.05576,187.89760,3.7506
43.824,0.9250,0.5090,90.08,5,0.1160,TRACKING,67.0,68.1,166.13740,187.97924,3.7523
43.840,0.9250,0.5107,90.08,5,0.1143,TRACKING,69.1,68.0,166.21904,188.06088,3.7539
43.856,0.9250,0.5123,90.08,5,0.1127,TRACKING,70.9,67.3,166.30068,188.14252,3.7556
43.872,0.9250,0.5141,89.95,5,0.1109,TRACKING,67.4,67.1,166.38860,188.22416,3.7573
43.888,0.9250,0.5157,89.95,5,0.1093,TRACKING,71.5,67.3,166.47024,188.30580,3.7590
43.904,0.9250,0.5174,89.95,5,0.1076,TRACKING,65.4,67.0,166.55188,188.38744,3.7607
43.920,0.9250,0.5191,89.95,5,0.1059,TRACKING,70.0,67.1,166.63352,188.46908,3.7624
43.936,0.9250,0.5208,89.95,5,0.1042,TRACKING,72.0,67.4,166.71516,188.55072,3.7640
43.952,0.9250,0.5224,89.95,5,0.1026,TRACKING,68.1,67.4,166.79680,188.63236,3.7657
43.968,0.9250,0.5241,89.95,5,0.1009,TRACKING,61.5,66.5,166.87844,188.71400,3.7674
43.984,0.9250,0.5258,89.95,5,0.0992,TRACKING,70.4,66.4,166.96008,188.79564,3.7691
44.000,0.9250,0.5275,89.95,5,0.0975,TRACKING,68.8,66.6,167.04172,188.87728,3.7707
44.016,0.9250,0.5291,89.95,5,0.0959,TRACKING,69.8,66.9,167.12336,188.95892,3.7724
44.032,0.9250,0.5308,89.95,5,0.0942,TRACKING,66.9,66.9,167.20500,189.04056,3.7741
44.048,0.9250,0.5325,89.95,5,0.0925,TRACKING,68.3,66.8,167.28664,189.12220,3.7758
44.064,0.9250,0.5342,89.95,5,0.0908,TRACKING,68.3,66.9,167.36828,189.20384,3.7774
44.080,0.9250,0.5358,89.95,5,0.0892,TRACKING,73.0,67.7,167.44992,189.28548,3.7791
44.096,0.9250,0.5375,89.95,5,0.0875,TRACKING,75.4,68.7,167.53156,189.36712,3.7808
44.112,0.9250,0.5392,89.95,5,0.0858,TRACKING,67.8,68.6,167.61320,189.44876,3.7824
44.128,0.9250,0.5408,89.95,5,0.0842,TRACKING,66.7,68.1,167.69484,189.53040,3.7841
44.144,0.9250,0.5425,89.95,5,0.0825,TRACKING,70.2,68.3,167.77648,189.61204,3.7858
44.160,0.9250,0.5442,89.95,5,0.0808,TRACKING,70.0,68.6,167.85812,189.69368,3.7875
44.176,0.9250,0.5459,89.95,5,0.2041,TRACKING,69.5,68.7,167.93976,189.77532,3.7891
44.192,0.9250,0.5475,89.95,5,0.2025,TRACKING,70.2,68.9,168.02140,189.85696,3.7908
44.208,0.9250,0.5493,90.08,5,0.2007,TRACKING,70.0,68.9,168.10304,189.94488,3.7926
44.224,0.9250,0.5510,90.08,5,0.1990,TRACKING,71.7,69.3,168.18468,190.02652,3.7942
44.240,0.9250,0.5526,90.08,5,0.1974,TRACKING,72.2,69.7,168.26632,190.10816,3.7959
44.256,0.9250,0.5543,90.08,5,0.1957,TRACKING,69.7,69.7,168.34796,190.18980,3.7976
44.272,0.9250,0.5560,90.08,4,0.1940,TRACKING,69.3,69.2,168.42960,190.27144,3.7992
44.288,0.9250,0.5576,90.08,4,0.1924,TRACKING,69.4,68.9,168.51124,190.35308,3.8009
44.304,0.9250,0.5593,90.08,4,0.1907,TRACKING,71.8,68.5,168.59288,190.43472,3.8026
44.320,0.9250,0.5610,90.08,4,0.1890,TRACKING,67.7,68.4,168.67452,190.51636,3.8043
44.336,0.9250,0.5627,90.08,4,0.1873,TRACKING,67.4,67.9,168.75616,190.59800,3.8059
44.352,0.9250,0.5643,90.08,4,0.1857,TRACKING,69.0,67.9,168.83780,190.67964,3.8076
44.368,0.9250,0.5660,90.08,4,0.1840,TRACKING,68.0,67.4,168.91944,190.76128,3.8093
44.384,0.9250,0.5677,90.08,4,0.1823,TRACKING,69.0,67.6,169.00108,190.84292,3.8110
44.400,0.9250,0.5694,90.08,4,0.1806,TRACKING,63.9,67.1,169.08272,190.92456,3.8126
44.416,0.9250,0.5711,89.95,4,0.1789,TRACKING,67.9,67.2,169.17064,191.00620,3.8144
44.432,0.9250,0.5728,89.95,4,0.1772,TRACKING,73.0,67.2,169.25228,191.08784,3.8160
44.448,0.9250,0.5744,89.95,4,0.1756,TRACKING,72.5,67.3,169.33392,191.16948,3.8177
44.464,0.9250,0.5761,89.95,4,0.1739,TRACKING,69.8,67.5,169.41556,191.25112,3.8194
44.480,0.9250,0.5778,89.95,4,0.1722,TRACKING,69.0,67.4,169.49720,191.33276,3.8211
44.496,0.9250,0.5795,89.95,4,0.1705,TRACKING,63.5,66.9,169.57884,191.41440,3.8227
44.512,0.9250,0.5811,89.95,4,0.1689,TRACKING,65.0,66.4,169.66048,191.49604,3.8244
44.528,0.9250,0.5828,89.95,4,0.1672,TRACKING,67.6,66.4,169.74212,191.57768,3.8261
44.544,0.9250,0.5845,89.95,4,0.1655,TRACKING,67.5,66.5,169.82376,191.65932,3.8278
44.560,0.9250,0.5862,89.95,4,0.1638,TRACKING,67.4,66.6,169.90540,191.74096,3.8294
44.576,0.9250,0.5878,89.95,4,0.1622,TRACKING,72.6,67.4,169.98704,191.82260,3.8311
44.592,0.9250,0.5895,89.95,4,0.1605,TRACKING,67.1,67.4,170.06868,191.90424,3.8328
44.608,0.9250,0.5912,89.95,4,0.1588,TRACKING,67.5,67.4,170.15032,191.98588,3.8345
44.624,0.9250,0.5929,89.95,4,0.1571,TRACKING,67.7,67.0,170.23196,192.06752,3.8361
44.640,0.9250,0.5945,89.95,4,0.1555,TRACKING,65.3,66.5,170.31360,192.14916,3.8378
44.656,0.9250,0.5962,89.95,4,0.1538,TRACKING,67.4,66.6,170.39524,192.23080,3.8395
44.672,0.9250,0.5979,89.95,4,0.1521,TRACKING,67.7,66.7,170.47688,192.31244,3.8412
44.688,0.9250,0.5996,89.95,4,0.1504,TRACKING,64.7,66.4,170.55852,192.39408,3.8428
44.704,0.9250,0.6012,89.95,4,0.1488,TRACKING,70.4,67.0,170.64016,192.47572,3.8445
44.720,0.9250,0.6029,89.95,4,0.1471,TRACKING,67.4,67.0,170.72180,192.55736,3.8462
44.736,0.9250,0.6046,89.95,4,0.1454,TRACKING,67.1,67.0,170.80344,192.63900,3.8478
44.752,0.9250,0.6062,89.95,4,0.1438,TRACKING,71.4,66.9,170.88508,192.72064,3.8495
44.768,0.9250,0.6079,89.95,4,0.1421,TRACKING,72.7,67.7,170.96672,192.80228,3.8512
44.784,0.9250,0.6096,89.95,4,0.1404,TRACKING,67.9,67.7,171.04836,192.88392,3.8529
44.800,0.9250,0.6113,90.08,4,0.1387,TRACKING,72.8,68.4,171.13000,192.97184,3.8546
44.816,0.9250,0.6130,90.08,4,0.1370,TRACKING,65.5,68.0,171.21164,193.05348,3.8563
44.832,0.9250,0.6147,90.08,4,0.1353,TRACKING,66.4,67.8,171.29328,193.13512,3.8580
44.848,0.9250,0.6164,90.08,4,0.1336,TRACKING,69.7,67.8,171.37492,193.21676,3.8596
44.864,0.9250,0.6180,90.08,4,0.1320,TRACKING,66.9,67.7,171.45656,193.29840,3.8613
44.880,0.9250,0.6197,90.08,4,0.1303,TRACKING,66.2,67.5,171.53820,193.38004,3.8630
44.896,0.9250,0.6214,90.08,4,0.1286,TRACKING,67.7,67.3,171.61984,193.46168,3.8646
44.912,0.9250,0.6230,90.08,4,0.1270,TRACKING,68.7,67.5,171.70148,193.54332,3.8663
44.928,0.9250,0.6247,90.08,4,0.1253,TRACKING,69.8,67.8,171.78312,193.62496,3.8680
44.944,0.9250,0.6264,90.08,4,0.1236,TRACKING,72.0,68.3,171.86476,193.70660,3.8697
44.960,0.9250,0.6281,90.08,4,0.1219,TRACKING,68.5,68.3,171.94640,193.78824,3.8713
44.976,0.9250,0.6297,90.08,4,0.1203,TRACKING,71.9,68.7,172.02804,193.86988,3.8730
44.992,0.9250,0.6315,89.95,4,0.1185,TRACKING,67.9,68.6,172.11596,193.95152,3.8748
45.008,0.9250,0.6332,89.95,4,0.1168,TRACKING,70.0,68.8,172.19760,194.03316,3.8764
45.024,0.9250,0.6348,89.95,4,0.1152,TRACKING,68.8,67.5,172.27924,194.11480,3.8781
45.040,0.9250,0.6365,89.95,4,0.1135,TRACKING,72.3,68.1,172.36088,194.19644,3.8798
45.056,0.9250,0.6382,89.95,4,0.1118,TRACKING,68.6,68.2,172.44252,194.27808,3.8814
45.072,0.9250,0.6398,89.95,4,0.1102,TRACKING,68.6,67.3,172.52416,194.35972,3.8831
45.088,0.9250,0.6415,89.95,4,0.1085,TRACKING,66.3,67.2,172.60580,194.44136,3.8848
45.104,0.9250,0.6432,89.95,4,0.1068,TRACKING,65.7,67.0,172.68744,194.52300,3.8865
45.120,0.9250,0.6449,89.95,4,0.1051,TRACKING,70.0,66.6,172.76908,194.60464,3.8881
45.136,0.9250,0.6465,89.95,4,0.1035,TRACKING,69.5,66.7,172.85072,194.68628,3.8898
45.152,0.9250,0.6482,89.95,4,0.1018,TRACKING,65.8,66.0,172.93236,194.76792,3.8915
45.168,0.9250,0.6499,89.95,4,0.1001,TRACKING,68.8,66.4,173.01400,194.84956,3.8932
45.184,0.9250,0.6516,89.95,4,0.0984,TRACKING,74.8,67.1,173.09564,194.93120,3.8948
45.200,0.9250,0.6532,89.95,4,0.0968,TRACKING,68.5,66.9,173.17728,195.01284,3.8965
45.216,0.9250,0.6549,89.95,4,0.0951,TRACKING,73.3,67.2,173.25892,195.09448,3.8982
45.232,0.9250,0.6566,89.95,4,0.0934,TRACKING,68.5,67.4,173.34056,195.17612,3.8999
45.248,0.9250,0.6583,89.95,4,0.0917,TRACKING,66.5,67.3,173.42220,195.25776,3.9015
45.264,0.9250,0.6599,89.95,4,0.0901,TRACKING,72.9,68.0,173.50384,195.33940,3.9032
45.280,0.9250,0.6616,89.95,4,0.0884,TRACKING,67.8,68.0,173.58548,195.42104,3.9049
45.296,0.9250,0.6633,89.95,4,0.0867,TRACKING,66.8,67.8,173.66712,195.50268,3.9066
45.312,0.9250,0.6650,89.95,4,0.0850,TRACKING,71.0,67.1,173.74876,195.58432,3.9082
45.328,0.9250,0.6666,89.95,4,0.0834,TRACKING,70.5,67.6,173.83040,195.66596,3.9099
45.344,0.9250,0.6683,89.95,4,0.0817,TRACKING,73.0,68.3,173.91204,195.74760,3.9116
45.360,0.9250,0.6700,89.95,4,0.0800,TRACKING,67.3,68.2,173.99368,195.82924,3.9132
45.376,0.9250,0.6717,90.08,4,0.2033,TRACKING,69.8,67.4,174.07532,195.91716,3.9150
45.392,0.9250,0.6734,90.08,4,0.2016,TRACKING,69.0,67.4,174.15696,195.99880,3.9167
45.408,0.9250,0.6751,90.08,4,0.1999,TRACKING,70.0,67.6,174.23860,196.08044,3.9183
45.424,0.9250,0.6767,90.08,4,0.1983,TRACKING,70.5,67.9,174.32024,196.16208,3.9200
45.440,0.9250,0.6784,90.08,4,0.1966,TRACKING,69.8,67.8,174.40188,196.24372,3.9217
45.456,0.9250,0.6801,90.08,3,0.1949,TRACKING,69.6,68.0,174.48352,196.32536,3.9234
45.472,0.9250,0.6818,90.08,3,0.1932,TRACKING,71.2,68.4,174.56516,196.40700,3.9250
45.488,0.9250,0.6834,90.08,3,0.1916,TRACKING,67.0,68.2,174.64680,196.48864,3.9267
45.504,0.9250,0.6851,90.08,3,0.1899,TRACKING,66.2,68.0,174.72844,196.57028,3.9284
45.520,0.9250,0.6868,90.08,3,0.1882,TRACKING,66.8,67.8,174.81008,196.65192,3.9300
45.536,0.9250,0.6884,90.08,3,0.1866,TRACKING,72.8,68.5,174.89172,196.73356,3.9317
45.552,0.9250,0.6901,90.08,3,0.1849,TRACKING,62.3,67.6,174.97336,196.81520,3.9334
45.568,0.9250,0.6919,89.95,3,0.1831,TRACKING,66.3,67.4,175.06128,196.89684,3.9351
45.584,0.9250,0.6935,89.95,3,0.1815,TRACKING,70.0,67.5,175.14292,196.97848,3.9368
45.600,0.9250,0.6952,89.95,3,0.1798,TRACKING,64.8,67.2,175.22456,197.06012,3.9385
45.616,0.9250,0.6969,89.95,3,0.1781,TRACKING,74.2,68.1,175.30620,197.14176,3.9402
45.632,0.9250,0.6986,89.95,3,0.1764,TRACKING,65.8,67.8,175.38784,197.22340,3.9418
45.648,0.9250,0.7002,89.95,3,0.1748,TRACKING,67.7,67.8,175.46948,197.30504,3.9435
45.664,0.9250,0.7019,89.95,3,0.1731,TRACKING,68.5,67.9,175.55112,197.38668,3.9452
45.680,0.9250,0.7036,89.95,3,0.1714,TRACKING,68.4,68.0,175.63276,197.46832,3.9468
45.696,0.9250,0.7052,89.95,3,0.1698,TRACKING,70.3,67.9,175.71440,197.54996,3.9485
45.712,0.9250,0.7069,89.95,3,0.1681,TRACKING,70.0,67.2,175.79604,197.63160,3.9502
45.728,0.9250,0.7086,89.95,3,0.1664,TRACKING,70.2,67.0,175.87768,197.71324,3.9519
45.744,0.9250,0.7103,89.95,3,0.1647,TRACKING,68.6,66.9,175.95932,197.79488,3.9535
45.760,0.9250,0.7119,89.95,3,0.1631,TRACKING,74.1,67.7,176.04096,197.87652,3.9552
45.776,0.9250,0.7136,89.95,3,0.1614,TRACKING,68.8,67.8,176.12260,197.95816,3.9569
45.792,0.9250,0.7153,89.95,3,0.1597,TRACKING,70.8,68.2,176.20424,198.03980,3.9586
45.808,0.9250,0.7170,89.95,3,0.1580,TRACKING,66.4,68.0,176.28588,198.12144,3.9602
45.824,0.9250,0.7186,89.95,3,0.1564,TRACKING,67.8,67.3,176.36752,198.20308,3.9619
45.840,0.9250,0.7203,89.95,3,0.1547,TRACKING,66.1,67.2,176.44916,198.28472,3.9636
45.856,0.9250,0.7220,89.95,3,0.1530,TRACKING,67.3,67.2,176.53080,198.36636,3.9653
45.872,0.9250,0.7237,89.95,3,0.1513,TRACKING,68.3,66.9,176.61244,198.44800,3.9669
45.888,0.9250,0.7253,89.95,3,0.1497,TRACKING,66.5,66.8,176.69408,198.52964,3.9686
45.904,0.9250,0.7270,89.95,3,0.1480,TRACKING,70.9,67.3,176.77572,198.61128,3.9703
45.920,0.9250,0.7287,89.95,3,0.1463,TRACKING,71.5,67.9,176.85736,198.69292,3.9720
45.936,0.9250,0.7304,89.95,3,0.1446,TRACKING,67.8,67.7,176.93900,198.77456,3.9736
45.952,0.9250,0.7321,90.08,3,0.1429,TRACKING,70.4,67.8,177.02064,198.86248,3.9754
45.968,0.9250,0.7338,90.08,3,0.1412,TRACKING,69.3,67.6,177.10228,198.94412,3.9770
45.984,0.9250,0.7354,90.08,3,0.1396,TRACKING,68.8,67.7,177.18392,199.02576,3.9787
46.000,0.9250,0.7371,90.08,3,0.1379,TRACKING,66.7,67.5,177.26556,199.10740,3.9804
46.016,0.9250,0.7388,90.08,3,0.1362,TRACKING,69.9,67.8,177.34720,199.18904,3.9821
46.032,0.9250,0.7405,90.08,3,0.1345,TRACKING,69.2,68.0,177.42884,199.27068,3.9837
46.048,0.9250,0.7421,90.08,3,0.1329,TRACKING,69.2,68.2,177.51048,199.35232,3.9854
46.064,0.9250,0.7438,90.08,3,0.1312,TRACKING,71.7,68.6,177.59212,199.43396,3.9871
46.080,0.9250,0.7455,90.08,3,0.1295,TRACKING,71.9,67.3,177.67376,199.51560,3.9888
46.096,0.9250,0.7472,90.08,3,0.1278,TRACKING,67.6,67.4,177.75540,199.59724,3.9904
46.112,0.9250,0.7488,90.08,3,0.1262,TRACKING,68.6,67.2,177.83704,199.67888,3.9921
46.128,0.9250,0.7505,90.08,3,0.1245,TRACKING,73.8,68.1,177.91868,199.76052,3.9938
46.144,0.9250,0.7522,89.95,3,0.1228,TRACKING,68.7,68.2,178.00660,199.84216,3.9955
46.160,0.9250,0.7539,89.95,3,0.1211,TRACKING,72.8,68.7,178.08824,199.92380,3.9972
46.176,0.9250,0.7556,89.95,3,0.1194,TRACKING,68.1,68.6,178.16988,200.00544,3.9989
46.192,0.9250,0.7573,89.95,3,0.1177,TRACKING,69.9,68.3,178.25152,200.08708,4.0005
46.208,0.9250,0.7589,89.95,3,0.1161,TRACKING,64.9,67.2,178.33316,200.16872,4.0022
46.224,0.9250,0.7606,89.95,3,0.1144,TRACKING,69.0,67.2,178.41480,200.25036,4.0039
46.240,0.9250,0.7623,89.95,3,0.1127,TRACKING,73.7,68.1,178.49644,200.33200,4.0056
46.256,0.9250,0.7640,89.95,3,0.1110,TRACKING,71.0,68.5,178.57808,200.41364,4.0072
46.272,0.9250,0.7656,89.95,3,0.1094,TRACKING,70.1,68.7,178.65972,200.49528,4.0089
46.288,0.9250,0.7673,89.95,3,0.1077,TRACKING,68.4,68.1,178.74136,200.57692,4.0106
46.304,0.9250,0.7690,89.95,3,0.1060,TRACKING,69.3,68.3,178.82300,200.65856,4.0122
46.320,0.9250,0.7706,89.95,3,0.1044,TRACKING,64.9,67.0,178.90464,200.74020,4.0139
46.336,0.9250,0.7723,89.95,3,0.1027,TRACKING,69.9,67.3,178.98628,200.82184,4.0156
46.352,0.9250,0.7740,89.95,3,0.1010,TRACKING,68.4,67.0,179.06792,200.90348,4.0173
46.368,0.9250,0.7757,89.95,3,0.0993,TRACKING,71.2,67.2,179.14956,200.98512,4.0189
46.384,0.9250,0.7773,89.95,3,0.0977,TRACKING,69.1,67.4,179.23120,201.06676,4.0206
46.400,0.9250,0.7790,89.95,3,0.0960,TRACKING,63.8,66.8,179.31284,201.14840,4.0223
46.416,0.9250,0.7807,89.95,3,0.0943,TRACKING,74.4,67.8,179.39448,201.23004,4.0240
46.432,0.9250,0.7824,89.95,3,0.0926,TRACKING,71.1,67.6,179.47612,201.31168,4.0256
46.448,0.9250,0.7840,89.95,3,0.0910,TRACKING,71.7,67.7,179.55776,201.39332,4.0273
46.464,0.9250,0.7857,89.95,3,0.0893,TRACKING,72.5,68.1,179.63940,201.47496,4.0290
46.480,0.9250,0.7874,89.95,3,0.0876,TRACKING,74.8,69.0,179.72104,201.55660,4.0307
46.496,0.9250,0.7891,89.95,3,0.0859,TRACKING,70.7,68.4,179.80268,201.63824,4.0323
46.512,0.9250,0.7908,90.08,3,0.0842,TRACKING,68.6,68.5,179.88432,201.72616,4.0341
46.528,0.9250,0.7925,90.08,3,0.0825,TRACKING,71.9,68.9,179.96596,201.80780,4.0357
46.544,0.9250,0.7941,90.08,3,0.0809,TRACKING,68.5,68.4,180.04760,201.88944,4.0374
46.560,0.9250,0.7958,90.08,3,0.1292,TRACKING,70.4,68.7,180.12924,201.97108,4.0391
46.576,0.9250,0.7975,90.08,3,0.1275,TRACKING,69.0,68.4,180.21088,202.05272,4.0408
46.592,0.9250,0.7992,90.08,3,0.1258,TRACKING,71.6,68.8,180.29252,202.13436,4.0424
46.608,0.9250,0.8008,90.08,3,0.1242,TRACKING,68.5,68.4,180.37416,202.21600,4.0441
46.624,0.9250,0.8025,90.08,3,0.1225,TRACKING,68.9,68.4,180.45580,202.29764,4.0458
46.640,0.9250,0.8042,90.08,3,0.1208,TRACKING,67.4,68.3,180.53744,202.37928,4.0475
46.656,0.9250,0.8059,90.08,2,0.1191,TRACKING,65.8,68.0,180.61908,202.46092,4.0491
46.672,0.9250,0.8075,90.08,2,0.1175,TRACKING,64.4,67.4,180.70072,202.54256,4.0508
46.688,0.9250,0.8092,90.08,2,0.1158,TRACKING,67.1,67.4,180.78236,202.62420,4.0525
46.704,0.9250,0.8109,90.08,2,0.1141,TRACKING,72.0,68.0,180.86400,202.70584,4.0542
46.720,0.9250,0.8126,90.08,2,0.1124,TRACKING,64.5,67.0,180.94564,202.78748,4.0558
46.736,0.9250,0.8143,89.95,2,0.1107,TRACKING,67.2,67.0,181.03356,202.86912,4.0576
46.752,0.9250,0.8160,89.95,2,0.1090,TRACKING,72.0,67.5,181.11520,202.95076,4.0592
46.768,0.9250,0.8176,89.95,2,0.1074,TRACKING,68.3,67.4,181.19684,203.03240,4.0609
46.784,0.9250,0.8193,89.95,2,0.1057,TRACKING,70.8,67.8,181.27848,203.11404,4.0626
46.800,0.9250,0.8210,89.95,2,0.1040,TRACKING,64.4,67.4,181.36012,203.19568,4.0643
46.816,0.9250,0.8227,89.95,2,0.1023,TRACKING,64.2,66.9,181.44176,203.27732,4.0659
46.832,0.9250,0.8243,89.95,2,0.1007,TRACKING,70.6,66.8,181.52340,203.35896,4.0676
46.848,0.9250,0.8260,89.95,2,0.0990,TRACKING,67.4,66.8,181.60504,203.44060,4.0693
46.864,0.9250,0.8277,89.95,2,0.0973,TRACKING,73.9,67.7,181.68668,203.52224,4.0710
46.880,0.9250,0.8294,89.95,2,0.0956,TRACKING,71.7,68.2,181.76832,203.60388,4.0726
46.896,0.9250,0.8310,89.95,2,0.0940,TRACKING,67.6,67.8,181.84996,203.68552,4.0743
46.912,0.9250,0.8327,89.95,2,0.0923,TRACKING,62.3,67.0,181.93160,203.76716,4.0760
46.928,0.9250,0.8344,89.95,2,0.0906,TRACKING,67.3,67.1,182.01324,203.84880,4.0776
46.944,0.9250,0.8360,89.95,2,0.0890,TRACKING,67.1,66.7,182.09488,203.93044,4.0793
46.960,0.9250,0.8377,89.95,2,0.0873,TRACKING,71.7,67.0,182.17652,204.01208,4.0810
46.976,0.9250,0.8394,89.95,2,0.0856,TRACKING,66.6,66.7,182.25816,204.09372,4.0827
46.992,0.9250,0.8411,89.95,2,0.0839,TRACKING,63.1,66.3,182.33980,204.17536,4.0843
47.008,0.9250,0.8427,89.95,2,0.0823,TRACKING,65.8,66.0,182.42144,204.25700,4.0860
47.024,0.9250,0.8444,89.95,2,0.0806,TRACKING,69.8,66.5,182.50308,204.33864,4.0877
47.040,0.9250,0.8461,89.95,2,0.1712,TRACKING,72.9,67.3,182.58472,204.42028,4.0894
47.056,0.9250,0.8470,89.18,2,0.1704,TRACKING,69.3,67.1,182.64752,204.44540,4.0903
47.072,0.9250,0.8478,88.40,2,0.1697,TRACKING,66.1,66.6,182.70404,204.46424,4.0910
47.088,0.9251,0.8487,87.62,2,0.1689,TRACKING,71.9,67.3,182.76684,204.48936,4.0919
47.104,0.9251,0.8496,86.85,2,0.1680,TRACKING,66.4,67.2,182.82964,204.51448,4.0928
47.120,0.9252,0.8506,86.07,2,0.1671,TRACKING,70.4,67.1,182.89872,204.54588,4.0939
47.136,0.9252,0.8515,85.29,2,0.1663,TRACKING,69.9,67.5,182.96152,204.57100,4.0948
47.152,0.9253,0.8525,84.65,2,0.1654,TRACKING,65.7,67.3,183.02432,204.60240,4.0957
47.168,0.9254,0.8534,84.00,2,0.1645,TRACKING,69.5,66.7,183.08712,204.63380,4.0967
47.184,0.9255,0.8544,83.22,2,0.1635,TRACKING,69.2,67.0,183.15620,204.66520,4.0977
47.200,0.9257,0.8555,82.70,1,0.1625,TRACKING,72.3,67.3,183.21900,204.70288,4.0988
47.216,0.9258,0.8565,81.93,1,0.1616,TRACKING,72.6,67.8,183.28808,204.73428,4.0998
47.232,0.9260,0.8576,81.28,1,0.1605,TRACKING,68.9,68.0,183.35716,204.77196,4.1009
47.248,0.9261,0.8586,80.76,1,0.1596,TRACKING,69.6,67.7,183.41996,204.80964,4.1019
47.264,0.9263,0.8597,80.25,1,0.1585,TRACKING,69.4,67.4,183.48904,204.85360,4.1031
47.280,0.9265,0.8608,79.60,1,0.1574,TRACKING,68.1,67.3,183.55812,204.89128,4.1042
47.296,0.9267,0.8619,79.08,1,0.1563,TRACKING,75.5,68.3,183.62720,204.93524,4.1053
47.312,0.9269,0.8630,78.43,1,0.1553,TRACKING,68.4,68.3,183.69628,204.97292,4.1064
47.328,0.9272,0.8641,77.92,1,0.1541,TRACKING,68.4,68.3,183.76536,205.01688,4.1076
47.344,0.9274,0.8653,77.40,1,0.1530,TRACKING,67.7,68.3,183.83444,205.06084,4.1087
47.360,0.9277,0.8664,76.88,1,0.1519,TRACKING,67.4,68.0,183.90352,205.10480,4.1099
47.376,0.9280,0.8676,76.49,1,0.1507,TRACKING,69.7,67.8,183.97260,205.15504,4.1111
47.392,0.9282,0.8687,75.98,1,0.1496,TRACKING,65.4,67.4,184.04168,205.19900,4.1123
47.408,0.9285,0.8699,75.59,1,0.1484,TRACKING,66.0,67.2,184.11076,205.24924,4.1135
47.424,0.9289,0.8712,75.07,1,0.1472,TRACKING,72.2,67.8,184.18612,205.29948,4.1148
47.440,0.9292,0.8723,74.55,1,0.1461,TRACKING,66.4,67.3,184.25520,205.34344,4.1159
47.456,0.9295,0.8735,74.16,1,0.1449,TRACKING,72.9,67.2,184.32428,205.39368,4.1172
47.472,0.9298,0.8747,73.65,1,0.1436,TRACKING,74.5,68.2,184.39964,205.44392,4.1185
47.488,0.9302,0.8759,73.39,1,0.1424,TRACKING,66.9,67.8,184.46872,205.50044,4.1197
47.504,0.9306,0.8771,73.00,1,0.1412,TRACKING,72.0,68.3,184.53780,205.55068,4.1210
47.520,0.9309,0.8783,72.48,1,0.1399,TRACKING,66.6,68.1,184.61316,205.60092,4.1223
47.536,0.9313,0.8795,72.22,1,0.1386,TRACKING,67.7,68.0,184.68224,205.65744,4.1235
47.552,0.9318,0.8808,71.83,1,0.1373,TRACKING,71.6,68.5,184.75760,205.71396,4.1249
47.568,0.9322,0.8821,71.32,1,0.1361,TRACKING,71.5,68.9,184.83296,205.76420,4.1262
47.584,0.9326,0.8833,71.06,1,0.1348,TRACKING,70.0,69.1,184.90204,205.82072,4.1275
47.600,0.9330,0.8846,70.67,1,0.1335,TRACKING,67.2,68.8,184.97740,205.87724,4.1288
47.616,0.9334,0.8857,70.28,1,0.1323,TRACKING,66.0,68.4,185.04648,205.92748,4.1300
47.632,0.9339,0.8869,70.02,1,0.1310,TRACKING,69.2,68.0,185.11556,205.98400,4.1313
47.648,0.9343,0.8881,69.63,1,0.1298,TRACKING,66.5,67.8,185.18464,206.03424,4.1326
47.664,0.9347,0.8893,69.38,1,0.1285,TRACKING,67.6,67.2,185.25372,206.09076,4.1338
47.680,0.9352,0.8904,68.99,1,0.1273,TRACKING,69.4,67.0,185.32280,206.14100,4.1351
47.696,0.9356,0.8916,68.86,1,0.1261,TRACKING,72.9,67.8,185.38560,206.19752,4.1363
47.712,0.9361,0.8927,68.47,1,0.1249,TRACKING,66.2,67.6,185.45468,206.24776,4.1375
47.728,0.9365,0.8938,68.21,1,0.1238,TRACKING,71.6,68.1,185.51748,206.29800,4.1387
47.744,0.9369,0.8949,67.82,1,0.1226,TRACKING,67.8,67.4,185.58656,206.34824,4.1399
47.760,0.9374,0.8960,67.56,1,0.1214,TRACKING,70.9,67.9,185.64936,206.39848,4.1411
47.776,0.9378,0.8970,67.31,1,0.1203,TRACKING,66.2,67.6,185.71216,206.44872,4.1422
47.792,0.9383,0.8981,67.05,1,0.1191,TRACKING,65.5,67.2,185.77496,206.49896,4.1434
47.808,0.9387,0.8992,66.79,1,0.1180,TRACKING,70.2,67.6,185.83776,206.54920,4.1445
47.824,0.9392,0.9002,66.53,1,0.1168,TRACKING,67.5,67.6,185.90056,206.59944,4.1457
47.840,0.9396,0.9012,66.14,1,0.1157,TRACKING,63.5,67.1,185.96336,206.64340,4.1468
47.856,0.9401,0.9022,66.01,1,0.1147,TRACKING,68.2,67.2,186.01988,206.69364,4.1479
47.872,0.9405,0.9033,65.75,1,0.1135,TRACKING,70.0,67.6,186.08268,206.74388,4.1490
47.888,0.9410,0.9042,65.49,1,0.1125,TRACKING,68.5,66.7,186.13920,206.78784,4.1501
47.904,0.9414,0.9052,65.36,1,0.1114,TRACKING,71.6,67.3,186.19572,206.83808,4.1512
47.920,0.9419,0.9062,65.11,1,0.1104,TRACKING,70.3,67.7,186.25224,206.88204,4.1522
47.936,0.9423,0.9072,64.98,1,0.1093,TRACKING,68.6,67.8,186.30876,206.93228,4.1533
47.952,0.9428,0.9081,64.72,1,0.1083,TRACKING,68.2,66.6,186.36528,206.97624,4.1543
47.968,0.9432,0.9090,64.46,1,0.1072,TRACKING,68.4,66.8,186.42180,207.02020,4.1553
47.984,0.9436,0.9100,64.20,1,0.1062,TRACKING,70.3,66.9,186.47832,207.06416,4.1564
48.000,0.9441,0.9109,63.94,1,0.1052,TRACKING,67.6,67.0,186.53484,207.10812,4.1574
48.016,0.9445,0.9118,63.94,1,0.1042,TRACKING,67.0,67.0,186.58508,207.15836,4.1584
48.032,0.9450,0.9127,63.68,1,0.1032,TRACKING,68.6,67.2,186.64160,207.20232,4.1595
48.048,0.9454,0.9136,63.55,1,0.1022,TRACKING,71.5,67.7,186.69184,207.24628,4.1604
48.064,0.9459,0.9145,63.16,1,0.1012,TRACKING,70.0,67.6,186.74836,207.28396,4.1614
48.080,0.9463,0.9153,63.03,1,0.1003,TRACKING,64.9,67.3,186.79860,207.32792,4.1624
48.096,0.9467,0.9162,62.91,1,0.0993,TRACKING,68.3,67.4,186.84884,207.37188,4.1633
48.112,0.9472,0.9170,62.78,1,0.0983,TRACKING,68.2,67.5,186.89908,207.41584,4.1643
48.128,0.9476,0.9179,62.65,1,0.0974,TRACKING,68.6,67.5,186.94932,207.45980,4.1653
48.144,0.9480,0.9187,62.39,1,0.0965,TRACKING,73.9,68.4,186.99956,207.49748,4.1662
48.160,0.9485,0.9196,62.26,1,0.0955,TRACKING,72.5,68.9,187.04980,207.54144,4.1671
48.176,0.9489,0.9203,62.00,1,0.0946,TRACKING,66.7,68.4,187.10004,207.57912,4.1680
48.192,0.9493,0.9211,62.00,1,0.0937,TRACKING,66.5,67.9,187.14400,207.62308,4.1689
48.208,0.9498,0.9219,61.74,1,0.0928,TRACKING,66.6,67.6,187.19424,207.66076,4.1698
48.224,0.9502,0.9227,61.74,1,0.0919,TRACKING,70.8,68.0,187.23820,207.70472,4.1707
48.240,0.9506,0.9235,61.48,1,0.0910,TRACKING,69.9,68.2,187.28844,207.74240,4.1716
48.256,0.9510,0.9243,61.35,1,0.0902,TRACKING,71.5,68.0,187.33240,207.78008,4.1725
48.272,0.9514,0.9250,61.22,1,0.0894,TRACKING,66.4,67.8,187.37636,207.81776,4.1733
48.288,0.9518,0.9257,61.09,1,0.0885,TRACKING,69.1,67.7,187.42032,207.85544,4.1741
48.304,0.9523,0.9266,60.96,1,0.0876,TRACKING,64.2,67.3,187.47056,207.89940,4.1751
48.320,0.9527,0.9273,60.83,1,0.0867,TRACKING,68.1,67.4,187.51452,207.93708,4.1759
48.336,0.9531,0.9280,60.83,1,0.0860,TRACKING,68.2,66.6,187.55220,207.97476,4.1767
48.352,0.9534,0.9287,60.58,1,0.0852,TRACKING,75.7,67.8,187.59616,208.00616,4.1775
48.368,0.9539,0.9294,60.45,1,0.0844,TRACKING,68.5,67.9,187.64012,208.04384,4.1783
48.384,0.9543,0.9301,60.32,1,0.0835,TRACKING,68.4,67.9,187.68408,208.08152,4.1792
48.400,0.9547,0.9308,60.19,1,0.0827,TRACKING,68.9,68.0,187.72804,208.11920,4.1800
48.416,0.9551,0.9315,60.19,1,0.0819,TRACKING,69.4,68.2,187.76572,208.15688,4.1808
48.432,0.9555,0.9322,59.93,1,0.0811,TRACKING,71.5,68.6,187.80968,208.18828,4.1815
48.448,0.9558,0.9328,59.93,1,0.0804,TRACKING,62.4,67.5,187.84736,208.22596,4.1823
48.464,0.9563,0.9336,59.80,1,0.0795,TRACKING,70.3,67.8,187.89132,208.26364,4.1831
