tiempo_s,x_est,y_est,theta_deg,wp_restantes,dist_wp,estado,crudo_m,kalman_m,enc_izq_rad,enc_der_rad,long_ejecutada_m
0.0,-1.1,-1.1,0.0,155,0.0354,FOLLOW_PATH,0.137,0.1378,0.0,0.0,0.0
0.016,-1.1,-1.1,0.0,155,0.0707,FOLLOW_PATH,0.1384,0.1381,0.0,0.0,0.0
0.032,-1.0997,-1.1,1.28,155,0.0705,FOLLOW_PATH,0.1419,0.1393,-0.0126,0.044,0.0003
0.048,-1.0994,-1.1,2.7,155,0.0703,FOLLOW_PATH,0.1417,0.1398,-0.0314,0.0879,0.0006
0.064,-1.0992,-1.1,4.11,155,0.0701,FOLLOW_PATH,0.1379,0.1391,-0.0502,0.1319,0.0008
0.08,-1.0989,-1.1,5.25,155,0.0699,FOLLOW_PATH,0.1419,0.1396,-0.0628,0.1696,0.0011
0.096,-1.0987,-1.0999,6.67,155,0.0697,FOLLOW_PATH,0.1376,0.1389,-0.0816,0.2135,0.0014
0.112,-1.0984,-1.0999,7.8,155,0.0695,FOLLOW_PATH,0.136,0.138,-0.0942,0.2512,0.0016
0.128,-1.0981,-1.0998,9.08,155,0.0693,FOLLOW_PATH,0.1411,0.1385,-0.1068,0.2952,0.0019
0.144,-1.0978,-1.0998,10.21,155,0.069,FOLLOW_PATH,0.1385,0.1383,-0.1193,0.3328,0.0022
0.16,-1.0976,-1.0998,11.35,155,0.0688,FOLLOW_PATH,0.1371,0.1378,-0.1319,0.3705,0.0024
0.176,-1.0973,-1.0997,12.48,155,0.0686,FOLLOW_PATH,0.1379,0.1376,-0.1444,0.4082,0.0027
0.192,-1.0971,-1.0997,13.48,155,0.0685,FOLLOW_PATH,0.139,0.1378,-0.157,0.4396,0.0029
0.208,-1.0968,-1.0996,14.47,155,0.0682,FOLLOW_PATH,0.1353,0.137,-0.1633,0.4773,0.0032
0.224,-1.0966,-1.0995,15.6,155,0.068,FOLLOW_PATH,0.1353,0.1364,-0.1758,0.515,0.0035
0.24,-1.0963,-1.0994,16.45,155,0.0678,FOLLOW_PATH,0.1364,0.1362,-0.1821,0.5464,0.0037
0.256,-1.0961,-1.0994,17.59,155,0.0675,FOLLOW_PATH,0.1374,0.1363,-0.1947,0.584,0.004
0.272,-1.0958,-1.0993,18.44,155,0.0673,FOLLOW_PATH,0.1377,0.1364,-0.201,0.6154,0.0042
0.288,-1.0956,-1.0992,19.29,155,0.0671,FOLLOW_PATH,0.1374,0.1364,-0.2072,0.6468,0.0045
0.304,-1.0953,-1.0991,20.14,155,0.0668,FOLLOW_PATH,0.1352,0.1359,-0.2135,0.6782,0.0048
0.32,-1.0951,-1.099,20.99,155,0.0666,FOLLOW_PATH,0.1393,0.1365,-0.2198,0.7096,0.005
0.336,-1.0949,-1.0989,21.85,155,0.0664,FOLLOW_PATH,0.1388,0.1369,-0.2261,0.741,0.0053
0.352,-1.0946,-1.0988,22.7,155,0.0662,FOLLOW_PATH,0.1408,0.1376,-0.2324,0.7724,0.0055
0.368,-1.0943,-1.0987,23.41,155,0.0659,FOLLOW_PATH,0.1398,0.1379,-0.2324,0.8038,0.0059
0.384,-1.0941,-1.0986,24.26,155,0.0656,FOLLOW_PATH,0.1394,0.138,-0.2386,0.8352,0.0061
0.4,-1.0939,-1.0985,24.97,155,0.0654,FOLLOW_PATH,0.1362,0.1375,-0.2449,0.8604,0.0063
0.416,-1.0928,-1.098,25.68,155,0.0643,FOLLOW_PATH,0.1437,0.138,-0.201,0.9357,0.0075
0.432,-1.0918,-1.0975,26.38,155,0.0633,FOLLOW_PATH,0.1412,0.1379,-0.1633,1.0048,0.0086
0.448,-1.0907,-1.097,27.09,155,0.0622,FOLLOW_PATH,0.1398,0.1374,-0.1193,1.0802,0.0098
0.464,-1.0898,-1.0965,27.8,155,0.0612,FOLLOW_PATH,0.1383,0.1368,-0.0816,1.1492,0.0109
0.48,-1.0887,-1.0959,28.37,155,0.0601,FOLLOW_PATH,0.1365,0.1358,-0.0377,1.2183,0.0121
0.496,-1.0877,-1.0954,29.22,155,0.059,FOLLOW_PATH,0.1371,0.1352,0.0,1.2937,0.0133
0.512,-1.0868,-1.0948,29.93,155,0.058,FOLLOW_PATH,0.137,0.1348,0.0377,1.3628,0.0144
0.528,-1.0858,-1.0943,30.64,155,0.057,FOLLOW_PATH,0.1377,0.1346,0.0754,1.4318,0.0154
0.544,-1.0848,-1.0937,31.21,155,0.0559,FOLLOW_PATH,0.1396,0.1349,0.1193,1.5009,0.0166
0.56,-1.0838,-1.093,31.92,155,0.0547,FOLLOW_PATH,0.1391,0.135,0.1633,1.5763,0.0178
0.576,-1.0829,-1.0925,32.63,155,0.0537,FOLLOW_PATH,0.1402,0.1354,0.201,1.6454,0.0189
0.592,-1.0819,-1.0918,33.19,155,0.0526,FOLLOW_PATH,0.1393,0.1354,0.2449,1.7144,0.0201
0.608,-1.0809,-1.0912,33.76,155,0.0515,FOLLOW_PATH,0.1355,0.1345,0.2889,1.7835,0.0212
0.624,-1.08,-1.0905,34.33,155,0.0504,FOLLOW_PATH,0.1386,0.1346,0.3328,1.8526,0.0224
0.64,-1.0791,-1.0899,35.04,154,0.0494,FOLLOW_PATH,0.1388,0.1347,0.3705,1.9217,0.0235
0.656,-1.0791,-1.0899,35.04,154,0.0845,FOLLOW_PATH,0.1401,0.136,0.3705,1.9217,0.0235
0.672,-1.0781,-1.0892,35.46,154,0.0833,FOLLOW_PATH,0.1374,0.1354,0.4208,1.9908,0.0247
0.688,-1.0772,-1.0886,35.89,154,0.0822,FOLLOW_PATH,0.1408,0.1358,0.4647,2.0536,0.0258
0.704,-1.0762,-1.0879,36.46,154,0.0811,FOLLOW_PATH,0.1378,0.1354,0.5087,2.1226,0.027
0.72,-1.0754,-1.0872,36.88,154,0.0801,FOLLOW_PATH,0.1366,0.1349,0.5526,2.1854,0.0281
0.736,-1.0744,-1.0865,37.31,154,0.0789,FOLLOW_PATH,0.136,0.1342,0.6029,2.2545,0.0293
0.752,-1.0735,-1.0858,37.73,154,0.0778,FOLLOW_PATH,0.1398,0.1346,0.6468,2.3173,0.0304
0.768,-1.0726,-1.0851,38.16,154,0.0766,FOLLOW_PATH,0.1355,0.1339,0.6971,2.3864,0.0316
0.784,-1.0717,-1.0844,38.58,154,0.0756,FOLLOW_PATH,0.1371,0.1338,0.741,2.4492,0.0327
0.8,-1.0709,-1.0837,39.01,154,0.0745,FOLLOW_PATH,0.14,0.1344,0.785,2.512,0.0338
0.816,-1.0699,-1.0829,39.43,154,0.0733,FOLLOW_PATH,0.1392,0.1346,0.8352,2.5811,0.035
0.832,-1.0691,-1.0822,39.86,154,0.0722,FOLLOW_PATH,0.1335,0.1335,0.8792,2.6439,0.0361
0.848,-1.0682,-1.0815,40.14,154,0.0711,FOLLOW_PATH,0.133,0.1325,0.9294,2.7067,0.0373
0.864,-1.0673,-1.0807,40.71,154,0.07,FOLLOW_PATH,0.1361,0.1324,0.9734,2.7758,0.0384
0.88,-1.0664,-1.08,40.99,154,0.0688,FOLLOW_PATH,0.1384,0.1329,1.0236,2.8386,0.0396
0.896,-1.0655,-1.0792,41.28,154,0.0677,FOLLOW_PATH,0.1401,0.1337,1.0739,2.9014,0.0407
0.912,-1.0647,-1.0785,41.7,154,0.0666,FOLLOW_PATH,0.1387,0.134,1.1178,2.9642,0.0418
0.928,-1.0638,-1.0777,42.13,154,0.0654,FOLLOW_PATH,0.1384,0.1341,1.1681,3.0332,0.0431
0.944,-1.063,-1.0769,42.56,154,0.0644,FOLLOW_PATH,0.14,0.1347,1.212,3.096,0.0442
0.96,-1.0622,-1.0762,42.84,154,0.0632,FOLLOW_PATH,0.137,0.1343,1.2623,3.1588,0.0453
0.976,-1.0613,-1.0754,43.12,154,0.0621,FOLLOW_PATH,0.1395,0.1346,1.3125,3.2216,0.0465
0.992,-1.0605,-1.0746,43.55,154,0.061,FOLLOW_PATH,0.1378,0.1346,1.3565,3.2844,0.0476
1.008,-1.0597,-1.0738,43.83,154,0.0599,FOLLOW_PATH,0.1393,0.1348,1.4067,3.3472,0.0487
1.024,-1.0588,-1.073,44.12,154,0.0587,FOLLOW_PATH,0.133,0.1335,1.457,3.41,0.0499
1.04,-1.058,-1.0722,44.54,154,0.0575,FOLLOW_PATH,0.1373,0.1334,1.5072,3.4791,0.0511
1.056,-1.0572,-1.0714,44.97,154,0.0565,FOLLOW_PATH,0.1356,0.1331,1.5512,3.5419,0.0522
1.072,-1.0564,-1.0706,45.25,154,0.0553,FOLLOW_PATH,0.137,0.1331,1.6014,3.6047,0.0534
1.088,-1.0556,-1.0697,45.53,154,0.0542,FOLLOW_PATH,0.1375,0.1333,1.6516,3.6675,0.0545
1.104,-1.0547,-1.0689,45.82,154,0.053,FOLLOW_PATH,0.138,0.1335,1.7019,3.7303,0.0557
1.12,-1.054,-1.0681,46.24,154,0.052,FOLLOW_PATH,0.1372,0.1335,1.7458,3.7931,0.0568
1.136,-1.0532,-1.0673,46.53,154,0.0508,FOLLOW_PATH,0.1391,0.1339,1.7961,3.8559,0.0579
1.152,-1.0524,-1.0664,46.81,153,0.0497,FOLLOW_PATH,0.1386,0.1341,1.8463,3.9187,0.0591
1.168,-1.0524,-1.0664,46.81,153,0.0846,FOLLOW_PATH,0.1379,0.135,1.8463,3.9187,0.0591
1.184,-1.0516,-1.0656,46.95,153,0.0835,FOLLOW_PATH,0.1295,0.1329,1.8966,3.9752,0.0602
1.2,-1.0508,-1.0647,47.09,153,0.0823,FOLLOW_PATH,0.1419,0.1341,1.9531,4.038,0.0614
1.216,-1.0501,-1.0639,47.24,153,0.0812,FOLLOW_PATH,0.1396,0.1345,2.0033,4.0946,0.0625
1.232,-1.0492,-1.063,47.38,153,0.08,FOLLOW_PATH,0.1363,0.134,2.0598,4.1574,0.0637
1.248,-1.0485,-1.0622,47.52,153,0.0789,FOLLOW_PATH,0.1373,0.1339,2.1101,4.2139,0.0648
1.264,-1.0477,-1.0614,47.8,153,0.0777,FOLLOW_PATH,0.1403,0.1345,2.1603,4.2767,0.066
1.28,-1.0469,-1.0605,47.8,153,0.0766,FOLLOW_PATH,0.1343,0.1336,2.2168,4.3332,0.0671
1.296,-1.0462,-1.0597,47.95,153,0.0755,FOLLOW_PATH,0.1365,0.1334,2.2671,4.3897,0.0682
1.312,-1.0454,-1.0588,48.09,153,0.0743,FOLLOW_PATH,0.1356,0.133,2.3236,4.4525,0.0695
1.328,-1.0447,-1.058,48.23,153,0.0732,FOLLOW_PATH,0.1413,0.1341,2.3738,4.509,0.0705
1.344,-1.0439,-1.0571,48.23,153,0.072,FOLLOW_PATH,0.1365,0.1338,2.4304,4.5656,0.0717
1.36,-1.0431,-1.0563,48.51,153,0.0709,FOLLOW_PATH,0.1369,0.1336,2.4806,4.6284,0.0729
1.376,-1.0423,-1.0554,48.51,153,0.0697,FOLLOW_PATH,0.1377,0.1337,2.5371,4.6849,0.074
1.392,-1.0416,-1.0545,48.8,153,0.0686,FOLLOW_PATH,0.1381,0.1338,2.5874,4.7477,0.0752
1.408,-1.0409,-1.0537,48.94,153,0.0675,FOLLOW_PATH,0.1334,0.1329,2.6376,4.8042,0.0763
1.424,-1.0401,-1.0528,48.94,153,0.0663,FOLLOW_PATH,0.1382,0.1333,2.6941,4.8607,0.0774
1.44,-1.0393,-1.0519,49.22,153,0.0652,FOLLOW_PATH,0.1367,0.1332,2.7444,4.9235,0.0786
1.456,-1.0386,-1.0511,49.22,153,0.064,FOLLOW_PATH,0.1407,0.134,2.8009,4.98,0.0798
1.472,-1.0379,-1.0502,49.36,153,0.0629,FOLLOW_PATH,0.1342,0.1332,2.8511,5.0366,0.0808
1.488,-1.0371,-1.0493,49.51,153,0.0617,FOLLOW_PATH,0.138,0.1334,2.9076,5.0994,0.0821
1.504,-1.0363,-1.0484,49.51,153,0.0605,FOLLOW_PATH,0.1361,0.1332,2.9642,5.1559,0.0832
1.52,-1.0356,-1.0476,49.65,153,0.0594,FOLLOW_PATH,0.1354,0.1329,3.0144,5.2124,0.0843
1.536,-1.0348,-1.0467,49.79,153,0.0582,FOLLOW_PATH,0.1429,0.1343,3.0709,5.2752,0.0855
1.552,-1.0341,-1.0458,49.93,153,0.0571,FOLLOW_PATH,0.1357,0.1338,3.1212,5.3317,0.0866
1.568,-1.0334,-1.0449,49.93,153,0.056,FOLLOW_PATH,0.1361,0.1334,3.1777,5.3882,0.0878
1.584,-1.0327,-1.0441,50.07,153,0.0549,FOLLOW_PATH,0.1377,0.1336,3.2279,5.4448,0.0889
1.6,-1.0319,-1.0432,50.22,153,0.0537,FOLLOW_PATH,0.142,0.1346,3.2844,5.5076,0.0901
1.616,-1.0312,-1.0423,50.36,153,0.0526,FOLLOW_PATH,0.1403,0.1351,3.3347,5.5641,0.0912
1.632,-1.0304,-1.0414,50.36,153,0.0514,FOLLOW_PATH,0.1394,0.1352,3.3912,5.6206,0.0924
1.648,-1.0297,-1.0405,50.64,153,0.0503,FOLLOW_PATH,0.1377,0.1349,3.4414,5.6834,0.0935
1.664,-1.029,-1.0396,50.64,152,0.0491,FOLLOW_PATH,0.1379,0.1347,3.498,5.7399,0.0947
1.68,-1.029,-1.0396,50.64,152,0.0708,FOLLOW_PATH,0.1366,0.1352,3.498,5.7399,0.0947
1.696,-1.0283,-1.0388,51.07,152,0.0698,FOLLOW_PATH,0.1376,0.1349,3.5419,5.8027,0.0958
1.712,-1.0276,-1.0379,51.63,152,0.0687,FOLLOW_PATH,0.1415,0.1355,3.5859,5.8718,0.0969
1.728,-1.0268,-1.0369,52.06,152,0.0675,FOLLOW_PATH,0.137,0.1349,3.6361,5.9409,0.0982
1.744,-1.0261,-1.0361,52.48,152,0.0664,FOLLOW_PATH,0.1386,0.1349,3.6801,6.0037,0.0993
1.76,-1.0254,-1.0351,53.05,152,0.0653,FOLLOW_PATH,0.1381,0.1348,3.724,6.0728,0.1004
1.776,-1.0247,-1.0342,53.34,152,0.0642,FOLLOW_PATH,0.1407,0.1353,3.7743,6.1356,0.1016
1.792,-1.0241,-1.0333,53.9,152,0.063,FOLLOW_PATH,0.1389,0.1353,3.8182,6.2046,0.1027
1.808,-1.0234,-1.0324,54.33,152,0.062,FOLLOW_PATH,0.1363,0.1347,3.8622,6.2674,0.1038
1.824,-1.0227,-1.0314,54.61,152,0.0609,FOLLOW_PATH,0.1419,0.1355,3.9124,6.3302,0.105
1.84,-1.0221,-1.0305,55.18,152,0.0597,FOLLOW_PATH,0.1382,0.1352,3.9564,6.3993,0.1061
1.856,-1.0214,-1.0295,55.46,152,0.0586,FOLLOW_PATH,0.1385,0.1351,4.0066,6.4621,0.1073
1.872,-1.0208,-1.0286,56.03,152,0.0575,FOLLOW_PATH,0.136,0.1344,4.0506,6.5312,0.1085
1.888,-1.0201,-1.0276,56.31,152,0.0563,FOLLOW_PATH,0.1384,0.1345,4.1008,6.594,0.1096
1.904,-1.0195,-1.0267,56.74,152,0.0553,FOLLOW_PATH,0.1401,0.135,4.1448,6.6568,0.1107
1.92,-1.0188,-1.0257,57.17,152,0.0541,FOLLOW_PATH,0.1334,0.1337,4.195,6.7259,0.1119
1.936,-1.0183,-1.0248,57.59,152,0.053,FOLLOW_PATH,0.1345,0.133,4.239,6.7887,0.113
1.952,-1.0176,-1.0238,57.88,152,0.0519,FOLLOW_PATH,0.1312,0.1317,4.2892,6.8515,0.1142
1.968,-1.0171,-1.0229,58.3,152,0.0508,FOLLOW_PATH,0.1368,0.1321,4.3332,6.9143,0.1153
1.984,-1.0164,-1.0218,58.73,151,0.0496,FOLLOW_PATH,0.1355,0.1319,4.3834,6.9834,0.1165
2.0,-1.0164,-1.0218,58.73,151,0.0737,FOLLOW_PATH,0.1396,0.1337,4.3834,6.9834,0.1165
2.016,-1.0158,-1.0208,59.29,151,0.0726,FOLLOW_PATH,0.1384,0.1339,4.4274,7.0524,0.1177
2.032,-1.0153,-1.0199,59.72,151,0.0715,FOLLOW_PATH,0.1347,0.1333,4.4714,7.1152,0.1188
2.048,-1.0147,-1.0189,60.29,151,0.0704,FOLLOW_PATH,0.1371,0.1333,4.5153,7.1843,0.1199
2.064,-1.0142,-1.0179,61.0,151,0.0694,FOLLOW_PATH,0.1377,0.1335,4.553,7.2534,0.121
2.08,-1.0136,-1.0169,61.56,151,0.0683,FOLLOW_PATH,0.1391,0.1339,4.597,7.3225,0.1222
2.096,-1.013,-1.0158,61.99,151,0.0671,FOLLOW_PATH,0.1393,0.1342,4.6472,7.3916,0.1234
2.112,-1.0125,-1.0148,62.56,151,0.066,FOLLOW_PATH,0.1361,0.1338,4.6912,7.4606,0.1246
2.128,-1.012,-1.0138,62.98,151,0.0649,FOLLOW_PATH,0.1349,0.1332,4.7351,7.5234,0.1257
2.144,-1.0115,-1.0128,63.55,151,0.0638,FOLLOW_PATH,0.1366,0.1331,4.7791,7.5925,0.1268
2.16,-1.0109,-1.0118,64.12,151,0.0627,FOLLOW_PATH,0.134,0.1324,4.823,7.6616,0.128
2.176,-1.0104,-1.0107,64.68,151,0.0616,FOLLOW_PATH,0.1409,0.1335,4.867,7.7307,0.1291
2.192,-1.01,-1.0097,65.11,151,0.0605,FOLLOW_PATH,0.136,0.1333,4.911,7.7935,0.1302
2.208,-1.0095,-1.0087,65.68,151,0.0594,FOLLOW_PATH,0.1386,0.1336,4.9549,7.8626,0.1314
2.224,-1.009,-1.0076,65.96,151,0.0583,FOLLOW_PATH,0.1362,0.1333,5.0052,7.9254,0.1325
2.24,-1.0086,-1.0065,66.53,151,0.0572,FOLLOW_PATH,0.1374,0.1334,5.0491,7.9944,0.1337
2.256,-1.0081,-1.0055,67.1,151,0.0561,FOLLOW_PATH,0.1374,0.1334,5.0931,8.0635,0.1349
2.272,-1.0077,-1.0045,67.52,151,0.055,FOLLOW_PATH,0.1415,0.1345,5.137,8.1263,0.1359
2.288,-1.0072,-1.0033,67.95,151,0.0538,FOLLOW_PATH,0.141,0.1351,5.1873,8.1954,0.1372
2.304,-1.0068,-1.0023,68.37,151,0.0528,FOLLOW_PATH,0.1351,0.1342,5.2312,8.2582,0.1383
2.32,-1.0064,-1.0012,68.94,151,0.0516,FOLLOW_PATH,0.1381,0.1342,5.2752,8.3273,0.1394
2.336,-1.006,-1.0002,69.22,151,0.0505,FOLLOW_PATH,0.1425,0.1353,5.3254,8.3901,0.1406
2.352,-1.0056,-0.9991,69.79,150,0.0494,FOLLOW_PATH,0.1348,0.1343,5.3694,8.4592,0.1417
2.368,-1.0056,-0.9991,69.79,150,0.0743,FOLLOW_PATH,0.1389,0.1354,5.3694,8.4592,0.1417
2.384,-1.0052,-0.998,70.22,150,0.0732,FOLLOW_PATH,0.1409,0.1358,5.4134,8.522,0.1428
2.4,-1.0048,-0.997,70.78,150,0.0721,FOLLOW_PATH,0.1419,0.1364,5.4573,8.591,0.144
2.416,-1.0044,-0.9958,71.21,150,0.0709,FOLLOW_PATH,0.1394,0.1362,5.5076,8.6601,0.1452
2.432,-1.0041,-0.9948,71.63,150,0.0699,FOLLOW_PATH,0.1399,0.1362,5.5515,8.7229,0.1463
2.448,-1.0037,-0.9937,72.2,150,0.0688,FOLLOW_PATH,0.1378,0.1357,5.5955,8.792,0.1475
2.464,-1.0034,-0.9926,72.63,150,0.0677,FOLLOW_PATH,0.1359,0.1349,5.6394,8.8548,0.1486
2.48,-1.003,-0.9915,73.05,150,0.0665,FOLLOW_PATH,0.1356,0.1341,5.6897,8.9239,0.1498
2.496,-1.0027,-0.9904,73.48,150,0.0655,FOLLOW_PATH,0.1393,0.1345,5.7336,8.9867,0.1509
2.512,-1.0024,-0.9893,74.05,150,0.0643,FOLLOW_PATH,0.137,0.1342,5.7776,9.0558,0.152
2.528,-1.0021,-0.9882,74.33,150,0.0632,FOLLOW_PATH,0.136,0.1337,5.8278,9.1186,0.1532
2.544,-1.0017,-0.9871,74.9,150,0.0621,FOLLOW_PATH,0.1366,0.1335,5.8718,9.1876,0.1544
2.56,-1.0014,-0.9859,75.18,150,0.061,FOLLOW_PATH,0.1386,0.1338,5.922,9.2504,0.1555
2.576,-1.0012,-0.9848,75.75,150,0.0598,FOLLOW_PATH,0.1401,0.1344,5.966,9.3195,0.1567
2.592,-1.0009,-0.9838,76.17,150,0.0588,FOLLOW_PATH,0.1389,0.1346,6.01,9.3823,0.1578
2.608,-1.0006,-0.9826,76.46,150,0.0576,FOLLOW_PATH,0.1407,0.1352,6.0602,9.4451,0.1589
2.624,-1.0003,-0.9815,77.03,150,0.0565,FOLLOW_PATH,0.1388,0.1351,6.1042,9.5142,0.1601
2.64,-1.0001,-0.9804,77.31,150,0.0554,FOLLOW_PATH,0.1341,0.134,6.1544,9.577,0.1612
2.656,-0.9999,-0.9793,77.73,150,0.0543,FOLLOW_PATH,0.1428,0.1352,6.1984,9.6398,0.1623
2.672,-0.9996,-0.9781,78.16,150,0.0531,FOLLOW_PATH,0.139,0.1352,6.2486,9.7089,0.1636
2.688,-0.9994,-0.977,78.59,150,0.052,FOLLOW_PATH,0.136,0.1345,6.2926,9.7717,0.1647
2.704,-0.9992,-0.9759,78.87,150,0.0509,FOLLOW_PATH,0.1385,0.1346,6.3428,9.8345,0.1658
2.72,-0.9989,-0.9748,79.15,149,0.0498,FOLLOW_PATH,0.1409,0.1351,6.393,9.8973,0.167
2.736,-0.9989,-0.9748,79.15,149,0.0785,FOLLOW_PATH,0.1342,0.1349,6.393,9.8973,0.167
2.752,-0.9987,-0.9737,79.01,149,0.0774,FOLLOW_PATH,0.1413,0.1356,6.4496,9.9475,0.1681
2.768,-0.9985,-0.9725,78.87,149,0.0762,FOLLOW_PATH,0.136,0.1347,6.5124,10.004,0.1693
2.784,-0.9983,-0.9714,78.59,149,0.075,FOLLOW_PATH,0.137,0.1344,6.5752,10.0543,0.1705
2.8,-0.998,-0.9703,78.44,149,0.074,FOLLOW_PATH,0.1396,0.1348,6.6317,10.1045,0.1715
2.816,-0.9978,-0.9691,78.16,149,0.0728,FOLLOW_PATH,0.1359,0.1342,6.6945,10.1548,0.1727
2.832,-0.9976,-0.968,77.88,149,0.0717,FOLLOW_PATH,0.1405,0.1348,6.7573,10.205,0.1739
2.848,-0.9973,-0.9669,77.88,149,0.0705,FOLLOW_PATH,0.139,0.1349,6.8138,10.2615,0.175
2.864,-0.9971,-0.9657,77.59,149,0.0694,FOLLOW_PATH,0.1372,0.1345,6.8766,10.3118,0.1762
2.88,-0.9968,-0.9647,77.45,149,0.0683,FOLLOW_PATH,0.1396,0.1349,6.9331,10.362,0.1773
2.896,-0.9966,-0.9635,77.17,149,0.0671,FOLLOW_PATH,0.1378,0.1347,6.9959,10.4122,0.1784
2.912,-0.9963,-0.9624,77.03,149,0.0659,FOLLOW_PATH,0.1424,0.1355,7.0587,10.4688,0.1797
2.928,-0.9961,-0.9613,76.88,149,0.0648,FOLLOW_PATH,0.1367,0.135,7.1152,10.519,0.1808
2.944,-0.9958,-0.9602,76.6,149,0.0637,FOLLOW_PATH,0.1343,0.1339,7.178,10.5692,0.1819
2.96,-0.9955,-0.9591,76.46,149,0.0626,FOLLOW_PATH,0.1364,0.1337,7.2346,10.6195,0.183
2.976,-0.9953,-0.9579,76.32,149,0.0613,FOLLOW_PATH,0.1396,0.1341,7.2974,10.676,0.1842
2.992,-0.995,-0.9568,76.17,149,0.0603,FOLLOW_PATH,0.1359,0.1337,7.3539,10.7262,0.1853
3.008,-0.9947,-0.9557,75.89,149,0.0591,FOLLOW_PATH,0.1387,0.134,7.4167,10.7765,0.1865
3.024,-0.9944,-0.9546,75.89,149,0.058,FOLLOW_PATH,0.1413,0.1348,7.4732,10.833,0.1876
3.04,-0.9942,-0.9535,75.61,149,0.0568,FOLLOW_PATH,0.136,0.1342,7.536,10.8832,0.1888
3.056,-0.9939,-0.9524,75.46,149,0.0557,FOLLOW_PATH,0.1377,0.1342,7.5925,10.9335,0.1899
3.072,-0.9936,-0.9513,75.18,149,0.0546,FOLLOW_PATH,0.139,0.1344,7.6553,10.9837,0.1911
3.088,-0.9933,-0.9502,75.18,149,0.0534,FOLLOW_PATH,0.138,0.1344,7.7118,11.0402,0.1922
3.104,-0.993,-0.9491,74.9,149,0.0522,FOLLOW_PATH,0.1328,0.1331,7.7746,11.0905,0.1934
3.12,-0.9927,-0.9479,74.9,149,0.0511,FOLLOW_PATH,0.1356,0.1328,7.8312,11.147,0.1945
3.136,-0.9924,-0.9468,74.61,148,0.0499,FOLLOW_PATH,0.135,0.1324,7.894,11.1972,0.1957
3.152,-0.9924,-0.9468,74.61,148,0.0834,FOLLOW_PATH,0.1381,0.1337,7.894,11.1972,0.1957
3.168,-0.9921,-0.9458,74.19,148,0.0823,FOLLOW_PATH,0.1376,0.1338,7.9568,11.2412,0.1968
3.184,-0.9918,-0.9447,73.62,148,0.0812,FOLLOW_PATH,0.1412,0.1347,8.0258,11.2852,0.1979
3.2,-0.9914,-0.9435,73.2,148,0.08,FOLLOW_PATH,0.1413,0.1353,8.0949,11.3354,0.1992
3.216,-0.9911,-0.9424,72.77,148,0.079,FOLLOW_PATH,0.1356,0.1345,8.1577,11.3794,0.2003
3.232,-0.9908,-0.9413,72.2,148,0.0778,FOLLOW_PATH,0.1387,0.1346,8.2268,11.4233,0.2014
3.248,-0.9904,-0.9402,71.92,148,0.0767,FOLLOW_PATH,0.1386,0.1347,8.2896,11.4736,0.2026
3.264,-0.9901,-0.9392,71.49,148,0.0757,FOLLOW_PATH,0.1402,0.1351,8.3524,11.5175,0.2037
3.28,-0.9897,-0.938,71.07,148,0.0745,FOLLOW_PATH,0.1389,0.1351,8.4215,11.5678,0.2049
3.296,-0.9893,-0.937,70.64,148,0.0734,FOLLOW_PATH,0.1406,0.1355,8.4843,11.6117,0.206
3.312,-0.9889,-0.9359,70.07,148,0.0723,FOLLOW_PATH,0.1389,0.1354,8.5534,11.6557,0.2071
3.328,-0.9885,-0.9348,69.79,148,0.0711,FOLLOW_PATH,0.1362,0.1347,8.6162,11.7059,0.2083
3.344,-0.9881,-0.9338,69.37,148,0.0701,FOLLOW_PATH,0.1393,0.1349,8.679,11.7499,0.2094
3.36,-0.9877,-0.9327,69.08,148,0.0689,FOLLOW_PATH,0.1415,0.1356,8.7418,11.8001,0.2106
3.376,-0.9873,-0.9316,68.66,148,0.0677,FOLLOW_PATH,0.134,0.1343,8.8108,11.8504,0.2118
3.392,-0.9869,-0.9305,68.23,148,0.0667,FOLLOW_PATH,0.1372,0.1341,8.8736,11.8943,0.2129
3.408,-0.9864,-0.9295,67.95,148,0.0655,FOLLOW_PATH,0.1358,0.1336,8.9364,11.9446,0.214
3.424,-0.986,-0.9285,67.52,148,0.0645,FOLLOW_PATH,0.1374,0.1337,8.9992,11.9885,0.2151
3.44,-0.9856,-0.9273,67.1,148,0.0633,FOLLOW_PATH,0.1391,0.134,9.0683,12.0388,0.2163
3.456,-0.9851,-0.9263,66.81,148,0.0621,FOLLOW_PATH,0.1326,0.1328,9.1311,12.089,0.2175
3.472,-0.9847,-0.9253,66.39,148,0.0611,FOLLOW_PATH,0.139,0.1334,9.1939,12.133,0.2186
3.488,-0.9842,-0.9242,66.1,148,0.0599,FOLLOW_PATH,0.1344,0.1328,9.2567,12.1832,0.2198
3.504,-0.9837,-0.9231,65.82,148,0.0588,FOLLOW_PATH,0.1371,0.1329,9.3195,12.2334,0.2209
3.52,-0.9833,-0.9221,65.39,148,0.0577,FOLLOW_PATH,0.134,0.1323,9.3823,12.2774,0.222
3.536,-0.9828,-0.9211,65.11,148,0.0566,FOLLOW_PATH,0.1309,0.1311,9.4451,12.3276,0.2232
3.552,-0.9823,-0.92,64.68,148,0.0554,FOLLOW_PATH,0.1393,0.1321,9.5142,12.3779,0.2244
3.568,-0.9818,-0.9189,64.4,148,0.0542,FOLLOW_PATH,0.1391,0.1328,9.577,12.4281,0.2256
3.584,-0.9813,-0.918,63.97,148,0.0531,FOLLOW_PATH,0.14,0.1337,9.6398,12.4721,0.2266
3.6,-0.9808,-0.9169,63.69,148,0.052,FOLLOW_PATH,0.1374,0.1337,9.7026,12.5223,0.2278
3.616,-0.9803,-0.9159,63.41,148,0.0509,FOLLOW_PATH,0.1425,0.1348,9.7654,12.5726,0.229
3.632,-0.9798,-0.9148,63.12,147,0.0497,FOLLOW_PATH,0.1366,0.1344,9.8282,12.6228,0.2301
3.648,-0.9798,-0.9148,63.12,147,0.0849,FOLLOW_PATH,0.1387,0.1354,9.8282,12.6228,0.2301
3.664,-0.9793,-0.9139,62.7,147,0.0838,FOLLOW_PATH,0.142,0.1361,9.891,12.6668,0.2312
3.68,-0.9787,-0.9128,62.41,147,0.0827,FOLLOW_PATH,0.1346,0.1349,9.9538,12.717,0.2324
3.696,-0.9782,-0.9118,61.85,147,0.0815,FOLLOW_PATH,0.1405,0.1353,10.0229,12.761,0.2335
3.712,-0.9776,-0.9108,61.56,147,0.0804,FOLLOW_PATH,0.1385,0.1352,10.0857,12.8112,0.2347
3.728,-0.9771,-0.9098,61.14,147,0.0793,FOLLOW_PATH,0.1382,0.1351,10.1485,12.8552,0.2358
3.744,-0.9765,-0.9088,60.71,147,0.0781,FOLLOW_PATH,0.1377,0.1347,10.2176,12.9054,0.237
3.76,-0.976,-0.9078,60.29,147,0.0771,FOLLOW_PATH,0.136,0.1342,10.2804,12.9494,0.2381
3.776,-0.9754,-0.9068,60.0,147,0.0759,FOLLOW_PATH,0.1385,0.1343,10.3432,12.9996,0.2393
3.792,-0.9748,-0.9058,59.72,147,0.0748,FOLLOW_PATH,0.137,0.1341,10.406,13.0498,0.2404
3.808,-0.9742,-0.9048,59.15,147,0.0737,FOLLOW_PATH,0.1419,0.135,10.475,13.0938,0.2416
3.824,-0.9736,-0.9038,58.87,147,0.0725,FOLLOW_PATH,0.1402,0.1353,10.5378,13.144,0.2427
3.84,-0.973,-0.9028,58.58,147,0.0714,FOLLOW_PATH,0.1416,0.1359,10.6006,13.1943,0.2439
3.856,-0.9725,-0.9019,58.16,147,0.0703,FOLLOW_PATH,0.1362,0.1351,10.6634,13.2382,0.245
3.872,-0.9718,-0.9009,57.88,147,0.0692,FOLLOW_PATH,0.1382,0.135,10.7262,13.2885,0.2462
3.888,-0.9712,-0.8999,57.59,147,0.068,FOLLOW_PATH,0.1413,0.1356,10.789,13.3387,0.2473
3.904,-0.9706,-0.899,57.31,147,0.0669,FOLLOW_PATH,0.1347,0.1345,10.8518,13.389,0.2485
3.92,-0.97,-0.898,56.88,147,0.0658,FOLLOW_PATH,0.1385,0.1346,10.9146,13.4329,0.2496
3.936,-0.9694,-0.8971,56.6,147,0.0647,FOLLOW_PATH,0.1347,0.1337,10.9774,13.4832,0.2507
3.952,-0.9687,-0.8961,56.31,147,0.0635,FOLLOW_PATH,0.1387,0.134,11.0402,13.5334,0.2519
3.968,-0.9681,-0.8951,56.03,147,0.0624,FOLLOW_PATH,0.1369,0.1338,11.103,13.5836,0.253
3.984,-0.9674,-0.8942,55.75,147,0.0613,FOLLOW_PATH,0.15,0.1367,11.1658,13.6339,0.2542
4.0,-0.9668,-0.8932,55.46,147,0.0601,FOLLOW_PATH,0.1373,0.1359,11.2286,13.6841,0.2554
4.016,-0.9662,-0.8923,55.04,147,0.059,FOLLOW_PATH,0.1393,0.1359,11.2914,13.7281,0.2565
4.032,-0.9655,-0.8914,54.75,147,0.0579,FOLLOW_PATH,0.1385,0.1356,11.3542,13.7783,0.2576
4.048,-0.9648,-0.8904,54.47,147,0.0567,FOLLOW_PATH,0.1414,0.1361,11.417,13.8286,0.2588
4.064,-0.9641,-0.8895,54.19,147,0.0556,FOLLOW_PATH,0.1418,0.1365,11.4798,13.8788,0.2599
4.08,-0.9635,-0.8886,53.9,147,0.0545,FOLLOW_PATH,0.1419,0.1369,11.5426,13.929,0.2611
4.096,-0.9628,-0.8876,53.62,147,0.0533,FOLLOW_PATH,0.1406,0.1369,11.6054,13.9793,0.2622
4.112,-0.9621,-0.8867,53.34,147,0.0522,FOLLOW_PATH,0.1392,0.1365,11.6682,14.0295,0.2634
4.128,-0.9614,-0.8858,53.05,147,0.051,FOLLOW_PATH,0.1424,0.137,11.731,14.0798,0.2646
4.144,-0.9607,-0.8849,52.91,146,0.0499,FOLLOW_PATH,0.1403,0.1369,11.7876,14.13,0.2657
4.16,-0.9607,-0.8849,52.91,146,0.0697,FOLLOW_PATH,0.1367,0.1369,11.7876,14.13,0.2657
4.176,-0.96,-0.884,52.91,146,0.0686,FOLLOW_PATH,0.139,0.1365,11.8441,14.1865,0.2668
4.192,-0.9593,-0.883,53.19,146,0.0674,FOLLOW_PATH,0.1394,0.1363,11.8943,14.2493,0.268
4.208,-0.9586,-0.8821,53.48,146,0.0663,FOLLOW_PATH,0.1337,0.1348,11.9446,14.3121,0.2691
4.224,-0.958,-0.8812,53.62,146,0.0652,FOLLOW_PATH,0.1426,0.1358,11.9948,14.3686,0.2702
4.24,-0.9573,-0.8802,53.76,146,0.064,FOLLOW_PATH,0.1369,0.1351,12.0513,14.4314,0.2714
4.256,-0.9566,-0.8794,53.9,146,0.0629,FOLLOW_PATH,0.1402,0.1355,12.1016,14.488,0.2725
4.272,-0.9559,-0.8784,54.19,146,0.0617,FOLLOW_PATH,0.1381,0.1352,12.1518,14.5508,0.2737
4.288,-0.9553,-0.8775,54.47,146,0.0606,FOLLOW_PATH,0.1418,0.1359,12.202,14.6136,0.2749
4.304,-0.9546,-0.8765,54.47,146,0.0594,FOLLOW_PATH,0.1387,0.1356,12.2586,14.6701,0.276
4.32,-0.9539,-0.8756,54.75,146,0.0583,FOLLOW_PATH,0.1399,0.1357,12.3088,14.7329,0.2772
4.336,-0.9533,-0.8747,54.9,146,0.0572,FOLLOW_PATH,0.139,0.1357,12.359,14.7894,0.2783
4.352,-0.9526,-0.8737,55.04,146,0.056,FOLLOW_PATH,0.1368,0.135,12.4156,14.8522,0.2795
4.368,-0.952,-0.8728,55.18,146,0.0549,FOLLOW_PATH,0.1405,0.1354,12.4658,14.9087,0.2806
4.384,-0.9513,-0.8718,55.46,146,0.0537,FOLLOW_PATH,0.136,0.1347,12.516,14.9715,0.2817
4.4,-0.9506,-0.8709,55.46,146,0.0526,FOLLOW_PATH,0.1389,0.1348,12.5726,15.028,0.2829
4.416,-0.95,-0.8699,55.75,146,0.0514,FOLLOW_PATH,0.1352,0.134,12.6228,15.0908,0.2841
4.432,-0.9494,-0.869,55.89,146,0.0503,FOLLOW_PATH,0.1392,0.1344,12.673,15.1474,0.2852
4.448,-0.9487,-0.868,56.03,145,0.0491,FOLLOW_PATH,0.1396,0.1347,12.7296,15.2102,0.2864
4.464,-0.9487,-0.868,56.03,145,0.072,FOLLOW_PATH,0.1361,0.135,12.7296,15.2102,0.2864
4.48,-0.9481,-0.8671,56.46,145,0.071,FOLLOW_PATH,0.1408,0.1355,12.7735,15.273,0.2875
4.496,-0.9475,-0.8661,57.02,145,0.0698,FOLLOW_PATH,0.137,0.135,12.8175,15.342,0.2886
4.512,-0.9469,-0.8652,57.45,145,0.0688,FOLLOW_PATH,0.14,0.1353,12.8614,15.4048,0.2897
4.528,-0.9462,-0.8642,57.88,145,0.0676,FOLLOW_PATH,0.1372,0.1348,12.9117,15.4739,0.291
4.544,-0.9456,-0.8633,58.3,145,0.0665,FOLLOW_PATH,0.1372,0.1345,12.9556,15.5367,0.292
4.56,-0.945,-0.8622,58.73,145,0.0653,FOLLOW_PATH,0.1378,0.1344,13.0059,15.6058,0.2933
4.576,-0.9444,-0.8613,59.15,145,0.0643,FOLLOW_PATH,0.135,0.1337,13.0498,15.6686,0.2944
4.592,-0.9439,-0.8603,59.58,145,0.0632,FOLLOW_PATH,0.1398,0.1343,13.0938,15.7314,0.2955
4.608,-0.9433,-0.8593,60.0,145,0.062,FOLLOW_PATH,0.1389,0.1344,13.144,15.8005,0.2967
4.624,-0.9427,-0.8583,60.43,145,0.061,FOLLOW_PATH,0.1368,0.1341,13.188,15.8633,0.2978
4.64,-0.9421,-0.8573,60.71,145,0.0598,FOLLOW_PATH,0.1344,0.1333,13.2382,15.9261,0.2989
4.656,-0.9416,-0.8563,61.28,145,0.0587,FOLLOW_PATH,0.1425,0.1346,13.2822,15.9952,0.3001
4.672,-0.941,-0.8553,61.56,145,0.0576,FOLLOW_PATH,0.1379,0.1345,13.3324,16.058,0.3013
4.688,-0.9405,-0.8543,61.85,145,0.0564,FOLLOW_PATH,0.1367,0.1341,13.3827,16.1208,0.3024
4.704,-0.9399,-0.8532,62.41,145,0.0553,FOLLOW_PATH,0.1351,0.1334,13.4266,16.1898,0.3036
4.72,-0.9394,-0.8522,62.7,145,0.0542,FOLLOW_PATH,0.1344,0.1328,13.4769,16.2526,0.3047
4.736,-0.9389,-0.8512,63.12,145,0.0531,FOLLOW_PATH,0.1388,0.1333,13.5208,16.3154,0.3058
4.752,-0.9384,-0.8502,63.41,145,0.052,FOLLOW_PATH,0.1392,0.1338,13.5711,16.3782,0.307
4.768,-0.9379,-0.8492,63.69,145,0.0508,FOLLOW_PATH,0.1348,0.1332,13.6213,16.441,0.3081
4.784,-0.9374,-0.8481,64.26,144,0.0497,FOLLOW_PATH,0.1386,0.1335,13.6653,16.5101,0.3093
4.8,-0.9374,-0.8481,64.26,144,0.0742,FOLLOW_PATH,0.1362,0.1342,13.6653,16.5101,0.3093
4.816,-0.9369,-0.8471,64.68,144,0.0731,FOLLOW_PATH,0.1392,0.1345,13.7092,16.5729,0.3104
4.832,-0.9364,-0.8461,65.25,144,0.072,FOLLOW_PATH,0.1396,0.1348,13.7532,16.642,0.3116
4.848,-0.9359,-0.845,65.68,144,0.0708,FOLLOW_PATH,0.1391,0.1349,13.8034,16.7111,0.3128
4.864,-0.9354,-0.844,66.1,144,0.0698,FOLLOW_PATH,0.1369,0.1345,13.8474,16.7739,0.3139
4.88,-0.935,-0.8429,66.67,144,0.0686,FOLLOW_PATH,0.1378,0.1344,13.8914,16.843,0.315
4.896,-0.9345,-0.8418,67.24,144,0.0675,FOLLOW_PATH,0.1384,0.1345,13.9353,16.912,0.3162
4.912,-0.9341,-0.8408,67.52,144,0.0664,FOLLOW_PATH,0.1419,0.1353,13.9856,16.9748,0.3173
4.928,-0.9336,-0.8397,68.09,144,0.0653,FOLLOW_PATH,0.1384,0.1352,14.0295,17.0439,0.3185
4.944,-0.9332,-0.8387,68.51,144,0.0642,FOLLOW_PATH,0.1382,0.135,14.0735,17.1067,0.3196
4.96,-0.9328,-0.8376,69.08,144,0.0631,FOLLOW_PATH,0.1398,0.1353,14.1174,17.1758,0.3208
4.976,-0.9324,-0.8365,69.37,144,0.062,FOLLOW_PATH,0.1392,0.1353,14.1677,17.2386,0.3219
4.992,-0.932,-0.8354,69.93,144,0.0608,FOLLOW_PATH,0.139,0.1353,14.2116,17.3077,0.3231
5.008,-0.9316,-0.8343,70.22,144,0.0597,FOLLOW_PATH,0.1394,0.1354,14.2619,17.3705,0.3242
5.024,-0.9312,-0.8333,70.64,144,0.0586,FOLLOW_PATH,0.1354,0.1345,14.3058,17.4333,0.3253
5.04,-0.9308,-0.8322,71.07,144,0.0575,FOLLOW_PATH,0.1401,0.1349,14.3561,17.5024,0.3265
5.056,-0.9305,-0.8311,71.49,144,0.0564,FOLLOW_PATH,0.1366,0.1344,14.4,17.5652,0.3276
5.072,-0.9301,-0.8301,71.92,144,0.0553,FOLLOW_PATH,0.1358,0.1339,14.444,17.628,0.3287
5.088,-0.9298,-0.8289,72.34,144,0.0541,FOLLOW_PATH,0.1371,0.1337,14.4942,17.697,0.33
5.104,-0.9294,-0.8279,72.77,144,0.0531,FOLLOW_PATH,0.1401,0.1344,14.5382,17.7598,0.3311
5.12,-0.9291,-0.8268,73.05,144,0.0519,FOLLOW_PATH,0.1368,0.1341,14.5884,17.8226,0.3322
5.136,-0.9287,-0.8256,73.48,144,0.0507,FOLLOW_PATH,0.1423,0.135,14.6387,17.8917,0.3334
5.152,-0.9284,-0.8245,73.9,143,0.0497,FOLLOW_PATH,0.1366,0.1346,14.6826,17.9545,0.3345
5.168,-0.9284,-0.8245,73.9,143,0.0746,FOLLOW_PATH,0.1371,0.1351,14.6826,17.9545,0.3345
5.184,-0.9281,-0.8234,74.19,143,0.0735,FOLLOW_PATH,0.1374,0.1348,14.7329,18.0173,0.3357
5.2,-0.9278,-0.8223,74.76,143,0.0724,FOLLOW_PATH,0.1389,0.1349,14.7768,18.0864,0.3368
5.216,-0.9275,-0.8213,75.18,143,0.0713,FOLLOW_PATH,0.1395,0.1351,14.8208,18.1492,0.3379
5.232,-0.9272,-0.8201,75.46,143,0.0702,FOLLOW_PATH,0.1358,0.1344,14.871,18.212,0.3391
5.248,-0.9269,-0.819,76.03,143,0.069,FOLLOW_PATH,0.1401,0.1348,14.915,18.2811,0.3403
5.264,-0.9267,-0.8179,76.32,143,0.0679,FOLLOW_PATH,0.1371,0.1345,14.9652,18.3439,0.3414
5.28,-0.9264,-0.8168,76.6,143,0.0668,FOLLOW_PATH,0.1375,0.1343,15.0155,18.4067,0.3426
5.296,-0.9261,-0.8156,77.17,143,0.0656,FOLLOW_PATH,0.1388,0.1345,15.0594,18.4758,0.3437
5.312,-0.9259,-0.8145,77.45,143,0.0645,FOLLOW_PATH,0.1406,0.135,15.1097,18.5386,0.3449
5.328,-0.9256,-0.8134,77.88,143,0.0634,FOLLOW_PATH,0.134,0.1339,15.1536,18.6014,0.346
5.344,-0.9254,-0.8123,78.16,143,0.0623,FOLLOW_PATH,0.1339,0.133,15.2039,18.6642,0.3471
5.36,-0.9252,-0.8112,78.44,143,0.0612,FOLLOW_PATH,0.138,0.1333,15.2541,18.727,0.3483
5.376,-0.9249,-0.81,79.01,143,0.06,FOLLOW_PATH,0.1393,0.1338,15.2981,18.796,0.3495
5.392,-0.9247,-0.8089,79.29,143,0.0589,FOLLOW_PATH,0.1352,0.1333,15.3483,18.8588,0.3506
5.408,-0.9245,-0.8078,79.58,143,0.0578,FOLLOW_PATH,0.1395,0.1338,15.3986,18.9216,0.3518
5.424,-0.9243,-0.8067,80.0,143,0.0567,FOLLOW_PATH,0.1357,0.1334,15.4425,18.9844,0.3529
5.44,-0.9241,-0.8055,80.29,143,0.0555,FOLLOW_PATH,0.1348,0.1329,15.4928,19.0472,0.354
5.456,-0.9239,-0.8044,80.57,143,0.0544,FOLLOW_PATH,0.1398,0.1336,15.543,19.11,0.3552
5.472,-0.9238,-0.8033,81.0,143,0.0533,FOLLOW_PATH,0.1377,0.1337,15.587,19.1728,0.3563
5.488,-0.9236,-0.8022,81.28,143,0.0522,FOLLOW_PATH,0.1384,0.1339,15.6372,19.2356,0.3574
5.504,-0.9234,-0.801,81.56,143,0.0511,FOLLOW_PATH,0.14,0.1345,15.6874,19.2984,0.3586
5.52,-0.9232,-0.7998,81.99,142,0.0498,FOLLOW_PATH,0.1344,0.1335,15.7377,19.3675,0.3598
5.536,-0.9232,-0.7998,81.99,142,0.0748,FOLLOW_PATH,0.135,0.1339,15.7377,19.3675,0.3598
5.552,-0.9231,-0.7987,82.13,142,0.0738,FOLLOW_PATH,0.1404,0.1346,15.7879,19.424,0.3609
5.568,-0.9229,-0.7976,82.42,142,0.0726,FOLLOW_PATH,0.1409,0.1352,15.8382,19.4868,0.3621
5.584,-0.9228,-0.7965,82.84,142,0.0715,FOLLOW_PATH,0.1398,0.1354,15.8821,19.5496,0.3632
5.6,-0.9226,-0.7953,83.12,142,0.0704,FOLLOW_PATH,0.1378,0.1351,15.9324,19.6124,0.3643
5.616,-0.9225,-0.7942,83.41,142,0.0692,FOLLOW_PATH,0.1358,0.1344,15.9826,19.6752,0.3655
5.632,-0.9224,-0.793,83.69,142,0.0681,FOLLOW_PATH,0.1361,0.1339,16.0328,19.738,0.3667
5.648,-0.9222,-0.7919,83.98,142,0.067,FOLLOW_PATH,0.141,0.1347,16.0831,19.8008,0.3678
5.664,-0.9221,-0.7907,84.26,142,0.0658,FOLLOW_PATH,0.1359,0.1341,16.1333,19.8636,0.369
5.68,-0.922,-0.7896,84.54,142,0.0647,FOLLOW_PATH,0.1387,0.1343,16.1836,19.9264,0.3701
5.696,-0.9219,-0.7885,84.69,142,0.0636,FOLLOW_PATH,0.1355,0.1337,16.2338,19.983,0.3712
5.712,-0.9218,-0.7873,84.97,142,0.0624,FOLLOW_PATH,0.1389,0.134,16.284,20.0458,0.3724
5.728,-0.9217,-0.7862,85.25,142,0.0613,FOLLOW_PATH,0.1412,0.1348,16.3343,20.1086,0.3735
5.744,-0.9216,-0.785,85.54,142,0.0601,FOLLOW_PATH,0.1375,0.1346,16.3845,20.1714,0.3747
5.76,-0.9215,-0.7839,85.82,142,0.059,FOLLOW_PATH,0.1365,0.1341,16.4348,20.2342,0.3759
5.776,-0.9215,-0.7828,85.96,142,0.0579,FOLLOW_PATH,0.1372,0.134,16.485,20.2907,0.377
5.792,-0.9214,-0.7816,86.1,142,0.0567,FOLLOW_PATH,0.1371,0.1338,16.5415,20.3535,0.3782
5.808,-0.9213,-0.7804,86.39,142,0.0555,FOLLOW_PATH,0.1393,0.1342,16.5918,20.4163,0.3793
5.824,-0.9212,-0.7793,86.67,142,0.0544,FOLLOW_PATH,0.1385,0.1343,16.642,20.4791,0.3805
5.84,-0.9212,-0.7782,86.81,142,0.0533,FOLLOW_PATH,0.1386,0.1345,16.6922,20.5356,0.3816
5.856,-0.9211,-0.777,87.1,142,0.0522,FOLLOW_PATH,0.1414,0.1352,16.7425,20.5984,0.3827
5.872,-0.921,-0.7758,87.38,142,0.051,FOLLOW_PATH,0.1378,0.1349,16.7927,20.6612,0.3839
5.888,-0.921,-0.7748,87.52,141,0.0499,FOLLOW_PATH,0.1362,0.1344,16.843,20.7177,0.385
5.904,-0.921,-0.7748,87.52,141,0.0749,FOLLOW_PATH,0.1408,0.1359,16.843,20.7177,0.385
5.92,-0.9209,-0.7736,87.81,141,0.0737,FOLLOW_PATH,0.1392,0.1358,16.8932,20.7805,0.3862
5.936,-0.9209,-0.7724,87.81,141,0.0726,FOLLOW_PATH,0.1331,0.1342,16.9497,20.837,0.3873
5.952,-0.9209,-0.7713,88.09,141,0.0714,FOLLOW_PATH,0.1372,0.1341,17.0,20.8998,0.3885
5.968,-0.9208,-0.7702,88.23,141,0.0703,FOLLOW_PATH,0.1387,0.1343,17.0502,20.9564,0.3896
5.984,-0.9208,-0.769,88.37,141,0.0691,FOLLOW_PATH,0.138,0.1342,17.1067,21.0192,0.3908
6.0,-0.9208,-0.7679,88.52,141,0.068,FOLLOW_PATH,0.1381,0.1343,17.157,21.0757,0.3919
6.016,-0.9207,-0.7667,88.8,141,0.0669,FOLLOW_PATH,0.1346,0.1335,17.2072,21.1385,0.393
6.032,-0.9207,-0.7656,88.8,141,0.0657,FOLLOW_PATH,0.1411,0.1344,17.2637,21.195,0.3942
6.048,-0.9207,-0.7644,89.08,141,0.0645,FOLLOW_PATH,0.138,0.1344,17.314,21.2578,0.3954
6.064,-0.9207,-0.7632,89.08,141,0.0634,FOLLOW_PATH,0.1384,0.1344,17.3705,21.3143,0.3965
6.08,-0.9207,-0.7621,89.37,141,0.0622,FOLLOW_PATH,0.1357,0.1338,17.4207,21.3771,0.3977
6.096,-0.9206,-0.761,89.51,141,0.0611,FOLLOW_PATH,0.1429,0.1351,17.471,21.4336,0.3988
6.112,-0.9206,-0.7598,89.65,141,0.0599,FOLLOW_PATH,0.1397,0.1352,17.5275,21.4964,0.4
6.128,-0.9206,-0.7587,89.79,141,0.0588,FOLLOW_PATH,0.1407,0.1357,17.5777,21.553,0.4011
6.144,-0.9206,-0.7575,89.79,141,0.0577,FOLLOW_PATH,0.1381,0.1353,17.6342,21.6095,0.4022
6.16,-0.9206,-0.7564,90.08,141,0.0565,FOLLOW_PATH,0.1382,0.1351,17.6845,21.6723,0.4034
6.176,-0.9206,-0.7553,90.22,141,0.0554,FOLLOW_PATH,0.1417,0.1358,17.7347,21.7288,0.4045
6.192,-0.9206,-0.754,90.36,141,0.0542,FOLLOW_PATH,0.1395,0.1357,17.7912,21.7916,0.4057
6.208,-0.9206,-0.7529,90.5,141,0.0531,FOLLOW_PATH,0.1398,0.1359,17.8415,21.8481,0.4068
6.224,-0.9206,-0.7518,90.5,141,0.052,FOLLOW_PATH,0.1373,0.1353,17.898,21.9046,0.408
6.24,-0.9207,-0.7506,90.78,141,0.0508,FOLLOW_PATH,0.1356,0.1345,17.9482,21.9674,0.4091
6.256,-0.9207,-0.7495,90.78,140,0.0497,FOLLOW_PATH,0.1379,0.1344,18.0048,22.024,0.4103
6.272,-0.9207,-0.7495,90.78,140,0.0746,FOLLOW_PATH,0.1405,0.1358,18.0048,22.024,0.4103
6.288,-0.9207,-0.7484,90.93,140,0.0735,FOLLOW_PATH,0.1383,0.1356,18.055,22.0805,0.4114
6.304,-0.9207,-0.7471,91.07,140,0.0723,FOLLOW_PATH,0.1396,0.1356,18.1115,22.1433,0.4126
6.32,-0.9207,-0.746,91.07,140,0.0711,FOLLOW_PATH,0.1362,0.1348,18.168,22.1998,0.4138
6.336,-0.9208,-0.7449,91.21,140,0.07,FOLLOW_PATH,0.1418,0.1356,18.2183,22.2563,0.4149
6.352,-0.9208,-0.7437,91.21,140,0.0689,FOLLOW_PATH,0.1366,0.135,18.2748,22.3128,0.416
6.368,-0.9208,-0.7426,91.21,140,0.0677,FOLLOW_PATH,0.1359,0.1343,18.3313,22.3694,0.4172
6.384,-0.9208,-0.7415,91.35,140,0.0666,FOLLOW_PATH,0.1385,0.1344,18.3816,22.4259,0.4183
6.4,-0.9209,-0.7403,91.49,140,0.0654,FOLLOW_PATH,0.1385,0.1345,18.4381,22.4887,0.4195
6.416,-0.9209,-0.7391,91.49,140,0.0642,FOLLOW_PATH,0.1363,0.134,18.4946,22.5452,0.4207
6.432,-0.9209,-0.738,91.64,140,0.0631,FOLLOW_PATH,0.136,0.1336,18.5448,22.6017,0.4218
6.448,-0.921,-0.7369,91.64,140,0.062,FOLLOW_PATH,0.1378,0.1337,18.6014,22.6582,0.4229
6.464,-0.921,-0.7357,91.64,140,0.0608,FOLLOW_PATH,0.1387,0.134,18.6579,22.7148,0.4241
6.48,-0.921,-0.7346,91.78,140,0.0597,FOLLOW_PATH,0.1372,0.1339,18.7081,22.7713,0.4252
6.496,-0.9211,-0.7334,91.78,140,0.0586,FOLLOW_PATH,0.1388,0.1342,18.7646,22.8278,0.4263
6.512,-0.9211,-0.7322,91.92,140,0.0574,FOLLOW_PATH,0.1339,0.1332,18.8212,22.8906,0.4275
6.528,-0.9211,-0.7311,92.06,140,0.0563,FOLLOW_PATH,0.1359,0.133,18.8714,22.9471,0.4286
6.544,-0.9212,-0.73,92.06,140,0.0551,FOLLOW_PATH,0.138,0.1333,18.9279,23.0036,0.4298
6.56,-0.9212,-0.7288,92.06,140,0.0539,FOLLOW_PATH,0.1353,0.1329,18.9844,23.0602,0.431
6.576,-0.9213,-0.7277,92.2,140,0.0528,FOLLOW_PATH,0.1394,0.1335,19.0347,23.1167,0.4321
6.592,-0.9213,-0.7266,92.2,140,0.0517,FOLLOW_PATH,0.1428,0.1348,19.0912,23.1732,0.4332
6.608,-0.9213,-0.7254,92.2,140,0.0505,FOLLOW_PATH,0.1387,0.1348,19.1477,23.2297,0.4344
6.624,-0.9214,-0.7242,92.35,139,0.0493,FOLLOW_PATH,0.1367,0.1343,19.2042,23.2925,0.4356
6.64,-0.9214,-0.7242,92.35,139,0.0743,FOLLOW_PATH,0.1383,0.1353,19.2042,23.2925,0.4356
6.656,-0.9214,-0.7231,92.49,139,0.0732,FOLLOW_PATH,0.1402,0.1356,19.2545,23.349,0.4367
6.672,-0.9215,-0.722,92.35,139,0.0721,FOLLOW_PATH,0.1402,0.1358,19.311,23.3993,0.4378
6.688,-0.9215,-0.7208,92.35,139,0.0709,FOLLOW_PATH,0.1363,0.135,19.3675,23.4558,0.4389
6.704,-0.9216,-0.7197,92.35,139,0.0698,FOLLOW_PATH,0.1385,0.135,19.424,23.5123,0.4401
6.72,-0.9216,-0.7185,92.35,139,0.0686,FOLLOW_PATH,0.1366,0.1345,19.4806,23.5688,0.4413
6.736,-0.9217,-0.7174,92.35,139,0.0674,FOLLOW_PATH,0.1329,0.1332,19.5371,23.6254,0.4424
6.752,-0.9217,-0.7162,92.35,139,0.0663,FOLLOW_PATH,0.1392,0.1337,19.5936,23.6819,0.4436
6.768,-0.9218,-0.7151,92.49,139,0.0652,FOLLOW_PATH,0.1399,0.1343,19.6438,23.7384,0.4447
6.784,-0.9218,-0.714,92.49,139,0.064,FOLLOW_PATH,0.1396,0.1347,19.7004,23.7949,0.4458
6.8,-0.9219,-0.7128,92.49,139,0.0629,FOLLOW_PATH,0.1392,0.1349,19.7569,23.8514,0.447
6.816,-0.9219,-0.7116,92.49,139,0.0617,FOLLOW_PATH,0.1396,0.1351,19.8134,23.908,0.4481
6.832,-0.922,-0.7105,92.49,139,0.0606,FOLLOW_PATH,0.1408,0.1355,19.8699,23.9645,0.4493
6.848,-0.922,-0.7093,92.49,139,0.0594,FOLLOW_PATH,0.1393,0.1355,19.9264,24.021,0.4505
6.864,-0.9221,-0.7082,92.49,139,0.0582,FOLLOW_PATH,0.1392,0.1355,19.983,24.0775,0.4516
6.88,-0.9221,-0.707,92.49,139,0.0571,FOLLOW_PATH,0.14,0.1357,20.0395,24.134,0.4528
6.896,-0.9222,-0.7059,92.63,139,0.056,FOLLOW_PATH,0.1386,0.1355,20.0897,24.1906,0.4539
6.912,-0.9222,-0.7048,92.63,139,0.0548,FOLLOW_PATH,0.1373,0.135,20.1462,24.2471,0.455
6.928,-0.9223,-0.7036,92.63,139,0.0537,FOLLOW_PATH,0.1387,0.135,20.2028,24.3036,0.4562
6.944,-0.9223,-0.7024,92.63,139,0.0525,FOLLOW_PATH,0.1423,0.1358,20.2593,24.3601,0.4573
6.96,-0.9224,-0.7013,92.63,139,0.0514,FOLLOW_PATH,0.1378,0.1354,20.3158,24.4166,0.4585
6.976,-0.9224,-0.7001,92.63,139,0.0502,FOLLOW_PATH,0.1374,0.135,20.3723,24.4732,0.4597
6.992,-0.9225,-0.699,92.63,138,0.049,FOLLOW_PATH,0.1376,0.1347,20.4288,24.5297,0.4608
7.008,-0.9225,-0.699,92.63,138,0.074,FOLLOW_PATH,0.1381,0.1355,20.4288,24.5297,0.4608
7.024,-0.9225,-0.6979,92.49,138,0.0729,FOLLOW_PATH,0.1402,0.1358,20.4854,24.5799,0.4619
7.04,-0.9226,-0.6967,92.49,138,0.0718,FOLLOW_PATH,0.1393,0.1357,20.5419,24.6364,0.4631
7.056,-0.9226,-0.6956,92.49,138,0.0706,FOLLOW_PATH,0.1417,0.1362,20.5984,24.693,0.4642
7.072,-0.9227,-0.6944,92.49,138,0.0694,FOLLOW_PATH,0.1335,0.1347,20.6549,24.7495,0.4654
7.088,-0.9227,-0.6932,92.49,138,0.0683,FOLLOW_PATH,0.1367,0.1343,20.7114,24.806,0.4666
7.104,-0.9228,-0.6921,92.49,138,0.0671,FOLLOW_PATH,0.1396,0.1346,20.768,24.8625,0.4677
7.12,-0.9228,-0.6909,92.49,138,0.066,FOLLOW_PATH,0.1359,0.134,20.8245,24.919,0.4689
7.136,-0.9229,-0.6898,92.35,138,0.0649,FOLLOW_PATH,0.1379,0.1341,20.881,24.9693,0.47
7.152,-0.9229,-0.6887,92.35,138,0.0637,FOLLOW_PATH,0.1418,0.135,20.9375,25.0258,0.4711
7.168,-0.923,-0.6875,92.35,138,0.0626,FOLLOW_PATH,0.1384,0.1349,20.994,25.0823,0.4723
7.184,-0.923,-0.6864,92.35,138,0.0614,FOLLOW_PATH,0.1417,0.1356,21.0506,25.1388,0.4734
7.2,-0.9231,-0.6853,92.49,138,0.0603,FOLLOW_PATH,0.137,0.1351,21.1008,25.1954,0.4745
7.216,-0.9231,-0.6841,92.49,138,0.0591,FOLLOW_PATH,0.1411,0.1356,21.1573,25.2519,0.4757
7.232,-0.9232,-0.683,92.49,138,0.058,FOLLOW_PATH,0.1409,0.136,21.2138,25.3084,0.4769
7.248,-0.9232,-0.6819,92.35,138,0.0569,FOLLOW_PATH,0.1387,0.1358,21.2704,25.3586,0.4779
7.264,-0.9233,-0.6807,92.35,138,0.0557,FOLLOW_PATH,0.1406,0.136,21.3269,25.4152,0.4791
7.28,-0.9233,-0.6795,92.35,138,0.0546,FOLLOW_PATH,0.1358,0.1351,21.3834,25.4717,0.4803
7.296,-0.9234,-0.6784,92.35,138,0.0534,FOLLOW_PATH,0.138,0.1349,21.4399,25.5282,0.4814
7.312,-0.9234,-0.6772,92.35,138,0.0523,FOLLOW_PATH,0.1405,0.1353,21.4964,25.5847,0.4826
7.328,-0.9235,-0.6761,92.35,138,0.0511,FOLLOW_PATH,0.1373,0.1349,21.553,25.6412,0.4837
7.344,-0.9235,-0.675,92.2,138,0.05,FOLLOW_PATH,0.1363,0.1344,21.6095,25.6915,0.4848
7.36,-0.9235,-0.6738,92.2,137,0.0488,FOLLOW_PATH,0.1397,0.1347,21.666,25.748,0.486
7.376,-0.9235,-0.6738,92.2,137,0.0738,FOLLOW_PATH,0.1418,0.1364,21.666,25.748,0.486
7.392,-0.9236,-0.6727,92.2,137,0.0727,FOLLOW_PATH,0.1384,0.136,21.7225,25.8045,0.4872
7.408,-0.9236,-0.6715,92.2,137,0.0715,FOLLOW_PATH,0.1413,0.1363,21.779,25.861,0.4883
7.424,-0.9237,-0.6703,92.2,137,0.0704,FOLLOW_PATH,0.1401,0.1363,21.8356,25.9176,0.4895
7.44,-0.9237,-0.6693,92.06,137,0.0693,FOLLOW_PATH,0.1353,0.1352,21.8921,25.9678,0.4906
7.456,-0.9238,-0.6681,92.06,137,0.0681,FOLLOW_PATH,0.1405,0.1356,21.9486,26.0243,0.4917
7.472,-0.9238,-0.6669,91.92,137,0.0669,FOLLOW_PATH,0.1352,0.1346,22.0114,26.0808,0.4929
7.488,-0.9238,-0.6657,91.92,137,0.0657,FOLLOW_PATH,0.1408,0.1351,22.0679,26.1374,0.4941
7.504,-0.9239,-0.6646,91.92,137,0.0646,FOLLOW_PATH,0.1399,0.1354,22.1244,26.1939,0.4953
7.52,-0.9239,-0.6634,91.92,137,0.0634,FOLLOW_PATH,0.1394,0.1354,22.181,26.2504,0.4964
7.536,-0.924,-0.6623,91.78,137,0.0623,FOLLOW_PATH,0.1367,0.1349,22.2375,26.3006,0.4975
7.552,-0.924,-0.6611,91.78,137,0.0612,FOLLOW_PATH,0.1386,0.1349,22.294,26.3572,0.4987
7.568,-0.924,-0.66,91.78,137,0.06,FOLLOW_PATH,0.137,0.1345,22.3505,26.4137,0.4998
7.584,-0.9241,-0.6588,91.78,137,0.0588,FOLLOW_PATH,0.1396,0.1348,22.407,26.4702,0.501
7.6,-0.9241,-0.6577,91.78,137,0.0577,FOLLOW_PATH,0.1366,0.1343,22.4636,26.5267,0.5022
7.616,-0.9241,-0.6566,91.64,137,0.0566,FOLLOW_PATH,0.1385,0.1345,22.5201,26.577,0.5032
7.632,-0.9242,-0.6554,91.64,137,0.0554,FOLLOW_PATH,0.1394,0.1347,22.5766,26.6335,0.5044
7.648,-0.9242,-0.6543,91.64,137,0.0543,FOLLOW_PATH,0.1397,0.135,22.6331,26.69,0.5056
7.664,-0.9242,-0.6531,91.64,137,0.0531,FOLLOW_PATH,0.1362,0.1344,22.6896,26.7465,0.5067
7.68,-0.9243,-0.6519,91.64,137,0.052,FOLLOW_PATH,0.138,0.1343,22.7462,26.803,0.5079
7.696,-0.9243,-0.6508,91.64,137,0.0508,FOLLOW_PATH,0.1391,0.1346,22.8027,26.8596,0.509
7.712,-0.9243,-0.6497,91.49,136,0.0497,FOLLOW_PATH,0.1372,0.1343,22.8592,26.9098,0.5101
7.728,-0.9243,-0.6497,91.49,136,0.0747,FOLLOW_PATH,0.1339,0.1342,22.8592,26.9098,0.5101
7.744,-0.9244,-0.6485,91.49,136,0.0735,FOLLOW_PATH,0.135,0.1335,22.9157,26.9663,0.5113
7.76,-0.9244,-0.6474,91.49,136,0.0724,FOLLOW_PATH,0.1395,0.134,22.9722,27.0228,0.5124
7.776,-0.9244,-0.6462,91.49,136,0.0712,FOLLOW_PATH,0.136,0.1336,23.0288,27.0794,0.5136
7.792,-0.9245,-0.6451,91.49,136,0.0701,FOLLOW_PATH,0.1404,0.1343,23.0853,27.1359,0.5148
7.808,-0.9245,-0.644,91.35,136,0.069,FOLLOW_PATH,0.1351,0.1337,23.1418,27.1861,0.5159
7.824,-0.9245,-0.6428,91.35,136,0.0678,FOLLOW_PATH,0.1377,0.1337,23.1983,27.2426,0.517
7.84,-0.9245,-0.6417,91.35,136,0.0667,FOLLOW_PATH,0.1416,0.1347,23.2548,27.2992,0.5182
7.856,-0.9246,-0.6405,91.35,136,0.0655,FOLLOW_PATH,0.1376,0.1345,23.3114,27.3557,0.5193
7.872,-0.9246,-0.6393,91.35,136,0.0643,FOLLOW_PATH,0.1406,0.135,23.3679,27.4122,0.5205
7.888,-0.9246,-0.6382,91.21,136,0.0632,FOLLOW_PATH,0.1414,0.1357,23.4244,27.4624,0.5216
7.904,-0.9246,-0.6371,91.21,136,0.0621,FOLLOW_PATH,0.1369,0.1351,23.4809,27.519,0.5227
7.92,-0.9247,-0.6359,91.21,136,0.0609,FOLLOW_PATH,0.1412,0.1356,23.5374,27.5755,0.5239
7.936,-0.9247,-0.6348,91.21,136,0.0598,FOLLOW_PATH,0.1385,0.1354,23.594,27.632,0.5251
7.952,-0.9247,-0.6336,91.21,136,0.0586,FOLLOW_PATH,0.138,0.1351,23.6505,27.6885,0.5262
7.968,-0.9247,-0.6325,91.21,136,0.0575,FOLLOW_PATH,0.1375,0.1348,23.707,27.745,0.5274
7.984,-0.9248,-0.6314,91.07,136,0.0564,FOLLOW_PATH,0.1384,0.1348,23.7635,27.7953,0.5285
8.0,-0.9248,-0.6302,91.07,136,0.0552,FOLLOW_PATH,0.1416,0.1355,23.82,27.8518,0.5296
8.016,-0.9248,-0.629,91.07,136,0.054,FOLLOW_PATH,0.137,0.135,23.8766,27.9083,0.5308
8.032,-0.9248,-0.6279,91.07,136,0.0529,FOLLOW_PATH,0.1373,0.1346,23.9331,27.9648,0.532
8.048,-0.9248,-0.6267,91.07,136,0.0517,FOLLOW_PATH,0.1405,0.1351,23.9896,28.0214,0.5331
8.064,-0.9249,-0.6256,90.93,136,0.0506,FOLLOW_PATH,0.1352,0.1343,24.0461,28.0716,0.5342
8.08,-0.9249,-0.6245,90.93,135,0.0495,FOLLOW_PATH,0.1339,0.1333,24.1026,28.1281,0.5354
8.096,-0.9249,-0.6245,90.93,135,0.0745,FOLLOW_PATH,0.1373,0.1342,24.1026,28.1281,0.5354
8.112,-0.9249,-0.6233,90.93,135,0.0733,FOLLOW_PATH,0.1401,0.1347,24.1592,28.1846,0.5365
8.128,-0.9249,-0.6222,90.93,135,0.0722,FOLLOW_PATH,0.1404,0.1352,24.2157,28.2412,0.5377
8.144,-0.9249,-0.621,90.93,135,0.071,FOLLOW_PATH,0.1339,0.134,24.2722,28.2977,0.5388
8.16,-0.925,-0.6198,90.93,135,0.0698,FOLLOW_PATH,0.1374,0.1339,24.3287,28.3542,0.54
8.176,-0.925,-0.6187,90.78,135,0.0687,FOLLOW_PATH,0.1385,0.1341,24.3852,28.4044,0.5411
8.192,-0.925,-0.6176,90.78,135,0.0676,FOLLOW_PATH,0.1374,0.134,24.4418,28.461,0.5423
8.208,-0.925,-0.6164,90.78,135,0.0664,FOLLOW_PATH,0.1358,0.1335,24.4983,28.5175,0.5434
8.224,-0.925,-0.6153,90.78,135,0.0653,FOLLOW_PATH,0.1392,0.134,24.5548,28.574,0.5446
8.24,-0.925,-0.6141,90.78,135,0.0641,FOLLOW_PATH,0.1331,0.1329,24.6113,28.6305,0.5457
8.256,-0.925,-0.613,90.64,135,0.063,FOLLOW_PATH,0.1375,0.1331,24.6678,28.6808,0.5468
8.272,-0.9251,-0.6119,90.64,135,0.0619,FOLLOW_PATH,0.1419,0.1343,24.7244,28.7373,0.548
8.288,-0.9251,-0.6107,90.64,135,0.0607,FOLLOW_PATH,0.1365,0.1339,24.7809,28.7938,0.5491
8.304,-0.9251,-0.6095,90.64,135,0.0595,FOLLOW_PATH,0.1366,0.1336,24.8374,28.8503,0.5503
8.32,-0.9251,-0.6084,90.64,135,0.0584,FOLLOW_PATH,0.1356,0.1332,24.8939,28.9068,0.5515
8.336,-0.9251,-0.6072,90.64,135,0.0572,FOLLOW_PATH,0.1399,0.1339,24.9504,28.9634,0.5526
8.352,-0.9251,-0.6061,90.64,135,0.0561,FOLLOW_PATH,0.1382,0.134,25.007,29.0199,0.5538
8.368,-0.9251,-0.605,90.5,135,0.055,FOLLOW_PATH,0.141,0.1348,25.0635,29.0701,0.5549
8.384,-0.9251,-0.6038,90.5,135,0.0538,FOLLOW_PATH,0.139,0.1349,25.12,29.1266,0.556
8.4,-0.9252,-0.6026,90.5,135,0.0527,FOLLOW_PATH,0.1321,0.1334,25.1765,29.1832,0.5572
8.416,-0.9252,-0.6015,90.5,135,0.0515,FOLLOW_PATH,0.1375,0.1334,25.233,29.2397,0.5583
8.432,-0.9252,-0.6003,90.5,135,0.0503,FOLLOW_PATH,0.1385,0.1337,25.2896,29.2962,0.5595
8.448,-0.9252,-0.5992,90.5,134,0.0492,FOLLOW_PATH,0.134,0.1329,25.3461,29.3527,0.5607
8.464,-0.9252,-0.5992,90.5,134,0.0742,FOLLOW_PATH,0.1369,0.1339,25.3461,29.3527,0.5607
8.48,-0.9252,-0.5981,90.36,134,0.0731,FOLLOW_PATH,0.1406,0.1346,25.4026,29.403,0.5618
8.496,-0.9252,-0.5969,90.36,134,0.0719,FOLLOW_PATH,0.1353,0.1339,25.4591,29.4595,0.5629
8.512,-0.9252,-0.5958,90.36,134,0.0708,FOLLOW_PATH,0.1395,0.1343,25.5156,29.516,0.5641
8.528,-0.9252,-0.5946,90.36,134,0.0696,FOLLOW_PATH,0.1378,0.1342,25.5722,29.5725,0.5652
8.544,-0.9252,-0.5934,90.36,134,0.0684,FOLLOW_PATH,0.1371,0.134,25.6287,29.629,0.5664
8.56,-0.9252,-0.5923,90.36,134,0.0673,FOLLOW_PATH,0.1385,0.1342,25.6852,29.6856,0.5676
8.576,-0.9252,-0.5911,90.36,134,0.0661,FOLLOW_PATH,0.1363,0.1338,25.7417,29.7421,0.5687
8.592,-0.9252,-0.59,90.22,134,0.065,FOLLOW_PATH,0.1389,0.1341,25.7982,29.7923,0.5698
8.608,-0.9252,-0.5889,90.22,134,0.0639,FOLLOW_PATH,0.1396,0.1345,25.8548,29.8488,0.571
8.624,-0.9253,-0.5877,90.22,134,0.0627,FOLLOW_PATH,0.1373,0.1343,25.9113,29.9054,0.5721
8.64,-0.9253,-0.5866,90.22,134,0.0616,FOLLOW_PATH,0.1385,0.1344,25.9678,29.9619,0.5733
8.656,-0.9253,-0.5854,90.22,134,0.0604,FOLLOW_PATH,0.1405,0.135,26.0243,30.0184,0.5744
8.672,-0.9253,-0.5842,90.22,134,0.0592,FOLLOW_PATH,0.1373,0.1346,26.0808,30.0749,0.5756
8.688,-0.9253,-0.5831,90.22,134,0.0581,FOLLOW_PATH,0.1371,0.1343,26.1374,30.1314,0.5768
8.704,-0.9253,-0.582,90.08,134,0.057,FOLLOW_PATH,0.1403,0.1349,26.1939,30.1817,0.5778
8.72,-0.9253,-0.5808,90.08,134,0.0558,FOLLOW_PATH,0.1375,0.1346,26.2504,30.2382,0.579
8.736,-0.9253,-0.5797,90.22,134,0.0547,FOLLOW_PATH,0.1355,0.1339,26.3006,30.2947,0.5801
8.752,-0.9253,-0.5786,90.22,134,0.0536,FOLLOW_PATH,0.1368,0.1337,26.3572,30.3512,0.5813
8.768,-0.9253,-0.5774,90.22,134,0.0524,FOLLOW_PATH,0.1396,0.1342,26.4137,30.4078,0.5824
8.784,-0.9253,-0.5763,90.22,134,0.0513,FOLLOW_PATH,0.139,0.1344,26.4702,30.4643,0.5836
8.8,-0.9253,-0.5751,90.22,134,0.0501,FOLLOW_PATH,0.1389,0.1346,26.5267,30.5208,0.5847
8.816,-0.9253,-0.574,90.08,133,0.049,FOLLOW_PATH,0.138,0.1345,26.5832,30.571,0.5858
8.832,-0.9253,-0.574,90.08,133,0.074,FOLLOW_PATH,0.137,0.1351,26.5832,30.571,0.5858
8.848,-0.9253,-0.5728,90.08,133,0.0728,FOLLOW_PATH,0.1361,0.1345,26.6398,30.6276,0.587
8.864,-0.9253,-0.5717,90.08,133,0.0717,FOLLOW_PATH,0.14,0.1349,26.6963,30.6841,0.5881
8.88,-0.9253,-0.5705,90.08,133,0.0705,FOLLOW_PATH,0.1363,0.1343,26.7528,30.7406,0.5893
8.896,-0.9253,-0.5694,90.08,133,0.0694,FOLLOW_PATH,0.1382,0.1343,26.8093,30.7971,0.5905
8.912,-0.9253,-0.5682,90.08,133,0.0682,FOLLOW_PATH,0.1347,0.1335,26.8658,30.8536,0.5916
8.928,-0.9253,-0.5671,90.08,133,0.0671,FOLLOW_PATH,0.1393,0.134,26.9224,30.9102,0.5928
8.944,-0.9253,-0.5659,90.08,133,0.0659,FOLLOW_PATH,0.1379,0.134,26.9789,30.9667,0.5939
8.96,-0.9253,-0.5648,89.93,133,0.0648,FOLLOW_PATH,0.1401,0.1346,27.0354,31.0169,0.595
8.976,-0.9253,-0.5636,89.93,133,0.0636,FOLLOW_PATH,0.1362,0.1341,27.0919,31.0734,0.5962
8.992,-0.9253,-0.5625,89.93,133,0.0625,FOLLOW_PATH,0.1411,0.1348,27.1484,31.13,0.5974
9.008,-0.9253,-0.5613,89.93,133,0.0613,FOLLOW_PATH,0.1409,0.1354,27.205,31.1865,0.5985
9.024,-0.9253,-0.5602,89.93,133,0.0602,FOLLOW_PATH,0.1363,0.1347,27.2615,31.243,0.5997
9.04,-0.9253,-0.559,89.93,133,0.059,FOLLOW_PATH,0.1366,0.1343,27.318,31.2995,0.6008
9.056,-0.9253,-0.5578,89.93,133,0.0578,FOLLOW_PATH,0.1378,0.1342,27.3745,31.356,0.602
9.072,-0.9253,-0.5567,89.93,133,0.0567,FOLLOW_PATH,0.1416,0.135,27.431,31.4126,0.6031
9.088,-0.9253,-0.5556,90.08,133,0.0556,FOLLOW_PATH,0.1402,0.1354,27.4813,31.4691,0.6042
9.104,-0.9253,-0.5545,89.93,133,0.0545,FOLLOW_PATH,0.1391,0.1354,27.5378,31.5193,0.6053
9.12,-0.9253,-0.5533,89.93,133,0.0533,FOLLOW_PATH,0.1389,0.1354,27.5943,31.5758,0.6065
9.136,-0.9253,-0.5522,89.93,133,0.0522,FOLLOW_PATH,0.1401,0.1356,27.6508,31.6324,0.6077
9.152,-0.9253,-0.551,89.93,133,0.051,FOLLOW_PATH,0.1386,0.1354,27.7074,31.6889,0.6088
9.168,-0.9253,-0.5499,89.93,132,0.0499,FOLLOW_PATH,0.1385,0.1352,27.7639,31.7454,0.61
9.184,-0.9253,-0.5499,89.93,132,0.0749,FOLLOW_PATH,0.1387,0.136,27.7639,31.7454,0.61
9.2,-0.9253,-0.5487,89.93,132,0.0737,FOLLOW_PATH,0.1418,0.1365,27.8204,31.8019,0.6111
9.216,-0.9253,-0.5475,89.93,132,0.0726,FOLLOW_PATH,0.1383,0.136,27.8769,31.8584,0.6123
9.232,-0.9253,-0.5464,89.93,132,0.0714,FOLLOW_PATH,0.1378,0.1356,27.9334,31.915,0.6134
9.248,-0.9253,-0.5452,89.93,132,0.0702,FOLLOW_PATH,0.1389,0.1355,27.99,31.9715,0.6146
9.264,-0.9253,-0.5441,89.79,132,0.0691,FOLLOW_PATH,0.1398,0.1357,28.0465,32.0217,0.6157
9.28,-0.9253,-0.543,89.79,132,0.068,FOLLOW_PATH,0.1383,0.1354,28.103,32.0782,0.6169
9.296,-0.9253,-0.5418,89.79,132,0.0668,FOLLOW_PATH,0.1364,0.1347,28.1595,32.1348,0.618
9.312,-0.9253,-0.5407,89.79,132,0.0657,FOLLOW_PATH,0.1375,0.1345,28.216,32.1913,0.6192
9.328,-0.9253,-0.5395,89.79,132,0.0645,FOLLOW_PATH,0.1374,0.1343,28.2726,32.2478,0.6203
9.344,-0.9253,-0.5384,89.93,132,0.0634,FOLLOW_PATH,0.141,0.135,28.3228,32.3043,0.6214
9.36,-0.9253,-0.5373,89.93,132,0.0623,FOLLOW_PATH,0.1388,0.135,28.3793,32.3608,0.6226
9.376,-0.9253,-0.5361,89.93,132,0.0611,FOLLOW_PATH,0.1366,0.1345,28.4358,32.4174,0.6237
9.392,-0.9253,-0.5349,89.93,132,0.0599,FOLLOW_PATH,0.1385,0.1346,28.4924,32.4739,0.6249
9.408,-0.9253,-0.5338,89.93,132,0.0588,FOLLOW_PATH,0.1406,0.1351,28.5489,32.5304,0.6261
9.424,-0.9253,-0.5326,89.93,132,0.0576,FOLLOW_PATH,0.1413,0.1357,28.6054,32.5869,0.6272
9.44,-0.9253,-0.5315,89.79,132,0.0565,FOLLOW_PATH,0.134,0.1344,28.6619,32.6372,0.6283
9.456,-0.9253,-0.5304,89.79,132,0.0554,FOLLOW_PATH,0.1416,0.1352,28.7184,32.6937,0.6295
9.472,-0.9252,-0.5292,89.79,132,0.0542,FOLLOW_PATH,0.1392,0.1352,28.775,32.7502,0.6306
9.488,-0.9252,-0.528,89.79,132,0.053,FOLLOW_PATH,0.1372,0.1348,28.8315,32.8067,0.6318
9.504,-0.9252,-0.5269,89.79,132,0.0519,FOLLOW_PATH,0.139,0.1349,28.888,32.8632,0.633
9.52,-0.9252,-0.5257,89.79,132,0.0507,FOLLOW_PATH,0.1332,0.1336,28.9445,32.9198,0.6341
9.536,-0.9252,-0.5246,89.79,131,0.0496,FOLLOW_PATH,0.1387,0.1339,29.001,32.9763,0.6353
9.552,-0.9252,-0.5246,89.79,131,0.0746,FOLLOW_PATH,0.1393,0.1352,29.001,32.9763,0.6353
9.568,-0.9252,-0.5234,89.79,131,0.0734,FOLLOW_PATH,0.1388,0.1351,29.0576,33.0328,0.6364
9.584,-0.9252,-0.5223,89.93,131,0.0723,FOLLOW_PATH,0.139,0.1352,29.1078,33.0893,0.6375
9.6,-0.9252,-0.5212,89.93,131,0.0712,FOLLOW_PATH,0.1378,0.1349,29.1643,33.1458,0.6387
9.616,-0.9252,-0.52,89.93,131,0.07,FOLLOW_PATH,0.1371,0.1345,29.2208,33.2024,0.6398
9.632,-0.9252,-0.5189,89.79,131,0.0689,FOLLOW_PATH,0.1369,0.1343,29.2774,33.2526,0.6409
9.648,-0.9252,-0.5177,89.79,131,0.0677,FOLLOW_PATH,0.1383,0.1343,29.3339,33.3091,0.6421
9.664,-0.9252,-0.5166,89.79,131,0.0666,FOLLOW_PATH,0.1376,0.1342,29.3904,33.3656,0.6432
9.68,-0.9252,-0.5154,89.79,131,0.0654,FOLLOW_PATH,0.1374,0.134,29.4469,33.4222,0.6444
9.696,-0.9252,-0.5143,89.79,131,0.0643,FOLLOW_PATH,0.1384,0.1342,29.5034,33.4787,0.6456
9.712,-0.9252,-0.5131,89.79,131,0.0631,FOLLOW_PATH,0.136,0.1337,29.56,33.5352,0.6467
9.728,-0.9252,-0.512,89.79,131,0.062,FOLLOW_PATH,0.1396,0.1342,29.6165,33.5917,0.6479
9.744,-0.9252,-0.5108,89.79,131,0.0608,FOLLOW_PATH,0.1388,0.1344,29.673,33.6482,0.649
9.76,-0.9252,-0.5096,89.79,131,0.0596,FOLLOW_PATH,0.142,0.1353,29.7295,33.7048,0.6502
9.776,-0.9252,-0.5085,89.93,131,0.0585,FOLLOW_PATH,0.1397,0.1355,29.7798,33.7613,0.6513
9.792,-0.9252,-0.5074,89.93,131,0.0574,FOLLOW_PATH,0.1411,0.1359,29.8363,33.8178,0.6525
9.808,-0.9252,-0.5063,89.79,131,0.0563,FOLLOW_PATH,0.1333,0.1345,29.8928,33.868,0.6535
9.824,-0.9252,-0.5051,89.79,131,0.0551,FOLLOW_PATH,0.137,0.1342,29.9493,33.9246,0.6547
9.84,-0.9252,-0.504,89.79,131,0.054,FOLLOW_PATH,0.1387,0.1343,30.0058,33.9811,0.6559
9.856,-0.9252,-0.5028,89.79,131,0.0528,FOLLOW_PATH,0.1409,0.135,30.0624,34.0376,0.657
9.872,-0.9252,-0.5017,89.79,131,0.0517,FOLLOW_PATH,0.1364,0.1344,30.1189,34.0941,0.6582
9.888,-0.9252,-0.5005,89.79,131,0.0505,FOLLOW_PATH,0.1355,0.1338,30.1754,34.1506,0.6593
9.904,-0.9252,-0.4993,89.79,130,0.0493,FOLLOW_PATH,0.1369,0.1336,30.2319,34.2072,0.6605
9.92,-0.9252,-0.4993,89.79,130,0.0743,FOLLOW_PATH,0.1375,0.1345,30.2319,34.2072,0.6605
9.936,-0.9252,-0.4982,89.79,130,0.0732,FOLLOW_PATH,0.1372,0.1343,30.2884,34.2637,0.6617
9.952,-0.9251,-0.497,89.79,130,0.072,FOLLOW_PATH,0.1387,0.1344,30.345,34.3202,0.6628
9.968,-0.9251,-0.4959,89.93,130,0.0709,FOLLOW_PATH,0.1414,0.1352,30.3952,34.3767,0.6639
9.984,-0.9251,-0.4948,89.93,130,0.0698,FOLLOW_PATH,0.1365,0.1346,30.4517,34.4332,0.6651
10.0,-0.9251,-0.4936,89.93,130,0.0686,FOLLOW_PATH,0.1365,0.1342,30.5082,34.4898,0.6662
10.016,-0.9251,-0.4925,89.79,130,0.0675,FOLLOW_PATH,0.1414,0.135,30.5648,34.54,0.6673
10.032,-0.9251,-0.4914,89.79,130,0.0664,FOLLOW_PATH,0.1385,0.135,30.6213,34.5965,0.6685
10.048,-0.9251,-0.4902,89.79,130,0.0652,FOLLOW_PATH,0.1411,0.1355,30.6778,34.653,0.6696
10.064,-0.9251,-0.489,89.79,130,0.064,FOLLOW_PATH,0.1409,0.1359,30.7343,34.7096,0.6708
10.08,-0.9251,-0.4879,89.79,130,0.0629,FOLLOW_PATH,0.1359,0.135,30.7908,34.7661,0.672
10.096,-0.9251,-0.4867,89.79,130,0.0617,FOLLOW_PATH,0.1401,0.1353,30.8474,34.8226,0.6731
10.112,-0.9251,-0.4856,89.79,130,0.0606,FOLLOW_PATH,0.134,0.1341,30.9039,34.8791,0.6743
10.128,-0.9251,-0.4844,89.79,130,0.0594,FOLLOW_PATH,0.1361,0.1337,30.9604,34.9356,0.6754
10.144,-0.9251,-0.4833,89.93,130,0.0583,FOLLOW_PATH,0.1349,0.1331,31.0106,34.9922,0.6765
10.16,-0.9251,-0.4822,89.93,130,0.0572,FOLLOW_PATH,0.1374,0.1333,31.0672,35.0487,0.6777
10.176,-0.9251,-0.481,89.93,130,0.056,FOLLOW_PATH,0.1392,0.1338,31.1237,35.1052,0.6788
10.192,-0.9251,-0.4798,89.93,130,0.0548,FOLLOW_PATH,0.1386,0.134,31.1802,35.1617,0.68
10.208,-0.9251,-0.4787,89.93,130,0.0537,FOLLOW_PATH,0.1346,0.1333,31.2367,35.2182,0.6812
10.224,-0.9251,-0.4776,89.79,130,0.0526,FOLLOW_PATH,0.1398,0.134,31.2932,35.2685,0.6823
10.24,-0.9251,-0.4764,89.79,130,0.0514,FOLLOW_PATH,0.1378,0.134,31.3498,35.325,0.6834
10.256,-0.9251,-0.4753,89.79,130,0.0503,FOLLOW_PATH,0.1386,0.1342,31.4063,35.3815,0.6846
10.272,-0.9251,-0.4741,89.79,129,0.0491,FOLLOW_PATH,0.1362,0.1338,31.4628,35.438,0.6857
10.288,-0.9251,-0.4741,89.79,129,0.0741,FOLLOW_PATH,0.1422,0.1357,31.4628,35.438,0.6857
10.304,-0.9251,-0.4729,89.79,129,0.0729,FOLLOW_PATH,0.1373,0.1352,31.5193,35.4946,0.6869
10.32,-0.9251,-0.4718,89.79,129,0.0718,FOLLOW_PATH,0.1408,0.1356,31.5758,35.5511,0.6881
10.336,-0.9251,-0.4707,89.93,129,0.0707,FOLLOW_PATH,0.1356,0.1348,31.6261,35.6076,0.6891
10.352,-0.9251,-0.4695,89.93,129,0.0695,FOLLOW_PATH,0.1437,0.136,31.6826,35.6641,0.6903
10.368,-0.9251,-0.4684,89.93,129,0.0684,FOLLOW_PATH,0.1365,0.1352,31.7391,35.7206,0.6915
10.384,-0.9251,-0.4672,89.93,129,0.0672,FOLLOW_PATH,0.1381,0.135,31.7956,35.7772,0.6926
10.4,-0.9251,-0.4661,89.93,129,0.0661,FOLLOW_PATH,0.1353,0.1342,31.8522,35.8337,0.6938
10.416,-0.9251,-0.4649,89.93,129,0.0649,FOLLOW_PATH,0.1349,0.1335,31.9087,35.8902,0.6949
10.432,-0.9251,-0.4637,89.93,129,0.0637,FOLLOW_PATH,0.1363,0.1332,31.9652,35.9467,0.6961
10.448,-0.9251,-0.4626,89.79,129,0.0626,FOLLOW_PATH,0.1383,0.1336,32.0217,35.997,0.6972
10.464,-0.9251,-0.4615,89.79,129,0.0615,FOLLOW_PATH,0.1396,0.1341,32.0782,36.0535,0.6984
10.48,-0.9251,-0.4603,89.79,129,0.0603,FOLLOW_PATH,0.1383,0.1342,32.1348,36.11,0.6995
10.496,-0.9251,-0.4592,89.79,129,0.0592,FOLLOW_PATH,0.1392,0.1345,32.1913,36.1665,0.7007
10.512,-0.925,-0.4581,89.93,129,0.0581,FOLLOW_PATH,0.1424,0.1355,32.2415,36.223,0.7018
10.528,-0.925,-0.4569,89.93,129,0.0569,FOLLOW_PATH,0.1317,0.1337,32.298,36.2796,0.7029
10.544,-0.925,-0.4558,89.93,129,0.0558,FOLLOW_PATH,0.1422,0.1348,32.3546,36.3361,0.7041
10.56,-0.925,-0.4546,89.93,129,0.0546,FOLLOW_PATH,0.1355,0.1341,32.4111,36.3926,0.7052
10.576,-0.925,-0.4534,89.93,129,0.0534,FOLLOW_PATH,0.1388,0.1343,32.4676,36.4491,0.7064
10.592,-0.925,-0.4523,89.93,129,0.0523,FOLLOW_PATH,0.1356,0.1337,32.5241,36.5056,0.7076
10.608,-0.925,-0.4511,89.93,129,0.0511,FOLLOW_PATH,0.1372,0.1336,32.5806,36.5622,0.7087
10.624,-0.925,-0.45,89.93,128,0.05,FOLLOW_PATH,0.1353,0.1331,32.6372,36.6187,0.7099
10.64,-0.925,-0.45,89.93,128,0.075,FOLLOW_PATH,0.1346,0.1335,32.6372,36.6187,0.7099
10.656,-0.925,-0.4488,89.93,128,0.0738,FOLLOW_PATH,0.1351,0.133,32.6937,36.6752,0.711
10.672,-0.925,-0.4477,89.79,128,0.0727,FOLLOW_PATH,0.1359,0.1328,32.7502,36.7254,0.7121
10.688,-0.925,-0.4466,89.79,128,0.0716,FOLLOW_PATH,0.1365,0.1328,32.8067,36.782,0.7133
10.704,-0.925,-0.4455,89.93,128,0.0705,FOLLOW_PATH,0.1408,0.1338,32.857,36.8385,0.7144
10.72,-0.925,-0.4443,89.93,128,0.0693,FOLLOW_PATH,0.1374,0.1338,32.9135,36.895,0.7155
10.736,-0.925,-0.4431,89.93,128,0.0681,FOLLOW_PATH,0.1384,0.134,32.97,36.9515,0.7167
10.752,-0.925,-0.442,89.93,128,0.067,FOLLOW_PATH,0.139,0.1343,33.0265,37.008,0.7179
10.768,-0.925,-0.4408,89.93,128,0.0658,FOLLOW_PATH,0.1399,0.1347,33.083,37.0646,0.719
10.784,-0.925,-0.4397,89.93,128,0.0647,FOLLOW_PATH,0.1416,0.1354,33.1396,37.1211,0.7202
10.8,-0.925,-0.4385,89.93,128,0.0635,FOLLOW_PATH,0.1398,0.1355,33.1961,37.1776,0.7213
10.816,-0.925,-0.4373,89.93,128,0.0623,FOLLOW_PATH,0.134,0.1343,33.2526,37.2341,0.7225
10.832,-0.925,-0.4362,89.93,128,0.0612,FOLLOW_PATH,0.1364,0.1339,33.3091,37.2906,0.7236
10.848,-0.925,-0.435,89.93,128,0.06,FOLLOW_PATH,0.1409,0.1347,33.3656,37.3472,0.7248
10.864,-0.925,-0.4339,89.79,128,0.0589,FOLLOW_PATH,0.1402,0.1351,33.4222,37.3974,0.7259
10.88,-0.925,-0.4328,89.93,128,0.0578,FOLLOW_PATH,0.1401,0.1355,33.4724,37.4539,0.727
10.896,-0.925,-0.4317,89.93,128,0.0567,FOLLOW_PATH,0.1353,0.1345,33.5289,37.5104,0.7282
10.912,-0.925,-0.4305,89.93,128,0.0555,FOLLOW_PATH,0.1353,0.1338,33.5854,37.567,0.7293
10.928,-0.925,-0.4294,89.93,128,0.0544,FOLLOW_PATH,0.1365,0.1336,33.642,37.6235,0.7305
10.944,-0.925,-0.4282,89.93,128,0.0532,FOLLOW_PATH,0.136,0.1332,33.6985,37.68,0.7316
10.96,-0.925,-0.427,89.93,128,0.052,FOLLOW_PATH,0.1388,0.1336,33.755,37.7365,0.7328
10.976,-0.925,-0.4259,89.93,128,0.0509,FOLLOW_PATH,0.1409,0.1345,33.8115,37.793,0.7339
10.992,-0.925,-0.4247,89.93,127,0.0497,FOLLOW_PATH,0.1423,0.1354,33.868,37.8496,0.7351
11.008,-0.925,-0.4247,89.93,127,0.0747,FOLLOW_PATH,0.1397,0.1364,33.868,37.8496,0.7351
11.024,-0.925,-0.4236,89.93,127,0.0736,FOLLOW_PATH,0.1382,0.1359,33.9246,37.9061,0.7363
11.04,-0.925,-0.4224,89.93,127,0.0724,FOLLOW_PATH,0.1422,0.1365,33.9811,37.9626,0.7374
11.056,-0.925,-0.4213,89.93,127,0.0713,FOLLOW_PATH,0.1346,0.1352,34.0376,38.0191,0.7386
11.072,-0.925,-0.4202,90.08,127,0.0702,FOLLOW_PATH,0.1385,0.1351,34.0878,38.0756,0.7397
11.088,-0.925,-0.4191,89.93,127,0.0691,FOLLOW_PATH,0.1378,0.1349,34.1444,38.1259,0.7408
11.104,-0.925,-0.4179,89.93,127,0.0679,FOLLOW_PATH,0.1369,0.1345,34.2009,38.1824,0.7419
11.12,-0.925,-0.4168,89.93,127,0.0668,FOLLOW_PATH,0.1415,0.1352,34.2574,38.2389,0.7431
11.136,-0.925,-0.4156,89.93,127,0.0656,FOLLOW_PATH,0.1358,0.1345,34.3139,38.2954,0.7442
11.152,-0.925,-0.4144,89.93,127,0.0644,FOLLOW_PATH,0.1383,0.1345,34.3704,38.352,0.7454
11.168,-0.925,-0.4133,89.93,127,0.0633,FOLLOW_PATH,0.1387,0.1346,34.427,38.4085,0.7466
11.184,-0.925,-0.4121,89.93,127,0.0621,FOLLOW_PATH,0.1339,0.1335,34.4835,38.465,0.7477
11.2,-0.925,-0.411,89.93,127,0.061,FOLLOW_PATH,0.1397,0.1341,34.54,38.5215,0.7489
11.216,-0.925,-0.4098,89.93,127,0.0598,FOLLOW_PATH,0.1377,0.134,34.5965,38.578,0.75
11.232,-0.925,-0.4086,89.93,127,0.0586,FOLLOW_PATH,0.1324,0.1328,34.653,38.6346,0.7512
11.248,-0.925,-0.4075,90.08,127,0.0575,FOLLOW_PATH,0.1374,0.133,34.7033,38.6911,0.7523
11.264,-0.925,-0.4064,90.08,127,0.0564,FOLLOW_PATH,0.1383,0.1334,34.7598,38.7476,0.7535
11.28,-0.925,-0.4052,90.08,127,0.0552,FOLLOW_PATH,0.1389,0.1338,34.8163,38.8041,0.7546
11.296,-0.925,-0.4041,89.93,127,0.0541,FOLLOW_PATH,0.1389,0.1341,34.8728,38.8544,0.7557
11.312,-0.925,-0.403,89.93,127,0.053,FOLLOW_PATH,0.1377,0.1341,34.9294,38.9109,0.7569
11.328,-0.925,-0.4018,89.93,127,0.0518,FOLLOW_PATH,0.1381,0.1341,34.9859,38.9674,0.758
11.344,-0.925,-0.4007,89.93,127,0.0507,FOLLOW_PATH,0.1355,0.1336,35.0424,39.0239,0.7592
11.36,-0.925,-0.3995,89.93,126,0.0495,FOLLOW_PATH,0.1391,0.134,35.0989,39.0804,0.7603
11.376,-0.925,-0.3995,89.93,126,0.0745,FOLLOW_PATH,0.14,0.1354,35.0989,39.0804,0.7603
11.392,-0.925,-0.3983,89.93,126,0.0733,FOLLOW_PATH,0.1376,0.135,35.1554,39.137,0.7615
11.408,-0.925,-0.3972,89.93,126,0.0722,FOLLOW_PATH,0.1379,0.1348,35.212,39.1935,0.7627
11.424,-0.925,-0.396,89.93,126,0.071,FOLLOW_PATH,0.1353,0.134,35.2685,39.25,0.7638
11.44,-0.925,-0.3949,90.08,126,0.0699,FOLLOW_PATH,0.1387,0.1343,35.3187,39.3065,0.7649
11.456,-0.925,-0.3938,90.08,126,0.0688,FOLLOW_PATH,0.1371,0.134,35.3752,39.363,0.7661
11.472,-0.925,-0.3926,90.08,126,0.0676,FOLLOW_PATH,0.1347,0.1333,35.4318,39.4196,0.7672
11.488,-0.925,-0.3915,90.08,126,0.0665,FOLLOW_PATH,0.1384,0.1336,35.4883,39.4761,0.7684
11.504,-0.925,-0.3904,89.93,126,0.0654,FOLLOW_PATH,0.139,0.134,35.5448,39.5263,0.7695
11.52,-0.925,-0.3892,89.93,126,0.0642,FOLLOW_PATH,0.1429,0.1352,35.6013,39.5828,0.7706
11.536,-0.925,-0.388,89.93,126,0.063,FOLLOW_PATH,0.1378,0.1349,35.6578,39.6394,0.7718
11.552,-0.925,-0.3869,89.93,126,0.0619,FOLLOW_PATH,0.1383,0.1349,35.7144,39.6959,0.773
11.568,-0.925,-0.3857,89.93,126,0.0607,FOLLOW_PATH,0.1367,0.1344,35.7709,39.7524,0.7741
11.584,-0.925,-0.3846,89.93,126,0.0596,FOLLOW_PATH,0.136,0.1339,35.8274,39.8089,0.7753
11.6,-0.925,-0.3834,89.93,126,0.0584,FOLLOW_PATH,0.1358,0.1335,35.8839,39.8654,0.7764
11.616,-0.925,-0.3823,90.08,126,0.0573,FOLLOW_PATH,0.1378,0.1336,35.9342,39.922,0.7775
11.632,-0.925,-0.3812,90.08,126,0.0562,FOLLOW_PATH,0.1381,0.1338,35.9907,39.9785,0.7787
11.648,-0.925,-0.38,90.08,126,0.055,FOLLOW_PATH,0.1371,0.1337,36.0472,40.035,0.7798
11.664,-0.925,-0.3788,90.08,126,0.0538,FOLLOW_PATH,0.136,0.1333,36.1037,40.0915,0.781
11.68,-0.925,-0.3777,90.08,126,0.0527,FOLLOW_PATH,0.1383,0.1336,36.1602,40.148,0.7822
11.696,-0.925,-0.3766,89.93,126,0.0516,FOLLOW_PATH,0.135,0.1331,36.2168,40.1983,0.7833
11.712,-0.925,-0.3754,89.93,126,0.0504,FOLLOW_PATH,0.1372,0.1332,36.2733,40.2548,0.7844
11.728,-0.925,-0.3743,89.93,125,0.0493,FOLLOW_PATH,0.1395,0.1338,36.3298,40.3113,0.7856
11.744,-0.925,-0.3743,89.93,125,0.0743,FOLLOW_PATH,0.1374,0.1346,36.3298,40.3113,0.7856
11.76,-0.925,-0.3731,89.93,125,0.0731,FOLLOW_PATH,0.1394,0.1348,36.3863,40.3678,0.7867
11.776,-0.925,-0.3719,89.93,125,0.0719,FOLLOW_PATH,0.1379,0.1347,36.4428,40.4244,0.7879
11.792,-0.925,-0.3708,89.93,125,0.0708,FOLLOW_PATH,0.1385,0.1347,36.4994,40.4809,0.789
11.808,-0.925,-0.3696,89.93,125,0.0696,FOLLOW_PATH,0.1398,0.135,36.5559,40.5374,0.7902
11.824,-0.925,-0.3685,90.08,125,0.0685,FOLLOW_PATH,0.1363,0.1345,36.6061,40.5939,0.7913
11.84,-0.925,-0.3674,90.08,125,0.0674,FOLLOW_PATH,0.1395,0.1348,36.6626,40.6504,0.7925
11.856,-0.925,-0.3662,90.08,125,0.0662,FOLLOW_PATH,0.1374,0.1345,36.7192,40.707,0.7936
11.872,-0.925,-0.3651,90.08,125,0.0651,FOLLOW_PATH,0.1373,0.1343,36.7757,40.7635,0.7948
11.888,-0.925,-0.3639,90.08,125,0.0639,FOLLOW_PATH,0.1402,0.1348,36.8322,40.82,0.7959
11.904,-0.925,-0.3628,89.93,125,0.0628,FOLLOW_PATH,0.1391,0.1349,36.8887,40.8702,0.797
11.92,-0.925,-0.3616,89.93,125,0.0616,FOLLOW_PATH,0.1342,0.1339,36.9452,40.9268,0.7982
11.936,-0.925,-0.3605,89.93,125,0.0605,FOLLOW_PATH,0.1386,0.1341,37.0018,40.9833,0.7993
11.952,-0.925,-0.3593,89.93,125,0.0593,FOLLOW_PATH,0.1336,0.1331,37.0583,41.0398,0.8005
11.968,-0.925,-0.3582,89.93,125,0.0582,FOLLOW_PATH,0.1408,0.134,37.1148,41.0963,0.8017
11.984,-0.925,-0.357,89.93,125,0.057,FOLLOW_PATH,0.139,0.1343,37.1713,41.1528,0.8028
12.0,-0.925,-0.3559,90.08,125,0.0559,FOLLOW_PATH,0.1379,0.1343,37.2216,41.2094,0.8039
12.016,-0.925,-0.3548,90.08,125,0.0548,FOLLOW_PATH,0.1372,0.1341,37.2781,41.2659,0.8051
12.032,-0.925,-0.3536,90.08,125,0.0536,FOLLOW_PATH,0.1378,0.1341,37.3346,41.3224,0.8062
12.048,-0.925,-0.3524,90.08,125,0.0524,FOLLOW_PATH,0.1381,0.1341,37.3911,41.3789,0.8074
12.064,-0.925,-0.3513,90.08,125,0.0513,FOLLOW_PATH,0.1384,0.1343,37.4476,41.4354,0.8086
12.08,-0.925,-0.3501,90.08,125,0.0501,FOLLOW_PATH,0.14,0.1347,37.5042,41.492,0.8097
12.096,-0.925,-0.349,89.93,124,0.049,FOLLOW_PATH,0.1397,0.1351,37.5607,41.5422,0.8108
12.112,-0.925,-0.349,89.93,124,0.074,FOLLOW_PATH,0.1407,0.1364,37.5607,41.5422,0.8108
12.128,-0.925,-0.3479,89.93,124,0.0729,FOLLOW_PATH,0.1391,0.1361,37.6172,41.5987,0.812
12.144,-0.925,-0.3467,89.93,124,0.0717,FOLLOW_PATH,0.1368,0.1354,37.6737,41.6552,0.8131
12.16,-0.925,-0.3456,89.93,124,0.0706,FOLLOW_PATH,0.1358,0.1346,37.7302,41.7118,0.8143
12.176,-0.925,-0.3444,89.93,124,0.0694,FOLLOW_PATH,0.1388,0.1347,37.7868,41.7683,0.8154
12.192,-0.925,-0.3432,89.93,124,0.0682,FOLLOW_PATH,0.1408,0.1352,37.8433,41.8248,0.8166
12.208,-0.925,-0.3421,90.08,124,0.0671,FOLLOW_PATH,0.1384,0.1351,37.8935,41.8813,0.8177
12.224,-0.925,-0.341,90.08,124,0.066,FOLLOW_PATH,0.1386,0.1351,37.95,41.9378,0.8189
12.24,-0.925,-0.3398,90.08,124,0.0648,FOLLOW_PATH,0.1376,0.1348,38.0066,41.9944,0.82
12.256,-0.925,-0.3387,90.08,124,0.0637,FOLLOW_PATH,0.1406,0.1352,38.0631,42.0509,0.8212
12.272,-0.925,-0.3375,90.08,124,0.0625,FOLLOW_PATH,0.1382,0.135,38.1196,42.1074,0.8223
12.288,-0.925,-0.3364,90.08,124,0.0614,FOLLOW_PATH,0.1404,0.1354,38.1761,42.1639,0.8235
12.304,-0.925,-0.3353,89.93,124,0.0603,FOLLOW_PATH,0.1397,0.1356,38.2326,42.2142,0.8246
12.32,-0.925,-0.3341,89.93,124,0.0591,FOLLOW_PATH,0.1419,0.1362,38.2892,42.2707,0.8257
12.336,-0.925,-0.3329,89.93,124,0.0579,FOLLOW_PATH,0.138,0.1357,38.3457,42.3272,0.8269
12.352,-0.925,-0.3318,89.93,124,0.0568,FOLLOW_PATH,0.1368,0.1351,38.4022,42.3837,0.8281
12.368,-0.925,-0.3306,89.93,124,0.0556,FOLLOW_PATH,0.1436,0.1362,38.4587,42.4402,0.8292
12.384,-0.925,-0.3295,90.08,124,0.0545,FOLLOW_PATH,0.1385,0.1359,38.509,42.4968,0.8303
12.4,-0.925,-0.3284,90.08,124,0.0534,FOLLOW_PATH,0.1404,0.1361,38.5655,42.5533,0.8315
12.416,-0.925,-0.3272,90.08,124,0.0522,FOLLOW_PATH,0.1398,0.136,38.622,42.6098,0.8326
12.432,-0.925,-0.3261,90.08,124,0.0511,FOLLOW_PATH,0.1373,0.1354,38.6785,42.6663,0.8338
12.448,-0.925,-0.3249,90.08,123,0.0499,FOLLOW_PATH,0.1376,0.1351,38.735,42.7228,0.8349
12.464,-0.925,-0.3249,90.08,123,0.0749,FOLLOW_PATH,0.1392,0.136,38.735,42.7228,0.8349
12.48,-0.925,-0.3237,90.08,123,0.0737,FOLLOW_PATH,0.1392,0.1359,38.7916,42.7794,0.8361
12.496,-0.925,-0.3226,90.08,123,0.0726,FOLLOW_PATH,0.1345,0.1347,38.8481,42.8359,0.8373
12.512,-0.925,-0.3215,89.93,123,0.0715,FOLLOW_PATH,0.1366,0.1343,38.9046,42.8861,0.8384
12.528,-0.925,-0.3203,89.93,123,0.0703,FOLLOW_PATH,0.1394,0.1346,38.9611,42.9426,0.8395
12.544,-0.925,-0.3192,89.93,123,0.0692,FOLLOW_PATH,0.1347,0.1337,39.0176,42.9992,0.8407
12.56,-0.925,-0.318,89.93,123,0.068,FOLLOW_PATH,0.1378,0.1338,39.0742,43.0557,0.8418
12.576,-0.925,-0.3168,89.93,123,0.0668,FOLLOW_PATH,0.1419,0.1348,39.1307,43.1122,0.843
12.592,-0.925,-0.3158,90.08,123,0.0658,FOLLOW_PATH,0.1421,0.1357,39.1809,43.1687,0.8441
12.608,-0.925,-0.3146,90.08,123,0.0646,FOLLOW_PATH,0.1373,0.1352,39.2374,43.2252,0.8452
12.624,-0.925,-0.3134,90.08,123,0.0634,FOLLOW_PATH,0.1399,0.1354,39.294,43.2818,0.8464
12.64,-0.925,-0.3123,90.08,123,0.0623,FOLLOW_PATH,0.15,0.1379,39.3505,43.3383,0.8476
12.656,-0.925,-0.3111,90.08,123,0.0611,FOLLOW_PATH,0.1406,0.1377,39.407,43.3948,0.8487
12.672,-0.925,-0.31,90.08,123,0.06,FOLLOW_PATH,0.1334,0.1358,39.4635,43.4513,0.8499
12.688,-0.925,-0.3088,90.08,123,0.0588,FOLLOW_PATH,0.14,0.1359,39.52,43.5078,0.851
12.704,-0.925,-0.3077,89.93,123,0.0577,FOLLOW_PATH,0.1398,0.136,39.5766,43.5581,0.8521
12.72,-0.925,-0.3065,89.93,123,0.0565,FOLLOW_PATH,0.1392,0.1358,39.6331,43.6146,0.8533
12.736,-0.925,-0.3054,89.93,123,0.0554,FOLLOW_PATH,0.1372,0.1353,39.6896,43.6711,0.8544
12.752,-0.925,-0.3042,89.93,123,0.0542,FOLLOW_PATH,0.1398,0.1354,39.7461,43.7276,0.8556
12.768,-0.925,-0.3031,89.93,123,0.0531,FOLLOW_PATH,0.1392,0.1354,39.8026,43.7842,0.8568
12.784,-0.925,-0.302,90.08,123,0.052,FOLLOW_PATH,0.1385,0.1353,39.8529,43.8407,0.8579
12.8,-0.925,-0.3008,90.08,123,0.0508,FOLLOW_PATH,0.1348,0.1343,39.9094,43.8972,0.859
12.816,-0.925,-0.2997,90.08,122,0.0497,FOLLOW_PATH,0.1403,0.1348,39.9659,43.9537,0.8602
12.832,-0.925,-0.2997,90.08,122,0.0747,FOLLOW_PATH,0.1365,0.1352,39.9659,43.9537,0.8602
12.848,-0.925,-0.2985,90.08,122,0.0735,FOLLOW_PATH,0.1373,0.1348,40.0224,44.0102,0.8613
12.864,-0.925,-0.2973,90.08,122,0.0723,FOLLOW_PATH,0.15,0.1375,40.079,44.0668,0.8625
12.88,-0.925,-0.2962,90.08,122,0.0712,FOLLOW_PATH,0.1398,0.1371,40.1355,44.1233,0.8637
12.896,-0.925,-0.295,90.08,122,0.07,FOLLOW_PATH,0.1388,0.1366,40.192,44.1798,0.8648
12.912,-0.925,-0.2939,89.93,122,0.0689,FOLLOW_PATH,0.142,0.1371,40.2485,44.23,0.8659
12.928,-0.925,-0.2928,89.93,122,0.0678,FOLLOW_PATH,0.1384,0.1365,40.305,44.2866,0.8671
12.944,-0.925,-0.2916,89.93,122,0.0666,FOLLOW_PATH,0.1407,0.1366,40.3616,44.3431,0.8682
12.96,-0.925,-0.2905,89.93,122,0.0655,FOLLOW_PATH,0.1391,0.1363,40.4181,44.3996,0.8694
12.976,-0.925,-0.2893,89.93,122,0.0643,FOLLOW_PATH,0.1392,0.1361,40.4746,44.4561,0.8705
12.992,-0.925,-0.2882,90.08,122,0.0632,FOLLOW_PATH,0.1387,0.1359,40.5248,44.5126,0.8716
13.008,-0.925,-0.287,90.08,122,0.062,FOLLOW_PATH,0.1405,0.1361,40.5814,44.5692,0.8728
13.024,-0.925,-0.2859,90.08,122,0.0609,FOLLOW_PATH,0.1414,0.1364,40.6379,44.6257,0.874
13.04,-0.925,-0.2847,90.08,122,0.0597,FOLLOW_PATH,0.1372,0.1357,40.6944,44.6822,0.8751
13.056,-0.925,-0.2836,90.08,122,0.0586,FOLLOW_PATH,0.1379,0.1353,40.7509,44.7387,0.8763
13.072,-0.925,-0.2824,90.08,122,0.0574,FOLLOW_PATH,0.1388,0.1353,40.8074,44.7952,0.8774
13.088,-0.925,-0.2813,89.93,122,0.0563,FOLLOW_PATH,0.1397,0.1355,40.864,44.8455,0.8785
13.104,-0.925,-0.2802,89.93,122,0.0552,FOLLOW_PATH,0.1362,0.1347,40.9205,44.902,0.8797
13.12,-0.925,-0.279,89.93,122,0.054,FOLLOW_PATH,0.1386,0.1348,40.977,44.9585,0.8808
13.136,-0.925,-0.2778,89.93,122,0.0528,FOLLOW_PATH,0.14,0.1351,41.0335,45.015,0.882
13.152,-0.925,-0.2767,89.93,122,0.0517,FOLLOW_PATH,0.1402,0.1354,41.09,45.0716,0.8832
13.168,-0.925,-0.2755,89.93,122,0.0505,FOLLOW_PATH,0.1412,0.1359,41.1466,45.1281,0.8843
13.184,-0.925,-0.2744,90.08,121,0.0494,FOLLOW_PATH,0.1376,0.1354,41.1968,45.1846,0.8854
13.2,-0.925,-0.2744,90.08,121,0.0744,FOLLOW_PATH,0.14,0.1365,41.1968,45.1846,0.8854
13.216,-0.925,-0.2733,90.08,121,0.0733,FOLLOW_PATH,0.1417,0.1368,41.2533,45.2411,0.8866
13.232,-0.925,-0.2721,90.08,121,0.0721,FOLLOW_PATH,0.1368,0.1359,41.3098,45.2976,0.8877
13.248,-0.925,-0.271,90.08,121,0.071,FOLLOW_PATH,0.1367,0.1352,41.3664,45.3542,0.8889
13.264,-0.925,-0.2698,90.08,121,0.0698,FOLLOW_PATH,0.1372,0.1348,41.4229,45.4107,0.89
13.28,-0.925,-0.2686,90.08,121,0.0686,FOLLOW_PATH,0.1362,0.1342,41.4794,45.4672,0.8912
13.296,-0.925,-0.2675,89.93,121,0.0675,FOLLOW_PATH,0.1385,0.1344,41.5359,45.5174,0.8923
13.312,-0.925,-0.2664,89.93,121,0.0664,FOLLOW_PATH,0.1379,0.1343,41.5924,45.574,0.8935
13.328,-0.925,-0.2652,89.93,121,0.0652,FOLLOW_PATH,0.1351,0.1336,41.649,45.6305,0.8946
13.344,-0.925,-0.2641,89.93,121,0.0641,FOLLOW_PATH,0.1349,0.1331,41.7055,45.687,0.8958
13.36,-0.925,-0.2629,89.93,121,0.0629,FOLLOW_PATH,0.1404,0.1339,41.762,45.7435,0.8969
13.376,-0.925,-0.2618,90.08,121,0.0618,FOLLOW_PATH,0.1385,0.1341,41.8122,45.8,0.898
13.392,-0.925,-0.2607,90.08,121,0.0607,FOLLOW_PATH,0.1394,0.1345,41.8688,45.8566,0.8992
13.408,-0.925,-0.2595,90.08,121,0.0595,FOLLOW_PATH,0.1368,0.1341,41.9253,45.9131,0.9003
13.424,-0.925,-0.2583,90.08,121,0.0583,FOLLOW_PATH,0.1413,0.1349,41.9818,45.9696,0.9015
13.44,-0.925,-0.2572,90.08,121,0.0572,FOLLOW_PATH,0.1352,0.1341,42.0383,46.0261,0.9027
13.456,-0.925,-0.256,90.08,121,0.056,FOLLOW_PATH,0.1327,0.1329,42.0948,46.0826,0.9038
13.472,-0.925,-0.2549,90.08,121,0.0549,FOLLOW_PATH,0.1392,0.1335,42.1514,46.1392,0.905
13.488,-0.925,-0.2538,89.93,121,0.0538,FOLLOW_PATH,0.1381,0.1337,42.2079,46.1894,0.9061
13.504,-0.925,-0.2526,89.93,121,0.0526,FOLLOW_PATH,0.1392,0.1341,42.2644,46.2459,0.9072
13.52,-0.925,-0.2514,89.93,121,0.0514,FOLLOW_PATH,0.1351,0.1335,42.3209,46.3024,0.9084
13.536,-0.925,-0.2503,89.93,121,0.0503,FOLLOW_PATH,0.1374,0.1335,42.3774,46.359,0.9095
13.552,-0.925,-0.2491,89.93,120,0.0491,FOLLOW_PATH,0.1371,0.1334,42.434,46.4155,0.9107
13.568,-0.925,-0.2491,89.93,120,0.0741,FOLLOW_PATH,0.1409,0.1352,42.434,46.4155,0.9107
13.584,-0.925,-0.248,90.08,120,0.073,FOLLOW_PATH,0.143,0.1362,42.4842,46.472,0.9118
13.6,-0.925,-0.2469,90.08,120,0.0719,FOLLOW_PATH,0.1388,0.1359,42.5407,46.5285,0.913
13.616,-0.925,-0.2457,90.08,120,0.0707,FOLLOW_PATH,0.1403,0.136,42.5972,46.585,0.9141
13.632,-0.925,-0.2446,90.08,120,0.0696,FOLLOW_PATH,0.1402,0.1361,42.6538,46.6416,0.9153
13.648,-0.925,-0.2434,90.08,120,0.0684,FOLLOW_PATH,0.1359,0.1352,42.7103,46.6981,0.9164
13.664,-0.925,-0.2422,90.08,120,0.0672,FOLLOW_PATH,0.1373,0.1348,42.7668,46.7546,0.9176
13.68,-0.925,-0.2411,89.93,120,0.0661,FOLLOW_PATH,0.1401,0.1352,42.8233,46.8048,0.9187
13.696,-0.925,-0.24,89.93,120,0.065,FOLLOW_PATH,0.1381,0.135,42.8798,46.8614,0.9198
13.712,-0.925,-0.2388,89.93,120,0.0638,FOLLOW_PATH,0.1396,0.1352,42.9364,46.9179,0.921
13.728,-0.925,-0.2377,89.93,120,0.0627,FOLLOW_PATH,0.1393,0.1353,42.9929,46.9744,0.9222
13.744,-0.925,-0.2365,89.93,120,0.0615,FOLLOW_PATH,0.1368,0.1347,43.0494,47.0309,0.9233
13.76,-0.925,-0.2354,89.93,120,0.0604,FOLLOW_PATH,0.14,0.1351,43.1059,47.0874,0.9245
13.776,-0.925,-0.2343,90.08,120,0.0593,FOLLOW_PATH,0.1379,0.1349,43.1562,47.144,0.9256
13.792,-0.925,-0.2331,90.08,120,0.0581,FOLLOW_PATH,0.1408,0.1354,43.2127,47.2005,0.9267
13.808,-0.925,-0.2319,90.08,120,0.0569,FOLLOW_PATH,0.1383,0.1352,43.2692,47.257,0.9279
13.824,-0.925,-0.2308,90.08,120,0.0558,FOLLOW_PATH,0.1388,0.1351,43.3257,47.3135,0.9291
13.84,-0.925,-0.2296,90.08,120,0.0546,FOLLOW_PATH,0.137,0.1347,43.3822,47.37,0.9302
13.856,-0.925,-0.2285,90.08,120,0.0535,FOLLOW_PATH,0.1365,0.1342,43.4388,47.4266,0.9314
13.872,-0.925,-0.2274,89.93,120,0.0524,FOLLOW_PATH,0.1369,0.134,43.4953,47.4768,0.9325
13.888,-0.925,-0.2262,89.93,120,0.0512,FOLLOW_PATH,0.1419,0.135,43.5518,47.5333,0.9336
13.904,-0.925,-0.2251,89.93,120,0.0501,FOLLOW_PATH,0.137,0.1346,43.6083,47.5898,0.9348
13.92,-0.925,-0.2239,89.93,119,0.0489,FOLLOW_PATH,0.1352,0.1338,43.6648,47.6464,0.9359
13.936,-0.925,-0.2239,89.93,119,0.0739,FOLLOW_PATH,0.1316,0.1333,43.6648,47.6464,0.9359
13.952,-0.925,-0.2227,89.93,119,0.0727,FOLLOW_PATH,0.1393,0.1338,43.7214,47.7029,0.9371
13.968,-0.925,-0.2216,89.93,119,0.0716,FOLLOW_PATH,0.1327,0.1327,43.7779,47.7594,0.9383
13.984,-0.925,-0.2205,90.08,119,0.0705,FOLLOW_PATH,0.1391,0.1333,43.8281,47.8159,0.9394
14.0,-0.925,-0.2193,90.08,119,0.0693,FOLLOW_PATH,0.1392,0.1338,43.8846,47.8724,0.9405
14.016,-0.925,-0.2182,90.08,119,0.0682,FOLLOW_PATH,0.1398,0.1343,43.9412,47.929,0.9417
14.032,-0.925,-0.217,90.08,119,0.067,FOLLOW_PATH,0.1354,0.1337,43.9977,47.9855,0.9428
14.048,-0.925,-0.2159,90.08,119,0.0659,FOLLOW_PATH,0.1385,0.1339,44.0542,48.042,0.944
14.064,-0.925,-0.2148,89.93,119,0.0648,FOLLOW_PATH,0.1401,0.1345,44.1107,48.0922,0.9451
14.08,-0.925,-0.2136,89.93,119,0.0636,FOLLOW_PATH,0.14,0.1349,44.1672,48.1488,0.9462
14.096,-0.925,-0.2124,89.93,119,0.0624,FOLLOW_PATH,0.1399,0.1352,44.2238,48.2053,0.9474
14.112,-0.925,-0.2113,89.93,119,0.0613,FOLLOW_PATH,0.137,0.1347,44.2803,48.2618,0.9486
14.128,-0.925,-0.2101,89.93,119,0.0601,FOLLOW_PATH,0.1368,0.1343,44.3368,48.3183,0.9497
14.144,-0.925,-0.209,89.93,119,0.059,FOLLOW_PATH,0.1417,0.1352,44.3933,48.3748,0.9509
14.16,-0.925,-0.2078,89.93,119,0.0578,FOLLOW_PATH,0.1388,0.1351,44.4498,48.4314,0.952
14.176,-0.925,-0.2067,90.08,119,0.0567,FOLLOW_PATH,0.1413,0.1358,44.5001,48.4879,0.9531
14.192,-0.925,-0.2056,90.08,119,0.0556,FOLLOW_PATH,0.1358,0.1349,44.5566,48.5444,0.9543
14.208,-0.925,-0.2044,90.08,119,0.0544,FOLLOW_PATH,0.1384,0.1348,44.6131,48.6009,0.9554
14.224,-0.925,-0.2032,90.08,119,0.0532,FOLLOW_PATH,0.1359,0.1342,44.6696,48.6574,0.9566
14.24,-0.925,-0.2021,90.08,119,0.0521,FOLLOW_PATH,0.1404,0.1348,44.7262,48.714,0.9578
14.256,-0.925,-0.201,89.93,119,0.051,FOLLOW_PATH,0.1363,0.1343,44.7827,48.7642,0.9589
14.272,-0.925,-0.1998,89.93,118,0.0498,FOLLOW_PATH,0.1347,0.1335,44.8392,48.8207,0.96
14.288,-0.925,-0.1998,89.93,118,0.0748,FOLLOW_PATH,0.1377,0.1345,44.8392,48.8207,0.96
14.304,-0.925,-0.1987,89.93,118,0.0737,FOLLOW_PATH,0.1366,0.1341,44.8957,48.8772,0.9612
14.32,-0.925,-0.1975,89.93,118,0.0725,FOLLOW_PATH,0.1383,0.1342,44.9522,48.9338,0.9623
14.336,-0.925,-0.1963,89.93,118,0.0713,FOLLOW_PATH,0.1394,0.1345,45.0088,48.9903,0.9635
14.352,-0.925,-0.1952,89.93,118,0.0702,FOLLOW_PATH,0.1377,0.1344,45.0653,49.0468,0.9646
14.368,-0.925,-0.1941,90.08,118,0.0691,FOLLOW_PATH,0.139,0.1346,45.1155,49.1033,0.9657
14.384,-0.925,-0.1929,90.08,118,0.0679,FOLLOW_PATH,0.1389,0.1347,45.172,49.1598,0.9669
14.4,-0.925,-0.1918,90.08,118,0.0668,FOLLOW_PATH,0.1418,0.1355,45.2286,49.2164,0.9681
14.416,-0.925,-0.1906,90.08,118,0.0656,FOLLOW_PATH,0.1379,0.1352,45.2851,49.2729,0.9692
14.432,-0.925,-0.1895,90.08,118,0.0645,FOLLOW_PATH,0.1413,0.1357,45.3416,49.3294,0.9704
14.448,-0.925,-0.1883,90.08,118,0.0633,FOLLOW_PATH,0.14,0.1358,45.3981,49.3859,0.9715
14.464,-0.925,-0.1872,89.93,118,0.0622,FOLLOW_PATH,0.1404,0.1361,45.4546,49.4362,0.9726
14.48,-0.925,-0.186,89.93,118,0.061,FOLLOW_PATH,0.1355,0.135,45.5112,49.4927,0.9738
14.496,-0.925,-0.1849,89.93,118,0.0599,FOLLOW_PATH,0.139,0.1351,45.5677,49.5492,0.9749
14.512,-0.925,-0.1837,89.93,118,0.0587,FOLLOW_PATH,0.1399,0.1353,45.6242,49.6057,0.9761
14.528,-0.925,-0.1826,89.93,118,0.0576,FOLLOW_PATH,0.1376,0.135,45.6807,49.6622,0.9773
14.544,-0.925,-0.1814,89.93,118,0.0564,FOLLOW_PATH,0.1376,0.1347,45.7372,49.7188,0.9784
14.56,-0.925,-0.1803,90.08,118,0.0553,FOLLOW_PATH,0.1433,0.1359,45.7875,49.7753,0.9795
14.576,-0.925,-0.1792,90.08,118,0.0542,FOLLOW_PATH,0.1378,0.1354,45.844,49.8318,0.9807
14.592,-0.925,-0.178,90.08,118,0.053,FOLLOW_PATH,0.141,0.1358,45.9005,49.8883,0.9818
14.608,-0.925,-0.1768,90.08,118,0.0518,FOLLOW_PATH,0.1374,0.1353,45.957,49.9448,0.983
14.624,-0.925,-0.1757,90.08,118,0.0507,FOLLOW_PATH,0.1414,0.1359,46.0136,50.0014,0.9842
14.64,-0.925,-0.1745,90.08,117,0.0495,FOLLOW_PATH,0.1384,0.1356,46.0701,50.0579,0.9853
14.656,-0.925,-0.1745,90.08,117,0.0745,FOLLOW_PATH,0.1365,0.1358,46.0701,50.0579,0.9853
14.672,-0.925,-0.1734,89.93,117,0.0734,FOLLOW_PATH,0.1378,0.1354,46.1266,50.1081,0.9864
14.688,-0.925,-0.1723,89.93,117,0.0723,FOLLOW_PATH,0.1381,0.1352,46.1831,50.1646,0.9876
14.704,-0.925,-0.1711,89.93,117,0.0711,FOLLOW_PATH,0.1366,0.1346,46.2396,50.2212,0.9887
14.72,-0.925,-0.17,89.93,117,0.07,FOLLOW_PATH,0.137,0.1343,46.2962,50.2777,0.9899
14.736,-0.925,-0.1688,89.93,117,0.0688,FOLLOW_PATH,0.1391,0.1345,46.3527,50.3342,0.991
14.752,-0.925,-0.1676,89.93,117,0.0676,FOLLOW_PATH,0.1401,0.1349,46.4092,50.3907,0.9922
14.768,-0.925,-0.1665,90.08,117,0.0665,FOLLOW_PATH,0.1347,0.1341,46.4594,50.4472,0.9933
14.784,-0.925,-0.1654,90.08,117,0.0654,FOLLOW_PATH,0.1398,0.1345,46.516,50.5038,0.9945
14.8,-0.925,-0.1642,90.08,117,0.0642,FOLLOW_PATH,0.1398,0.1349,46.5725,50.5603,0.9956
14.816,-0.925,-0.1631,90.08,117,0.0631,FOLLOW_PATH,0.1356,0.1342,46.629,50.6168,0.9968
14.832,-0.925,-0.1619,90.08,117,0.0619,FOLLOW_PATH,0.1376,0.1341,46.6855,50.6733,0.9979
14.848,-0.925,-0.1608,89.93,117,0.0608,FOLLOW_PATH,0.1356,0.1336,46.742,50.7236,0.999
14.864,-0.925,-0.1597,89.93,117,0.0597,FOLLOW_PATH,0.1364,0.1334,46.7986,50.7801,1.0002
14.88,-0.925,-0.1585,89.93,117,0.0585,FOLLOW_PATH,0.1374,0.1334,46.8551,50.8366,1.0013
14.896,-0.925,-0.1573,89.93,117,0.0573,FOLLOW_PATH,0.1389,0.1338,46.9116,50.8931,1.0025
14.912,-0.925,-0.1562,89.93,117,0.0562,FOLLOW_PATH,0.1405,0.1345,46.9681,50.9496,1.0037
14.928,-0.925,-0.155,89.93,117,0.055,FOLLOW_PATH,0.1369,0.1342,47.0246,51.0062,1.0048
14.944,-0.925,-0.1539,89.93,117,0.0539,FOLLOW_PATH,0.1364,0.1338,47.0812,51.0627,1.006
14.96,-0.925,-0.1528,90.08,117,0.0528,FOLLOW_PATH,0.1399,0.1344,47.1314,51.1192,1.0071
14.976,-0.925,-0.1516,90.08,117,0.0516,FOLLOW_PATH,0.1404,0.1349,47.1879,51.1757,1.0082
14.992,-0.925,-0.1505,90.08,117,0.0505,FOLLOW_PATH,0.1394,0.1351,47.2444,51.2322,1.0094
15.008,-0.925,-0.1493,90.08,116,0.0493,FOLLOW_PATH,0.1378,0.1348,47.301,51.2888,1.0105
15.024,-0.925,-0.1493,90.08,116,0.0743,FOLLOW_PATH,0.1364,0.1352,47.301,51.2888,1.0105
15.04,-0.925,-0.1481,90.08,116,0.0731,FOLLOW_PATH,0.1377,0.1349,47.3575,51.3453,1.0117
15.056,-0.925,-0.147,89.93,116,0.072,FOLLOW_PATH,0.1345,0.134,47.414,51.3955,1.0128
15.072,-0.925,-0.1459,89.93,116,0.0709,FOLLOW_PATH,0.1388,0.1342,47.4705,51.452,1.014
15.088,-0.925,-0.1447,89.93,116,0.0697,FOLLOW_PATH,0.1363,0.1338,47.527,51.5086,1.0151
15.104,-0.925,-0.1436,89.93,116,0.0686,FOLLOW_PATH,0.1353,0.1333,47.5836,51.5651,1.0163
15.12,-0.925,-0.1424,89.93,116,0.0674,FOLLOW_PATH,0.1339,0.1325,47.6401,51.6216,1.0174
15.136,-0.925,-0.1412,89.93,116,0.0662,FOLLOW_PATH,0.1347,0.1322,47.6966,51.6781,1.0186
15.152,-0.925,-0.1401,89.93,116,0.0651,FOLLOW_PATH,0.1393,0.1329,47.7531,51.7346,1.0197
15.168,-0.925,-0.139,90.08,116,0.064,FOLLOW_PATH,0.1428,0.1344,47.8034,51.7912,1.0208
15.184,-0.925,-0.1378,90.08,116,0.0628,FOLLOW_PATH,0.1407,0.135,47.8599,51.8477,1.022
15.2,-0.925,-0.1367,90.08,116,0.0617,FOLLOW_PATH,0.1343,0.1339,47.9164,51.9042,1.0232
15.216,-0.925,-0.1355,90.08,116,0.0605,FOLLOW_PATH,0.1363,0.1336,47.9729,51.9607,1.0243
15.232,-0.925,-0.1344,90.08,116,0.0594,FOLLOW_PATH,0.132,0.1323,48.0294,52.0172,1.0255
15.248,-0.925,-0.1333,89.93,116,0.0583,FOLLOW_PATH,0.1378,0.1328,48.086,52.0675,1.0266
15.264,-0.925,-0.1321,89.93,116,0.0571,FOLLOW_PATH,0.1358,0.1326,48.1425,52.124,1.0277
15.28,-0.925,-0.1309,89.93,116,0.0559,FOLLOW_PATH,0.14,0.1334,48.199,52.1805,1.0289
15.296,-0.925,-0.1298,89.93,116,0.0548,FOLLOW_PATH,0.1356,0.1331,48.2555,52.237,1.03
15.312,-0.925,-0.1286,89.93,116,0.0536,FOLLOW_PATH,0.1383,0.1334,48.312,52.2936,1.0312
15.328,-0.925,-0.1275,89.93,116,0.0525,FOLLOW_PATH,0.1404,0.1341,48.3686,52.3501,1.0324
15.344,-0.925,-0.1264,90.08,116,0.0514,FOLLOW_PATH,0.1413,0.135,48.4188,52.4066,1.0335
15.36,-0.925,-0.1252,90.08,116,0.0502,FOLLOW_PATH,0.1362,0.1344,48.4753,52.4631,1.0346
15.376,-0.925,-0.1241,90.08,115,0.0491,FOLLOW_PATH,0.1366,0.134,48.5318,52.5196,1.0358
15.392,-0.925,-0.1241,90.08,115,0.0741,FOLLOW_PATH,0.1376,0.1348,48.5318,52.5196,1.0358
15.408,-0.925,-0.1229,90.08,115,0.0729,FOLLOW_PATH,0.1405,0.1353,48.5884,52.5762,1.0369
15.424,-0.925,-0.1217,90.08,115,0.0717,FOLLOW_PATH,0.1423,0.136,48.6449,52.6327,1.0381
15.44,-0.925,-0.1206,90.08,115,0.0706,FOLLOW_PATH,0.1382,0.1357,48.7014,52.6892,1.0393
15.456,-0.925,-0.1195,89.93,115,0.0695,FOLLOW_PATH,0.1391,0.1356,48.7579,52.7394,1.0403
15.472,-0.925,-0.1183,89.93,115,0.0683,FOLLOW_PATH,0.135,0.1346,48.8144,52.796,1.0415
15.488,-0.925,-0.1172,89.93,115,0.0672,FOLLOW_PATH,0.1332,0.1334,48.871,52.8525,1.0427
15.504,-0.925,-0.116,89.93,115,0.066,FOLLOW_PATH,0.138,0.1336,48.9275,52.909,1.0438
15.52,-0.925,-0.1149,89.93,115,0.0649,FOLLOW_PATH,0.1403,0.1343,48.984,52.9655,1.045
15.536,-0.925,-0.1137,89.93,115,0.0637,FOLLOW_PATH,0.1398,0.1347,49.0405,53.022,1.0461
15.552,-0.925,-0.1126,90.08,115,0.0626,FOLLOW_PATH,0.137,0.1344,49.0908,53.0786,1.0472
15.568,-0.925,-0.1114,90.08,115,0.0614,FOLLOW_PATH,0.134,0.1334,49.1473,53.1351,1.0484
15.584,-0.925,-0.1103,90.08,115,0.0603,FOLLOW_PATH,0.14,0.134,49.2038,53.1916,1.0496
15.6,-0.925,-0.1091,90.08,115,0.0591,FOLLOW_PATH,0.1379,0.1341,49.2603,53.2481,1.0507
15.616,-0.925,-0.108,90.08,115,0.058,FOLLOW_PATH,0.1397,0.1345,49.3168,53.3046,1.0519
15.632,-0.925,-0.1068,90.08,115,0.0568,FOLLOW_PATH,0.143,0.1356,49.3734,53.3612,1.053
15.648,-0.925,-0.1057,89.93,115,0.0557,FOLLOW_PATH,0.1416,0.1362,49.4299,53.4114,1.0541
15.664,-0.925,-0.1046,89.93,115,0.0546,FOLLOW_PATH,0.1376,0.1356,49.4864,53.4679,1.0553
15.68,-0.925,-0.1034,89.93,115,0.0534,FOLLOW_PATH,0.1409,0.136,49.5429,53.5244,1.0564
15.696,-0.925,-0.1022,89.93,115,0.0522,FOLLOW_PATH,0.1392,0.1358,49.5994,53.581,1.0576
15.712,-0.925,-0.1011,89.93,115,0.0511,FOLLOW_PATH,0.1373,0.1353,49.656,53.6375,1.0588
15.728,-0.925,-0.0999,89.93,114,0.0499,FOLLOW_PATH,0.1405,0.1356,49.7125,53.694,1.0599
15.744,-0.925,-0.0999,89.93,114,0.0749,FOLLOW_PATH,0.1392,0.1365,49.7125,53.694,1.0599
15.76,-0.925,-0.0988,90.08,114,0.0738,FOLLOW_PATH,0.1408,0.1366,49.7627,53.7505,1.061
15.776,-0.925,-0.0977,90.08,114,0.0727,FOLLOW_PATH,0.1378,0.136,49.8192,53.807,1.0622
15.792,-0.925,-0.0965,90.08,114,0.0715,FOLLOW_PATH,0.1379,0.1356,49.8758,53.8636,1.0633
15.808,-0.925,-0.0954,90.08,114,0.0704,FOLLOW_PATH,0.1368,0.135,49.9323,53.9201,1.0645
15.824,-0.925,-0.0942,90.08,114,0.0692,FOLLOW_PATH,0.1413,0.1356,49.9888,53.9766,1.0656
15.84,-0.925,-0.0931,89.93,114,0.0681,FOLLOW_PATH,0.1387,0.1355,50.0453,54.0268,1.0667
15.856,-0.925,-0.0919,89.93,114,0.0669,FOLLOW_PATH,0.1382,0.1352,50.1018,54.0834,1.0679
15.872,-0.925,-0.0908,89.93,114,0.0658,FOLLOW_PATH,0.1368,0.1347,50.1584,54.1399,1.0691
15.888,-0.925,-0.0896,89.93,114,0.0646,FOLLOW_PATH,0.1393,0.1349,50.2149,54.1964,1.0702
15.904,-0.925,-0.0885,89.93,114,0.0635,FOLLOW_PATH,0.1402,0.1352,50.2714,54.2529,1.0714
15.92,-0.925,-0.0873,89.93,114,0.0623,FOLLOW_PATH,0.1373,0.1348,50.3279,54.3094,1.0725
15.936,-0.925,-0.0861,89.93,114,0.0611,FOLLOW_PATH,0.1375,0.1346,50.3844,54.366,1.0737
15.952,-0.925,-0.0851,90.08,114,0.0601,FOLLOW_PATH,0.1411,0.1353,50.4347,54.4225,1.0748
15.968,-0.925,-0.0839,90.08,114,0.0589,FOLLOW_PATH,0.1393,0.1353,50.4912,54.479,1.0759
15.984,-0.925,-0.0827,90.08,114,0.0577,FOLLOW_PATH,0.1343,0.1342,50.5477,54.5355,1.0771
16.0,-0.925,-0.0816,90.08,114,0.0566,FOLLOW_PATH,0.1408,0.1348,50.6042,54.592,1.0783
16.016,-0.925,-0.0804,90.08,114,0.0554,FOLLOW_PATH,0.1399,0.1351,50.6608,54.6486,1.0794
16.032,-0.925,-0.0793,89.93,114,0.0543,FOLLOW_PATH,0.1405,0.1356,50.7173,54.6988,1.0805
16.048,-0.925,-0.0782,89.93,114,0.0532,FOLLOW_PATH,0.1394,0.1356,50.7738,54.7553,1.0817
16.064,-0.925,-0.077,89.93,114,0.052,FOLLOW_PATH,0.1362,0.1348,50.8303,54.8118,1.0828
16.08,-0.925,-0.0758,89.93,114,0.0508,FOLLOW_PATH,0.1356,0.1341,50.8868,54.8684,1.084
16.096,-0.925,-0.0747,89.93,113,0.0497,FOLLOW_PATH,0.1372,0.134,50.9434,54.9249,1.0851
16.112,-0.925,-0.0747,89.93,113,0.0747,FOLLOW_PATH,0.1354,0.1343,50.9434,54.9249,1.0851
16.128,-0.925,-0.0735,89.93,113,0.0735,FOLLOW_PATH,0.1397,0.1347,50.9999,54.9814,1.0863
16.144,-0.925,-0.0724,90.08,113,0.0724,FOLLOW_PATH,0.1415,0.1354,51.0501,55.0379,1.0874
16.16,-0.925,-0.0713,90.08,113,0.0713,FOLLOW_PATH,0.1363,0.1347,51.1066,55.0944,1.0886
16.176,-0.925,-0.0701,90.08,113,0.0701,FOLLOW_PATH,0.1336,0.1336,51.1632,55.151,1.0897
16.192,-0.925,-0.069,90.08,113,0.069,FOLLOW_PATH,0.1351,0.133,51.2197,55.2075,1.0909
16.208,-0.925,-0.0678,90.08,113,0.0678,FOLLOW_PATH,0.1394,0.1336,51.2762,55.264,1.092
16.224,-0.925,-0.0666,90.08,113,0.0666,FOLLOW_PATH,0.1417,0.1346,51.3327,55.3205,1.0932
16.24,-0.925,-0.0655,89.93,113,0.0655,FOLLOW_PATH,0.1395,0.1349,51.3892,55.3708,1.0943
16.256,-0.925,-0.0644,89.93,113,0.0644,FOLLOW_PATH,0.1399,0.1352,51.4458,55.4273,1.0954
16.272,-0.925,-0.0632,89.93,113,0.0632,FOLLOW_PATH,0.1402,0.1355,51.5023,55.4838,1.0966
16.288,-0.925,-0.0621,89.93,113,0.0621,FOLLOW_PATH,0.1352,0.1345,51.5588,55.5403,1.0978
16.304,-0.925,-0.0609,89.93,113,0.0609,FOLLOW_PATH,0.1399,0.1349,51.6153,55.5968,1.0989
16.32,-0.925,-0.0598,89.93,113,0.0598,FOLLOW_PATH,0.1372,0.1346,51.6718,55.6534,1.1001
16.336,-0.925,-0.0587,90.08,113,0.0587,FOLLOW_PATH,0.1389,0.1347,51.7221,55.7099,1.1012
16.352,-0.925,-0.0575,90.08,113,0.0575,FOLLOW_PATH,0.136,0.1341,51.7786,55.7664,1.1023
16.368,-0.925,-0.0563,90.08,113,0.0563,FOLLOW_PATH,0.1382,0.1342,51.8351,55.8229,1.1035
16.384,-0.925,-0.0552,90.08,113,0.0552,FOLLOW_PATH,0.1403,0.1347,51.8916,55.8794,1.1047
16.4,-0.925,-0.054,90.08,113,0.054,FOLLOW_PATH,0.141,0.1353,51.9482,55.936,1.1058
16.416,-0.925,-0.0529,90.08,113,0.0529,FOLLOW_PATH,0.1363,0.1347,52.0047,55.9925,1.107
16.432,-0.925,-0.0518,89.93,113,0.0518,FOLLOW_PATH,0.1344,0.1338,52.0612,56.0427,1.1081
16.448,-0.925,-0.0506,89.93,113,0.0506,FOLLOW_PATH,0.1409,0.1345,52.1177,56.0992,1.1092
16.464,-0.925,-0.0495,89.93,112,0.0495,FOLLOW_PATH,0.1394,0.1348,52.1742,56.1558,1.1104
16.48,-0.925,-0.0495,89.93,112,0.0745,FOLLOW_PATH,0.1397,0.1359,52.1742,56.1558,1.1104
16.496,-0.925,-0.0483,89.93,112,0.0733,FOLLOW_PATH,0.1389,0.1357,52.2308,56.2123,1.1115
16.512,-0.925,-0.0471,89.93,112,0.0721,FOLLOW_PATH,0.1368,0.1351,52.2873,56.2688,1.1127
16.528,-0.925,-0.046,89.93,112,0.071,FOLLOW_PATH,0.1367,0.1346,52.3438,56.3253,1.1139
16.544,-0.925,-0.0449,90.08,112,0.0699,FOLLOW_PATH,0.1403,0.1351,52.394,56.3818,1.115
16.56,-0.925,-0.0437,90.08,112,0.0687,FOLLOW_PATH,0.1393,0.1352,52.4506,56.4384,1.1161
16.576,-0.925,-0.0426,90.08,112,0.0676,FOLLOW_PATH,0.1365,0.1346,52.5071,56.4949,1.1173
16.592,-0.925,-0.0414,90.08,112,0.0664,FOLLOW_PATH,0.1382,0.1345,52.5636,56.5514,1.1184
16.608,-0.925,-0.0403,90.08,112,0.0653,FOLLOW_PATH,0.1375,0.1344,52.6201,56.6079,1.1196
16.624,-0.925,-0.0392,89.93,112,0.0642,FOLLOW_PATH,0.1369,0.1341,52.6766,56.6582,1.1207
16.64,-0.925,-0.038,89.93,112,0.063,FOLLOW_PATH,0.1361,0.1337,52.7332,56.7147,1.1218
16.656,-0.925,-0.0368,89.93,112,0.0618,FOLLOW_PATH,0.1395,0.1342,52.7897,56.7712,1.123
16.672,-0.925,-0.0357,89.93,112,0.0607,FOLLOW_PATH,0.1386,0.1343,52.8462,56.8277,1.1242
16.688,-0.925,-0.0345,89.93,112,0.0595,FOLLOW_PATH,0.1357,0.1338,52.9027,56.8842,1.1253
16.704,-0.925,-0.0334,89.93,112,0.0584,FOLLOW_PATH,0.1394,0.1342,52.9592,56.9408,1.1265
16.72,-0.925,-0.0322,89.93,112,0.0572,FOLLOW_PATH,0.1397,0.1346,53.0158,56.9973,1.1276
16.736,-0.925,-0.0311,90.08,112,0.0561,FOLLOW_PATH,0.14,0.135,53.066,57.0538,1.1287
16.752,-0.925,-0.03,90.08,112,0.055,FOLLOW_PATH,0.1384,0.1349,53.1225,57.1103,1.1299
16.768,-0.925,-0.0288,90.08,112,0.0538,FOLLOW_PATH,0.1391,0.135,53.179,57.1668,1.131
16.784,-0.925,-0.0276,90.08,112,0.0526,FOLLOW_PATH,0.1381,0.1348,53.2356,57.2234,1.1322
16.8,-0.925,-0.0265,90.08,112,0.0515,FOLLOW_PATH,0.1371,0.1345,53.2921,57.2799,1.1334
16.816,-0.925,-0.0254,89.93,112,0.0504,FOLLOW_PATH,0.1385,0.1346,53.3486,57.3301,1.1345
16.832,-0.925,-0.0242,89.93,111,0.0492,FOLLOW_PATH,0.1365,0.1341,53.4051,57.3866,1.1356
16.848,-0.925,-0.0242,89.93,111,0.0742,FOLLOW_PATH,0.1396,0.1354,53.4051,57.3866,1.1356
16.864,-0.925,-0.0231,89.93,111,0.0731,FOLLOW_PATH,0.1374,0.135,53.4616,57.4432,1.1368
16.88,-0.925,-0.0219,89.93,111,0.0719,FOLLOW_PATH,0.1377,0.1348,53.5182,57.4997,1.1379
16.896,-0.925,-0.0207,89.93,111,0.0707,FOLLOW_PATH,0.1386,0.1348,53.5747,57.5562,1.1391
16.912,-0.925,-0.0196,89.93,111,0.0696,FOLLOW_PATH,0.1369,0.1344,53.6312,57.6127,1.1403
16.928,-0.925,-0.0185,90.08,111,0.0685,FOLLOW_PATH,0.1363,0.134,53.6814,57.6692,1.1413
16.944,-0.925,-0.0173,90.08,111,0.0673,FOLLOW_PATH,0.1323,0.1327,53.738,57.7258,1.1425
16.96,-0.925,-0.0162,90.08,111,0.0662,FOLLOW_PATH,0.1423,0.134,53.7945,57.7823,1.1437
16.976,-0.925,-0.015,90.08,111,0.065,FOLLOW_PATH,0.1383,0.1342,53.851,57.8388,1.1448
16.992,-0.925,-0.0139,90.08,111,0.0639,FOLLOW_PATH,0.136,0.1337,53.9075,57.8953,1.146
17.008,-0.925,-0.0127,90.08,111,0.0627,FOLLOW_PATH,0.1415,0.1346,53.964,57.9518,1.1471
17.024,-0.925,-0.0116,89.93,111,0.0616,FOLLOW_PATH,0.1386,0.1347,54.0206,58.0021,1.1482
17.04,-0.925,-0.0104,89.93,111,0.0604,FOLLOW_PATH,0.1375,0.1345,54.0771,58.0586,1.1494
17.056,-0.925,-0.0093,89.93,111,0.0593,FOLLOW_PATH,0.1395,0.1348,54.1336,58.1151,1.1505
17.072,-0.925,-0.0081,89.93,111,0.0581,FOLLOW_PATH,0.1366,0.1343,54.1901,58.1716,1.1517
17.088,-0.925,-0.007,89.93,111,0.057,FOLLOW_PATH,0.1379,0.1343,54.2466,58.2282,1.1529
17.104,-0.925,-0.0058,89.93,111,0.0558,FOLLOW_PATH,0.1342,0.1334,54.3032,58.2847,1.154
17.12,-0.925,-0.0047,90.08,111,0.0547,FOLLOW_PATH,0.1393,0.1339,54.3534,58.3412,1.1551
17.136,-0.925,-0.0036,90.08,111,0.0536,FOLLOW_PATH,0.1364,0.1336,54.4099,58.3977,1.1563
17.152,-0.925,-0.0024,90.08,111,0.0524,FOLLOW_PATH,0.1343,0.1329,54.4664,58.4542,1.1574
17.168,-0.925,-0.0012,90.08,111,0.0512,FOLLOW_PATH,0.15,0.136,54.523,58.5108,1.1586
17.184,-0.925,-0.0001,90.08,111,0.0501,FOLLOW_PATH,0.1368,0.1353,54.5795,58.5673,1.1598
17.2,-0.925,0.0011,90.08,110,0.0489,FOLLOW_PATH,0.1369,0.1348,54.636,58.6238,1.1609
17.216,-0.925,0.0011,90.08,110,0.0739,FOLLOW_PATH,0.1416,0.1364,54.636,58.6238,1.1609
17.232,-0.925,0.0022,89.93,110,0.0728,FOLLOW_PATH,0.1339,0.135,54.6925,58.674,1.162
17.248,-0.925,0.0033,89.93,110,0.0717,FOLLOW_PATH,0.1364,0.1344,54.749,58.7306,1.1632
17.264,-0.925,0.0045,89.93,110,0.0705,FOLLOW_PATH,0.1397,0.1348,54.8056,58.7871,1.1643
17.28,-0.925,0.0056,89.93,110,0.0694,FOLLOW_PATH,0.1351,0.134,54.8621,58.8436,1.1655
17.296,-0.925,0.0068,89.93,110,0.0682,FOLLOW_PATH,0.1411,0.1347,54.9186,58.9001,1.1666
17.312,-0.925,0.008,89.93,110,0.067,FOLLOW_PATH,0.1374,0.1345,54.9751,58.9566,1.1678
17.328,-0.925,0.0091,90.08,110,0.0659,FOLLOW_PATH,0.1371,0.1343,55.0254,59.0132,1.1689
17.344,-0.925,0.0102,90.08,110,0.0648,FOLLOW_PATH,0.1386,0.1344,55.0819,59.0697,1.1701
17.36,-0.925,0.0114,90.08,110,0.0636,FOLLOW_PATH,0.1352,0.1337,55.1384,59.1262,1.1712
17.376,-0.925,0.0125,90.08,110,0.0625,FOLLOW_PATH,0.1398,0.1342,55.1949,59.1827,1.1724
17.392,-0.925,0.0137,90.08,110,0.0613,FOLLOW_PATH,0.1357,0.1337,55.2514,59.2392,1.1735
17.408,-0.925,0.0148,89.93,110,0.0602,FOLLOW_PATH,0.1397,0.1343,55.308,59.2895,1.1746
17.424,-0.925,0.0159,89.93,110,0.0591,FOLLOW_PATH,0.1358,0.1337,55.3645,59.346,1.1758
17.44,-0.925,0.0171,89.93,110,0.0579,FOLLOW_PATH,0.1371,0.1336,55.421,59.4025,1.1769
17.456,-0.925,0.0183,89.93,110,0.0567,FOLLOW_PATH,0.1399,0.1342,55.4775,59.459,1.1781
17.472,-0.925,0.0194,89.93,110,0.0556,FOLLOW_PATH,0.1405,0.1348,55.534,59.5156,1.1793
17.488,-0.925,0.0206,89.93,110,0.0544,FOLLOW_PATH,0.1424,0.1357,55.5906,59.5721,1.1804
17.504,-0.925,0.0217,89.93,110,0.0533,FOLLOW_PATH,0.139,0.1356,55.6471,59.6286,1.1816
17.52,-0.925,0.0228,90.08,110,0.0522,FOLLOW_PATH,0.1384,0.1354,55.6973,59.6851,1.1827
17.536,-0.925,0.024,90.08,110,0.051,FOLLOW_PATH,0.1359,0.1346,55.7538,59.7416,1.1838
17.552,-0.925,0.0251,90.08,109,0.0499,FOLLOW_PATH,0.1378,0.1345,55.8104,59.7982,1.185
17.568,-0.925,0.0251,90.08,109,0.0749,FOLLOW_PATH,0.138,0.1353,55.8104,59.7982,1.185
17.584,-0.925,0.0263,90.08,109,0.0737,FOLLOW_PATH,0.134,0.1341,55.8669,59.8547,1.1861
17.6,-0.925,0.0275,90.08,109,0.0725,FOLLOW_PATH,0.1392,0.1344,55.9234,59.9112,1.1873
17.616,-0.925,0.0286,89.93,109,0.0714,FOLLOW_PATH,0.1382,0.1345,55.9799,59.9614,1.1884
17.632,-0.925,0.0297,89.93,109,0.0703,FOLLOW_PATH,0.1406,0.135,56.0364,60.018,1.1896
17.648,-0.925,0.0309,89.93,109,0.0691,FOLLOW_PATH,0.1363,0.1344,56.093,60.0745,1.1907
17.664,-0.925,0.032,89.93,109,0.068,FOLLOW_PATH,0.1371,0.1342,56.1495,60.131,1.1919
17.68,-0.925,0.0332,89.93,109,0.0668,FOLLOW_PATH,0.1383,0.1343,56.206,60.1875,1.193
17.696,-0.925,0.0344,89.93,109,0.0656,FOLLOW_PATH,0.1384,0.1343,56.2625,60.244,1.1942
17.712,-0.925,0.0354,90.08,109,0.0646,FOLLOW_PATH,0.1366,0.134,56.3128,60.3006,1.1953
17.728,-0.925,0.0366,90.08,109,0.0634,FOLLOW_PATH,0.14,0.1345,56.3693,60.3571,1.1964
17.744,-0.925,0.0378,90.08,109,0.0622,FOLLOW_PATH,0.1374,0.1343,56.4258,60.4136,1.1976
17.76,-0.925,0.0389,90.08,109,0.0611,FOLLOW_PATH,0.141,0.135,56.4823,60.4701,1.1988
17.776,-0.925,0.0401,90.08,109,0.0599,FOLLOW_PATH,0.1377,0.1347,56.5388,60.5266,1.1999
17.792,-0.925,0.0412,90.08,109,0.0588,FOLLOW_PATH,0.14,0.1351,56.5954,60.5832,1.2011
17.808,-0.925,0.0423,89.93,109,0.0577,FOLLOW_PATH,0.1381,0.135,56.6519,60.6334,1.2022
17.824,-0.925,0.0435,89.93,109,0.0565,FOLLOW_PATH,0.1362,0.1344,56.7084,60.6899,1.2033
17.84,-0.925,0.0447,89.93,109,0.0553,FOLLOW_PATH,0.1376,0.1342,56.7649,60.7464,1.2045
17.856,-0.925,0.0458,89.93,109,0.0542,FOLLOW_PATH,0.1353,0.1336,56.8214,60.803,1.2057
17.872,-0.925,0.047,89.93,109,0.053,FOLLOW_PATH,0.1376,0.1336,56.878,60.8595,1.2068
17.888,-0.925,0.0481,89.93,109,0.0519,FOLLOW_PATH,0.138,0.1338,56.9345,60.916,1.208
17.904,-0.925,0.0492,90.08,109,0.0508,FOLLOW_PATH,0.1372,0.1337,56.9847,60.9725,1.2091
17.92,-0.925,0.0504,90.08,108,0.0496,FOLLOW_PATH,0.1367,0.1335,57.0412,61.029,1.2102
17.936,-0.925,0.0504,90.08,108,0.0746,FOLLOW_PATH,0.139,0.1348,57.0412,61.029,1.2102
17.952,-0.925,0.0515,90.08,108,0.0735,FOLLOW_PATH,0.1365,0.1343,57.0978,61.0856,1.2114
17.968,-0.925,0.0527,90.08,108,0.0723,FOLLOW_PATH,0.1379,0.1343,57.1543,61.1421,1.2125
17.984,-0.925,0.0539,90.08,108,0.0711,FOLLOW_PATH,0.1371,0.134,57.2108,61.1986,1.2137
18.0,-0.925,0.055,90.08,108,0.07,FOLLOW_PATH,0.1385,0.1342,57.2673,61.2551,1.2149
18.016,-0.925,0.0561,89.93,108,0.0689,FOLLOW_PATH,0.1412,0.135,57.3238,61.3054,1.2159
18.032,-0.925,0.0573,89.93,108,0.0677,FOLLOW_PATH,0.1369,0.1346,57.3804,61.3619,1.2171
18.048,-0.925,0.0584,89.93,108,0.0666,FOLLOW_PATH,0.1388,0.1347,57.4369,61.4184,1.2183
18.064,-0.925,0.0596,89.93,108,0.0654,FOLLOW_PATH,0.1398,0.135,57.4934,61.4749,1.2194
18.08,-0.925,0.0607,89.93,108,0.0643,FOLLOW_PATH,0.1362,0.1344,57.5499,61.5314,1.2206
18.096,-0.925,0.0619,89.93,108,0.0631,FOLLOW_PATH,0.1374,0.1342,57.6064,61.588,1.2217
18.112,-0.925,0.063,90.08,108,0.062,FOLLOW_PATH,0.1391,0.1345,57.6567,61.6445,1.2228
18.128,-0.925,0.0642,90.08,108,0.0608,FOLLOW_PATH,0.1353,0.1338,57.7132,61.701,1.224
18.144,-0.925,0.0653,90.08,108,0.0597,FOLLOW_PATH,0.1356,0.1333,57.7697,61.7575,1.2252
18.16,-0.925,0.0665,90.08,108,0.0585,FOLLOW_PATH,0.1432,0.1348,57.8262,61.814,1.2263
18.176,-0.925,0.0676,90.08,108,0.0574,FOLLOW_PATH,0.1366,0.1343,57.8828,61.8706,1.2275
18.192,-0.925,0.0687,89.93,108,0.0563,FOLLOW_PATH,0.1394,0.1347,57.9393,61.9208,1.2286
18.208,-0.925,0.0699,89.93,108,0.0551,FOLLOW_PATH,0.1378,0.1345,57.9958,61.9773,1.2297
18.224,-0.925,0.071,89.93,108,0.054,FOLLOW_PATH,0.1369,0.1342,58.0523,62.0338,1.2309
18.24,-0.925,0.0722,89.93,108,0.0528,FOLLOW_PATH,0.138,0.1342,58.1088,62.0904,1.232
18.256,-0.925,0.0734,89.93,108,0.0516,FOLLOW_PATH,0.1333,0.1331,58.1654,62.1469,1.2332
18.272,-0.925,0.0745,89.93,108,0.0505,FOLLOW_PATH,0.1388,0.1335,58.2219,62.2034,1.2344
18.288,-0.925,0.0757,89.93,107,0.0493,FOLLOW_PATH,0.1353,0.1331,58.2784,62.2599,1.2355
18.304,-0.925,0.0757,89.93,107,0.0743,FOLLOW_PATH,0.1404,0.1348,58.2784,62.2599,1.2355
18.32,-0.925,0.0768,90.08,107,0.0732,FOLLOW_PATH,0.1407,0.1353,58.3286,62.3164,1.2366
18.336,-0.925,0.0779,90.08,107,0.0721,FOLLOW_PATH,0.1403,0.1356,58.3852,62.373,1.2378
18.352,-0.925,0.0791,90.08,107,0.0709,FOLLOW_PATH,0.1378,0.1352,58.4417,62.4295,1.2389
18.368,-0.925,0.0803,90.08,107,0.0697,FOLLOW_PATH,0.138,0.135,58.4982,62.486,1.2401
18.384,-0.925,0.0814,90.08,107,0.0686,FOLLOW_PATH,0.1387,0.135,58.5547,62.5425,1.2412
18.4,-0.925,0.0825,89.93,107,0.0675,FOLLOW_PATH,0.1346,0.134,58.6112,62.5928,1.2423
18.416,-0.925,0.0837,89.93,107,0.0663,FOLLOW_PATH,0.1408,0.1347,58.6678,62.6493,1.2435
18.432,-0.925,0.0848,89.93,107,0.0652,FOLLOW_PATH,0.1397,0.135,58.7243,62.7058,1.2447
18.448,-0.925,0.086,89.93,107,0.064,FOLLOW_PATH,0.1394,0.1352,58.7808,62.7623,1.2458
18.464,-0.925,0.0871,89.93,107,0.0629,FOLLOW_PATH,0.1342,0.134,58.8373,62.8188,1.247
18.48,-0.925,0.0883,89.93,107,0.0617,FOLLOW_PATH,0.138,0.1341,58.8938,62.8754,1.2481
18.496,-0.925,0.0894,90.08,107,0.0606,FOLLOW_PATH,0.1365,0.1338,58.9441,62.9319,1.2492
18.512,-0.925,0.0905,90.08,107,0.0595,FOLLOW_PATH,0.1378,0.1338,59.0006,62.9884,1.2504
18.528,-0.925,0.0917,90.08,107,0.0583,FOLLOW_PATH,0.1368,0.1336,59.0571,63.0449,1.2515
18.544,-0.925,0.0929,90.08,107,0.0571,FOLLOW_PATH,0.1402,0.1343,59.1136,63.1014,1.2527
18.56,-0.925,0.094,90.08,107,0.056,FOLLOW_PATH,0.1376,0.1342,59.1702,63.158,1.2539
18.576,-0.925,0.0952,90.08,107,0.0548,FOLLOW_PATH,0.1378,0.1341,59.2267,63.2145,1.255
18.592,-0.925,0.0963,89.93,107,0.0537,FOLLOW_PATH,0.1355,0.1336,59.2832,63.2647,1.2561
18.608,-0.925,0.0974,89.93,107,0.0526,FOLLOW_PATH,0.1348,0.133,59.3397,63.3212,1.2573
18.624,-0.925,0.0986,89.93,107,0.0514,FOLLOW_PATH,0.1387,0.1334,59.3962,63.3778,1.2584
18.64,-0.925,0.0998,89.93,107,0.0502,FOLLOW_PATH,0.1343,0.1328,59.4528,63.4343,1.2596
18.656,-0.925,0.1009,89.93,106,0.0491,FOLLOW_PATH,0.1421,0.134,59.5093,63.4908,1.2608
18.672,-0.925,0.1009,89.93,106,0.0741,FOLLOW_PATH,0.1395,0.1353,59.5093,63.4908,1.2608
18.688,-0.925,0.1021,89.93,106,0.0729,FOLLOW_PATH,0.1374,0.1349,59.5658,63.5473,1.2619
18.704,-0.925,0.1032,90.08,106,0.0718,FOLLOW_PATH,0.1364,0.1344,59.616,63.6038,1.263
18.72,-0.925,0.1043,90.08,106,0.0707,FOLLOW_PATH,0.1422,0.1353,59.6726,63.6604,1.2642
18.736,-0.925,0.1055,90.08,106,0.0695,FOLLOW_PATH,0.1369,0.1348,59.7291,63.7169,1.2653
18.752,-0.925,0.1066,90.08,106,0.0684,FOLLOW_PATH,0.1381,0.1347,59.7856,63.7734,1.2665
18.768,-0.925,0.1078,90.08,106,0.0672,FOLLOW_PATH,0.15,0.1374,59.8421,63.8299,1.2676
18.784,-0.925,0.109,90.08,106,0.066,FOLLOW_PATH,0.1382,0.1367,59.8986,63.8864,1.2688
18.8,-0.925,0.1101,89.93,106,0.0649,FOLLOW_PATH,0.1384,0.1363,59.9552,63.9367,1.2699
18.816,-0.925,0.1112,89.93,106,0.0638,FOLLOW_PATH,0.138,0.1358,60.0117,63.9932,1.2711
18.832,-0.925,0.1124,89.93,106,0.0626,FOLLOW_PATH,0.1364,0.135,60.0682,64.0497,1.2722
18.848,-0.925,0.1135,89.93,106,0.0615,FOLLOW_PATH,0.1371,0.1346,60.1247,64.1062,1.2734
18.864,-0.925,0.1147,89.93,106,0.0603,FOLLOW_PATH,0.1417,0.1354,60.1812,64.1628,1.2745
18.88,-0.925,0.1158,89.93,106,0.0592,FOLLOW_PATH,0.1356,0.1346,60.2378,64.2193,1.2757
18.896,-0.925,0.1169,90.08,106,0.0581,FOLLOW_PATH,0.1397,0.1349,60.288,64.2758,1.2768
18.912,-0.925,0.1181,90.08,106,0.0569,FOLLOW_PATH,0.1389,0.135,60.3445,64.3323,1.2779
18.928,-0.925,0.1193,90.08,106,0.0557,FOLLOW_PATH,0.136,0.1343,60.401,64.3888,1.2791
18.944,-0.925,0.1204,90.08,106,0.0546,FOLLOW_PATH,0.1411,0.135,60.4576,64.4454,1.2803
18.96,-0.925,0.1216,90.08,106,0.0534,FOLLOW_PATH,0.1356,0.1343,60.5141,64.5019,1.2814
18.976,-0.925,0.1227,89.93,106,0.0523,FOLLOW_PATH,0.1366,0.134,60.5706,64.5521,1.2825
18.992,-0.925,0.1238,89.93,106,0.0512,FOLLOW_PATH,0.1377,0.134,60.6271,64.6086,1.2837
19.008,-0.925,0.125,89.93,106,0.05,FOLLOW_PATH,0.1404,0.1346,60.6836,64.6652,1.2848
19.024,-0.925,0.1261,89.93,105,0.0489,FOLLOW_PATH,0.1375,0.1344,60.7402,64.7217,1.286
19.04,-0.925,0.1261,89.93,105,0.0739,FOLLOW_PATH,0.135,0.1345,60.7402,64.7217,1.286
19.056,-0.925,0.1273,89.93,105,0.0727,FOLLOW_PATH,0.1376,0.1344,60.7967,64.7782,1.2871
19.072,-0.925,0.1285,89.93,105,0.0715,FOLLOW_PATH,0.1397,0.1347,60.8532,64.8347,1.2883
19.088,-0.925,0.1296,89.93,105,0.0704,FOLLOW_PATH,0.133,0.1334,60.9097,64.8912,1.2895
19.104,-0.925,0.1307,90.08,105,0.0693,FOLLOW_PATH,0.1382,0.1337,60.96,64.9478,1.2906
19.12,-0.925,0.1319,90.08,105,0.0681,FOLLOW_PATH,0.1426,0.1349,61.0165,65.0043,1.2917
19.136,-0.925,0.133,90.08,105,0.067,FOLLOW_PATH,0.1359,0.1342,61.073,65.0608,1.2929
19.152,-0.925,0.1342,90.08,105,0.0658,FOLLOW_PATH,0.1365,0.1339,61.1295,65.1173,1.294
19.168,-0.925,0.1354,90.08,105,0.0646,FOLLOW_PATH,0.1379,0.1339,61.186,65.1738,1.2952
19.184,-0.925,0.1364,89.93,105,0.0636,FOLLOW_PATH,0.1377,0.134,61.2426,65.2241,1.2963
19.2,-0.925,0.1376,89.93,105,0.0624,FOLLOW_PATH,0.1347,0.1333,61.2991,65.2806,1.2974
19.216,-0.925,0.1388,89.93,105,0.0612,FOLLOW_PATH,0.1416,0.1343,61.3556,65.3371,1.2986
19.232,-0.925,0.1399,89.93,105,0.0601,FOLLOW_PATH,0.1366,0.134,61.4121,65.3936,1.2998
19.248,-0.925,0.1411,89.93,105,0.0589,FOLLOW_PATH,0.1373,0.1339,61.4686,65.4502,1.3009
19.264,-0.925,0.1422,89.93,105,0.0578,FOLLOW_PATH,0.1381,0.134,61.5252,65.5067,1.3021
19.28,-0.925,0.1433,90.08,105,0.0567,FOLLOW_PATH,0.1407,0.1347,61.5754,65.5632,1.3032
19.296,-0.925,0.1445,90.08,105,0.0555,FOLLOW_PATH,0.1376,0.1345,61.6319,65.6197,1.3043
19.312,-0.925,0.1457,90.08,105,0.0543,FOLLOW_PATH,0.1312,0.1329,61.6884,65.6762,1.3055
19.328,-0.925,0.1468,90.08,105,0.0532,FOLLOW_PATH,0.1237,0.1298,61.745,65.7328,1.3066
19.344,-0.925,0.148,90.08,105,0.052,FOLLOW_PATH,0.1228,0.1273,61.8015,65.7893,1.3078
19.36,-0.925,0.1491,90.08,105,0.0509,FOLLOW_PATH,0.1203,0.1248,61.858,65.8458,1.309
19.376,-0.925,0.1502,89.93,104,0.0498,FOLLOW_PATH,0.1183,0.1224,61.9145,65.896,1.3101
19.392,-0.925,0.1502,89.93,104,0.0748,FOLLOW_PATH,0.1178,0.1214,61.9145,65.896,1.3101
19.408,-0.925,0.1514,89.93,104,0.0736,FOLLOW_PATH,0.1141,0.1188,61.971,65.9526,1.3112
19.424,-0.925,0.1525,89.93,104,0.0725,FOLLOW_PATH,0.1128,0.1165,62.0276,66.0091,1.3124
19.44,-0.925,0.1537,89.93,104,0.0713,FOLLOW_PATH,0.1102,0.1141,62.0841,66.0656,1.3135
19.456,-0.925,0.1549,89.93,104,0.0701,FOLLOW_PATH,0.1113,0.1126,62.1406,66.1221,1.3147
19.472,-0.925,0.156,89.93,104,0.069,FOLLOW_PATH,0.1098,0.1111,62.1971,66.1786,1.3159
19.488,-0.925,0.1571,90.08,104,0.0679,FOLLOW_PATH,0.1058,0.109,62.2474,66.2352,1.3169
19.504,-0.925,0.1583,90.08,104,0.0667,FOLLOW_PATH,0.1048,0.1071,62.3039,66.2917,1.3181
19.52,-0.925,0.1594,90.08,104,0.0656,FOLLOW_PATH,0.1068,0.1062,62.3604,66.3482,1.3193
19.536,-0.925,0.1606,90.08,104,0.0644,FOLLOW_PATH,0.1037,0.1047,62.4169,66.4047,1.3204
19.552,-0.925,0.1617,90.08,104,0.0633,FOLLOW_PATH,0.0996,0.1026,62.4734,66.4612,1.3216
19.568,-0.925,0.1629,90.08,104,0.0621,FOLLOW_PATH,0.1014,0.1015,62.53,66.5178,1.3227
19.584,-0.925,0.164,89.93,104,0.0,AVOID,0.0937,0.0988,62.5865,66.568,1.3238
19.6,-0.925,0.164,89.93,104,0.0,AVOID,0.0934,0.0975,62.5865,66.568,1.3238
19.616,-0.925,0.164,88.52,104,0.0,AVOID,0.0957,0.0971,62.6179,66.5366,1.3238
19.632,-0.925,0.164,87.1,104,0.0,AVOID,0.0938,0.0963,62.6493,66.5052,1.3238
19.648,-0.925,0.164,85.68,104,0.0,AVOID,0.0942,0.0958,62.6807,66.4738,1.3238
19.664,-0.925,0.164,84.26,104,0.0,AVOID,0.0983,0.0964,62.7121,66.4424,1.3238
19.68,-0.925,0.164,82.84,104,0.0,AVOID,0.0953,0.0961,62.7435,66.411,1.3238
19.696,-0.925,0.1641,81.28,104,0.0,AVOID,0.0957,0.096,62.7812,66.3796,1.3239
19.712,-0.925,0.1641,79.86,104,0.0,AVOID,0.0954,0.0959,62.8126,66.3482,1.3239
19.728,-0.925,0.1641,78.44,104,0.0,AVOID,0.0956,0.0958,62.844,66.3168,1.3239
19.744,-0.925,0.1641,77.03,104,0.0,AVOID,0.094,0.0954,62.8754,66.2854,1.3239
19.76,-0.925,0.164,75.46,104,0.0,AVOID,0.0933,0.095,62.9068,66.2477,1.324
19.776,-0.925,0.164,74.05,104,0.0,AVOID,0.0946,0.0949,62.9382,66.2163,1.324
19.792,-0.925,0.164,72.63,104,0.0,AVOID,0.0962,0.0952,62.9696,66.1849,1.324
19.808,-0.925,0.164,71.21,104,0.0,AVOID,0.0974,0.0957,63.001,66.1535,1.324
19.824,-0.925,0.164,69.79,104,0.0,AVOID,0.0951,0.0955,63.0324,66.1221,1.324
19.84,-0.925,0.164,68.37,104,0.0,AVOID,0.0988,0.0963,63.0638,66.0907,1.324
19.856,-0.925,0.1641,66.81,104,0.0,AVOID,0.0956,0.0961,63.1014,66.0593,1.324
19.872,-0.925,0.1641,65.39,104,0.0,AVOID,0.0967,0.0962,63.1328,66.0279,1.324
19.888,-0.925,0.1641,63.97,104,0.0,AVOID,0.0952,0.096,63.1642,65.9965,1.324
19.904,-0.925,0.1641,62.56,104,0.0,AVOID,0.0962,0.096,63.1956,65.9651,1.324
19.92,-0.925,0.1641,61.14,104,0.0,AVOID,0.0966,0.0962,63.227,65.9337,1.324
19.936,-0.925,0.164,59.58,104,0.0,AVOID,0.0947,0.0959,63.2584,65.896,1.3241
19.952,-0.925,0.164,58.16,104,0.0,AVOID,0.0944,0.0955,63.2898,65.8646,1.3241
19.968,-0.925,0.164,56.74,104,0.0,AVOID,0.0942,0.0952,63.3212,65.8332,1.3241
19.984,-0.925,0.164,55.32,104,0.0,AVOID,0.093,0.0947,63.3526,65.8018,1.3241
20.0,-0.925,0.164,53.9,104,0.0,AVOID,0.0951,0.0948,63.384,65.7704,1.3241
20.016,-0.925,0.164,52.48,104,0.0,AVOID,0.0923,0.0942,63.4154,65.739,1.3241
20.032,-0.925,0.1641,50.92,104,0.0,AVOID,0.0939,0.0941,63.4531,65.7076,1.3242
20.048,-0.925,0.1641,49.51,104,0.0,AVOID,0.0918,0.0935,63.4845,65.6762,1.3242
20.064,-0.925,0.1641,48.09,104,0.0,AVOID,0.0938,0.0936,63.5159,65.6448,1.3242
20.08,-0.925,0.1641,46.67,104,0.0,AVOID,0.0916,0.0931,63.5473,65.6134,1.3242
20.096,-0.925,0.164,45.11,104,0.0,AVOID,0.0931,0.0932,63.5787,65.5758,1.3242
20.112,-0.925,0.164,43.69,104,0.0,AVOID,0.094,0.0934,63.6101,65.5444,1.3242
20.128,-0.925,0.164,42.27,104,0.0,AVOID,0.0921,0.0931,63.6415,65.513,1.3242
20.144,-0.925,0.164,40.85,104,0.0,AVOID,0.0941,0.0933,63.6729,65.4816,1.3242
20.16,-0.925,0.164,39.43,104,0.0,AVOID,0.0939,0.0934,63.7043,65.4502,1.3242
20.176,-0.925,0.164,38.02,104,0.0,AVOID,0.0952,0.0938,63.7357,65.4188,1.3242
20.192,-0.925,0.164,36.46,104,0.0,AVOID,0.0946,0.094,63.7734,65.3874,1.3243
20.208,-0.925,0.164,35.04,104,0.0,AVOID,0.0954,0.0943,63.8048,65.356,1.3243
20.224,-0.925,0.164,33.62,104,0.0,AVOID,0.0947,0.0944,63.8362,65.3246,1.3243
20.24,-0.925,0.164,32.2,104,0.0,AVOID,0.0949,0.0945,63.8676,65.2932,1.3243
20.256,-0.925,0.164,30.78,104,0.0,AVOID,0.0996,0.0957,63.899,65.2618,1.3243
20.272,-0.925,0.164,29.22,104,0.0,AVOID,0.0986,0.0964,63.9304,65.2241,1.3243
20.288,-0.925,0.164,27.8,104,0.0,AVOID,0.0974,0.0966,63.9618,65.1927,1.3243
20.304,-0.925,0.164,26.38,104,0.0,AVOID,0.099,0.0972,63.9932,65.1613,1.3243
20.32,-0.925,0.164,24.97,104,0.0,AVOID,0.1029,0.0985,64.0246,65.1299,1.3243
20.336,-0.925,0.164,23.55,104,0.0,AVOID,0.105,0.1,64.056,65.0985,1.3243
20.352,-0.925,0.164,22.13,104,0.0,AVOID,0.1042,0.101,64.0874,65.0671,1.3243
20.368,-0.925,0.164,20.57,104,0.0,AVOID,0.1074,0.1025,64.1251,65.0357,1.3244
20.384,-0.925,0.164,19.15,104,0.0,AVOID,0.1086,0.1039,64.1565,65.0043,1.3244
20.4,-0.925,0.164,17.73,104,0.0,AVOID,0.1077,0.1048,64.1879,64.9729,1.3244
20.416,-0.925,0.164,16.31,104,0.0,AVOID,0.1066,0.1052,64.2193,64.9415,1.3244
20.432,-0.925,0.164,14.75,104,0.0,AVOID,0.1083,0.106,64.2507,64.9038,1.3245
20.448,-0.925,0.164,13.33,104,0.0,AVOID,0.1061,0.106,64.2821,64.8724,1.3245
20.464,-0.925,0.164,11.92,104,0.0,AVOID,0.1117,0.1073,64.3135,64.841,1.3245
20.48,-0.925,0.164,10.5,104,0.0,AVOID,0.1147,0.109,64.3449,64.8096,1.3245
20.496,-0.925,0.164,9.08,104,0.0,AVOID,0.1167,0.1108,64.3763,64.7782,1.3245
20.512,-0.925,0.164,7.66,104,0.0,AVOID,0.1205,0.1131,64.4077,64.7468,1.3245
20.528,-0.925,0.164,6.1,104,0.0,AVOID,0.1229,0.1153,64.4454,64.7154,1.3245
20.544,-0.925,0.164,4.68,104,0.0,AVOID,0.1255,0.1177,64.4768,64.684,1.3245
20.56,-0.925,0.164,3.26,104,0.0,AVOID,0.1417,0.1233,64.5082,64.6526,1.3245
20.576,-0.925,0.164,4.68,104,0.0,AVOID,0.1286,0.1246,64.4768,64.684,1.3245
20.592,-0.925,0.164,3.26,104,0.0,AVOID,0.1408,0.1284,64.5082,64.6526,1.3245
20.608,-0.925,0.164,4.68,104,0.0,AVOID,0.1331,0.1295,64.4768,64.684,1.3245
20.624,-0.925,0.164,3.26,104,0.0,FOLLOW_PATH,0.1331,0.1303,64.5082,64.6526,1.3245
20.64,-0.925,0.164,3.26,104,0.061,FOLLOW_PATH,0.1372,0.1319,64.5082,64.6526,1.3245
20.656,-0.9248,0.164,5.96,104,0.061,FOLLOW_PATH,0.1306,0.1315,64.4579,64.7217,1.3247
20.672,-0.9245,0.1641,8.65,104,0.0609,FOLLOW_PATH,0.1178,0.128,64.414,64.797,1.3251
20.688,-0.9242,0.1641,11.21,104,0.0609,FOLLOW_PATH,0.1116,0.124,64.37,64.8661,1.3253
20.704,-0.9239,0.1642,13.76,104,0.0608,FOLLOW_PATH,0.1109,0.1207,64.326,64.9352,1.3256
20.72,-0.9238,0.1642,16.17,104,0.0608,FOLLOW_PATH,0.1051,0.1169,64.2821,64.998,1.3258
20.736,-0.9235,0.1643,18.58,104,0.0607,FOLLOW_PATH,0.1093,0.1149,64.2444,65.0671,1.3261
20.752,-0.9232,0.1644,20.85,104,0.0606,FOLLOW_PATH,0.1057,0.1126,64.2067,65.1299,1.3263
20.768,-0.923,0.1645,23.12,104,0.0605,FOLLOW_PATH,0.1043,0.1104,64.169,65.1927,1.3266
20.784,-0.9227,0.1646,25.25,104,0.0604,FOLLOW_PATH,0.1001,0.1077,64.1376,65.2555,1.3269
20.8,-0.9225,0.1647,27.38,104,0.0603,FOLLOW_PATH,0.0985,0.1054,64.1,65.312,1.3271
20.816,-0.9223,0.1649,29.36,104,0.0602,FOLLOW_PATH,0.0963,0.1031,64.0686,65.3685,1.3274
20.832,-0.9221,0.165,31.35,104,0.0601,FOLLOW_PATH,0.0966,0.1014,64.0372,65.425,1.3276
20.848,-0.9218,0.1651,33.34,104,0.0,AVOID,0.0946,0.0996,64.0058,65.4816,1.3279
20.864,-0.9218,0.1651,33.34,104,0.0,AVOID,0.0947,0.0984,64.0058,65.4816,1.3279
20.88,-0.9218,0.1651,31.92,104,0.0,AVOID,0.0928,0.0971,64.0372,65.4502,1.3279
20.896,-0.9218,0.1651,30.5,104,0.0,AVOID,0.0939,0.0964,64.0686,65.4188,1.3279
20.912,-0.9218,0.1651,29.08,104,0.0,AVOID,0.0961,0.0963,64.1,65.3874,1.3279
20.928,-0.9218,0.1651,27.52,104,0.0,AVOID,0.0961,0.0962,64.1376,65.356,1.328
20.944,-0.9218,0.1651,26.1,104,0.0,AVOID,0.0996,0.097,64.169,65.3246,1.328
20.96,-0.9218,0.1651,24.68,104,0.0,AVOID,0.1003,0.0978,64.2004,65.2932,1.328
20.976,-0.9218,0.1651,23.26,104,0.0,AVOID,0.1007,0.0985,64.2318,65.2618,1.328
20.992,-0.9218,0.1651,21.7,104,0.0,AVOID,0.1031,0.0996,64.2632,65.2241,1.328
21.008,-0.9218,0.1651,20.28,104,0.0,AVOID,0.1013,0.1,64.2946,65.1927,1.328
21.024,-0.9218,0.1651,18.87,104,0.0,AVOID,0.1051,0.1012,64.326,65.1613,1.328
21.04,-0.9218,0.1651,17.45,104,0.0,AVOID,0.1043,0.1019,64.3574,65.1299,1.328
21.056,-0.9218,0.1651,16.03,104,0.0,AVOID,0.1118,0.1042,64.3888,65.0985,1.328
21.072,-0.9218,0.1651,14.61,104,0.0,AVOID,0.1059,0.1046,64.4202,65.0671,1.328
21.088,-0.9218,0.1651,13.05,104,0.0,AVOID,0.1126,0.1064,64.4579,65.0357,1.3281
21.104,-0.9218,0.1651,11.63,104,0.0,AVOID,0.1164,0.1088,64.4893,65.0043,1.3281
21.12,-0.9218,0.1651,10.21,104,0.0,AVOID,0.1137,0.1099,64.5207,64.9729,1.3281
21.136,-0.9218,0.1651,8.79,104,0.0,AVOID,0.1137,0.1108,64.5521,64.9415,1.3281
21.152,-0.9218,0.1651,7.23,104,0.0,AVOID,0.1166,0.1122,64.5835,64.9038,1.3281
21.168,-0.9218,0.1651,5.82,104,0.0,AVOID,0.127,0.1157,64.6149,64.8724,1.3281
21.184,-0.9218,0.1651,4.4,104,0.0,AVOID,0.1269,0.1183,64.6463,64.841,1.3281
21.2,-0.9218,0.1651,2.98,104,0.0,AVOID,0.1316,0.1214,64.6777,64.8096,1.3281
21.216,-0.9218,0.1651,1.56,104,0.0,AVOID,0.1389,0.1255,64.7091,64.7782,1.3281
21.232,-0.9218,0.1651,2.98,104,0.0,AVOID,0.1352,0.1278,64.6777,64.8096,1.3281
21.248,-0.9218,0.1651,1.56,104,0.0,FOLLOW_PATH,0.141,0.1309,64.7091,64.7782,1.3281
21.264,-0.9218,0.1651,1.56,104,0.06,FOLLOW_PATH,0.139,0.1328,64.7091,64.7782,1.3281
21.28,-0.9216,0.1651,4.4,104,0.06,FOLLOW_PATH,0.1325,0.1325,64.6589,64.8536,1.3284
21.296,-0.9213,0.1652,7.23,104,0.0599,FOLLOW_PATH,0.116,0.1284,64.6086,64.9289,1.3287
21.312,-0.921,0.1652,9.93,104,0.0599,FOLLOW_PATH,0.1141,0.1249,64.5647,65.0043,1.329
21.328,-0.9208,0.1653,12.62,104,0.0599,FOLLOW_PATH,0.1112,0.1215,64.5144,65.0734,1.3292
21.344,-0.9206,0.1653,15.18,104,0.0598,FOLLOW_PATH,0.1075,0.118,64.4705,65.1424,1.3294
21.36,-0.9203,0.1654,17.59,104,0.0598,FOLLOW_PATH,0.1038,0.1145,64.4328,65.2115,1.3298
21.376,-0.92,0.1655,20.14,104,0.0597,FOLLOW_PATH,0.1011,0.1111,64.3888,65.2806,1.33
21.392,-0.9198,0.1656,22.41,104,0.0596,FOLLOW_PATH,0.099,0.1081,64.3512,65.3434,1.3303
21.408,-0.9195,0.1657,24.68,104,0.0596,FOLLOW_PATH,0.0997,0.1059,64.3135,65.4062,1.3305
21.424,-0.9193,0.1658,26.95,104,0.0595,FOLLOW_PATH,0.0974,0.1037,64.2758,65.469,1.3308
21.44,-0.919,0.166,29.08,104,0.0593,FOLLOW_PATH,0.0967,0.1018,64.2444,65.5318,1.3311
21.456,-0.9189,0.166,31.21,104,0.0,AVOID,0.0931,0.0996,64.2067,65.5883,1.3313
21.472,-0.9189,0.166,31.21,104,0.0,AVOID,0.0955,0.0987,64.2067,65.5883,1.3313
21.488,-0.9189,0.166,29.79,104,0.0,AVOID,0.094,0.0976,64.2381,65.5569,1.3313
21.504,-0.9189,0.166,28.37,104,0.0,AVOID,0.0954,0.0971,64.2695,65.5255,1.3313
21.52,-0.9189,0.166,26.95,104,0.0,AVOID,0.0942,0.0964,64.3009,65.4941,1.3313
21.536,-0.9188,0.1661,25.39,104,0.0,AVOID,0.1007,0.0974,64.3386,65.4627,1.3314
21.552,-0.9188,0.1661,23.97,104,0.0,AVOID,0.0992,0.0978,64.37,65.4313,1.3314
21.568,-0.9188,0.1661,22.55,104,0.0,AVOID,0.1005,0.0984,64.4014,65.3999,1.3314
21.584,-0.9189,0.1661,20.99,104,0.0,AVOID,0.103,0.0995,64.4328,65.3622,1.3314
21.6,-0.9189,0.1661,19.58,104,0.0,AVOID,0.1002,0.0997,64.4642,65.3308,1.3314
21.616,-0.9189,0.1661,18.16,104,0.0,AVOID,0.1044,0.1008,64.4956,65.2994,1.3314
21.632,-0.9189,0.1661,16.74,104,0.0,AVOID,0.1062,0.1021,64.527,65.268,1.3314
21.648,-0.9189,0.1661,15.32,104,0.0,AVOID,0.1032,0.1023,64.5584,65.2366,1.3314
21.664,-0.9189,0.1661,13.9,104,0.0,AVOID,0.1101,0.1042,64.5898,65.2052,1.3314
21.68,-0.9189,0.1661,12.48,104,0.0,AVOID,0.1091,0.1053,64.6212,65.1738,1.3314
21.696,-0.9188,0.1661,10.92,104,0.0,AVOID,0.1065,0.1055,64.6589,65.1424,1.3315
21.712,-0.9188,0.1661,9.5,104,0.0,AVOID,0.1107,0.1067,64.6903,65.111,1.3315
21.728,-0.9188,0.1661,8.09,104,0.0,AVOID,0.114,0.1084,64.7217,65.0796,1.3315
21.744,-0.9189,0.1661,6.53,104,0.0,AVOID,0.1158,0.1102,64.7531,65.042,1.3316
21.76,-0.9189,0.1661,5.11,104,0.0,AVOID,0.12,0.1125,64.7845,65.0106,1.3316
21.776,-0.9189,0.1661,3.69,104,0.0,AVOID,0.126,0.1156,64.8159,64.9792,1.3316
21.792,-0.9189,0.1661,2.27,104,0.0,AVOID,0.1316,0.1194,64.8473,64.9478,1.3316
21.808,-0.9189,0.1661,0.85,104,0.0,AVOID,0.1383,0.1238,64.8787,64.9164,1.3316
21.824,-0.9189,0.1661,-0.57,104,0.0,AVOID,0.1371,0.1269,64.9101,64.885,1.3316
21.84,-0.9189,0.1661,-1.99,104,0.0,AVOID,0.1377,0.1294,64.9415,64.8536,1.3316
21.856,-0.9189,0.1661,-3.4,104,0.0,FOLLOW_PATH,0.1405,0.132,64.9729,64.8222,1.3316
21.872,-0.9189,0.1661,-3.4,104,0.0593,FOLLOW_PATH,0.1397,0.1338,64.9729,64.8222,1.3316
21.888,-0.9186,0.166,-0.28,104,0.0593,FOLLOW_PATH,0.15,0.1374,64.9164,64.9038,1.3318
21.904,-0.9183,0.1661,2.7,104,0.0593,FOLLOW_PATH,0.1294,0.1353,64.8661,64.9854,1.3321
21.92,-0.9181,0.1661,5.67,104,0.0593,FOLLOW_PATH,0.1163,0.1307,64.8096,65.0608,1.3323
21.936,-0.9178,0.1661,8.51,104,0.0593,FOLLOW_PATH,0.1145,0.1267,64.7594,65.1362,1.3326
21.952,-0.9175,0.1662,11.21,104,0.0593,FOLLOW_PATH,0.1108,0.1227,64.7154,65.2115,1.3329
21.968,-0.9173,0.1662,14.04,104,0.0593,FOLLOW_PATH,0.1085,0.1192,64.6652,65.2869,1.3332
21.984,-0.917,0.1663,16.6,104,0.0593,FOLLOW_PATH,0.1019,0.115,64.6212,65.356,1.3334
22.0,-0.9168,0.1664,19.15,104,0.0592,FOLLOW_PATH,0.1021,0.1118,64.5772,65.425,1.3337
22.016,-0.9165,0.1665,21.7,104,0.0592,FOLLOW_PATH,0.0976,0.1083,64.5333,65.4941,1.3339
22.032,-0.9163,0.1666,23.97,104,0.0591,FOLLOW_PATH,0.0985,0.1058,64.4956,65.5569,1.3342
22.048,-0.9161,0.1667,26.53,104,0.059,FOLLOW_PATH,0.0961,0.1033,64.4516,65.626,1.3345
22.064,-0.9158,0.1668,28.8,104,0.0589,FOLLOW_PATH,0.0948,0.1011,64.414,65.6888,1.3347
22.08,-0.9156,0.1669,30.92,104,0.0,AVOID,0.0919,0.0987,64.3826,65.7516,1.335
22.096,-0.9156,0.1669,30.92,104,0.0,AVOID,0.0912,0.097,64.3826,65.7516,1.335
22.112,-0.9156,0.1669,29.51,104,0.0,AVOID,0.0936,0.0962,64.414,65.7202,1.335
22.128,-0.9156,0.1669,27.94,104,0.0,AVOID,0.0922,0.0953,64.4454,65.6825,1.3351
22.144,-0.9156,0.1669,26.53,104,0.0,AVOID,0.0951,0.0952,64.4768,65.6511,1.3351
22.16,-0.9156,0.1669,25.11,104,0.0,AVOID,0.0991,0.0961,64.5082,65.6197,1.3351
22.176,-0.9156,0.1669,23.69,104,0.0,AVOID,0.0983,0.0967,64.5396,65.5883,1.3351
22.192,-0.9156,0.1669,22.27,104,0.0,AVOID,0.0958,0.0964,64.571,65.5569,1.3351
22.208,-0.9156,0.1669,20.85,104,0.0,AVOID,0.103,0.098,64.6024,65.5255,1.3351
22.224,-0.9156,0.1669,19.43,104,0.0,AVOID,0.1034,0.0993,64.6338,65.4941,1.3351
22.24,-0.9156,0.1669,18.02,104,0.0,AVOID,0.1044,0.1005,64.6652,65.4627,1.3351
22.256,-0.9156,0.1669,16.45,104,0.0,AVOID,0.1077,0.1021,64.7028,65.4313,1.3352
22.272,-0.9156,0.1669,15.04,104,0.0,AVOID,0.1049,0.1027,64.7342,65.3999,1.3352
22.288,-0.9156,0.1669,13.48,104,0.0,AVOID,0.1048,0.1033,64.7656,65.3622,1.3352
22.304,-0.9156,0.1669,12.06,104,0.0,AVOID,0.1083,0.1045,64.797,65.3308,1.3352
22.32,-0.9156,0.1669,10.64,104,0.0,AVOID,0.1136,0.1066,64.8284,65.2994,1.3352
22.336,-0.9156,0.1669,9.22,104,0.0,AVOID,0.1099,0.1074,64.8598,65.268,1.3352
22.352,-0.9156,0.1669,7.8,104,0.0,AVOID,0.1113,0.1083,64.8912,65.2366,1.3352
22.368,-0.9156,0.1669,6.38,104,0.0,AVOID,0.115,0.1098,64.9226,65.2052,1.3352
22.384,-0.9156,0.1669,4.96,104,0.0,AVOID,0.1145,0.1109,64.954,65.1738,1.3352
22.4,-0.9156,0.1669,3.55,104,0.0,AVOID,0.1214,0.1134,64.9854,65.1424,1.3352
22.416,-0.9156,0.1669,1.99,104,0.0,AVOID,0.1281,0.1168,65.0231,65.111,1.3353
22.432,-0.9156,0.1669,0.57,104,0.0,AVOID,0.1347,0.121,65.0545,65.0796,1.3353
22.448,-0.9156,0.1669,-0.85,104,0.0,AVOID,0.1393,0.1253,65.0859,65.0482,1.3353
22.464,-0.9156,0.1669,-2.41,104,0.0,AVOID,0.1424,0.1293,65.1173,65.0106,1.3354
22.48,-0.9156,0.1669,-3.83,104,0.0,FOLLOW_PATH,0.137,0.1311,65.1487,64.9792,1.3354
22.496,-0.9156,0.1669,-3.83,104,0.0588,FOLLOW_PATH,0.1355,0.1321,65.1487,64.9792,1.3354
22.512,-0.9154,0.1669,-0.43,104,0.0589,FOLLOW_PATH,0.1383,0.1334,65.0859,65.0671,1.3356
22.528,-0.9151,0.1669,2.7,104,0.0589,FOLLOW_PATH,0.1238,0.1309,65.0294,65.1487,1.3359
22.544,-0.9148,0.1669,5.67,104,0.059,FOLLOW_PATH,0.1168,0.1274,64.9792,65.2304,1.3362
22.56,-0.9146,0.167,8.65,104,0.059,FOLLOW_PATH,0.1096,0.1231,64.9226,65.3057,1.3364
22.576,-0.9143,0.167,11.49,104,0.059,FOLLOW_PATH,0.1093,0.1196,64.8724,65.3811,1.3366
22.592,-0.9141,0.1671,14.33,104,0.059,FOLLOW_PATH,0.1068,0.1164,64.8222,65.4564,1.3369
22.608,-0.9138,0.1672,17.02,104,0.0589,FOLLOW_PATH,0.1039,0.1133,64.7782,65.5318,1.3372
22.624,-0.9136,0.1672,19.72,104,0.0589,FOLLOW_PATH,0.1034,0.1108,64.728,65.6009,1.3374
22.64,-0.9134,0.1673,22.27,104,0.0589,FOLLOW_PATH,0.0999,0.108,64.684,65.67,1.3377
22.656,-0.9131,0.1674,24.68,104,0.0588,FOLLOW_PATH,0.0984,0.1055,64.6463,65.739,1.338
22.672,-0.9128,0.1675,27.24,104,0.0587,FOLLOW_PATH,0.0937,0.1026,64.6024,65.8081,1.3383
22.688,-0.9126,0.1677,29.51,104,0.0587,FOLLOW_PATH,0.0939,0.1003,64.5647,65.8709,1.3385
22.704,-0.9124,0.1678,31.77,104,0.0,AVOID,0.0891,0.0975,64.527,65.9337,1.3388
22.72,-0.9124,0.1678,31.77,104,0.0,AVOID,0.0898,0.0957,64.527,65.9337,1.3388
22.736,-0.9124,0.1678,30.36,104,0.0,AVOID,0.0899,0.0944,64.5584,65.9023,1.3388
22.752,-0.9124,0.1678,28.94,104,0.0,AVOID,0.0932,0.0941,64.5898,65.8709,1.3388
22.768,-0.9124,0.1678,27.52,104,0.0,AVOID,0.0922,0.0937,64.6212,65.8395,1.3388
22.784,-0.9124,0.1678,26.1,104,0.0,AVOID,0.0907,0.093,64.6526,65.8081,1.3388
22.8,-0.9124,0.1678,24.68,104,0.0,AVOID,0.097,0.0939,64.684,65.7767,1.3388
22.816,-0.9124,0.1678,23.26,104,0.0,AVOID,0.0984,0.095,64.7154,65.7453,1.3388
22.832,-0.9124,0.1678,21.85,104,0.0,AVOID,0.0974,0.0955,64.7468,65.7139,1.3388
22.848,-0.9123,0.1678,20.28,104,0.0,AVOID,0.0988,0.0962,64.7845,65.6825,1.3388
22.864,-0.9124,0.1678,18.72,104,0.0,AVOID,0.0989,0.0969,64.8159,65.6448,1.3389
22.88,-0.9124,0.1678,17.31,104,0.0,AVOID,0.1016,0.098,64.8473,65.6134,1.3389
22.896,-0.9124,0.1678,15.89,104,0.0,AVOID,0.1025,0.0991,64.8787,65.582,1.3389
22.912,-0.9124,0.1678,14.47,104,0.0,AVOID,0.1046,0.1004,64.9101,65.5506,1.3389
22.928,-0.9124,0.1678,13.05,104,0.0,AVOID,0.1108,0.1028,64.9415,65.5192,1.3389
22.944,-0.9124,0.1678,11.63,104,0.0,AVOID,0.108,0.104,64.9729,65.4878,1.3389
22.96,-0.9124,0.1678,10.21,104,0.0,AVOID,0.1034,0.1039,65.0043,65.4564,1.3389
22.976,-0.9124,0.1678,8.79,104,0.0,AVOID,0.1082,0.1049,65.0357,65.425,1.3389
22.992,-0.9124,0.1678,7.38,104,0.0,AVOID,0.1104,0.1062,65.0671,65.3936,1.3389
23.008,-0.9123,0.1678,5.82,104,0.0,AVOID,0.1084,0.1067,65.1048,65.3622,1.339
23.024,-0.9123,0.1678,4.4,104,0.0,AVOID,0.1168,0.109,65.1362,65.3308,1.339
23.04,-0.9124,0.1678,2.84,104,0.0,AVOID,0.1227,0.1123,65.1676,65.2932,1.339
23.056,-0.9124,0.1678,1.42,104,0.0,AVOID,0.1269,0.1157,65.199,65.2618,1.339
23.072,-0.9124,0.1678,-0.0,104,0.0,AVOID,0.1379,0.1209,65.2304,65.2304,1.339
23.088,-0.9124,0.1678,-1.42,104,0.0,AVOID,0.1349,0.1242,65.2618,65.199,1.339
23.104,-0.9124,0.1678,-2.84,104,0.0,AVOID,0.1354,0.1268,65.2932,65.1676,1.339
23.12,-0.9124,0.1678,-4.26,104,0.0,AVOID,0.1393,0.1297,65.3246,65.1362,1.339
23.136,-0.9124,0.1678,-2.84,104,0.0,FOLLOW_PATH,0.1376,0.1316,65.2932,65.1676,1.339
23.152,-0.9124,0.1678,-2.84,104,0.0586,FOLLOW_PATH,0.1371,0.1329,65.2932,65.1676,1.339
23.168,-0.9121,0.1678,0.57,104,0.0586,FOLLOW_PATH,0.1324,0.1326,65.2304,65.2555,1.3393
23.184,-0.9119,0.1678,3.69,104,0.0587,FOLLOW_PATH,0.1178,0.1289,65.1738,65.3371,1.3395
23.2,-0.9116,0.1678,6.81,104,0.0587,FOLLOW_PATH,0.1102,0.1243,65.1173,65.4188,1.3398
23.216,-0.9114,0.1679,9.93,104,0.0587,FOLLOW_PATH,0.1062,0.1199,65.0608,65.5004,1.3401
23.232,-0.9111,0.1679,12.77,104,0.0587,FOLLOW_PATH,0.1023,0.1156,65.0106,65.5758,1.3403
23.248,-0.9108,0.168,15.75,104,0.0587,FOLLOW_PATH,0.1019,0.1121,64.9603,65.6574,1.3406
23.264,-0.9106,0.1681,18.44,104,0.0587,FOLLOW_PATH,0.1002,0.1092,64.9101,65.7265,1.3408
23.28,-0.9103,0.1682,21.14,104,0.0587,FOLLOW_PATH,0.0974,0.1062,64.8661,65.8018,1.3411
23.296,-0.9101,0.1683,23.69,104,0.0587,FOLLOW_PATH,0.0957,0.1035,64.8222,65.8709,1.3414
23.312,-0.9098,0.1684,26.24,104,0.0586,FOLLOW_PATH,0.0932,0.1009,64.7782,65.94,1.3417
23.328,-0.9096,0.1685,28.8,104,0.0,AVOID,0.09,0.0982,64.7342,66.0091,1.3419
23.344,-0.9096,0.1685,28.8,104,0.0,AVOID,0.0909,0.0964,64.7342,66.0091,1.3419
23.36,-0.9096,0.1685,27.38,104,0.0,AVOID,0.0927,0.0956,64.7656,65.9777,1.3419
23.376,-0.9096,0.1685,25.96,104,0.0,AVOID,0.0952,0.0955,64.797,65.9463,1.3419
23.392,-0.9096,0.1685,24.54,104,0.0,AVOID,0.0933,0.095,64.8284,65.9149,1.3419
23.408,-0.9096,0.1685,23.12,104,0.0,AVOID,0.0962,0.0953,64.8598,65.8835,1.3419
23.424,-0.9096,0.1685,21.7,104,0.0,AVOID,0.0967,0.0956,64.8912,65.8521,1.3419
23.44,-0.9097,0.1685,20.14,104,0.0,AVOID,0.0974,0.0961,64.9226,65.8144,1.342
23.456,-0.9096,0.1685,18.58,104,0.0,AVOID,0.0984,0.0966,64.9603,65.783,1.3421
23.472,-0.9096,0.1685,17.16,104,0.0,AVOID,0.0997,0.0973,64.9917,65.7516,1.3421
23.488,-0.9096,0.1685,15.75,104,0.0,AVOID,0.1027,0.0986,65.0231,65.7202,1.3421
23.504,-0.9096,0.1685,14.33,104,0.0,AVOID,0.1049,0.1001,65.0545,65.6888,1.3421
23.52,-0.9096,0.1685,12.91,104,0.0,AVOID,0.1067,0.1016,65.0859,65.6574,1.3421
23.536,-0.9096,0.1685,11.49,104,0.0,AVOID,0.1061,0.1026,65.1173,65.626,1.3421
23.552,-0.9096,0.1685,10.07,104,0.0,AVOID,0.1099,0.1043,65.1487,65.5946,1.3421
23.568,-0.9096,0.1685,8.65,104,0.0,AVOID,0.1067,0.1049,65.1801,65.5632,1.3421
23.584,-0.9096,0.1685,7.23,104,0.0,AVOID,0.1138,0.107,65.2115,65.5318,1.3421
23.6,-0.9096,0.1685,5.82,104,0.0,AVOID,0.1109,0.1079,65.2429,65.5004,1.3421
23.616,-0.9097,0.1685,4.26,104,0.0,AVOID,0.1124,0.109,65.2743,65.4627,1.3421
23.632,-0.9096,0.1685,2.7,104,0.0,AVOID,0.1183,0.1111,65.312,65.4313,1.3422
23.648,-0.9096,0.1685,1.28,104,0.0,AVOID,0.1232,0.114,65.3434,65.3999,1.3422
23.664,-0.9096,0.1685,-0.14,104,0.0,AVOID,0.129,0.1175,65.3748,65.3685,1.3422
23.68,-0.9096,0.1685,-1.56,104,0.0,AVOID,0.1412,0.123,65.4062,65.3371,1.3422
23.696,-0.9096,0.1685,-0.14,104,0.0,AVOID,0.1286,0.1243,65.3748,65.3685,1.3422
23.712,-0.9096,0.1685,-1.56,104,0.0,AVOID,0.1374,0.1274,65.4062,65.3371,1.3422
23.728,-0.9096,0.1685,-2.98,104,0.0,AVOID,0.1336,0.1288,65.4376,65.3057,1.3422
23.744,-0.9096,0.1685,-1.56,104,0.0,FOLLOW_PATH,0.1378,0.1309,65.4062,65.3371,1.3422
23.76,-0.9096,0.1685,-1.56,104,0.0586,FOLLOW_PATH,0.1348,0.1318,65.4062,65.3371,1.3422
23.776,-0.9093,0.1685,1.84,104,0.0586,FOLLOW_PATH,0.1176,0.1283,65.3434,65.425,1.3424
23.792,-0.9091,0.1685,4.96,104,0.0587,FOLLOW_PATH,0.1118,0.1242,65.2869,65.5067,1.3427
23.808,-0.9088,0.1685,8.37,104,0.0587,FOLLOW_PATH,0.1064,0.1199,65.2241,65.5946,1.343
23.824,-0.9085,0.1686,11.35,104,0.0588,FOLLOW_PATH,0.1076,0.1168,65.1738,65.6762,1.3433
23.84,-0.9083,0.1686,14.33,104,0.0588,FOLLOW_PATH,0.1074,0.1144,65.1173,65.7516,1.3435
23.856,-0.9081,0.1687,17.16,104,0.0588,FOLLOW_PATH,0.0973,0.1102,65.0671,65.827,1.3437
23.872,-0.9078,0.1688,20.0,104,0.0588,FOLLOW_PATH,0.0957,0.1066,65.0168,65.9023,1.344
23.888,-0.9076,0.1689,22.84,104,0.0588,FOLLOW_PATH,0.0945,0.1036,64.9666,65.9777,1.3442
23.904,-0.9073,0.169,25.53,104,0.0587,FOLLOW_PATH,0.0931,0.1009,64.9226,66.053,1.3446
23.92,-0.9071,0.1691,28.09,104,0.0,AVOID,0.0885,0.0978,64.8787,66.1221,1.3448
23.936,-0.9071,0.1691,28.09,104,0.0,AVOID,0.0902,0.096,64.8787,66.1221,1.3448
23.952,-0.9071,0.1691,26.67,104,0.0,AVOID,0.0883,0.0942,64.9101,66.0907,1.3448
23.968,-0.9071,0.1691,25.25,104,0.0,AVOID,0.0911,0.0935,64.9415,66.0593,1.3448
23.984,-0.9071,0.1691,23.69,104,0.0,AVOID,0.0923,0.0933,64.9729,66.0216,1.3449
24.0,-0.9071,0.1691,22.27,104,0.0,AVOID,0.0938,0.0934,65.0043,65.9902,1.3449
24.016,-0.9071,0.1691,20.85,104,0.0,AVOID,0.0959,0.094,65.0357,65.9588,1.3449
24.032,-0.9071,0.1691,19.43,104,0.0,AVOID,0.0951,0.0943,65.0671,65.9274,1.3449
24.048,-0.9071,0.1691,17.87,104,0.0,AVOID,0.0965,0.0947,65.1048,65.896,1.3449
24.064,-0.9071,0.1691,16.45,104,0.0,AVOID,0.0957,0.095,65.1362,65.8646,1.3449
24.08,-0.9071,0.1691,15.04,104,0.0,AVOID,0.1028,0.0968,65.1676,65.8332,1.3449
24.096,-0.9071,0.1691,13.62,104,0.0,AVOID,0.1023,0.0981,65.199,65.8018,1.3449
24.112,-0.9071,0.1691,12.2,104,0.0,AVOID,0.1018,0.0989,65.2304,65.7704,1.3449
24.128,-0.9071,0.1691,10.78,104,0.0,AVOID,0.1073,0.1009,65.2618,65.739,1.3449
24.144,-0.9071,0.1691,9.22,104,0.0,AVOID,0.1046,0.1018,65.2932,65.7014,1.345
24.16,-0.9071,0.1691,7.8,104,0.0,AVOID,0.1093,0.1036,65.3246,65.67,1.345
24.176,-0.9071,0.1691,6.38,104,0.0,AVOID,0.1075,0.1045,65.356,65.6386,1.345
24.192,-0.9071,0.1691,4.96,104,0.0,AVOID,0.1117,0.1062,65.3874,65.6072,1.345
24.208,-0.9071,0.1691,3.4,104,0.0,AVOID,0.1115,0.1074,65.425,65.5758,1.3451
24.224,-0.9071,0.1691,1.99,104,0.0,AVOID,0.1167,0.1095,65.4564,65.5444,1.3451
24.24,-0.9071,0.1691,0.57,104,0.0,AVOID,0.1197,0.1119,65.4878,65.513,1.3451
24.256,-0.9071,0.1691,-0.85,104,0.0,AVOID,0.1329,0.1168,65.5192,65.4816,1.3451
24.272,-0.9071,0.1691,-2.27,104,0.0,AVOID,0.1371,0.1216,65.5506,65.4502,1.3451
24.288,-0.9071,0.1691,-0.85,104,0.0,AVOID,0.1271,0.1229,65.5192,65.4816,1.3451
24.304,-0.9071,0.1691,-2.27,104,0.0,AVOID,0.1388,0.1266,65.5506,65.4502,1.3451
24.32,-0.9071,0.1691,-3.69,104,0.0,AVOID,0.1407,0.1299,65.582,65.4188,1.3451
24.336,-0.9071,0.1691,-5.11,104,0.0,FOLLOW_PATH,0.1374,0.1317,65.6134,65.3874,1.3451
24.352,-0.9071,0.1691,-5.11,104,0.0587,FOLLOW_PATH,0.1381,0.1332,65.6134,65.3874,1.3451
24.368,-0.9068,0.1691,-1.7,104,0.0588,FOLLOW_PATH,0.1396,0.1345,65.5506,65.4753,1.3453
24.384,-0.9066,0.1691,1.84,104,0.0588,FOLLOW_PATH,0.1187,0.1306,65.4816,65.5632,1.3455
24.4,-0.9063,0.1691,5.11,104,0.0589,FOLLOW_PATH,0.114,0.1265,65.425,65.6511,1.3458
24.416,-0.906,0.1691,8.51,104,0.059,FOLLOW_PATH,0.1077,0.1219,65.3622,65.739,1.3461
24.432,-0.9058,0.1692,11.63,104,0.059,FOLLOW_PATH,0.1016,0.117,65.3057,65.8207,1.3464
24.448,-0.9055,0.1693,14.75,104,0.0591,FOLLOW_PATH,0.1013,0.1131,65.2492,65.9023,1.3466
24.464,-0.9053,0.1693,17.59,104,0.0591,FOLLOW_PATH,0.0998,0.1098,65.199,65.9777,1.3469
24.48,-0.905,0.1694,20.43,104,0.0591,FOLLOW_PATH,0.0944,0.106,65.1487,66.053,1.3471
24.496,-0.9048,0.1695,23.26,104,0.0591,FOLLOW_PATH,0.0916,0.1024,65.0985,66.1284,1.3474
24.512,-0.9046,0.1696,26.1,104,0.0,AVOID,0.0896,0.0992,65.0482,66.2038,1.3477
24.528,-0.9046,0.1696,26.1,104,0.0,AVOID,0.0897,0.097,65.0482,66.2038,1.3477
24.544,-0.9046,0.1696,24.68,104,0.0,AVOID,0.0933,0.0961,65.0796,66.1724,1.3477
24.56,-0.9046,0.1696,23.26,104,0.0,AVOID,0.0926,0.0953,65.111,66.141,1.3477
24.576,-0.9046,0.1696,21.85,104,0.0,AVOID,0.0925,0.0946,65.1424,66.1096,1.3477
24.592,-0.9045,0.1696,20.28,104,0.0,AVOID,0.092,0.094,65.1801,66.0782,1.3477
24.608,-0.9045,0.1696,18.87,104,0.0,AVOID,0.0957,0.0944,65.2115,66.0468,1.3477
24.624,-0.9045,0.1696,17.45,104,0.0,AVOID,0.097,0.095,65.2429,66.0154,1.3477
24.64,-0.9046,0.1696,15.89,104,0.0,AVOID,0.0978,0.0957,65.2743,65.9777,1.3478
24.656,-0.9046,0.1696,14.47,104,0.0,AVOID,0.0997,0.0966,65.3057,65.9463,1.3478
24.672,-0.9046,0.1696,13.05,104,0.0,AVOID,0.1035,0.0982,65.3371,65.9149,1.3478
24.688,-0.9046,0.1696,11.63,104,0.0,AVOID,0.1053,0.0999,65.3685,65.8835,1.3478
24.704,-0.9046,0.1696,10.21,104,0.0,AVOID,0.1015,0.1002,65.3999,65.8521,1.3478
24.72,-0.9046,0.1696,8.79,104,0.0,AVOID,0.1064,0.1017,65.4313,65.8207,1.3478
24.736,-0.9046,0.1696,7.38,104,0.0,AVOID,0.1105,0.1037,65.4627,65.7893,1.3478
24.752,-0.9045,0.1696,5.82,104,0.0,AVOID,0.1119,0.1056,65.5004,65.7579,1.3478
24.768,-0.9045,0.1696,4.4,104,0.0,AVOID,0.1146,0.1077,65.5318,65.7265,1.3478
24.784,-0.9045,0.1696,2.98,104,0.0,AVOID,0.1122,0.1088,65.5632,65.6951,1.3478
24.8,-0.9045,0.1696,1.56,104,0.0,AVOID,0.1164,0.1105,65.5946,65.6637,1.3478
24.816,-0.9046,0.1696,-0.0,104,0.0,AVOID,0.1219,0.1132,65.626,65.626,1.3479
24.832,-0.9046,0.1696,-1.42,104,0.0,AVOID,0.1316,0.1175,65.6574,65.5946,1.3479
24.848,-0.9046,0.1696,-2.84,104,0.0,AVOID,0.1357,0.1218,65.6888,65.5632,1.3479
24.864,-0.9046,0.1696,-4.26,104,0.0,AVOID,0.1366,0.1252,65.7202,65.5318,1.3479
24.88,-0.9046,0.1696,-5.67,104,0.0,AVOID,0.1369,0.128,65.7516,65.5004,1.3479
24.896,-0.9046,0.1696,-7.09,104,0.0,FOLLOW_PATH,0.1394,0.1306,65.783,65.469,1.3479
24.912,-0.9046,0.1696,-7.09,104,0.059,FOLLOW_PATH,0.139,0.1326,65.783,65.469,1.3479
24.928,-0.9043,0.1696,-3.4,104,0.0591,FOLLOW_PATH,0.1359,0.1332,65.7139,65.5632,1.3482
24.944,-0.904,0.1696,0.14,104,0.0593,FOLLOW_PATH,0.1208,0.13,65.6511,65.6574,1.3485
24.96,-0.9037,0.1696,3.55,104,0.0593,FOLLOW_PATH,0.1125,0.1257,65.5883,65.7453,1.3487
24.976,-0.9035,0.1696,6.95,104,0.0594,FOLLOW_PATH,0.107,0.1211,65.5255,65.8332,1.349
24.992,-0.9032,0.1697,10.36,104,0.0595,FOLLOW_PATH,0.1077,0.1178,65.4627,65.9212,1.3493
25.008,-0.903,0.1697,13.48,104,0.0595,FOLLOW_PATH,0.0974,0.1128,65.4062,66.0028,1.3495
25.024,-0.9027,0.1698,16.6,104,0.0595,FOLLOW_PATH,0.0976,0.1091,65.3497,66.0844,1.3498
25.04,-0.9025,0.1698,19.58,104,0.0596,FOLLOW_PATH,0.0957,0.1058,65.2932,66.1598,1.35
25.056,-0.9022,0.17,22.55,104,0.0596,FOLLOW_PATH,0.0907,0.102,65.2429,66.2414,1.3503
25.072,-0.902,0.1701,25.39,104,0.0,AVOID,0.0893,0.0988,65.1927,66.3168,1.3505
25.088,-0.902,0.1701,25.39,104,0.0,AVOID,0.0864,0.0959,65.1927,66.3168,1.3505
25.104,-0.902,0.1701,23.97,104,0.0,AVOID,0.0888,0.0943,65.2241,66.2854,1.3505
25.12,-0.902,0.1701,22.55,104,0.0,AVOID,0.0912,0.0936,65.2555,66.254,1.3505
25.136,-0.9019,0.1701,20.99,104,0.0,AVOID,0.094,0.0936,65.2932,66.2226,1.3506
25.152,-0.902,0.1701,19.43,104,0.0,AVOID,0.0948,0.094,65.3246,66.1849,1.3507
25.168,-0.902,0.1701,18.02,104,0.0,AVOID,0.0961,0.0945,65.356,66.1535,1.3507
25.184,-0.902,0.1701,16.6,104,0.0,AVOID,0.0989,0.0955,65.3874,66.1221,1.3507
25.2,-0.902,0.1701,15.18,104,0.0,AVOID,0.0932,0.095,65.4188,66.0907,1.3507
25.216,-0.902,0.1701,13.76,104,0.0,AVOID,0.0997,0.0961,65.4502,66.0593,1.3507
25.232,-0.902,0.1701,12.34,104,0.0,AVOID,0.1062,0.0984,65.4816,66.0279,1.3507
25.248,-0.902,0.1701,10.92,104,0.0,AVOID,0.1029,0.0995,65.513,65.9965,1.3507
25.264,-0.902,0.1701,9.5,104,0.0,AVOID,0.108,0.1015,65.5444,65.9651,1.3507
25.28,-0.902,0.1701,8.09,104,0.0,AVOID,0.1036,0.102,65.5758,65.9337,1.3507
25.296,-0.902,0.1701,6.67,104,0.0,AVOID,0.1071,0.1031,65.6072,65.9023,1.3507
25.312,-0.902,0.1701,4.96,104,0.0,AVOID,0.1066,0.1039,65.6448,65.8646,1.3507
25.328,-0.902,0.1701,3.55,104,0.0,AVOID,0.1101,0.1054,65.6762,65.8332,1.3507
25.344,-0.902,0.1701,2.13,104,0.0,AVOID,0.1138,0.1073,65.7076,65.8018,1.3507
25.36,-0.902,0.1701,0.71,104,0.0,AVOID,0.1165,0.1095,65.739,65.7704,1.3507
25.376,-0.902,0.1701,-0.71,104,0.0,AVOID,0.1219,0.1124,65.7704,65.739,1.3507
25.392,-0.902,0.1701,-2.13,104,0.0,AVOID,0.1302,0.1166,65.8018,65.7076,1.3507
25.408,-0.902,0.1701,-3.55,104,0.0,AVOID,0.1336,0.1205,65.8332,65.6762,1.3507
25.424,-0.902,0.1701,-4.96,104,0.0,AVOID,0.138,0.1246,65.8646,65.6448,1.3507
25.44,-0.902,0.1701,-3.55,104,0.0,AVOID,0.1324,0.1265,65.8332,65.6762,1.3507
25.456,-0.902,0.1701,-4.96,104,0.0,AVOID,0.1378,0.1291,65.8646,65.6448,1.3507
25.472,-0.902,0.1701,-6.38,104,0.0,FOLLOW_PATH,0.1377,0.1311,65.896,65.6134,1.3507
25.488,-0.902,0.1701,-6.38,104,0.0596,FOLLOW_PATH,0.1382,0.1328,65.896,65.6134,1.3507
25.504,-0.9017,0.17,-2.7,104,0.0597,FOLLOW_PATH,0.1262,0.131,65.827,65.7076,1.3509
25.52,-0.9015,0.17,0.99,104,0.0598,FOLLOW_PATH,0.1145,0.127,65.7579,65.8018,1.3512
25.536,-0.9012,0.17,4.4,104,0.0599,FOLLOW_PATH,0.1106,0.1229,65.6951,65.8898,1.3514
25.552,-0.901,0.1701,7.8,104,0.0599,FOLLOW_PATH,0.1049,0.1185,65.6323,65.9777,1.3517
25.568,-0.9007,0.1701,11.21,104,0.06,FOLLOW_PATH,0.1056,0.1153,65.5695,66.0656,1.352
25.584,-0.9004,0.1702,14.47,104,0.0601,FOLLOW_PATH,0.1002,0.1115,65.513,66.1535,1.3523
25.6,-0.9002,0.1703,17.59,104,0.0601,FOLLOW_PATH,0.0943,0.1073,65.4564,66.2352,1.3525
25.616,-0.8999,0.1703,20.71,104,0.0601,FOLLOW_PATH,0.0936,0.1039,65.3999,66.3168,1.3528
25.632,-0.8997,0.1704,23.55,104,0.0601,FOLLOW_PATH,0.0894,0.1003,65.3497,66.3922,1.3531
25.648,-0.8995,0.1705,26.53,104,0.0,AVOID,0.0862,0.0969,65.2932,66.4675,1.3533
25.664,-0.8995,0.1705,26.53,104,0.0,AVOID,0.0853,0.0941,65.2932,66.4675,1.3533
25.68,-0.8994,0.1706,24.97,104,0.0,AVOID,0.0863,0.0923,65.3308,66.4361,1.3533
25.696,-0.8994,0.1706,23.55,104,0.0,AVOID,0.0886,0.0914,65.3622,66.4047,1.3533
25.712,-0.8994,0.1706,22.13,104,0.0,AVOID,0.0905,0.0912,65.3936,66.3733,1.3533
25.728,-0.8994,0.1706,20.71,104,0.0,AVOID,0.0929,0.0916,65.425,66.3419,1.3533
25.744,-0.8994,0.1706,19.29,104,0.0,AVOID,0.0944,0.0922,65.4564,66.3105,1.3533
25.76,-0.8994,0.1706,17.87,104,0.0,AVOID,0.0945,0.0928,65.4878,66.2791,1.3533
25.776,-0.8994,0.1706,16.45,104,0.0,AVOID,0.0939,0.093,65.5192,66.2477,1.3533
25.792,-0.8995,0.1705,14.89,104,0.0,AVOID,0.0983,0.0943,65.5506,66.21,1.3534
25.808,-0.8995,0.1705,13.48,104,0.0,AVOID,0.0986,0.0953,65.582,66.1786,1.3534
25.824,-0.8995,0.1705,12.06,104,0.0,AVOID,0.1017,0.0968,65.6134,66.1472,1.3534
25.84,-0.8994,0.1705,10.5,104,0.0,AVOID,0.1055,0.0988,65.6511,66.1158,1.3534
25.856,-0.8994,0.1705,9.08,104,0.0,AVOID,0.1019,0.0995,65.6825,66.0844,1.3534
25.872,-0.8994,0.1705,7.66,104,0.0,AVOID,0.1059,0.101,65.7139,66.053,1.3534
25.888,-0.8994,0.1705,6.24,104,0.0,AVOID,0.1061,0.1022,65.7453,66.0216,1.3534
25.904,-0.8994,0.1705,4.82,104,0.0,AVOID,0.1078,0.1035,65.7767,65.9902,1.3534
25.92,-0.8994,0.1705,3.4,104,0.0,AVOID,0.1126,0.1056,65.8081,65.9588,1.3534
25.936,-0.8994,0.1705,1.99,104,0.0,AVOID,0.1113,0.107,65.8395,65.9274,1.3534
25.952,-0.8994,0.1705,0.57,104,0.0,AVOID,0.1128,0.1083,65.8709,65.896,1.3534
25.968,-0.8995,0.1705,-0.99,104,0.0,AVOID,0.1171,0.1104,65.9023,65.8584,1.3535
25.984,-0.8995,0.1705,-2.41,104,0.0,AVOID,0.1229,0.1133,65.9337,65.827,1.3535
26.0,-0.8995,0.1705,-3.83,104,0.0,AVOID,0.1276,0.1167,65.9651,65.7956,1.3535
26.016,-0.8994,0.1705,-5.39,104,0.0,AVOID,0.1359,0.1211,66.0028,65.7642,1.3536
26.032,-0.8994,0.1705,-6.81,104,0.0,AVOID,0.1412,0.1258,66.0342,65.7328,1.3536
26.048,-0.8994,0.1705,-5.39,104,0.0,AVOID,0.1383,0.1287,66.0028,65.7642,1.3536
26.064,-0.8995,0.1705,-3.83,104,0.0,AVOID,0.1326,0.1297,65.9651,65.7956,1.3536
26.08,-0.8994,0.1705,-5.39,104,0.0,FOLLOW_PATH,0.1356,0.131,66.0028,65.7642,1.3537
26.096,-0.8994,0.1705,-5.39,104,0.0602,FOLLOW_PATH,0.1377,0.1326,66.0028,65.7642,1.3537
26.112,-0.8992,0.1705,-1.42,104,0.0603,FOLLOW_PATH,0.1234,0.1302,65.9274,65.8646,1.354
26.128,-0.8989,0.1705,2.27,104,0.0604,FOLLOW_PATH,0.1118,0.1257,65.8584,65.9588,1.3542
26.144,-0.8987,0.1705,5.67,104,0.0605,FOLLOW_PATH,0.1073,0.1212,65.7956,66.0468,1.3545
26.16,-0.8984,0.1706,9.08,104,0.0606,FOLLOW_PATH,0.1025,0.1166,65.7328,66.1347,1.3547
26.176,-0.8982,0.1706,12.48,104,0.0606,FOLLOW_PATH,0.0988,0.1123,65.67,66.2226,1.355
26.192,-0.8979,0.1707,15.89,104,0.0607,FOLLOW_PATH,0.0945,0.1079,65.6072,66.3105,1.3552
26.208,-0.8977,0.1708,19.01,104,0.0607,FOLLOW_PATH,0.0918,0.104,65.5506,66.3922,1.3555
26.224,-0.8974,0.1709,22.13,104,0.0,AVOID,0.0879,0.1,65.4941,66.4738,1.3558
26.24,-0.8974,0.1709,22.13,104,0.0,AVOID,0.0891,0.0974,65.4941,66.4738,1.3558
26.256,-0.8974,0.1709,20.71,104,0.0,AVOID,0.0921,0.0962,65.5255,66.4424,1.3558
26.272,-0.8974,0.1709,19.29,104,0.0,AVOID,0.0938,0.0956,65.5569,66.411,1.3558
26.288,-0.8974,0.1709,17.73,104,0.0,AVOID,0.0945,0.0953,65.5946,66.3796,1.3558
26.304,-0.8974,0.1709,16.31,104,0.0,AVOID,0.093,0.0948,65.626,66.3482,1.3558
26.32,-0.8974,0.1709,14.89,104,0.0,AVOID,0.0959,0.095,65.6574,66.3168,1.3558
26.336,-0.8974,0.1709,13.33,104,0.0,AVOID,0.0974,0.0956,65.6888,66.2791,1.3559
26.352,-0.8974,0.1709,11.92,104,0.0,AVOID,0.0979,0.0962,65.7202,66.2477,1.3559
26.368,-0.8974,0.1709,10.5,104,0.0,AVOID,0.0992,0.0969,65.7516,66.2163,1.3559
26.384,-0.8974,0.1709,9.08,104,0.0,AVOID,0.1042,0.0986,65.783,66.1849,1.3559
26.4,-0.8974,0.1709,7.66,104,0.0,AVOID,0.1082,0.1008,65.8144,66.1535,1.3559
26.416,-0.8974,0.1709,6.24,104,0.0,AVOID,0.1061,0.1021,65.8458,66.1221,1.3559
26.432,-0.8974,0.1709,4.82,104,0.0,AVOID,0.1044,0.1026,65.8772,66.0907,1.3559
26.448,-0.8974,0.1709,3.4,104,0.0,AVOID,0.1116,0.1047,65.9086,66.0593,1.3559
26.464,-0.8974,0.1709,1.84,104,0.0,AVOID,0.115,0.1071,65.9463,66.0279,1.356
26.48,-0.8974,0.1709,0.43,104,0.0,AVOID,0.111,0.108,65.9777,65.9965,1.356
26.496,-0.8974,0.1709,-0.99,104,0.0,AVOID,0.1113,0.1088,66.0091,65.9651,1.356
26.512,-0.8974,0.1709,-2.55,104,0.0,AVOID,0.1237,0.1123,66.0405,65.9274,1.356
26.528,-0.8974,0.1709,-3.97,104,0.0,AVOID,0.1255,0.1154,66.0719,65.896,1.356
26.544,-0.8974,0.1709,-5.39,104,0.0,AVOID,0.1356,0.1201,66.1033,65.8646,1.356
26.56,-0.8974,0.1709,-6.81,104,0.0,AVOID,0.1355,0.1237,66.1347,65.8332,1.356
26.576,-0.8974,0.1709,-5.39,104,0.0,AVOID,0.137,0.1268,66.1033,65.8646,1.356
26.592,-0.8974,0.1709,-6.81,104,0.0,AVOID,0.137,0.1292,66.1347,65.8332,1.356
26.608,-0.8974,0.1709,-8.23,104,0.0,FOLLOW_PATH,0.1392,0.1315,66.1661,65.8018,1.356
26.624,-0.8974,0.1709,-8.23,104,0.0607,FOLLOW_PATH,0.1416,0.1339,66.1661,65.8018,1.356
26.64,-0.8972,0.1708,-4.26,104,0.0609,FOLLOW_PATH,0.132,0.1332,66.0907,65.9023,1.3563
26.656,-0.8969,0.1708,-0.57,104,0.061,FOLLOW_PATH,0.1141,0.1286,66.0216,65.9965,1.3565
26.672,-0.8966,0.1708,3.26,104,0.0612,FOLLOW_PATH,0.1078,0.1235,65.9526,66.097,1.3569
26.688,-0.8964,0.1709,6.81,104,0.0612,FOLLOW_PATH,0.1069,0.1194,65.8835,66.1849,1.357
26.704,-0.8961,0.1709,10.36,104,0.0613,FOLLOW_PATH,0.1006,0.1148,65.8207,66.2791,1.3574
26.72,-0.8958,0.171,13.76,104,0.0614,FOLLOW_PATH,0.0981,0.1107,65.7579,66.367,1.3576
26.736,-0.8956,0.171,17.02,104,0.0615,FOLLOW_PATH,0.0954,0.107,65.6951,66.4487,1.3578
26.752,-0.8953,0.1711,20.28,104,0.0615,FOLLOW_PATH,0.0916,0.1031,65.6386,66.5366,1.3581
26.768,-0.8951,0.1712,23.41,104,0.0,AVOID,0.0869,0.0991,65.582,66.6182,1.3584
26.784,-0.8951,0.1712,23.41,104,0.0,AVOID,0.0866,0.0962,65.582,66.6182,1.3584
26.8,-0.8951,0.1712,21.99,104,0.0,AVOID,0.0873,0.0941,65.6134,66.5868,1.3584
26.816,-0.8952,0.1712,20.43,104,0.0,AVOID,0.0902,0.0932,65.6448,66.5492,1.3585
26.832,-0.8952,0.1712,19.01,104,0.0,AVOID,0.0897,0.0924,65.6762,66.5178,1.3585
26.848,-0.8951,0.1712,17.45,104,0.0,AVOID,0.0899,0.0918,65.7139,66.4864,1.3585
26.864,-0.8951,0.1712,16.03,104,0.0,AVOID,0.0924,0.0919,65.7453,66.455,1.3585
26.88,-0.8951,0.1712,14.61,104,0.0,AVOID,0.0939,0.0924,65.7767,66.4236,1.3585
26.896,-0.8951,0.1712,13.19,104,0.0,AVOID,0.097,0.0935,65.8081,66.3922,1.3585
26.912,-0.8951,0.1712,11.77,104,0.0,AVOID,0.0993,0.0948,65.8395,66.3608,1.3585
26.928,-0.8951,0.1712,10.36,104,0.0,AVOID,0.1024,0.0966,65.8709,66.3294,1.3585
26.944,-0.8951,0.1712,8.94,104,0.0,AVOID,0.1026,0.098,65.9023,66.298,1.3585
26.96,-0.8951,0.1712,7.52,104,0.0,AVOID,0.1042,0.0995,65.9337,66.2666,1.3585
26.976,-0.8951,0.1712,6.1,104,0.0,AVOID,0.1113,0.1022,65.9651,66.2352,1.3585
26.992,-0.8952,0.1712,4.54,104,0.0,AVOID,0.1065,0.1033,65.9965,66.1975,1.3586
27.008,-0.8951,0.1712,2.98,104,0.0,AVOID,0.1068,0.1041,66.0342,66.1661,1.3587
27.024,-0.8951,0.1712,1.56,104,0.0,AVOID,0.1108,0.1056,66.0656,66.1347,1.3587
27.04,-0.8951,0.1712,0.14,104,0.0,AVOID,0.1143,0.1076,66.097,66.1033,1.3587
27.056,-0.8951,0.1712,-1.28,104,0.0,AVOID,0.115,0.1094,66.1284,66.0719,1.3587
27.072,-0.8951,0.1712,-2.7,104,0.0,AVOID,0.1235,0.1127,66.1598,66.0405,1.3587
27.088,-0.8951,0.1712,-4.11,104,0.0,AVOID,0.1296,0.1166,66.1912,66.0091,1.3587
27.104,-0.8951,0.1712,-5.53,104,0.0,AVOID,0.1341,0.1207,66.2226,65.9777,1.3587
27.12,-0.8951,0.1712,-6.95,104,0.0,AVOID,0.1403,0.1253,66.254,65.9463,1.3587
27.136,-0.8951,0.1712,-8.37,104,0.0,AVOID,0.1403,0.1288,66.2854,65.9149,1.3587
27.152,-0.8951,0.1712,-6.95,104,0.0,FOLLOW_PATH,0.1372,0.1308,66.254,65.9463,1.3587
27.168,-0.8951,0.1712,-6.95,104,0.0615,FOLLOW_PATH,0.135,0.1318,66.254,65.9463,1.3587
27.184,-0.8948,0.1712,-2.98,104,0.0617,FOLLOW_PATH,0.1201,0.1288,66.1786,66.0468,1.3589
27.2,-0.8946,0.1712,0.71,104,0.0618,FOLLOW_PATH,0.1129,0.1249,66.1096,66.141,1.3592
27.216,-0.8943,0.1712,4.4,104,0.0619,FOLLOW_PATH,0.1075,0.1207,66.0405,66.2352,1.3594
27.232,-0.8941,0.1712,8.09,104,0.062,FOLLOW_PATH,0.1052,0.1168,65.9714,66.3294,1.3597
27.248,-0.8938,0.1713,11.77,104,0.0621,FOLLOW_PATH,0.0943,0.1114,65.9023,66.4236,1.3599
27.264,-0.8936,0.1713,15.18,104,0.0622,FOLLOW_PATH,0.0921,0.1067,65.8395,66.5115,1.3602
27.28,-0.8933,0.1714,18.44,104,0.0623,FOLLOW_PATH,0.091,0.1028,65.783,66.5994,1.3605
27.296,-0.8931,0.1715,21.7,104,0.0,AVOID,0.0865,0.0988,65.7202,66.681,1.3607
27.312,-0.8931,0.1715,21.7,104,0.0,AVOID,0.0854,0.0957,65.7202,66.681,1.3607
27.328,-0.893,0.1715,20.14,104,0.0,AVOID,0.087,0.0936,65.7579,66.6496,1.3608
27.344,-0.893,0.1715,18.72,104,0.0,AVOID,0.0897,0.0927,65.7893,66.6182,1.3608
27.36,-0.893,0.1715,17.31,104,0.0,AVOID,0.093,0.0927,65.8207,66.5868,1.3608
27.376,-0.893,0.1715,15.89,104,0.0,AVOID,0.0921,0.0926,65.8521,66.5554,1.3608
27.392,-0.8931,0.1715,14.33,104,0.0,AVOID,0.0947,0.0931,65.8835,66.5178,1.3608
27.408,-0.8931,0.1715,12.91,104,0.0,AVOID,0.0967,0.094,65.9149,66.4864,1.3608
27.424,-0.8931,0.1715,11.49,104,0.0,AVOID,0.0984,0.095,65.9463,66.455,1.3608
27.44,-0.8931,0.1715,10.07,104,0.0,AVOID,0.099,0.0959,65.9777,66.4236,1.3608
27.456,-0.8931,0.1715,8.65,104,0.0,AVOID,0.1007,0.0971,66.0091,66.3922,1.3608
27.472,-0.8931,0.1715,7.23,104,0.0,AVOID,0.1036,0.0986,66.0405,66.3608,1.3608
27.488,-0.8931,0.1715,5.82,104,0.0,AVOID,0.1103,0.1013,66.0719,66.3294,1.3608
27.504,-0.893,0.1715,4.26,104,0.0,AVOID,0.1116,0.1037,66.1096,66.298,1.3609
27.52,-0.893,0.1715,2.84,104,0.0,AVOID,0.1075,0.1046,66.141,66.2666,1.3609
27.536,-0.893,0.1715,1.42,104,0.0,AVOID,0.1131,0.1066,66.1724,66.2352,1.3609
27.552,-0.893,0.1715,-0.0,104,0.0,AVOID,0.1124,0.1079,66.2038,66.2038,1.3609
27.568,-0.8931,0.1715,-1.56,104,0.0,AVOID,0.1118,0.1089,66.2352,66.1661,1.361
27.584,-0.8931,0.1715,-2.98,104,0.0,AVOID,0.1174,0.1109,66.2666,66.1347,1.361
27.6,-0.8931,0.1715,-4.4,104,0.0,AVOID,0.1252,0.1142,66.298,66.1033,1.361
27.616,-0.8931,0.1715,-5.82,104,0.0,AVOID,0.1242,0.1166,66.3294,66.0719,1.361
27.632,-0.8931,0.1715,-7.23,104,0.0,AVOID,0.1388,0.1218,66.3608,66.0405,1.361
27.648,-0.8931,0.1715,-8.65,104,0.0,AVOID,0.1387,0.1257,66.3922,66.0091,1.361
27.664,-0.893,0.1715,-10.21,104,0.0,AVOID,0.1391,0.1288,66.4298,65.9777,1.361
27.68,-0.893,0.1715,-11.63,104,0.0,FOLLOW_PATH,0.1346,0.1302,66.4612,65.9463,1.361
27.696,-0.893,0.1715,-11.63,104,0.0623,FOLLOW_PATH,0.1361,0.1316,66.4612,65.9463,1.361
27.712,-0.8928,0.1714,-7.52,104,0.0625,FOLLOW_PATH,0.1401,0.1334,66.3796,66.0468,1.3612
27.728,-0.8926,0.1714,-3.55,104,0.0626,FOLLOW_PATH,0.1214,0.1304,66.3042,66.1472,1.3615
27.744,-0.8923,0.1714,0.43,104,0.0628,FOLLOW_PATH,0.1103,0.1255,66.2289,66.2477,1.3617
27.76,-0.8921,0.1714,4.26,104,0.0629,FOLLOW_PATH,0.109,0.1215,66.1535,66.3419,1.3619
27.776,-0.8919,0.1714,7.94,104,0.063,FOLLOW_PATH,0.1007,0.1164,66.0844,66.4361,1.3622
27.792,-0.8916,0.1715,11.49,104,0.0631,FOLLOW_PATH,0.0981,0.1119,66.0216,66.5303,1.3625
27.808,-0.8913,0.1716,14.89,104,0.0632,FOLLOW_PATH,0.0914,0.1069,65.9588,66.6182,1.3628
27.824,-0.8911,0.1716,18.3,104,0.0632,FOLLOW_PATH,0.0894,0.1026,65.896,66.7062,1.363
27.84,-0.8908,0.1717,21.7,104,0.0,AVOID,0.0845,0.0982,65.8332,66.7941,1.3633
27.856,-0.8908,0.1717,21.7,104,0.0,AVOID,0.0866,0.0954,65.8332,66.7941,1.3633
27.872,-0.8908,0.1717,20.28,104,0.0,AVOID,0.0869,0.0934,65.8646,66.7627,1.3633
27.888,-0.8909,0.1717,18.72,104,0.0,AVOID,0.0877,0.0922,65.896,66.725,1.3634
27.904,-0.8908,0.1717,17.16,104,0.0,AVOID,0.0917,0.092,65.9337,66.6936,1.3634
27.92,-0.8908,0.1717,15.75,104,0.0,AVOID,0.0933,0.0923,65.9651,66.6622,1.3634
27.936,-0.8908,0.1717,14.33,104,0.0,AVOID,0.0939,0.0927,65.9965,66.6308,1.3634
27.952,-0.8908,0.1717,12.91,104,0.0,AVOID,0.0983,0.094,66.0279,66.5994,1.3634
27.968,-0.8908,0.1717,11.49,104,0.0,AVOID,0.0978,0.0949,66.0593,66.568,1.3634
27.984,-0.8908,0.1717,10.07,104,0.0,AVOID,0.0957,0.0951,66.0907,66.5366,1.3634
28.0,-0.8908,0.1717,8.65,104,0.0,AVOID,0.1001,0.0962,66.1221,66.5052,1.3634
28.016,-0.8908,0.1717,7.23,104,0.0,AVOID,0.1032,0.0979,66.1535,66.4738,1.3634
28.032,-0.8908,0.1717,5.82,104,0.0,AVOID,0.1043,0.0994,66.1849,66.4424,1.3634
28.048,-0.8908,0.1717,4.4,104,0.0,AVOID,0.1097,0.1018,66.2163,66.411,1.3634
28.064,-0.8909,0.1717,2.84,104,0.0,AVOID,0.1069,0.103,66.2477,66.3733,1.3635
28.08,-0.8908,0.1717,1.28,104,0.0,AVOID,0.1113,0.1049,66.2854,66.3419,1.3635
28.096,-0.8908,0.1717,-0.14,104,0.0,AVOID,0.1119,0.1065,66.3168,66.3105,1.3635
28.112,-0.8908,0.1717,-1.56,104,0.0,AVOID,0.11,0.1073,66.3482,66.2791,1.3635
28.128,-0.8908,0.1717,-2.98,104,0.0,AVOID,0.1135,0.1088,66.3796,66.2477,1.3635
28.144,-0.8908,0.1717,-4.4,104,0.0,AVOID,0.1178,0.1109,66.411,66.2163,1.3635
28.16,-0.8908,0.1717,-5.82,104,0.0,AVOID,0.1313,0.1157,66.4424,66.1849,1.3635
28.176,-0.8908,0.1717,-7.23,104,0.0,AVOID,0.1382,0.1209,66.4738,66.1535,1.3635
28.192,-0.8908,0.1717,-8.65,104,0.0,AVOID,0.1364,0.1245,66.5052,66.1221,1.3635
28.208,-0.8908,0.1717,-10.07,104,0.0,AVOID,0.138,0.1277,66.5366,66.0907,1.3635
28.224,-0.8908,0.1717,-8.65,104,0.0,AVOID,0.1373,0.1299,66.5052,66.1221,1.3635
28.24,-0.8908,0.1717,-10.07,104,0.0,FOLLOW_PATH,0.1395,0.1322,66.5366,66.0907,1.3635
28.256,-0.8908,0.1717,-10.07,104,0.0633,FOLLOW_PATH,0.1403,0.1341,66.5366,66.0907,1.3635
28.272,-0.8906,0.1717,-6.1,104,0.0635,FOLLOW_PATH,0.1276,0.1323,66.4612,66.1912,1.3638
28.288,-0.8904,0.1717,-1.99,104,0.0636,FOLLOW_PATH,0.1112,0.1273,66.3796,66.2917,1.364
28.304,-0.8902,0.1717,1.84,104,0.0637,FOLLOW_PATH,0.1078,0.1226,66.3042,66.3859,1.3642
28.32,-0.8899,0.1717,5.67,104,0.0639,FOLLOW_PATH,0.105,0.1182,66.2352,66.4864,1.3645
28.336,-0.8896,0.1717,9.36,104,0.064,FOLLOW_PATH,0.0981,0.1133,66.1661,66.5806,1.3648
28.352,-0.8893,0.1718,13.05,104,0.0641,FOLLOW_PATH,0.095,0.1088,66.097,66.6748,1.365
28.368,-0.8891,0.1718,16.45,104,0.0641,FOLLOW_PATH,0.0913,0.1045,66.0342,66.7627,1.3653
28.384,-0.8888,0.1719,19.86,104,0.0642,FOLLOW_PATH,0.0878,0.1004,65.9714,66.8506,1.3655
28.4,-0.8885,0.172,23.12,104,0.0,AVOID,0.085,0.0966,65.9149,66.9385,1.3659
28.416,-0.8885,0.172,23.12,104,0.0,AVOID,0.0828,0.0933,65.9149,66.9385,1.3659
28.432,-0.8885,0.172,21.7,104,0.0,AVOID,0.0842,0.0912,65.9463,66.9071,1.3659
28.448,-0.8885,0.172,20.28,104,0.0,AVOID,0.0832,0.0893,65.9777,66.8757,1.3659
28.464,-0.8886,0.172,18.72,104,0.0,AVOID,0.0888,0.0893,66.0091,66.838,1.3659
28.48,-0.8886,0.172,17.31,104,0.0,AVOID,0.0915,0.0898,66.0405,66.8066,1.3659
28.496,-0.8886,0.172,15.89,104,0.0,AVOID,0.0924,0.0904,66.0719,66.7752,1.3659
28.512,-0.8886,0.172,14.47,104,0.0,AVOID,0.0921,0.0908,66.1033,66.7438,1.3659
28.528,-0.8886,0.172,13.05,104,0.0,AVOID,0.0934,0.0914,66.1347,66.7124,1.3659
28.544,-0.8886,0.172,11.63,104,0.0,AVOID,0.0944,0.0921,66.1661,66.681,1.3659
28.56,-0.8886,0.172,10.21,104,0.0,AVOID,0.095,0.0928,66.1975,66.6496,1.3659
28.576,-0.8885,0.172,8.65,104,0.0,AVOID,0.0996,0.0943,66.2352,66.6182,1.366
28.592,-0.8885,0.172,7.23,104,0.0,AVOID,0.1034,0.0964,66.2666,66.5868,1.366
28.608,-0.8885,0.172,5.82,104,0.0,AVOID,0.1026,0.0979,66.298,66.5554,1.366
28.624,-0.8886,0.172,4.26,104,0.0,AVOID,0.1056,0.0997,66.3294,66.5178,1.3661
28.64,-0.8886,0.172,2.84,104,0.0,AVOID,0.1098,0.1021,66.3608,66.4864,1.3661
28.656,-0.8886,0.172,1.42,104,0.0,AVOID,0.1105,0.104,66.3922,66.455,1.3661
28.672,-0.8886,0.172,-0.0,104,0.0,AVOID,0.1075,0.1049,66.4236,66.4236,1.3661
28.688,-0.8886,0.172,-1.42,104,0.0,AVOID,0.1091,0.1058,66.455,66.3922,1.3661
28.704,-0.8886,0.172,-2.84,104,0.0,AVOID,0.1142,0.1078,66.4864,66.3608,1.3661
28.72,-0.8886,0.172,-4.26,104,0.0,AVOID,0.1185,0.1103,66.5178,66.3294,1.3661
28.736,-0.8885,0.172,-5.82,104,0.0,AVOID,0.1252,0.1137,66.5554,66.298,1.3661
28.752,-0.8885,0.172,-7.23,104,0.0,AVOID,0.1358,0.1189,66.5868,66.2666,1.3661
28.768,-0.8885,0.172,-8.65,104,0.0,AVOID,0.1386,0.1235,66.6182,66.2352,1.3661
28.784,-0.8885,0.172,-10.07,104,0.0,AVOID,0.1393,0.1272,66.6496,66.2038,1.3661
28.8,-0.8885,0.172,-8.65,104,0.0,AVOID,0.1361,0.1293,66.6182,66.2352,1.3661
28.816,-0.8885,0.172,-7.23,104,0.0,FOLLOW_PATH,0.1344,0.1305,66.5868,66.2666,1.3661
28.832,-0.8885,0.172,-7.23,104,0.0643,FOLLOW_PATH,0.1311,0.1306,66.5868,66.2666,1.3661
28.848,-0.8884,0.172,-3.12,104,0.0644,FOLLOW_PATH,0.1134,0.1264,66.5052,66.367,1.3663
28.864,-0.8881,0.172,0.85,104,0.0646,FOLLOW_PATH,0.1079,0.1219,66.4298,66.4675,1.3666
28.88,-0.8879,0.172,4.68,104,0.0647,FOLLOW_PATH,0.1002,0.1167,66.3545,66.5617,1.3668
28.896,-0.8876,0.172,8.51,104,0.0648,FOLLOW_PATH,0.0968,0.1118,66.2854,66.6622,1.3671
28.912,-0.8873,0.1721,12.2,104,0.065,FOLLOW_PATH,0.0965,0.108,66.2163,66.7564,1.3673
28.928,-0.8871,0.1721,15.75,104,0.065,FOLLOW_PATH,0.0894,0.1035,66.1472,66.8443,1.3675
28.944,-0.8868,0.1722,19.29,104,0.0,AVOID,0.0855,0.099,66.0844,66.9385,1.3679
28.96,-0.8868,0.1722,19.29,104,0.0,AVOID,0.0851,0.0958,66.0844,66.9385,1.3679
28.976,-0.8868,0.1722,17.87,104,0.0,AVOID,0.0874,0.0938,66.1158,66.9071,1.3679
28.992,-0.8868,0.1722,16.45,104,0.0,AVOID,0.0883,0.0925,66.1472,66.8757,1.3679
29.008,-0.8869,0.1722,14.89,104,0.0,AVOID,0.0908,0.0922,66.1786,66.838,1.3679
29.024,-0.8868,0.1722,13.33,104,0.0,AVOID,0.0933,0.0924,66.2163,66.8066,1.368
29.04,-0.8868,0.1722,11.92,104,0.0,AVOID,0.0955,0.0931,66.2477,66.7752,1.368
29.056,-0.8868,0.1722,10.5,104,0.0,AVOID,0.0926,0.093,66.2791,66.7438,1.368
29.072,-0.8868,0.1722,9.08,104,0.0,AVOID,0.0978,0.0941,66.3105,66.7124,1.368
29.088,-0.8868,0.1722,7.66,104,0.0,AVOID,0.1024,0.0961,66.3419,66.681,1.368
29.104,-0.8868,0.1722,6.24,104,0.0,AVOID,0.1018,0.0974,66.3733,66.6496,1.368
29.12,-0.8868,0.1722,4.82,104,0.0,AVOID,0.1038,0.0989,66.4047,66.6182,1.368
29.136,-0.8868,0.1722,3.4,104,0.0,AVOID,0.1084,0.1011,66.4361,66.5868,1.368
29.152,-0.8868,0.1722,1.99,104,0.0,AVOID,0.105,0.102,66.4675,66.5554,1.368
29.168,-0.8869,0.1722,0.43,104,0.0,AVOID,0.1072,0.1033,66.4989,66.5178,1.3681
29.184,-0.8869,0.1722,-0.99,104,0.0,AVOID,0.1083,0.1045,66.5303,66.4864,1.3681
29.2,-0.8868,0.1722,-2.55,104,0.0,AVOID,0.111,0.1059,66.568,66.455,1.3681
29.216,-0.8868,0.1722,-3.97,104,0.0,AVOID,0.1157,0.1082,66.5994,66.4236,1.3681
29.232,-0.8868,0.1722,-5.39,104,0.0,AVOID,0.1187,0.1107,66.6308,66.3922,1.3681
29.248,-0.8868,0.1722,-6.81,104,0.0,AVOID,0.1225,0.1134,66.6622,66.3608,1.3681
29.264,-0.8868,0.1722,-8.23,104,0.0,AVOID,0.1352,0.1185,66.6936,66.3294,1.3681
29.28,-0.8868,0.1722,-9.65,104,0.0,AVOID,0.1386,0.1232,66.725,66.298,1.3681
29.296,-0.8868,0.1722,-8.23,104,0.0,AVOID,0.1322,0.1253,66.6936,66.3294,1.3681
29.312,-0.8868,0.1722,-9.65,104,0.0,AVOID,0.1402,0.1288,66.725,66.298,1.3681
29.328,-0.8868,0.1722,-11.06,104,0.0,FOLLOW_PATH,0.1403,0.1315,66.7564,66.2666,1.3681
29.344,-0.8868,0.1722,-11.06,104,0.0651,FOLLOW_PATH,0.1421,0.134,66.7564,66.2666,1.3681
29.36,-0.8866,0.1722,-6.95,104,0.0653,FOLLOW_PATH,0.1305,0.133,66.6748,66.367,1.3683
29.376,-0.8865,0.1722,-2.84,104,0.0654,FOLLOW_PATH,0.1147,0.1286,66.5931,66.4675,1.3685
29.392,-0.8862,0.1722,1.13,104,0.0655,FOLLOW_PATH,0.106,0.1231,66.5178,66.568,1.3688
29.408,-0.8859,0.1722,5.11,104,0.0657,FOLLOW_PATH,0.1052,0.1187,66.4424,66.6685,1.369
29.424,-0.8857,0.1722,8.79,104,0.0658,FOLLOW_PATH,0.0967,0.1134,66.3733,66.7627,1.3693
29.44,-0.8854,0.1723,12.48,104,0.0659,FOLLOW_PATH,0.0928,0.1084,66.3042,66.8569,1.3695
29.456,-0.8852,0.1723,16.17,104,0.066,FOLLOW_PATH,0.0873,0.1032,66.2352,66.9511,1.3698
29.472,-0.8849,0.1724,19.58,104,0.0,AVOID,0.0848,0.0987,66.1724,67.039,1.3701
29.488,-0.8849,0.1724,19.58,104,0.0,AVOID,0.0848,0.0955,66.1724,67.039,1.3701
29.504,-0.8849,0.1724,18.16,104,0.0,AVOID,0.0874,0.0936,66.2038,67.0076,1.3701
29.52,-0.8849,0.1724,16.74,104,0.0,AVOID,0.0894,0.0926,66.2352,66.9762,1.3701
29.536,-0.8849,0.1724,15.32,104,0.0,AVOID,0.0904,0.0921,66.2666,66.9448,1.3701
29.552,-0.8849,0.1724,13.9,104,0.0,AVOID,0.0885,0.0913,66.298,66.9134,1.3701
29.568,-0.8849,0.1724,12.48,104,0.0,AVOID,0.0933,0.0917,66.3294,66.882,1.3701
29.584,-0.8849,0.1724,11.06,104,0.0,AVOID,0.0928,0.092,66.3608,66.8506,1.3701
29.6,-0.8849,0.1724,9.65,104,0.0,AVOID,0.0947,0.0926,66.3922,66.8192,1.3701
29.616,-0.8849,0.1724,8.23,104,0.0,AVOID,0.0967,0.0936,66.4236,66.7878,1.3701
29.632,-0.8849,0.1724,6.53,104,0.0,AVOID,0.0986,0.0948,66.4612,66.7501,1.3701
29.648,-0.8849,0.1724,5.11,104,0.0,AVOID,0.1002,0.096,66.4926,66.7187,1.3701
29.664,-0.8849,0.1724,3.69,104,0.0,AVOID,0.1042,0.0979,66.524,66.6873,1.3701
29.68,-0.8849,0.1724,2.27,104,0.0,AVOID,0.1064,0.0999,66.5554,66.6559,1.3701
29.696,-0.8849,0.1724,0.85,104,0.0,AVOID,0.1036,0.1008,66.5868,66.6245,1.3701
29.712,-0.8849,0.1724,-0.57,104,0.0,AVOID,0.1086,0.1026,66.6182,66.5931,1.3701
29.728,-0.8849,0.1724,-1.99,104,0.0,AVOID,0.1105,0.1045,66.6496,66.5617,1.3701
29.744,-0.8849,0.1724,-3.4,104,0.0,AVOID,0.1138,0.1066,66.681,66.5303,1.3701
29.76,-0.8849,0.1724,-4.82,104,0.0,AVOID,0.1159,0.1088,66.7124,66.4989,1.3701
29.776,-0.8849,0.1724,-6.24,104,0.0,AVOID,0.124,0.1124,66.7438,66.4675,1.3701
29.792,-0.8849,0.1724,-7.66,104,0.0,AVOID,0.1244,0.1152,66.7752,66.4361,1.3701
29.808,-0.8849,0.1724,-9.36,104,0.0,AVOID,0.1374,0.1204,66.8129,66.3984,1.3701
29.824,-0.8849,0.1724,-10.78,104,0.0,AVOID,0.1363,0.1241,66.8443,66.367,1.3701
29.84,-0.8849,0.1724,-12.2,104,0.0,AVOID,0.1414,0.1281,66.8757,66.3356,1.3701
29.856,-0.8849,0.1724,-13.62,104,0.0,FOLLOW_PATH,0.1363,0.13,66.9071,66.3042,1.3701
29.872,-0.8849,0.1724,-13.62,104,0.0661,FOLLOW_PATH,0.1379,0.1319,66.9071,66.3042,1.3701
29.888,-0.8848,0.1724,-9.36,104,0.0662,FOLLOW_PATH,0.136,0.1327,66.8192,66.4047,1.3702
29.904,-0.8846,0.1724,-5.25,104,0.0663,FOLLOW_PATH,0.116,0.1287,66.7376,66.5052,1.3704
29.92,-0.8844,0.1723,-1.13,104,0.0665,FOLLOW_PATH,0.1144,0.1252,66.6559,66.6057,1.3706
29.936,-0.8842,0.1724,2.84,104,0.0666,FOLLOW_PATH,0.1075,0.1208,66.5806,66.7062,1.3708
29.952,-0.8839,0.1724,6.81,104,0.0668,FOLLOW_PATH,0.0982,0.1154,66.5052,66.8066,1.3711
29.968,-0.8837,0.1724,10.5,104,0.0669,FOLLOW_PATH,0.0935,0.11,66.4361,66.9008,1.3713
29.984,-0.8833,0.1725,14.33,104,0.067,FOLLOW_PATH,0.0877,0.1046,66.367,67.0013,1.3717
30.0,-0.8832,0.1725,17.87,104,0.0671,FOLLOW_PATH,0.0859,0.1001,66.298,67.0892,1.3719
30.016,-0.8829,0.1726,21.42,104,0.0,AVOID,0.0809,0.0953,66.2352,67.1834,1.3722
30.032,-0.8829,0.1726,21.42,104,0.0,AVOID,0.0806,0.0919,66.2352,67.1834,1.3722
30.048,-0.8829,0.1726,19.86,104,0.0,AVOID,0.0843,0.0901,66.2666,67.1458,1.3722
30.064,-0.8829,0.1726,18.44,104,0.0,AVOID,0.0828,0.0884,66.298,67.1144,1.3722
30.08,-0.8829,0.1726,17.02,104,0.0,AVOID,0.0847,0.0875,66.3294,67.083,1.3722
30.096,-0.8829,0.1726,15.6,104,0.0,AVOID,0.0864,0.0873,66.3608,67.0516,1.3722
30.112,-0.8829,0.1726,14.19,104,0.0,AVOID,0.0876,0.0874,66.3922,67.0202,1.3722
30.128,-0.8829,0.1726,12.77,104,0.0,AVOID,0.0923,0.0885,66.4236,66.9888,1.3722
30.144,-0.8829,0.1726,11.21,104,0.0,AVOID,0.092,0.0893,66.4612,66.9574,1.3723
30.16,-0.8829,0.1726,9.79,104,0.0,AVOID,0.0935,0.0903,66.4926,66.926,1.3723
30.176,-0.8829,0.1726,8.37,104,0.0,AVOID,0.098,0.0921,66.524,66.8946,1.3723
30.192,-0.8829,0.1726,6.95,104,0.0,AVOID,0.0971,0.0933,66.5554,66.8632,1.3723
30.208,-0.8829,0.1726,5.53,104,0.0,AVOID,0.0969,0.0941,66.5868,66.8318,1.3723
30.224,-0.8829,0.1726,3.97,104,0.0,AVOID,0.0997,0.0955,66.6182,66.7941,1.3724
30.24,-0.8829,0.1726,2.55,104,0.0,AVOID,0.1044,0.0976,66.6496,66.7627,1.3724
30.256,-0.8829,0.1726,1.13,104,0.0,AVOID,0.1079,0.1,66.681,66.7313,1.3724
30.272,-0.8829,0.1726,-0.28,104,0.0,AVOID,0.1055,0.1013,66.7124,66.6999,1.3724
30.288,-0.8829,0.1726,-1.7,104,0.0,AVOID,0.1111,0.1036,66.7438,66.6685,1.3724
30.304,-0.8829,0.1726,-3.26,104,0.0,AVOID,0.1099,0.105,66.7815,66.6371,1.3724
30.32,-0.8829,0.1726,-4.68,104,0.0,AVOID,0.1098,0.1061,66.8129,66.6057,1.3724
30.336,-0.8829,0.1726,-6.1,104,0.0,AVOID,0.1172,0.1087,66.8443,66.5743,1.3724
30.352,-0.8829,0.1726,-7.52,104,0.0,AVOID,0.1201,0.1114,66.8757,66.5429,1.3724
30.368,-0.8829,0.1726,-8.94,104,0.0,AVOID,0.1282,0.1153,66.9071,66.5115,1.3724
30.384,-0.8829,0.1726,-10.5,104,0.0,AVOID,0.1348,0.1199,66.9385,66.4738,1.3725
30.4,-0.8829,0.1726,-11.92,104,0.0,AVOID,0.1378,0.1241,66.9699,66.4424,1.3725
30.416,-0.8829,0.1726,-10.5,104,0.0,AVOID,0.1281,0.125,66.9385,66.4738,1.3725
30.432,-0.8829,0.1726,-11.92,104,0.0,AVOID,0.1339,0.1271,66.9699,66.4424,1.3725
30.448,-0.8829,0.1726,-13.33,104,0.0,AVOID,0.1355,0.1291,67.0013,66.411,1.3725
30.464,-0.8829,0.1726,-14.75,104,0.0,FOLLOW_PATH,0.1365,0.1308,67.0327,66.3796,1.3725
30.48,-0.8829,0.1726,-14.75,104,0.0672,FOLLOW_PATH,0.1372,0.1323,67.0327,66.3796,1.3725
30.496,-0.8828,0.1726,-10.5,104,0.0673,FOLLOW_PATH,0.135,0.1328,66.9448,66.4801,1.3726
30.512,-0.8826,0.1726,-6.38,104,0.0674,FOLLOW_PATH,0.1159,0.1287,66.8632,66.5806,1.3728
30.528,-0.8824,0.1726,-2.27,104,0.0676,FOLLOW_PATH,0.1087,0.1239,66.7815,66.681,1.373
30.544,-0.8822,0.1726,1.84,104,0.0677,FOLLOW_PATH,0.1049,0.1193,66.6999,66.7815,1.3732
30.56,-0.882,0.1726,5.82,104,0.0678,FOLLOW_PATH,0.097,0.1139,66.6245,66.882,1.3735
30.576,-0.8816,0.1726,9.65,104,0.068,FOLLOW_PATH,0.0936,0.1089,66.5554,66.9825,1.3738
30.592,-0.8814,0.1727,13.48,104,0.0681,FOLLOW_PATH,0.0877,0.1038,66.4801,67.0767,1.374
30.608,-0.8812,0.1727,17.16,104,0.0,AVOID,0.0836,0.0989,66.411,67.1709,1.3742
30.624,-0.8812,0.1727,17.16,104,0.0,AVOID,0.084,0.0954,66.411,67.1709,1.3742
30.64,-0.8811,0.1728,15.6,104,0.0,AVOID,0.0849,0.0929,66.4487,67.1395,1.3743
30.656,-0.8811,0.1728,14.19,104,0.0,AVOID,0.0867,0.0914,66.4801,67.1081,1.3743
30.672,-0.8811,0.1728,12.77,104,0.0,AVOID,0.0875,0.0905,66.5115,67.0767,1.3743
30.688,-0.8811,0.1728,11.35,104,0.0,AVOID,0.0902,0.0904,66.5429,67.0453,1.3743
30.704,-0.8811,0.1728,9.93,104,0.0,AVOID,0.0936,0.0912,66.5743,67.0139,1.3743
30.72,-0.8811,0.1728,8.51,104,0.0,AVOID,0.0956,0.0922,66.6057,66.9825,1.3743
30.736,-0.8812,0.1727,6.95,104,0.0,AVOID,0.0936,0.0926,66.6371,66.9448,1.3744
30.752,-0.8812,0.1727,5.53,104,0.0,AVOID,0.0938,0.0929,66.6685,66.9134,1.3744
30.768,-0.8812,0.1727,4.11,104,0.0,AVOID,0.0984,0.0942,66.6999,66.882,1.3744
30.784,-0.8812,0.1727,2.7,104,0.0,AVOID,0.1018,0.096,66.7313,66.8506,1.3744
30.8,-0.8812,0.1727,1.28,104,0.0,AVOID,0.1032,0.0977,66.7627,66.8192,1.3744
30.816,-0.8811,0.1727,-0.28,104,0.0,AVOID,0.1024,0.0987,66.8004,66.7878,1.3744
30.832,-0.8811,0.1727,-1.7,104,0.0,AVOID,0.1108,0.1015,66.8318,66.7564,1.3744
30.848,-0.8811,0.1727,-3.12,104,0.0,AVOID,0.1075,0.1029,66.8632,66.725,1.3744
30.864,-0.8811,0.1727,-4.54,104,0.0,AVOID,0.11,0.1046,66.8946,66.6936,1.3744
30.88,-0.8811,0.1727,-5.96,104,0.0,AVOID,0.1083,0.1055,66.926,66.6622,1.3744
30.896,-0.8811,0.1727,-7.38,104,0.0,AVOID,0.1123,0.1071,66.9574,66.6308,1.3744
30.912,-0.8812,0.1728,-8.94,104,0.0,AVOID,0.1208,0.1103,66.9888,66.5931,1.3745
30.928,-0.8812,0.1728,-10.36,104,0.0,AVOID,0.1277,0.1144,67.0202,66.5617,1.3745
30.944,-0.8812,0.1728,-11.77,104,0.0,AVOID,0.1396,0.1203,67.0516,66.5303,1.3745
30.96,-0.8812,0.1728,-13.19,104,0.0,AVOID,0.1401,0.1249,67.083,66.4989,1.3745
30.976,-0.8812,0.1728,-11.77,104,0.0,AVOID,0.1297,0.126,67.0516,66.5303,1.3745
30.992,-0.8812,0.1728,-13.19,104,0.0,AVOID,0.137,0.1286,67.083,66.4989,1.3745
31.008,-0.8811,0.1727,-14.75,104,0.0,FOLLOW_PATH,0.137,0.1305,67.1206,66.4675,1.3746
31.024,-0.8811,0.1727,-14.75,104,0.0682,FOLLOW_PATH,0.135,0.1316,67.1206,66.4675,1.3746
31.04,-0.881,0.1727,-10.5,104,0.0683,FOLLOW_PATH,0.1283,0.1307,67.0327,66.568,1.3747
31.056,-0.8809,0.1727,-6.24,104,0.0684,FOLLOW_PATH,0.1114,0.1261,66.9448,66.6685,1.3748
31.072,-0.8807,0.1727,-2.13,104,0.0686,FOLLOW_PATH,0.1051,0.121,66.8632,66.769,1.375
31.088,-0.8805,0.1727,1.99,104,0.0687,FOLLOW_PATH,0.1007,0.1161,66.7815,66.8694,1.3752
31.104,-0.8802,0.1727,5.96,104,0.0688,FOLLOW_PATH,0.1001,0.1122,66.7062,66.9699,1.3755
31.12,-0.88,0.1727,9.93,104,0.069,FOLLOW_PATH,0.0944,0.1078,66.6308,67.0704,1.3757
31.136,-0.8797,0.1728,13.62,104,0.0691,FOLLOW_PATH,0.0883,0.103,66.5617,67.1646,1.376
31.152,-0.8795,0.1729,17.31,104,0.0,AVOID,0.0818,0.0979,66.4926,67.2588,1.3762
31.168,-0.8795,0.1729,17.31,104,0.0,AVOID,0.082,0.0942,66.4926,67.2588,1.3762
31.184,-0.8795,0.1729,15.89,104,0.0,AVOID,0.0821,0.0913,66.524,67.2274,1.3762
31.2,-0.8795,0.1729,14.47,104,0.0,AVOID,0.0867,0.0903,66.5554,67.196,1.3762
31.216,-0.8795,0.1729,13.05,104,0.0,AVOID,0.0871,0.0895,66.5868,67.1646,1.3762
31.232,-0.8795,0.1729,11.63,104,0.0,AVOID,0.0874,0.089,66.6182,67.1332,1.3762
31.248,-0.8795,0.1729,10.21,104,0.0,AVOID,0.091,0.0895,66.6496,67.1018,1.3762
31.264,-0.8795,0.1729,8.79,104,0.0,AVOID,0.0912,0.0899,66.681,67.0704,1.3762
31.28,-0.8795,0.1729,7.38,104,0.0,AVOID,0.0945,0.091,66.7124,67.039,1.3762
31.296,-0.8794,0.1729,5.82,104,0.0,AVOID,0.0958,0.0921,66.7501,67.0076,1.3763
31.312,-0.8795,0.1729,4.26,104,0.0,AVOID,0.095,0.0928,66.7815,66.9699,1.3764
31.328,-0.8795,0.1729,2.84,104,0.0,AVOID,0.0951,0.0934,66.8129,66.9385,1.3764
31.344,-0.8795,0.1729,1.42,104,0.0,AVOID,0.1027,0.0955,66.8443,66.9071,1.3764
31.36,-0.8795,0.1729,-0.0,104,0.0,AVOID,0.102,0.097,66.8757,66.8757,1.3764
31.376,-0.8795,0.1729,-1.42,104,0.0,AVOID,0.1039,0.0986,66.9071,66.8443,1.3764
31.392,-0.8795,0.1729,-2.84,104,0.0,AVOID,0.1061,0.1004,66.9385,66.8129,1.3764
31.408,-0.8795,0.1729,-4.26,104,0.0,AVOID,0.1097,0.1026,66.9699,66.7815,1.3764
31.424,-0.8795,0.1729,-5.67,104,0.0,AVOID,0.1105,0.1044,67.0013,66.7501,1.3764
31.44,-0.8795,0.1729,-7.09,104,0.0,AVOID,0.1128,0.1064,67.0327,66.7187,1.3764
31.456,-0.8795,0.1729,-8.51,104,0.0,AVOID,0.1154,0.1085,67.0641,66.6873,1.3764
31.472,-0.8795,0.1729,-10.21,104,0.0,AVOID,0.1231,0.1119,67.1018,66.6496,1.3764
31.488,-0.8795,0.1729,-11.63,104,0.0,AVOID,0.1291,0.1159,67.1332,66.6182,1.3764
31.504,-0.8795,0.1729,-13.05,104,0.0,AVOID,0.1284,0.1189,67.1646,66.5868,1.3764
31.52,-0.8795,0.1729,-14.47,104,0.0,AVOID,0.1406,0.124,67.196,66.5554,1.3764
31.536,-0.8795,0.1729,-15.89,104,0.0,AVOID,0.1401,0.1277,67.2274,66.524,1.3764
31.552,-0.8795,0.1729,-14.47,104,0.0,FOLLOW_PATH,0.1396,0.1305,67.196,66.5554,1.3764
31.568,-0.8795,0.1729,-14.47,104,0.0692,FOLLOW_PATH,0.1401,0.1328,67.196,66.5554,1.3764
31.584,-0.8794,0.1728,-10.21,104,0.0693,FOLLOW_PATH,0.1205,0.1298,67.1081,66.6559,1.3765
31.6,-0.8792,0.1728,-5.96,104,0.0694,FOLLOW_PATH,0.1098,0.125,67.0202,66.7564,1.3766
31.616,-0.879,0.1728,-1.84,104,0.0696,FOLLOW_PATH,0.1091,0.1212,66.9385,66.8569,1.3768
31.632,-0.8788,0.1728,2.27,104,0.0697,FOLLOW_PATH,0.0984,0.1157,66.8569,66.9574,1.377
31.648,-0.8786,0.1728,6.24,104,0.0698,FOLLOW_PATH,0.0947,0.1106,66.7815,67.0578,1.3773
31.664,-0.8783,0.1729,10.21,104,0.07,FOLLOW_PATH,0.0882,0.1051,66.7062,67.1583,1.3775
31.68,-0.8781,0.1729,14.19,104,0.0701,FOLLOW_PATH,0.0847,0.1002,66.6308,67.2588,1.3778
31.696,-0.8778,0.173,17.87,104,0.0,AVOID,0.0801,0.0953,66.5617,67.353,1.378
31.712,-0.8778,0.173,17.87,104,0.0,AVOID,0.0804,0.0918,66.5617,67.353,1.378
31.728,-0.8778,0.173,16.45,104,0.0,AVOID,0.0811,0.0893,66.5931,67.3216,1.378
31.744,-0.8778,0.173,14.75,104,0.0,AVOID,0.082,0.0876,66.6308,67.2839,1.378
31.76,-0.8778,0.173,13.33,104,0.0,AVOID,0.0832,0.0866,66.6622,67.2525,1.378
31.776,-0.8778,0.173,11.92,104,0.0,AVOID,0.0858,0.0864,66.6936,67.2211,1.378
31.792,-0.8778,0.173,10.5,104,0.0,AVOID,0.0871,0.0865,66.725,67.1897,1.378
31.808,-0.8778,0.173,9.08,104,0.0,AVOID,0.0897,0.0873,66.7564,67.1583,1.378
31.824,-0.8778,0.173,7.66,104,0.0,AVOID,0.0913,0.0882,66.7878,67.1269,1.378
31.84,-0.8778,0.173,6.24,104,0.0,AVOID,0.0941,0.0896,66.8192,67.0955,1.378
31.856,-0.8778,0.173,4.82,104,0.0,AVOID,0.0951,0.0909,66.8506,67.0641,1.378
31.872,-0.8778,0.173,3.4,104,0.0,AVOID,0.095,0.0919,66.882,67.0327,1.378
31.888,-0.8778,0.173,1.99,104,0.0,AVOID,0.0983,0.0934,66.9134,67.0013,1.378
31.904,-0.8778,0.173,0.43,104,0.0,AVOID,0.0992,0.0947,66.9511,66.9699,1.3781
31.92,-0.8778,0.173,-1.13,104,0.0,AVOID,0.104,0.0969,66.9825,66.9322,1.3782
31.936,-0.8778,0.173,-2.55,104,0.0,AVOID,0.1032,0.0984,67.0139,66.9008,1.3782
31.952,-0.8778,0.173,-3.97,104,0.0,AVOID,0.1071,0.1004,67.0453,66.8694,1.3782
31.968,-0.8778,0.173,-5.39,104,0.0,AVOID,0.1103,0.1027,67.0767,66.838,1.3782
31.984,-0.8778,0.173,-6.81,104,0.0,AVOID,0.1099,0.1044,67.1081,66.8066,1.3782
32.0,-0.8778,0.173,-8.23,104,0.0,AVOID,0.1102,0.1058,67.1395,66.7752,1.3782
32.016,-0.8778,0.173,-9.65,104,0.0,AVOID,0.1158,0.1081,67.1709,66.7438,1.3782
32.032,-0.8778,0.173,-11.06,104,0.0,AVOID,0.1183,0.1105,67.2023,66.7124,1.3782
32.048,-0.8778,0.173,-12.48,104,0.0,AVOID,0.1207,0.1129,67.2337,66.681,1.3782
32.064,-0.8778,0.173,-13.9,104,0.0,AVOID,0.1248,0.1157,67.2651,66.6496,1.3782
32.08,-0.8778,0.173,-15.6,104,0.0,AVOID,0.1381,0.1209,67.3028,66.612,1.3782
32.096,-0.8778,0.173,-17.02,104,0.0,AVOID,0.1395,0.1253,67.3342,66.5806,1.3782
32.112,-0.8778,0.173,-18.44,104,0.0,AVOID,0.1402,0.1288,67.3656,66.5492,1.3782
32.128,-0.8778,0.173,-19.86,104,0.0,FOLLOW_PATH,0.1395,0.1313,67.397,66.5178,1.3782
32.144,-0.8778,0.173,-19.86,104,0.0702,FOLLOW_PATH,0.1353,0.1322,67.397,66.5178,1.3782
32.16,-0.8778,0.173,-15.46,104,0.0703,FOLLOW_PATH,0.1424,0.1346,67.3028,66.6182,1.3782
32.176,-0.8777,0.1729,-11.21,104,0.0704,FOLLOW_PATH,0.1168,0.1303,67.2148,66.7187,1.3784
32.192,-0.8775,0.1729,-6.95,104,0.0705,FOLLOW_PATH,0.1074,0.1248,67.1269,66.8192,1.3785
32.208,-0.8774,0.1729,-2.7,104,0.0706,FOLLOW_PATH,0.1028,0.1196,67.039,66.9197,1.3786
32.224,-0.8772,0.1729,1.42,104,0.0707,FOLLOW_PATH,0.0967,0.1141,66.9574,67.0202,1.3788
32.24,-0.8769,0.1729,5.39,104,0.0709,FOLLOW_PATH,0.0931,0.109,66.882,67.1206,1.3791
32.256,-0.8767,0.1729,9.36,104,0.071,FOLLOW_PATH,0.0863,0.1035,66.8066,67.2211,1.3793
32.272,-0.8764,0.173,13.33,104,0.0,AVOID,0.0825,0.0984,66.7313,67.3216,1.3796
32.288,-0.8764,0.173,13.33,104,0.0,AVOID,0.0839,0.095,66.7313,67.3216,1.3796
32.304,-0.8764,0.173,11.92,104,0.0,AVOID,0.0843,0.0925,66.7627,67.2902,1.3796
32.32,-0.8764,0.173,10.5,104,0.0,AVOID,0.0843,0.0906,66.7941,67.2588,1.3796
32.336,-0.8764,0.173,9.08,104,0.0,AVOID,0.0852,0.0893,66.8255,67.2274,1.3796
32.352,-0.8765,0.173,7.52,104,0.0,AVOID,0.0895,0.0894,66.8569,67.1897,1.3796
32.368,-0.8764,0.173,5.96,104,0.0,AVOID,0.0899,0.0895,66.8946,67.1583,1.3797
32.384,-0.8764,0.173,4.54,104,0.0,AVOID,0.0943,0.0906,66.926,67.1269,1.3797
32.4,-0.8764,0.173,3.12,104,0.0,AVOID,0.0956,0.0918,66.9574,67.0955,1.3797
32.416,-0.8764,0.173,1.7,104,0.0,AVOID,0.0965,0.0929,66.9888,67.0641,1.3797
32.432,-0.8764,0.173,0.28,104,0.0,AVOID,0.0977,0.094,67.0202,67.0327,1.3797
32.448,-0.8764,0.173,-1.13,104,0.0,AVOID,0.1011,0.0957,67.0516,67.0013,1.3797
32.464,-0.8764,0.173,-2.55,104,0.0,AVOID,0.1012,0.097,67.083,66.9699,1.3797
32.48,-0.8764,0.173,-3.97,104,0.0,AVOID,0.1015,0.098,67.1144,66.9385,1.3797
32.496,-0.8764,0.173,-5.39,104,0.0,AVOID,0.1032,0.0993,67.1458,66.9071,1.3797
32.512,-0.8765,0.173,-6.95,104,0.0,AVOID,0.1088,0.1015,67.1772,66.8694,1.3798
32.528,-0.8765,0.173,-8.37,104,0.0,AVOID,0.1111,0.1038,67.2086,66.838,1.3798
32.544,-0.8764,0.173,-9.93,104,0.0,AVOID,0.1095,0.1051,67.2462,66.8066,1.3798
32.56,-0.8764,0.173,-11.35,104,0.0,AVOID,0.1126,0.1068,67.2776,66.7752,1.3798
32.576,-0.8764,0.173,-12.77,104,0.0,AVOID,0.1218,0.1103,67.309,66.7438,1.3798
32.592,-0.8764,0.173,-14.19,104,0.0,AVOID,0.1216,0.113,67.3404,66.7124,1.3798
32.608,-0.8764,0.173,-15.6,104,0.0,AVOID,0.1338,0.1178,67.3718,66.681,1.3798
32.624,-0.8764,0.173,-14.19,104,0.0,AVOID,0.1248,0.1195,67.3404,66.7124,1.3798
32.64,-0.8764,0.173,-15.6,104,0.0,AVOID,0.1293,0.1218,67.3718,66.681,1.3798
32.656,-0.8764,0.173,-17.02,104,0.0,AVOID,0.1346,0.1248,67.4032,66.6496,1.3798
32.672,-0.8764,0.173,-15.6,104,0.0,AVOID,0.1315,0.1263,67.3718,66.681,1.3798
32.688,-0.8764,0.173,-17.02,104,0.0,AVOID,0.1371,0.1289,67.4032,66.6496,1.3798
32.704,-0.8764,0.173,-15.6,104,0.0,AVOID,0.1302,0.1292,67.3718,66.681,1.3798
32.72,-0.8764,0.173,-17.02,104,0.0,FOLLOW_PATH,0.138,0.1312,67.4032,66.6496,1.3798
32.736,-0.8764,0.173,-17.02,104,0.0712,FOLLOW_PATH,0.1373,0.1327,67.4032,66.6496,1.3798
32.752,-0.8764,0.173,-12.62,104,0.0712,FOLLOW_PATH,0.1195,0.1295,67.309,66.7501,1.3799
32.768,-0.8762,0.1729,-8.37,104,0.0713,FOLLOW_PATH,0.1073,0.1242,67.2211,66.8506,1.38
32.784,-0.8761,0.1729,-4.26,104,0.0715,FOLLOW_PATH,0.1052,0.1196,67.1395,66.9511,1.3802
32.8,-0.8759,0.1729,-0.0,104,0.0716,FOLLOW_PATH,0.0952,0.1138,67.0516,67.0516,1.3804
32.816,-0.8757,0.1729,3.97,104,0.0717,FOLLOW_PATH,0.0941,0.109,66.9762,67.152,1.3806
32.832,-0.8755,0.173,8.09,104,0.0718,FOLLOW_PATH,0.0881,0.104,66.8946,67.2525,1.3808
32.848,-0.8752,0.173,12.06,104,0.0,AVOID,0.08,0.0982,66.8192,67.353,1.3811
32.864,-0.8752,0.173,12.06,104,0.0,AVOID,0.0825,0.0945,66.8192,67.353,1.3811
32.88,-0.8752,0.173,10.64,104,0.0,AVOID,0.0831,0.0918,66.8506,67.3216,1.3811
32.896,-0.8752,0.173,8.94,104,0.0,AVOID,0.0844,0.0901,66.8883,67.2839,1.3811
32.912,-0.8752,0.173,7.52,104,0.0,AVOID,0.0865,0.0893,66.9197,67.2525,1.3811
32.928,-0.8752,0.173,6.1,104,0.0,AVOID,0.0889,0.0892,66.9511,67.2211,1.3811
32.944,-0.8752,0.173,4.68,104,0.0,AVOID,0.0921,0.0899,66.9825,67.1897,1.3811
32.96,-0.8752,0.173,3.26,104,0.0,AVOID,0.0931,0.0906,67.0139,67.1583,1.3811
32.976,-0.8752,0.173,1.84,104,0.0,AVOID,0.0949,0.0916,67.0453,67.1269,1.3811
32.992,-0.8752,0.173,0.43,104,0.0,AVOID,0.0967,0.0928,67.0767,67.0955,1.3811
33.008,-0.8752,0.173,-0.99,104,0.0,AVOID,0.0982,0.0941,67.1081,67.0641,1.3811
33.024,-0.8752,0.173,-2.41,104,0.0,AVOID,0.0979,0.095,67.1395,67.0327,1.3811
33.04,-0.8752,0.173,-3.83,104,0.0,AVOID,0.1061,0.0976,67.1709,67.0013,1.3811
33.056,-0.8752,0.173,-5.53,104,0.0,AVOID,0.1068,0.0997,67.2086,66.9636,1.3811
33.072,-0.8752,0.173,-6.95,104,0.0,AVOID,0.1078,0.1016,67.24,66.9322,1.3811
33.088,-0.8752,0.173,-8.37,104,0.0,AVOID,0.1064,0.1027,67.2714,66.9008,1.3811
33.104,-0.8752,0.173,-9.79,104,0.0,AVOID,0.1091,0.1042,67.3028,66.8694,1.3811
33.12,-0.8752,0.173,-11.21,104,0.0,AVOID,0.1128,0.1062,67.3342,66.838,1.3811
33.136,-0.8752,0.173,-12.62,104,0.0,AVOID,0.1138,0.108,67.3656,66.8066,1.3811
33.152,-0.8752,0.173,-14.04,104,0.0,AVOID,0.1205,0.1109,67.397,66.7752,1.3811
33.168,-0.8752,0.173,-15.46,104,0.0,AVOID,0.1236,0.1139,67.4284,66.7438,1.3811
33.184,-0.8752,0.173,-16.88,104,0.0,AVOID,0.1371,0.1193,67.4598,66.7124,1.3811
33.2,-0.8752,0.173,-15.46,104,0.0,AVOID,0.1251,0.1206,67.4284,66.7438,1.3811
33.216,-0.8752,0.173,-16.88,104,0.0,AVOID,0.1297,0.1228,67.4598,66.7124,1.3811
33.232,-0.8752,0.173,-18.3,104,0.0,AVOID,0.1424,0.1274,67.4912,66.681,1.3811
33.248,-0.8752,0.173,-16.88,104,0.0,AVOID,0.1334,0.1288,67.4598,66.7124,1.3811
33.264,-0.8752,0.173,-18.3,104,0.0,FOLLOW_PATH,0.137,0.1307,67.4912,66.681,1.3811
33.28,-0.8752,0.173,-18.3,104,0.072,FOLLOW_PATH,0.1358,0.1319,67.4912,66.681,1.3811
33.296,-0.8751,0.173,-14.04,104,0.0721,FOLLOW_PATH,0.1185,0.1286,67.4032,66.7815,1.3812
33.312,-0.875,0.1729,-9.65,104,0.0721,FOLLOW_PATH,0.1091,0.124,67.309,66.882,1.3813
33.328,-0.8749,0.1729,-5.39,104,0.0723,FOLLOW_PATH,0.1055,0.1196,67.2211,66.9825,1.3814
33.344,-0.8748,0.1729,-1.42,104,0.0723,FOLLOW_PATH,0.0996,0.1148,67.1395,67.0767,1.3815
33.36,-0.8746,0.1729,2.7,104,0.0725,FOLLOW_PATH,0.0935,0.1097,67.0578,67.1772,1.3817
33.376,-0.8744,0.1729,6.81,104,0.0726,FOLLOW_PATH,0.0871,0.1042,66.9762,67.2776,1.3819
33.392,-0.8741,0.173,10.78,104,0.0,AVOID,0.0819,0.0988,66.9008,67.3781,1.3822
33.408,-0.8741,0.173,10.78,104,0.0,AVOID,0.0822,0.0949,66.9008,67.3781,1.3822
33.424,-0.8741,0.173,9.36,104,0.0,AVOID,0.0829,0.0921,66.9322,67.3467,1.3822
33.44,-0.8741,0.173,7.94,104,0.0,AVOID,0.0858,0.0907,66.9636,67.3153,1.3822
33.456,-0.8741,0.173,6.53,104,0.0,AVOID,0.0898,0.0905,66.995,67.2839,1.3822
33.472,-0.8741,0.173,4.96,104,0.0,AVOID,0.0869,0.0896,67.0327,67.2525,1.3822
33.488,-0.8741,0.173,3.55,104,0.0,AVOID,0.0924,0.0902,67.0641,67.2211,1.3822
33.504,-0.8741,0.173,2.13,104,0.0,AVOID,0.0941,0.0911,67.0955,67.1897,1.3822
33.52,-0.8741,0.173,0.71,104,0.0,AVOID,0.0938,0.0918,67.1269,67.1583,1.3822
33.536,-0.8741,0.173,-0.71,104,0.0,AVOID,0.0975,0.0931,67.1583,67.1269,1.3822
33.552,-0.8741,0.173,-2.13,104,0.0,AVOID,0.0961,0.0938,67.1897,67.0955,1.3822
33.568,-0.8741,0.173,-3.69,104,0.0,AVOID,0.0993,0.0952,67.2211,67.0578,1.3823
33.584,-0.8741,0.173,-5.11,104,0.0,AVOID,0.1011,0.0965,67.2525,67.0264,1.3823
33.6,-0.8741,0.173,-6.53,104,0.0,AVOID,0.106,0.0988,67.2839,66.995,1.3823
33.616,-0.8741,0.173,-7.94,104,0.0,AVOID,0.1114,0.1017,67.3153,66.9636,1.3823
33.632,-0.8741,0.173,-9.5,104,0.0,AVOID,0.1072,0.1029,67.353,66.9322,1.3823
33.648,-0.8741,0.173,-10.92,104,0.0,AVOID,0.1084,0.1042,67.3844,66.9008,1.3823
33.664,-0.8741,0.173,-12.34,104,0.0,AVOID,0.1115,0.1059,67.4158,66.8694,1.3823
33.68,-0.8741,0.173,-13.76,104,0.0,AVOID,0.1176,0.1087,67.4472,66.838,1.3823
33.696,-0.8741,0.173,-15.18,104,0.0,AVOID,0.1145,0.11,67.4786,66.8066,1.3823
33.712,-0.8741,0.173,-16.6,104,0.0,AVOID,0.1293,0.1145,67.51,66.7752,1.3823
33.728,-0.8741,0.173,-18.02,104,0.0,AVOID,0.137,0.1198,67.5414,66.7438,1.3823
33.744,-0.8741,0.173,-19.58,104,0.0,AVOID,0.1375,0.124,67.5728,66.7062,1.3824
33.76,-0.8741,0.173,-20.99,104,0.0,AVOID,0.1427,0.1283,67.6042,66.6748,1.3824
33.776,-0.8741,0.173,-19.58,104,0.0,FOLLOW_PATH,0.1372,0.1304,67.5728,66.7062,1.3824
33.792,-0.8741,0.173,-19.58,104,0.0727,FOLLOW_PATH,0.1391,0.1325,67.5728,66.7062,1.3824
33.808,-0.8741,0.173,-15.18,104,0.0728,FOLLOW_PATH,0.1182,0.1291,67.4786,66.8066,1.3825
33.824,-0.874,0.173,-10.92,104,0.0729,FOLLOW_PATH,0.1122,0.125,67.3907,66.9071,1.3826
33.84,-0.8739,0.1729,-6.53,104,0.073,FOLLOW_PATH,0.105,0.1203,67.2965,67.0076,1.3827
33.856,-0.8737,0.1729,-2.41,104,0.0731,FOLLOW_PATH,0.0975,0.1148,67.2148,67.1081,1.3829
33.872,-0.8735,0.1729,1.7,104,0.0732,FOLLOW_PATH,0.0925,0.1094,67.1332,67.2086,1.3831
33.888,-0.8733,0.1729,5.82,104,0.0734,FOLLOW_PATH,0.0854,0.1037,67.0516,67.309,1.3832
33.904,-0.8731,0.173,9.79,104,0.0,AVOID,0.0829,0.0986,66.9762,67.4095,1.3835
33.92,-0.8731,0.173,9.79,104,0.0,AVOID,0.0819,0.0947,66.9762,67.4095,1.3835
33.936,-0.8731,0.173,8.37,104,0.0,AVOID,0.0851,0.0925,67.0076,67.3781,1.3835
33.952,-0.8731,0.173,6.95,104,0.0,AVOID,0.0867,0.0911,67.039,67.3467,1.3835
33.968,-0.8731,0.173,5.53,104,0.0,AVOID,0.0863,0.09,67.0704,67.3153,1.3835
33.984,-0.8731,0.173,4.11,104,0.0,AVOID,0.089,0.0897,67.1018,67.2839,1.3835
34.0,-0.8731,0.173,2.7,104,0.0,AVOID,0.0922,0.0903,67.1332,67.2525,1.3835
34.016,-0.8731,0.173,1.28,104,0.0,AVOID,0.0949,0.0914,67.1646,67.2211,1.3835
34.032,-0.8731,0.173,-0.14,104,0.0,AVOID,0.0943,0.092,67.196,67.1897,1.3835
34.048,-0.8731,0.173,-1.7,104,0.0,AVOID,0.0977,0.0934,67.2274,67.152,1.3836
34.064,-0.8731,0.173,-3.26,104,0.0,AVOID,0.0972,0.0943,67.2651,67.1206,1.3836
34.08,-0.8731,0.173,-4.68,104,0.0,AVOID,0.0994,0.0955,67.2965,67.0892,1.3836
34.096,-0.8731,0.173,-6.1,104,0.0,AVOID,0.1024,0.0971,67.3279,67.0578,1.3836
34.112,-0.8731,0.173,-7.52,104,0.0,AVOID,0.1023,0.0983,67.3593,67.0264,1.3836
34.128,-0.8731,0.173,-8.94,104,0.0,AVOID,0.1065,0.1002,67.3907,66.995,1.3836
34.144,-0.8731,0.173,-10.36,104,0.0,AVOID,0.1069,0.1018,67.4221,66.9636,1.3836
34.16,-0.8731,0.173,-11.77,104,0.0,AVOID,0.1115,0.104,67.4535,66.9322,1.3836
34.176,-0.8731,0.173,-13.19,104,0.0,AVOID,0.1132,0.1062,67.4849,66.9008,1.3836
34.192,-0.8731,0.173,-14.61,104,0.0,AVOID,0.1169,0.1087,67.5163,66.8694,1.3836
34.208,-0.8731,0.173,-16.03,104,0.0,AVOID,0.1165,0.1105,67.5477,66.838,1.3836
34.224,-0.8731,0.173,-17.59,104,0.0,AVOID,0.1288,0.1148,67.5791,66.8004,1.3837
34.24,-0.8731,0.173,-19.15,104,0.0,AVOID,0.14,0.1207,67.6168,66.769,1.3838
34.256,-0.8731,0.173,-20.57,104,0.0,AVOID,0.1393,0.125,67.6482,66.7376,1.3838
34.272,-0.8731,0.173,-19.15,104,0.0,AVOID,0.1363,0.1277,67.6168,66.769,1.3838
34.288,-0.8731,0.173,-20.57,104,0.0,FOLLOW_PATH,0.139,0.1303,67.6482,66.7376,1.3838
34.304,-0.8731,0.173,-20.57,104,0.0735,FOLLOW_PATH,0.1327,0.1309,67.6482,66.7376,1.3838
34.32,-0.8731,0.173,-16.03,104,0.0735,FOLLOW_PATH,0.1191,0.1281,67.5477,66.838,1.3838
34.336,-0.8729,0.1729,-11.77,104,0.0736,FOLLOW_PATH,0.1097,0.1237,67.4598,66.9385,1.3839
34.352,-0.8729,0.1729,-7.38,104,0.0737,FOLLOW_PATH,0.1021,0.1186,67.3656,67.039,1.384
34.368,-0.8727,0.1729,-3.26,104,0.0738,FOLLOW_PATH,0.0948,0.1129,67.2839,67.1395,1.3841
34.384,-0.8725,0.1729,0.99,104,0.0739,FOLLOW_PATH,0.0944,0.1085,67.196,67.24,1.3843
34.4,-0.8724,0.1729,5.11,104,0.0741,FOLLOW_PATH,0.0863,0.1031,67.1144,67.3404,1.3845
34.416,-0.8721,0.173,9.08,104,0.0,AVOID,0.0818,0.0979,67.039,67.4409,1.3847
34.432,-0.8721,0.173,9.08,104,0.0,AVOID,0.0819,0.0942,67.039,67.4409,1.3847
34.448,-0.8721,0.173,7.66,104,0.0,AVOID,0.0803,0.0909,67.0704,67.4095,1.3847
34.464,-0.8721,0.173,6.24,104,0.0,AVOID,0.086,0.0898,67.1018,67.3781,1.3847
34.48,-0.8721,0.173,4.82,104,0.0,AVOID,0.0856,0.0888,67.1332,67.3467,1.3847
34.496,-0.8721,0.173,3.4,104,0.0,AVOID,0.0887,0.0888,67.1646,67.3153,1.3847
34.512,-0.872,0.173,1.84,104,0.0,AVOID,0.0911,0.0893,67.2023,67.2839,1.3848
34.528,-0.872,0.173,0.43,104,0.0,AVOID,0.0942,0.0904,67.2337,67.2525,1.3848
34.544,-0.8721,0.173,-1.13,104,0.0,AVOID,0.0975,0.0921,67.2651,67.2148,1.3849
34.56,-0.8721,0.173,-2.55,104,0.0,AVOID,0.0965,0.0931,67.2965,67.1834,1.3849
34.576,-0.8721,0.173,-3.97,104,0.0,AVOID,0.098,0.0943,67.3279,67.152,1.3849
34.592,-0.8721,0.173,-5.39,104,0.0,AVOID,0.1013,0.0959,67.3593,67.1206,1.3849
34.608,-0.8721,0.173,-6.81,104,0.0,AVOID,0.1004,0.097,67.3907,67.0892,1.3849
34.624,-0.8721,0.173,-8.23,104,0.0,AVOID,0.1045,0.0987,67.4221,67.0578,1.3849
34.64,-0.8721,0.173,-9.65,104,0.0,AVOID,0.1094,0.1012,67.4535,67.0264,1.3849
34.656,-0.8721,0.173,-11.06,104,0.0,AVOID,0.1102,0.1033,67.4849,66.995,1.3849
34.672,-0.8721,0.173,-12.48,104,0.0,AVOID,0.1092,0.1047,67.5163,66.9636,1.3849
34.688,-0.872,0.1729,-14.04,104,0.0,AVOID,0.1134,0.1067,67.554,66.9322,1.3849
34.704,-0.8721,0.173,-15.6,104,0.0,AVOID,0.1126,0.1081,67.5854,66.8946,1.385
34.72,-0.8721,0.173,-17.02,104,0.0,AVOID,0.1173,0.1103,67.6168,66.8632,1.385
34.736,-0.8721,0.173,-18.44,104,0.0,AVOID,0.1256,0.1138,67.6482,66.8318,1.385
34.752,-0.8721,0.173,-19.86,104,0.0,AVOID,0.1357,0.119,67.6796,66.8004,1.385
34.768,-0.8721,0.173,-21.28,104,0.0,AVOID,0.1394,0.1238,67.711,66.769,1.385
34.784,-0.8721,0.173,-22.7,104,0.0,AVOID,0.1369,0.1268,67.7424,66.7376,1.385
34.8,-0.8721,0.173,-24.11,104,0.0,AVOID,0.1351,0.1288,67.7738,66.7062,1.385
34.816,-0.8721,0.173,-25.53,104,0.0,FOLLOW_PATH,0.1397,0.1313,67.8052,66.6748,1.385
34.832,-0.8721,0.173,-25.53,104,0.0742,FOLLOW_PATH,0.1385,0.133,67.8052,66.6748,1.385
34.848,-0.8721,0.173,-20.99,104,0.0742,FOLLOW_PATH,0.1313,0.1326,67.7047,66.7752,1.385
34.864,-0.872,0.1729,-16.6,104,0.0743,FOLLOW_PATH,0.1201,0.1296,67.6105,66.8757,1.385
34.88,-0.872,0.1729,-12.2,104,0.0743,FOLLOW_PATH,0.1107,0.1252,67.5163,66.9762,1.3851
34.896,-0.8718,0.1729,-7.94,104,0.0744,FOLLOW_PATH,0.1053,0.1204,67.4284,67.0767,1.3852
34.912,-0.8717,0.1729,-3.69,104,0.0745,FOLLOW_PATH,0.0957,0.1145,67.3404,67.1772,1.3854
34.928,-0.8715,0.1729,0.43,104,0.0747,FOLLOW_PATH,0.0923,0.1092,67.2588,67.2776,1.3856
34.944,-0.8713,0.1729,4.54,104,0.0748,FOLLOW_PATH,0.0856,0.1035,67.1772,67.3781,1.3858
34.96,-0.8711,0.1729,8.65,104,0.0,AVOID,0.0825,0.0985,67.0955,67.4786,1.386
34.976,-0.8711,0.1729,8.65,104,0.0,AVOID,0.081,0.0944,67.0955,67.4786,1.386
34.992,-0.8711,0.1729,7.23,104,0.0,AVOID,0.0831,0.0917,67.1269,67.4472,1.386
35.008,-0.8712,0.1729,5.67,104,0.0,AVOID,0.0823,0.0896,67.1583,67.4095,1.386
35.024,-0.8712,0.1729,4.26,104,0.0,AVOID,0.0866,0.0889,67.1897,67.3781,1.386
35.04,-0.8712,0.1729,2.84,104,0.0,AVOID,0.0872,0.0885,67.2211,67.3467,1.386
35.056,-0.8711,0.1729,1.28,104,0.0,AVOID,0.0879,0.0883,67.2588,67.3153,1.3861
35.072,-0.8711,0.1729,-0.14,104,0.0,AVOID,0.0915,0.0891,67.2902,67.2839,1.3861
35.088,-0.8711,0.1729,-1.56,104,0.0,AVOID,0.0933,0.09,67.3216,67.2525,1.3861
35.104,-0.8711,0.1729,-2.98,104,0.0,AVOID,0.0936,0.0909,67.353,67.2211,1.3861
35.12,-0.8711,0.1729,-4.4,104,0.0,AVOID,0.0951,0.0919,67.3844,67.1897,1.3861
35.136,-0.8711,0.1729,-5.82,104,0.0,AVOID,0.0998,0.0937,67.4158,67.1583,1.3861
35.152,-0.8711,0.1729,-7.23,104,0.0,AVOID,0.1016,0.0956,67.4472,67.1269,1.3861
35.168,-0.8712,0.1729,-8.79,104,0.0,AVOID,0.1011,0.0969,67.4786,67.0892,1.3861
35.184,-0.8712,0.1729,-10.21,104,0.0,AVOID,0.1038,0.0985,67.51,67.0578,1.3861
35.2,-0.8712,0.1729,-11.63,104,0.0,AVOID,0.1071,0.1005,67.5414,67.0264,1.3861
35.216,-0.8711,0.1729,-13.19,104,0.0,AVOID,0.1084,0.1023,67.5791,66.995,1.3862
35.232,-0.8711,0.1729,-14.61,104,0.0,AVOID,0.1123,0.1047,67.6105,66.9636,1.3862
35.248,-0.8711,0.1729,-16.03,104,0.0,AVOID,0.1106,0.1061,67.6419,66.9322,1.3862
35.264,-0.8711,0.1729,-17.45,104,0.0,AVOID,0.1131,0.1077,67.6733,66.9008,1.3862
35.28,-0.8711,0.1729,-18.87,104,0.0,AVOID,0.118,0.1101,67.7047,66.8694,1.3862
35.296,-0.8711,0.1729,-20.28,104,0.0,AVOID,0.1294,0.1146,67.7361,66.838,1.3862
35.312,-0.8711,0.1729,-21.7,104,0.0,AVOID,0.1348,0.1193,67.7675,66.8066,1.3862
35.328,-0.8711,0.1729,-20.28,104,0.0,AVOID,0.1301,0.1218,67.7361,66.838,1.3862
35.344,-0.8711,0.1729,-21.7,104,0.0,AVOID,0.1387,0.1258,67.7675,66.8066,1.3862
35.36,-0.8711,0.1729,-23.12,104,0.0,AVOID,0.1423,0.1297,67.7989,66.7752,1.3862
35.376,-0.8711,0.1729,-21.7,104,0.0,FOLLOW_PATH,0.1364,0.1312,67.7675,66.8066,1.3862
35.392,-0.8711,0.1729,-21.7,104,0.0749,FOLLOW_PATH,0.1382,0.1329,67.7675,66.8066,1.3862
35.408,-0.8711,0.1729,-17.31,104,0.075,FOLLOW_PATH,0.113,0.1282,67.6733,66.9071,1.3863
35.424,-0.871,0.1729,-12.91,104,0.075,FOLLOW_PATH,0.1071,0.1232,67.5791,67.0076,1.3863
35.44,-0.871,0.1728,-8.51,104,0.0751,FOLLOW_PATH,0.1041,0.1187,67.4849,67.1081,1.3864
35.456,-0.8709,0.1728,-4.4,104,0.0752,FOLLOW_PATH,0.0974,0.1137,67.397,67.2023,1.3865
35.472,-0.8707,0.1728,-0.28,104,0.0753,FOLLOW_PATH,0.0901,0.108,67.3153,67.3028,1.3867
35.488,-0.8706,0.1728,3.97,104,0.0754,FOLLOW_PATH,0.0842,0.1023,67.2274,67.4032,1.3868
35.504,-0.8703,0.1729,7.94,104,0.0,AVOID,0.0812,0.0972,67.152,67.5037,1.387
35.52,-0.8703,0.1729,7.94,104,0.0,AVOID,0.0799,0.0931,67.152,67.5037,1.387
35.536,-0.8703,0.1729,6.53,104,0.0,AVOID,0.0815,0.0904,67.1834,67.4723,1.387
35.552,-0.8703,0.1729,5.11,104,0.0,AVOID,0.0827,0.0886,67.2148,67.4409,1.387
35.568,-0.8703,0.1729,3.69,104,0.0,AVOID,0.0828,0.0873,67.2462,67.4095,1.387
35.584,-0.8703,0.1729,2.27,104,0.0,AVOID,0.0867,0.0871,67.2776,67.3781,1.387
35.6,-0.8703,0.1729,0.85,104,0.0,AVOID,0.0909,0.088,67.309,67.3467,1.387
35.616,-0.8703,0.1729,-0.57,104,0.0,AVOID,0.0905,0.0886,67.3404,67.3153,1.387
35.632,-0.8703,0.1729,-1.99,104,0.0,AVOID,0.0913,0.0892,67.3718,67.2839,1.387
35.648,-0.8703,0.1729,-3.55,104,0.0,AVOID,0.0965,0.0909,67.4095,67.2525,1.3871
35.664,-0.8703,0.1729,-4.96,104,0.0,AVOID,0.0932,0.0914,67.4409,67.2211,1.3871
35.68,-0.8703,0.1729,-6.53,104,0.0,AVOID,0.0955,0.0924,67.4723,67.1834,1.3872
35.696,-0.8703,0.1729,-7.94,104,0.0,AVOID,0.1006,0.0943,67.5037,67.152,1.3872
35.712,-0.8703,0.1729,-9.36,104,0.0,AVOID,0.1025,0.0962,67.5351,67.1206,1.3872
35.728,-0.8703,0.1729,-10.78,104,0.0,AVOID,0.1011,0.0974,67.5665,67.0892,1.3872
35.744,-0.8703,0.1729,-12.2,104,0.0,AVOID,0.1086,0.1,67.5979,67.0578,1.3872
35.76,-0.8703,0.1729,-13.62,104,0.0,AVOID,0.1094,0.1022,67.6293,67.0264,1.3872
35.776,-0.8703,0.1729,-15.04,104,0.0,AVOID,0.1122,0.1045,67.6607,66.995,1.3872
35.792,-0.8703,0.1729,-16.45,104,0.0,AVOID,0.1119,0.1063,67.6921,66.9636,1.3872
35.808,-0.8703,0.1728,-18.02,104,0.0,AVOID,0.1132,0.1078,67.7298,66.9322,1.3872
35.824,-0.8703,0.1728,-19.43,104,0.0,AVOID,0.1199,0.1107,67.7612,66.9008,1.3872
35.84,-0.8703,0.1728,-20.85,104,0.0,AVOID,0.1257,0.1142,67.7926,66.8694,1.3872
35.856,-0.8703,0.1729,-22.41,104,0.0,AVOID,0.1376,0.1197,67.824,66.8318,1.3873
35.872,-0.8703,0.1729,-23.83,104,0.0,AVOID,0.1361,0.1235,67.8554,66.8004,1.3873
35.888,-0.8703,0.1729,-22.41,104,0.0,AVOID,0.1397,0.1273,67.824,66.8318,1.3873
35.904,-0.8703,0.1729,-23.83,104,0.0,AVOID,0.1351,0.1291,67.8554,66.8004,1.3873
35.92,-0.8703,0.1729,-22.41,104,0.0,FOLLOW_PATH,0.135,0.1305,67.824,66.8318,1.3873
35.936,-0.8703,0.1729,-22.41,104,0.0756,FOLLOW_PATH,0.1338,0.1313,67.824,66.8318,1.3873
35.952,-0.8703,0.1729,-17.87,104,0.0756,FOLLOW_PATH,0.1144,0.1273,67.7235,66.9322,1.3873
35.968,-0.8703,0.1729,-13.48,104,0.0756,FOLLOW_PATH,0.1068,0.1225,67.6293,67.0327,1.3874
35.984,-0.8701,0.1728,-9.22,104,0.0757,FOLLOW_PATH,0.1012,0.1174,67.5414,67.1332,1.3875
36.0,-0.8701,0.1728,-4.82,104,0.0758,FOLLOW_PATH,0.0951,0.1121,67.4472,67.2337,1.3876
36.016,-0.8699,0.1728,-0.71,104,0.0759,FOLLOW_PATH,0.0899,0.1068,67.3656,67.3342,1.3878
36.032,-0.8697,0.1728,3.4,104,0.0761,FOLLOW_PATH,0.0849,0.1015,67.2839,67.4346,1.3879
36.048,-0.8695,0.1728,7.52,104,0.0,AVOID,0.0801,0.0964,67.2023,67.5351,1.3881
36.064,-0.8695,0.1728,7.52,104,0.0,AVOID,0.0809,0.0927,67.2023,67.5351,1.3881
36.08,-0.8695,0.1728,6.1,104,0.0,AVOID,0.0806,0.0899,67.2337,67.5037,1.3881
36.096,-0.8695,0.1728,4.68,104,0.0,AVOID,0.0831,0.0883,67.2651,67.4723,1.3881
36.112,-0.8695,0.1728,3.26,104,0.0,AVOID,0.0816,0.0868,67.2965,67.4409,1.3881
36.128,-0.8695,0.1728,1.84,104,0.0,AVOID,0.0848,0.0863,67.3279,67.4095,1.3881
36.144,-0.8695,0.1728,0.43,104,0.0,AVOID,0.0871,0.0865,67.3593,67.3781,1.3881
36.16,-0.8695,0.1728,-0.99,104,0.0,AVOID,0.092,0.0878,67.3907,67.3467,1.3881
36.176,-0.8695,0.1728,-2.41,104,0.0,AVOID,0.0918,0.0887,67.4221,67.3153,1.3881
36.192,-0.8695,0.1728,-4.11,104,0.0,AVOID,0.0935,0.0898,67.4598,67.2776,1.3881
36.208,-0.8695,0.1728,-5.53,104,0.0,AVOID,0.094,0.0908,67.4912,67.2462,1.3881
36.224,-0.8695,0.1728,-6.95,104,0.0,AVOID,0.0976,0.0924,67.5226,67.2148,1.3881
36.24,-0.8695,0.1728,-8.37,104,0.0,AVOID,0.1009,0.0944,67.554,67.1834,1.3881
36.256,-0.8695,0.1728,-9.79,104,0.0,AVOID,0.1011,0.0959,67.5854,67.152,1.3881
36.272,-0.8695,0.1728,-11.21,104,0.0,AVOID,0.1048,0.098,67.6168,67.1206,1.3881
36.288,-0.8695,0.1728,-12.62,104,0.0,AVOID,0.1074,0.1002,67.6482,67.0892,1.3881
36.304,-0.8695,0.1728,-14.04,104,0.0,AVOID,0.1079,0.102,67.6796,67.0578,1.3881
36.32,-0.8695,0.1728,-15.46,104,0.0,AVOID,0.1117,0.1043,67.711,67.0264,1.3881
36.336,-0.8695,0.1728,-16.88,104,0.0,AVOID,0.1128,0.1063,67.7424,66.995,1.3881
36.352,-0.8695,0.1728,-18.3,104,0.0,AVOID,0.1109,0.1074,67.7738,66.9636,1.3881
36.368,-0.8695,0.1728,-20.0,104,0.0,AVOID,0.1201,0.1103,67.8114,66.926,1.3881
36.384,-0.8695,0.1728,-21.42,104,0.0,AVOID,0.1255,0.1139,67.8428,66.8946,1.3881
36.4,-0.8695,0.1728,-22.84,104,0.0,AVOID,0.132,0.1181,67.8742,66.8632,1.3881
36.416,-0.8695,0.1728,-21.42,104,0.0,AVOID,0.1224,0.1191,67.8428,66.8946,1.3881
36.432,-0.8695,0.1728,-22.84,104,0.0,AVOID,0.1339,0.1226,67.8742,66.8632,1.3881
36.448,-0.8695,0.1728,-24.26,104,0.0,AVOID,0.1353,0.1256,67.9056,66.8318,1.3881
36.464,-0.8695,0.1728,-22.84,104,0.0,AVOID,0.1354,0.1279,67.8742,66.8632,1.3881
36.48,-0.8695,0.1728,-24.26,104,0.0,AVOID,0.1365,0.1299,67.9056,66.8318,1.3881
36.496,-0.8695,0.1728,-25.68,104,0.0,FOLLOW_PATH,0.1382,0.1318,67.937,66.8004,1.3881
36.512,-0.8695,0.1728,-25.68,104,0.0762,FOLLOW_PATH,0.1393,0.1336,67.937,66.8004,1.3881
36.528,-0.8695,0.1728,-21.14,104,0.0762,FOLLOW_PATH,0.1238,0.1313,67.8366,66.9008,1.3881
36.544,-0.8694,0.1728,-16.74,104,0.0762,FOLLOW_PATH,0.1136,0.1271,67.7424,67.0013,1.3882
36.56,-0.8694,0.1728,-12.2,104,0.0762,FOLLOW_PATH,0.1062,0.1222,67.6419,67.1018,1.3882
36.576,-0.8693,0.1728,-7.94,104,0.0763,FOLLOW_PATH,0.1004,0.117,67.554,67.2023,1.3883
36.592,-0.8692,0.1728,-3.69,104,0.0764,FOLLOW_PATH,0.0941,0.1115,67.466,67.3028,1.3885
36.608,-0.869,0.1728,0.57,104,0.0765,FOLLOW_PATH,0.0852,0.1053,67.3781,67.4032,1.3886
36.624,-0.8688,0.1728,4.68,104,0.0,AVOID,0.0817,0.0996,67.2965,67.5037,1.3888
36.64,-0.8688,0.1728,4.68,104,0.0,AVOID,0.0811,0.0953,67.2965,67.5037,1.3888
36.656,-0.8688,0.1728,3.26,104,0.0,AVOID,0.0804,0.0918,67.3279,67.4723,1.3888
36.672,-0.8688,0.1728,1.84,104,0.0,AVOID,0.083,0.0898,67.3593,67.4409,1.3888
36.688,-0.8688,0.1728,0.28,104,0.0,AVOID,0.0847,0.0885,67.397,67.4095,1.3888
36.704,-0.8688,0.1728,-1.28,104,0.0,AVOID,0.0877,0.0884,67.4284,67.3718,1.3889
36.72,-0.8688,0.1728,-2.7,104,0.0,AVOID,0.0922,0.0893,67.4598,67.3404,1.3889
36.736,-0.8688,0.1728,-4.11,104,0.0,AVOID,0.0928,0.0901,67.4912,67.309,1.3889
36.752,-0.8688,0.1728,-5.53,104,0.0,AVOID,0.0934,0.0909,67.5226,67.2776,1.3889
36.768,-0.8688,0.1728,-6.95,104,0.0,AVOID,0.0938,0.0915,67.554,67.2462,1.3889
36.784,-0.8688,0.1728,-8.37,104,0.0,AVOID,0.0973,0.0929,67.5854,67.2148,1.3889
36.8,-0.8688,0.1728,-9.79,104,0.0,AVOID,0.1015,0.0949,67.6168,67.1834,1.3889
36.816,-0.8688,0.1728,-11.21,104,0.0,AVOID,0.1047,0.0972,67.6482,67.152,1.3889
36.832,-0.8688,0.1728,-12.62,104,0.0,AVOID,0.1027,0.0985,67.6796,67.1206,1.3889
36.848,-0.8688,0.1728,-14.04,104,0.0,AVOID,0.1053,0.1001,67.711,67.0892,1.3889
36.864,-0.8688,0.1728,-15.6,104,0.0,AVOID,0.1047,0.1011,67.7486,67.0578,1.389
36.88,-0.8688,0.1728,-17.16,104,0.0,AVOID,0.11,0.1032,67.78,67.0202,1.389
36.896,-0.8688,0.1728,-18.58,104,0.0,AVOID,0.1086,0.1045,67.8114,66.9888,1.389
36.912,-0.8688,0.1728,-20.0,104,0.0,AVOID,0.1152,0.107,67.8428,66.9574,1.389
36.928,-0.8688,0.1728,-21.42,104,0.0,AVOID,0.118,0.1096,67.8742,66.926,1.389
36.944,-0.8688,0.1728,-22.84,104,0.0,AVOID,0.129,0.1141,67.9056,66.8946,1.389
36.96,-0.8688,0.1728,-24.26,104,0.0,AVOID,0.1356,0.1191,67.937,66.8632,1.389
36.976,-0.8688,0.1728,-25.68,104,0.0,AVOID,0.1424,0.1246,67.9684,66.8318,1.389
36.992,-0.8688,0.1728,-27.09,104,0.0,AVOID,0.1389,0.1279,67.9998,66.8004,1.389
37.008,-0.8688,0.1728,-25.68,104,0.0,FOLLOW_PATH,0.138,0.1303,67.9684,66.8318,1.389
37.024,-0.8688,0.1728,-25.68,104,0.0767,FOLLOW_PATH,0.1432,0.1333,67.9684,66.8318,1.389
37.04,-0.8688,0.1728,-21.14,104,0.0767,FOLLOW_PATH,0.1169,0.1295,67.868,66.9322,1.389
37.056,-0.8688,0.1728,-16.74,104,0.0767,FOLLOW_PATH,0.1109,0.1251,67.7738,67.0327,1.3891
37.072,-0.8687,0.1728,-12.34,104,0.0768,FOLLOW_PATH,0.1066,0.1207,67.6796,67.1332,1.3892
37.088,-0.8687,0.1727,-7.94,104,0.0768,FOLLOW_PATH,0.0953,0.1147,67.5854,67.2337,1.3892
37.104,-0.8685,0.1727,-3.69,104,0.0769,FOLLOW_PATH,0.0907,0.109,67.4974,67.3342,1.3894
37.12,-0.8684,0.1727,0.57,104,0.077,FOLLOW_PATH,0.0843,0.1031,67.4095,67.4346,1.3895
37.136,-0.8682,0.1727,4.68,104,0.0,AVOID,0.0803,0.0976,67.3279,67.5351,1.3897
37.152,-0.8682,0.1727,4.68,104,0.0,AVOID,0.0806,0.0936,67.3279,67.5351,1.3897
37.168,-0.8682,0.1727,3.26,104,0.0,AVOID,0.082,0.0909,67.3593,67.5037,1.3897
37.184,-0.8681,0.1727,1.7,104,0.0,AVOID,0.0824,0.0889,67.397,67.4723,1.3897
37.2,-0.8682,0.1727,0.14,104,0.0,AVOID,0.0842,0.0878,67.4284,67.4346,1.3898
37.216,-0.8682,0.1727,-1.28,104,0.0,AVOID,0.0856,0.0873,67.4598,67.4032,1.3898
37.232,-0.8682,0.1727,-2.7,104,0.0,AVOID,0.0875,0.0873,67.4912,67.3718,1.3898
37.248,-0.8682,0.1727,-4.11,104,0.0,AVOID,0.0902,0.088,67.5226,67.3404,1.3898
37.264,-0.8682,0.1727,-5.53,104,0.0,AVOID,0.0919,0.0889,67.554,67.309,1.3898
37.28,-0.8682,0.1727,-6.95,104,0.0,AVOID,0.0938,0.0901,67.5854,67.2776,1.3898
37.296,-0.8682,0.1727,-8.37,104,0.0,AVOID,0.0952,0.0913,67.6168,67.2462,1.3898
37.312,-0.8682,0.1727,-9.79,104,0.0,AVOID,0.0985,0.093,67.6482,67.2148,1.3898
37.328,-0.8682,0.1727,-11.21,104,0.0,AVOID,0.0986,0.0943,67.6796,67.1834,1.3898
37.344,-0.8682,0.1727,-12.62,104,0.0,AVOID,0.1032,0.0964,67.711,67.152,1.3898
37.36,-0.8682,0.1727,-14.33,104,0.0,AVOID,0.106,0.0986,67.7486,67.1144,1.3898
37.376,-0.8682,0.1727,-15.75,104,0.0,AVOID,0.1084,0.1009,67.78,67.083,1.3898
37.392,-0.8682,0.1727,-17.16,104,0.0,AVOID,0.1064,0.1022,67.8114,67.0516,1.3898
37.408,-0.8682,0.1727,-18.58,104,0.0,AVOID,0.1122,0.1045,67.8428,67.0202,1.3898
37.424,-0.8682,0.1727,-20.0,104,0.0,AVOID,0.1125,0.1064,67.8742,66.9888,1.3898
37.44,-0.8682,0.1727,-21.42,104,0.0,AVOID,0.1122,0.1078,67.9056,66.9574,1.3898
37.456,-0.8682,0.1727,-22.84,104,0.0,AVOID,0.1161,0.1097,67.937,66.926,1.3898
37.472,-0.8682,0.1727,-24.26,104,0.0,AVOID,0.1279,0.114,67.9684,66.8946,1.3898
37.488,-0.8682,0.1727,-25.68,104,0.0,AVOID,0.1344,0.1187,67.9998,66.8632,1.3898
37.504,-0.8682,0.1727,-24.26,104,0.0,AVOID,0.135,0.1225,67.9684,66.8946,1.3898
37.52,-0.8682,0.1727,-25.68,104,0.0,AVOID,0.1424,0.1272,67.9998,66.8632,1.3898
37.536,-0.8682,0.1727,-24.26,104,0.0,AVOID,0.1282,0.1274,67.9684,66.8946,1.3898
37.552,-0.8682,0.1727,-25.68,104,0.0,AVOID,0.1375,0.1298,67.9998,66.8632,1.3898
37.568,-0.8682,0.1727,-24.26,104,0.0,FOLLOW_PATH,0.131,0.1301,67.9684,66.8946,1.3898
37.584,-0.8682,0.1727,-24.26,104,0.0772,FOLLOW_PATH,0.1321,0.1305,67.9684,66.8946,1.3898
37.6,-0.8682,0.1727,-19.72,104,0.0772,FOLLOW_PATH,0.1096,0.1256,67.868,66.995,1.3898
37.616,-0.8681,0.1727,-15.32,104,0.0772,FOLLOW_PATH,0.1083,0.1215,67.7738,67.0955,1.3899
37.632,-0.8681,0.1727,-10.92,104,0.0773,FOLLOW_PATH,0.1032,0.1172,67.6796,67.196,1.3899
37.648,-0.868,0.1727,-6.67,104,0.0774,FOLLOW_PATH,0.0938,0.1116,67.5916,67.2965,1.3901
37.664,-0.8678,0.1727,-2.41,104,0.0775,FOLLOW_PATH,0.0854,0.1054,67.5037,67.397,1.3902
37.68,-0.8677,0.1727,1.84,104,0.0776,FOLLOW_PATH,0.0836,0.1002,67.4158,67.4974,1.3903
37.696,-0.8675,0.1727,5.96,104,0.0,AVOID,0.077,0.0946,67.3342,67.5979,1.3905
37.712,-0.8675,0.1727,5.96,104,0.0,AVOID,0.0773,0.0906,67.3342,67.5979,1.3905
37.728,-0.8675,0.1727,4.54,104,0.0,AVOID,0.0781,0.0877,67.3656,67.5665,1.3905
37.744,-0.8676,0.1727,2.98,104,0.0,AVOID,0.0801,0.0859,67.397,67.5288,1.3906
37.76,-0.8676,0.1727,1.56,104,0.0,AVOID,0.082,0.085,67.4284,67.4974,1.3906
37.776,-0.8676,0.1727,0.14,104,0.0,AVOID,0.0834,0.0846,67.4598,67.466,1.3906
37.792,-0.8675,0.1727,-1.42,104,0.0,AVOID,0.0847,0.0846,67.4974,67.4346,1.3906
37.808,-0.8675,0.1727,-2.84,104,0.0,AVOID,0.0857,0.0848,67.5288,67.4032,1.3906
37.824,-0.8675,0.1727,-4.26,104,0.0,AVOID,0.0895,0.0859,67.5602,67.3718,1.3906
37.84,-0.8675,0.1727,-5.67,104,0.0,AVOID,0.0914,0.0872,67.5916,67.3404,1.3906
37.856,-0.8675,0.1727,-7.09,104,0.0,AVOID,0.091,0.0881,67.623,67.309,1.3906
37.872,-0.8675,0.1727,-8.51,104,0.0,AVOID,0.0936,0.0894,67.6544,67.2776,1.3906
37.888,-0.8675,0.1727,-9.93,104,0.0,AVOID,0.0979,0.0914,67.6858,67.2462,1.3906
37.904,-0.8676,0.1727,-11.49,104,0.0,AVOID,0.0972,0.0928,67.7172,67.2086,1.3907
37.92,-0.8676,0.1727,-12.91,104,0.0,AVOID,0.0999,0.0945,67.7486,67.1772,1.3907
37.936,-0.8676,0.1727,-14.33,104,0.0,AVOID,0.1019,0.0962,67.78,67.1458,1.3907
37.952,-0.8675,0.1727,-15.89,104,0.0,AVOID,0.1055,0.0983,67.8177,67.1144,1.3908
37.968,-0.8675,0.1727,-17.31,104,0.0,AVOID,0.109,0.1008,67.8491,67.083,1.3908
37.984,-0.8675,0.1727,-18.72,104,0.0,AVOID,0.1137,0.1038,67.8805,67.0516,1.3908
38.0,-0.8675,0.1727,-20.14,104,0.0,AVOID,0.1133,0.106,67.9119,67.0202,1.3908
38.016,-0.8675,0.1727,-21.56,104,0.0,AVOID,0.1107,0.1071,67.9433,66.9888,1.3908
38.032,-0.8675,0.1727,-22.98,104,0.0,AVOID,0.1193,0.11,67.9747,66.9574,1.3908
38.048,-0.8675,0.1727,-24.4,104,0.0,AVOID,0.1247,0.1134,68.0061,66.926,1.3908
38.064,-0.8675,0.1727,-25.82,104,0.0,AVOID,0.1399,0.1196,68.0375,66.8946,1.3908
38.08,-0.8675,0.1727,-24.4,104,0.0,AVOID,0.1258,0.1211,68.0061,66.926,1.3908
38.096,-0.8675,0.1727,-25.82,104,0.0,AVOID,0.1275,0.1226,68.0375,66.8946,1.3908
38.112,-0.8676,0.1727,-27.38,104,0.0,AVOID,0.1372,0.126,68.0689,66.8569,1.3908
38.128,-0.8676,0.1727,-28.8,104,0.0,AVOID,0.1318,0.1274,68.1003,66.8255,1.3908
38.144,-0.8676,0.1727,-30.21,104,0.0,AVOID,0.1355,0.1293,68.1317,66.7941,1.3908
38.16,-0.8675,0.1727,-31.77,104,0.0,FOLLOW_PATH,0.138,0.1313,68.1694,66.7627,1.3909
38.176,-0.8675,0.1727,-31.77,104,0.0777,FOLLOW_PATH,0.1379,0.1328,68.1694,66.7627,1.3909
38.192,-0.8675,0.1727,-27.24,104,0.0777,FOLLOW_PATH,0.1385,0.1342,68.0689,66.8632,1.3909
38.208,-0.8675,0.1727,-22.7,104,0.0777,FOLLOW_PATH,0.1163,0.13,67.9684,66.9636,1.3909
38.224,-0.8675,0.1727,-18.16,104,0.0777,FOLLOW_PATH,0.1064,0.1245,67.868,67.0641,1.3909
38.24,-0.8674,0.1727,-13.76,104,0.0778,FOLLOW_PATH,0.1001,0.1187,67.7738,67.1646,1.391
38.256,-0.8674,0.1726,-9.36,104,0.0779,FOLLOW_PATH,0.0955,0.1132,67.6796,67.2651,1.391
38.272,-0.8673,0.1726,-4.96,104,0.0779,FOLLOW_PATH,0.0877,0.1072,67.5854,67.3656,1.3911
38.288,-0.8671,0.1726,-0.85,104,0.0781,FOLLOW_PATH,0.0832,0.1014,67.5037,67.466,1.3913
38.304,-0.867,0.1726,3.4,104,0.0,AVOID,0.0778,0.0958,67.4158,67.5665,1.3914
38.32,-0.867,0.1726,3.4,104,0.0,AVOID,0.0781,0.0917,67.4158,67.5665,1.3914
38.336,-0.867,0.1726,1.99,104,0.0,AVOID,0.0802,0.089,67.4472,67.5351,1.3914
38.352,-0.8669,0.1726,0.43,104,0.0,AVOID,0.0812,0.0871,67.4849,67.5037,1.3915
38.368,-0.8669,0.1726,-0.99,104,0.0,AVOID,0.0811,0.0857,67.5163,67.4723,1.3915
38.384,-0.8669,0.1726,-2.41,104,0.0,AVOID,0.0849,0.0855,67.5477,67.4409,1.3915
38.4,-0.867,0.1726,-3.97,104,0.0,AVOID,0.0862,0.0857,67.5791,67.4032,1.3916
38.416,-0.867,0.1726,-5.39,104,0.0,AVOID,0.086,0.0858,67.6105,67.3718,1.3916
38.432,-0.867,0.1726,-6.81,104,0.0,AVOID,0.092,0.0872,67.6419,67.3404,1.3916
38.448,-0.867,0.1726,-8.23,104,0.0,AVOID,0.0934,0.0887,67.6733,67.309,1.3916
38.464,-0.867,0.1726,-9.65,104,0.0,AVOID,0.0966,0.0905,67.7047,67.2776,1.3916
38.48,-0.867,0.1726,-11.06,104,0.0,AVOID,0.0959,0.0918,67.7361,67.2462,1.3916
38.496,-0.867,0.1726,-12.48,104,0.0,AVOID,0.0977,0.0932,67.7675,67.2148,1.3916
38.512,-0.867,0.1726,-13.9,104,0.0,AVOID,0.098,0.0943,67.7989,67.1834,1.3916
38.528,-0.8669,0.1726,-15.46,104,0.0,AVOID,0.1044,0.0966,67.8366,67.152,1.3916
38.544,-0.8669,0.1726,-16.88,104,0.0,AVOID,0.1075,0.0992,67.868,67.1206,1.3916
38.56,-0.8669,0.1726,-18.3,104,0.0,AVOID,0.1078,0.1012,67.8994,67.0892,1.3916
38.576,-0.867,0.1726,-19.86,104,0.0,AVOID,0.1088,0.103,67.9308,67.0516,1.3917
38.592,-0.867,0.1726,-21.28,104,0.0,AVOID,0.1098,0.1046,67.9622,67.0202,1.3917
38.608,-0.867,0.1726,-22.7,104,0.0,AVOID,0.1145,0.1069,67.9936,66.9888,1.3917
38.624,-0.867,0.1726,-24.11,104,0.0,AVOID,0.1182,0.1096,68.025,66.9574,1.3917
38.64,-0.867,0.1726,-25.53,104,0.0,AVOID,0.1258,0.1134,68.0564,66.926,1.3917
38.656,-0.867,0.1726,-26.95,104,0.0,AVOID,0.1341,0.1182,68.0878,66.8946,1.3917
38.672,-0.867,0.1726,-28.37,104,0.0,AVOID,0.1344,0.122,68.1192,66.8632,1.3917
38.688,-0.8669,0.1726,-29.93,104,0.0,AVOID,0.1399,0.1261,68.1568,66.8318,1.3917
38.704,-0.867,0.1726,-28.37,104,0.0,AVOID,0.1383,0.129,68.1192,66.8632,1.3918
38.72,-0.867,0.1726,-26.95,104,0.0,FOLLOW_PATH,0.1345,0.1303,68.0878,66.8946,1.3918
38.736,-0.867,0.1726,-26.95,104,0.0781,FOLLOW_PATH,0.1311,0.1305,68.0878,66.8946,1.3918
38.752,-0.867,0.1726,-22.41,104,0.0781,FOLLOW_PATH,0.112,0.1262,67.9873,66.995,1.3918
38.768,-0.8669,0.1726,-18.02,104,0.0782,FOLLOW_PATH,0.1072,0.1217,67.8931,67.0955,1.3919
38.784,-0.8669,0.1726,-13.48,104,0.0782,FOLLOW_PATH,0.1006,0.1167,67.7926,67.196,1.3919
38.8,-0.8668,0.1726,-9.22,104,0.0783,FOLLOW_PATH,0.0927,0.111,67.7047,67.2965,1.392
38.816,-0.8667,0.1726,-4.82,104,0.0784,FOLLOW_PATH,0.086,0.1051,67.6105,67.397,1.3921
38.832,-0.8666,0.1726,-0.57,104,0.0,AVOID,0.0831,0.0999,67.5226,67.4974,1.3922
38.848,-0.8666,0.1726,-0.57,104,0.0,AVOID,0.0825,0.0958,67.5226,67.4974,1.3922
38.864,-0.8666,0.1726,-2.13,104,0.0,AVOID,0.0836,0.0929,67.5602,67.466,1.3923
38.88,-0.8666,0.1726,-3.55,104,0.0,AVOID,0.0835,0.0907,67.5916,67.4346,1.3923
38.896,-0.8666,0.1726,-5.11,104,0.0,AVOID,0.0867,0.0898,67.623,67.397,1.3923
38.912,-0.8666,0.1726,-6.53,104,0.0,AVOID,0.089,0.0896,67.6544,67.3656,1.3923
38.928,-0.8666,0.1726,-7.94,104,0.0,AVOID,0.092,0.0902,67.6858,67.3342,1.3923
38.944,-0.8666,0.1726,-9.36,104,0.0,AVOID,0.0927,0.0908,67.7172,67.3028,1.3923
38.96,-0.8666,0.1726,-10.78,104,0.0,AVOID,0.0946,0.0917,67.7486,67.2714,1.3923
38.976,-0.8666,0.1726,-12.2,104,0.0,AVOID,0.0948,0.0924,67.78,67.24,1.3923
38.992,-0.8666,0.1726,-13.62,104,0.0,AVOID,0.0984,0.0938,67.8114,67.2086,1.3923
39.008,-0.8666,0.1726,-15.04,104,0.0,AVOID,0.1012,0.0955,67.8428,67.1772,1.3923
39.024,-0.8666,0.1726,-16.45,104,0.0,AVOID,0.1031,0.0973,67.8742,67.1458,1.3923
39.04,-0.8666,0.1726,-18.02,104,0.0,AVOID,0.1058,0.0992,67.9119,67.1144,1.3924
39.056,-0.8666,0.1726,-19.43,104,0.0,AVOID,0.1079,0.1013,67.9433,67.083,1.3924
39.072,-0.8666,0.1726,-20.99,104,0.0,AVOID,0.1074,0.1028,67.9747,67.0453,1.3925
39.088,-0.8666,0.1726,-22.41,104,0.0,AVOID,0.1091,0.1042,68.0061,67.0139,1.3925
39.104,-0.8666,0.1726,-23.83,104,0.0,AVOID,0.1125,0.1062,68.0375,66.9825,1.3925
39.12,-0.8666,0.1726,-25.25,104,0.0,AVOID,0.1184,0.109,68.0689,66.9511,1.3925
39.136,-0.8666,0.1726,-26.67,104,0.0,AVOID,0.1235,0.1124,68.1003,66.9197,1.3925
39.152,-0.8666,0.1726,-28.09,104,0.0,AVOID,0.1373,0.1182,68.1317,66.8883,1.3925
39.168,-0.8666,0.1726,-26.67,104,0.0,AVOID,0.1286,0.1207,68.1003,66.9197,1.3925
39.184,-0.8666,0.1726,-28.09,104,0.0,AVOID,0.1392,0.125,68.1317,66.8883,1.3925
39.2,-0.8666,0.1726,-26.67,104,0.0,AVOID,0.1246,0.1249,68.1003,66.9197,1.3925
39.216,-0.8666,0.1726,-28.09,104,0.0,AVOID,0.1307,0.1263,68.1317,66.8883,1.3925
39.232,-0.8666,0.1726,-29.51,104,0.0,AVOID,0.1368,0.1287,68.1631,66.8569,1.3925
39.248,-0.8666,0.1726,-28.09,104,0.0,FOLLOW_PATH,0.1372,0.1307,68.1317,66.8883,1.3925
39.264,-0.8666,0.1726,-28.09,104,0.0785,FOLLOW_PATH,0.135,0.1317,68.1317,66.8883,1.3925
39.28,-0.8666,0.1726,-23.55,104,0.0785,FOLLOW_PATH,0.1167,0.1282,68.0312,66.9888,1.3925
39.296,-0.8666,0.1726,-19.01,104,0.0785,FOLLOW_PATH,0.108,0.1235,67.9308,67.0892,1.3925
39.312,-0.8666,0.1726,-14.61,104,0.0785,FOLLOW_PATH,0.1001,0.118,67.8366,67.1897,1.3925
39.328,-0.8665,0.1725,-10.21,104,0.0786,FOLLOW_PATH,0.096,0.1128,67.7424,67.2902,1.3926
39.344,-0.8664,0.1725,-5.96,104,0.0787,FOLLOW_PATH,0.0868,0.1066,67.6544,67.3907,1.3927
39.36,-0.8662,0.1725,-1.7,104,0.0788,FOLLOW_PATH,0.0804,0.1004,67.5665,67.4912,1.3928
39.376,-0.8661,0.1725,2.55,104,0.0,AVOID,0.0794,0.0954,67.4786,67.5916,1.393
39.392,-0.8661,0.1725,2.55,104,0.0,AVOID,0.0776,0.0912,67.4786,67.5916,1.393
39.408,-0.8661,0.1725,1.13,104,0.0,AVOID,0.0784,0.0882,67.51,67.5602,1.393
39.424,-0.8661,0.1725,-0.28,104,0.0,AVOID,0.0784,0.0859,67.5414,67.5288,1.393
39.44,-0.8661,0.1725,-1.7,104,0.0,AVOID,0.0811,0.0848,67.5728,67.4974,1.393
39.456,-0.8661,0.1725,-3.4,104,0.0,AVOID,0.0837,0.0845,67.6105,67.4598,1.393
39.472,-0.8661,0.1725,-4.82,104,0.0,AVOID,0.0868,0.0851,67.6419,67.4284,1.393
39.488,-0.8661,0.1725,-6.24,104,0.0,AVOID,0.0861,0.0853,67.6733,67.397,1.393
39.504,-0.8661,0.1725,-7.66,104,0.0,AVOID,0.0899,0.0864,67.7047,67.3656,1.393
39.52,-0.8661,0.1725,-9.08,104,0.0,AVOID,0.0922,0.0877,67.7361,67.3342,1.393
39.536,-0.8661,0.1725,-10.5,104,0.0,AVOID,0.0918,0.0887,67.7675,67.3028,1.393
39.552,-0.8661,0.1725,-11.92,104,0.0,AVOID,0.0944,0.09,67.7989,67.2714,1.393
39.568,-0.8661,0.1725,-13.33,104,0.0,AVOID,0.095,0.0912,67.8303,67.24,1.393
39.584,-0.8661,0.1725,-14.75,104,0.0,AVOID,0.1005,0.0933,67.8617,67.2086,1.393
39.6,-0.8661,0.1725,-16.17,104,0.0,AVOID,0.1004,0.095,67.8931,67.1772,1.393
39.616,-0.8662,0.1725,-17.73,104,0.0,AVOID,0.104,0.0972,67.9245,67.1395,1.393
39.632,-0.8661,0.1725,-19.29,104,0.0,AVOID,0.1093,0.1,67.9622,67.1081,1.3931
39.648,-0.8661,0.1725,-20.71,104,0.0,AVOID,0.1059,0.1013,67.9936,67.0767,1.3931
39.664,-0.8661,0.1725,-22.13,104,0.0,AVOID,0.1109,0.1036,68.025,67.0453,1.3931
39.68,-0.8661,0.1725,-23.55,104,0.0,AVOID,0.1106,0.1052,68.0564,67.0139,1.3931
39.696,-0.8661,0.1725,-24.97,104,0.0,AVOID,0.1135,0.1072,68.0878,66.9825,1.3931
39.712,-0.8661,0.1725,-26.38,104,0.0,AVOID,0.118,0.1097,68.1192,66.9511,1.3931
39.728,-0.8661,0.1725,-27.8,104,0.0,AVOID,0.1266,0.1137,68.1506,66.9197,1.3931
39.744,-0.8661,0.1725,-29.22,104,0.0,AVOID,0.1366,0.119,68.182,66.8883,1.3931
39.76,-0.8661,0.1725,-27.8,104,0.0,AVOID,0.1268,0.1209,68.1506,66.9197,1.3931
39.776,-0.8661,0.1725,-29.22,104,0.0,AVOID,0.1344,0.124,68.182,66.8883,1.3931
39.792,-0.8661,0.1725,-30.64,104,0.0,AVOID,0.139,0.1275,68.2134,66.8569,1.3931
39.808,-0.8661,0.1725,-32.06,104,0.0,AVOID,0.1346,0.1292,68.2448,66.8255,1.3931
39.824,-0.8661,0.1725,-30.64,104,0.0,FOLLOW_PATH,0.1403,0.1318,68.2134,66.8569,1.3931
39.84,-0.8661,0.1725,-30.64,104,0.0789,FOLLOW_PATH,0.1394,0.1336,68.2134,66.8569,1.3931
39.856,-0.8661,0.1725,-26.1,104,0.0789,FOLLOW_PATH,0.1153,0.1293,68.1129,66.9574,1.3931
39.872,-0.8661,0.1725,-21.56,104,0.0789,FOLLOW_PATH,0.1099,0.1248,68.0124,67.0578,1.3931
39.888,-0.866,0.1725,-17.16,104,0.0789,FOLLOW_PATH,0.1042,0.1199,67.9182,67.1583,1.3932
39.904,-0.8661,0.1725,-12.77,104,0.0789,FOLLOW_PATH,0.0933,0.1137,67.8177,67.2525,1.3932
39.92,-0.866,0.1725,-8.51,104,0.079,FOLLOW_PATH,0.0888,0.1078,67.7298,67.353,1.3934
39.936,-0.8659,0.1725,-4.11,104,0.079,FOLLOW_PATH,0.0841,0.1022,67.6356,67.4535,1.3934
39.952,-0.8657,0.1725,-0.0,104,0.0,AVOID,0.0787,0.0966,67.554,67.554,1.3936
39.968,-0.8657,0.1725,-0.0,104,0.0,AVOID,0.0774,0.0921,67.554,67.554,1.3936
39.984,-0.8657,0.1725,-1.42,104,0.0,AVOID,0.0785,0.0889,67.5854,67.5226,1.3936
40.0,-0.8657,0.1725,-2.84,104,0.0,AVOID,0.0797,0.0867,67.6168,67.4912,1.3936
40.016,-0.8657,0.1725,-4.26,104,0.0,AVOID,0.0827,0.0858,67.6482,67.4598,1.3936
40.032,-0.8657,0.1725,-5.67,104,0.0,AVOID,0.0837,0.0853,67.6796,67.4284,1.3936
40.048,-0.8657,0.1725,-7.09,104,0.0,AVOID,0.0851,0.0853,67.711,67.397,1.3936
40.064,-0.8657,0.1725,-8.51,104,0.0,AVOID,0.0897,0.0863,67.7424,67.3656,1.3936
40.08,-0.8657,0.1725,-9.93,104,0.0,AVOID,0.0909,0.0874,67.7738,67.3342,1.3936
40.096,-0.8657,0.1725,-11.35,104,0.0,AVOID,0.0912,0.0883,67.8052,67.3028,1.3936
40.112,-0.8657,0.1725,-12.91,104,0.0,AVOID,0.0947,0.0897,67.8428,67.2714,1.3937
40.128,-0.8657,0.1725,-14.47,104,0.0,AVOID,0.0936,0.0907,67.8742,67.2337,1.3937
40.144,-0.8657,0.1725,-15.89,104,0.0,AVOID,0.0968,0.0921,67.9056,67.2023,1.3937
40.16,-0.8657,0.1725,-17.31,104,0.0,AVOID,0.0989,0.0937,67.937,67.1709,1.3937
40.176,-0.8657,0.1725,-18.72,104,0.0,AVOID,0.0981,0.0947,67.9684,67.1395,1.3937
40.192,-0.8657,0.1725,-20.14,104,0.0,AVOID,0.105,0.0971,67.9998,67.1081,1.3937
40.208,-0.8657,0.1725,-21.56,104,0.0,AVOID,0.1086,0.0998,68.0312,67.0767,1.3937
40.224,-0.8657,0.1725,-22.98,104,0.0,AVOID,0.1087,0.1019,68.0626,67.0453,1.3937
40.24,-0.8657,0.1725,-24.4,104,0.0,AVOID,0.1064,0.103,68.094,67.0139,1.3937
40.256,-0.8657,0.1725,-25.82,104,0.0,AVOID,0.11,0.1046,68.1254,66.9825,1.3937
40.272,-0.8657,0.1725,-27.24,104,0.0,AVOID,0.1148,0.107,68.1568,66.9511,1.3937
40.288,-0.8657,0.1724,-28.8,104,0.0,AVOID,0.1238,0.1109,68.1945,66.9197,1.3938
40.304,-0.8657,0.1725,-30.36,104,0.0,AVOID,0.1357,0.1167,68.2259,66.882,1.3939
40.32,-0.8657,0.1724,-28.8,104,0.0,AVOID,0.1243,0.1184,68.1945,66.9197,1.3939
40.336,-0.8657,0.1725,-30.36,104,0.0,AVOID,0.1391,0.1233,68.2259,66.882,1.394
40.352,-0.8657,0.1725,-31.77,104,0.0,AVOID,0.1388,0.1269,68.2573,66.8506,1.394
40.368,-0.8657,0.1725,-33.19,104,0.0,AVOID,0.1376,0.1294,68.2887,66.8192,1.394
40.384,-0.8657,0.1725,-31.77,104,0.0,FOLLOW_PATH,0.1356,0.1309,68.2573,66.8506,1.394
40.4,-0.8657,0.1725,-31.77,104,0.0792,FOLLOW_PATH,0.1389,0.1328,68.2573,66.8506,1.394
40.416,-0.8657,0.1725,-27.24,104,0.0792,FOLLOW_PATH,0.1152,0.1286,68.1568,66.9511,1.394
40.432,-0.8657,0.1725,-22.7,104,0.0792,FOLLOW_PATH,0.1055,0.1232,68.0564,67.0516,1.394
40.448,-0.8657,0.1725,-18.16,104,0.0792,FOLLOW_PATH,0.1046,0.1189,67.9559,67.152,1.394
40.464,-0.8657,0.1725,-13.76,104,0.0793,FOLLOW_PATH,0.0945,0.1131,67.8617,67.2525,1.3941
40.48,-0.8656,0.1724,-9.36,104,0.0793,FOLLOW_PATH,0.0875,0.1071,67.7675,67.353,1.3941
40.496,-0.8655,0.1724,-4.96,104,0.0794,FOLLOW_PATH,0.0812,0.101,67.6733,67.4535,1.3942
40.512,-0.8654,0.1724,-0.71,104,0.0,AVOID,0.0789,0.0957,67.5854,67.554,1.3943
40.528,-0.8654,0.1724,-0.71,104,0.0,AVOID,0.0778,0.0915,67.5854,67.554,1.3943
40.544,-0.8653,0.1724,-2.27,104,0.0,AVOID,0.0791,0.0886,67.623,67.5226,1.3944
40.56,-0.8653,0.1724,-3.69,104,0.0,AVOID,0.0789,0.0863,67.6544,67.4912,1.3944
40.576,-0.8653,0.1724,-5.11,104,0.0,AVOID,0.0796,0.0847,67.6858,67.4598,1.3944
40.592,-0.8653,0.1724,-6.53,104,0.0,AVOID,0.0827,0.0843,67.7172,67.4284,1.3944
40.608,-0.8653,0.1724,-7.94,104,0.0,AVOID,0.0849,0.0844,67.7486,67.397,1.3944
40.624,-0.8653,0.1724,-9.36,104,0.0,AVOID,0.0864,0.0849,67.78,67.3656,1.3944
40.64,-0.8654,0.1724,-10.92,104,0.0,AVOID,0.0893,0.086,67.8114,67.3279,1.3944
40.656,-0.8654,0.1724,-12.34,104,0.0,AVOID,0.0916,0.0873,67.8428,67.2965,1.3944
40.672,-0.8654,0.1724,-13.76,104,0.0,AVOID,0.0931,0.0887,67.8742,67.2651,1.3944
40.688,-0.8654,0.1724,-15.18,104,0.0,AVOID,0.0939,0.0899,67.9056,67.2337,1.3944
40.704,-0.8653,0.1724,-16.74,104,0.0,AVOID,0.0983,0.0918,67.9433,67.2023,1.3945
40.72,-0.8653,0.1724,-18.16,104,0.0,AVOID,0.098,0.0933,67.9747,67.1709,1.3945
40.736,-0.8653,0.1724,-19.58,104,0.0,AVOID,0.1015,0.0952,68.0061,67.1395,1.3945
40.752,-0.8653,0.1724,-20.99,104,0.0,AVOID,0.1063,0.0978,68.0375,67.1081,1.3945
40.768,-0.8653,0.1724,-22.41,104,0.0,AVOID,0.1054,0.0996,68.0689,67.0767,1.3945
40.784,-0.8653,0.1724,-23.83,104,0.0,AVOID,0.1118,0.1024,68.1003,67.0453,1.3945
40.8,-0.8653,0.1724,-25.25,104,0.0,AVOID,0.1125,0.1048,68.1317,67.0139,1.3945
40.816,-0.8654,0.1725,-26.81,104,0.0,AVOID,0.1108,0.1062,68.1631,66.9762,1.3946
40.832,-0.8654,0.1725,-28.23,104,0.0,AVOID,0.1137,0.108,68.1945,66.9448,1.3946
40.848,-0.8654,0.1725,-29.65,104,0.0,AVOID,0.1217,0.1112,68.2259,66.9134,1.3946
40.864,-0.8654,0.1725,-31.07,104,0.0,AVOID,0.1342,0.1166,68.2573,66.882,1.3946
40.88,-0.8653,0.1724,-32.63,104,0.0,AVOID,0.1352,0.1209,68.295,66.8506,1.3946
40.896,-0.8654,0.1725,-31.07,104,0.0,AVOID,0.1267,0.1223,68.2573,66.882,1.3947
40.912,-0.8653,0.1724,-32.63,104,0.0,AVOID,0.1397,0.1263,68.295,66.8506,1.3948
40.928,-0.8654,0.1725,-31.07,104,0.0,AVOID,0.1312,0.1275,68.2573,66.882,1.3948
40.944,-0.8653,0.1724,-32.63,104,0.0,AVOID,0.1375,0.1298,68.295,66.8506,1.3949
40.96,-0.8654,0.1725,-31.07,104,0.0,FOLLOW_PATH,0.1345,0.131,68.2573,66.882,1.395
40.976,-0.8654,0.1725,-31.07,104,0.0795,FOLLOW_PATH,0.1278,0.1302,68.2573,66.882,1.395
40.992,-0.8653,0.1724,-26.67,104,0.0795,FOLLOW_PATH,0.1071,0.1248,68.1631,66.9825,1.395
41.008,-0.8653,0.1724,-22.13,104,0.0795,FOLLOW_PATH,0.1063,0.1205,68.0626,67.083,1.395
41.024,-0.8653,0.1724,-17.59,104,0.0795,FOLLOW_PATH,0.0981,0.1152,67.9622,67.1834,1.395
41.04,-0.8653,0.1724,-13.05,104,0.0795,FOLLOW_PATH,0.0908,0.1095,67.8617,67.2839,1.395
41.056,-0.8652,0.1724,-8.79,104,0.0796,FOLLOW_PATH,0.0881,0.1044,67.7738,67.3844,1.3952
41.072,-0.8652,0.1724,-4.4,104,0.0,AVOID,0.0793,0.0985,67.6796,67.4849,1.3952
41.088,-0.8652,0.1724,-4.4,104,0.0,AVOID,0.0796,0.0941,67.6796,67.4849,1.3952
41.104,-0.8652,0.1724,-5.82,104,0.0,AVOID,0.0837,0.0916,67.711,67.4535,1.3952
41.12,-0.8652,0.1724,-7.23,104,0.0,AVOID,0.0839,0.0898,67.7424,67.4221,1.3952
41.136,-0.8651,0.1724,-8.79,104,0.0,AVOID,0.0829,0.0882,67.78,67.3907,1.3953
41.152,-0.8651,0.1724,-10.21,104,0.0,AVOID,0.086,0.0877,67.8114,67.3593,1.3953
41.168,-0.8651,0.1724,-11.63,104,0.0,AVOID,0.0874,0.0876,67.8428,67.3279,1.3953
41.184,-0.8652,0.1724,-13.19,104,0.0,AVOID,0.0917,0.0886,67.8742,67.2902,1.3953
41.2,-0.8652,0.1724,-14.61,104,0.0,AVOID,0.0933,0.0897,67.9056,67.2588,1.3953
41.216,-0.8652,0.1724,-16.03,104,0.0,AVOID,0.0932,0.0905,67.937,67.2274,1.3953
41.232,-0.8652,0.1724,-17.45,104,0.0,AVOID,0.0966,0.0919,67.9684,67.196,1.3953
41.248,-0.8652,0.1724,-18.87,104,0.0,AVOID,0.1007,0.094,67.9998,67.1646,1.3953
41.264,-0.8652,0.1724,-20.28,104,0.0,AVOID,0.103,0.0961,68.0312,67.1332,1.3953
41.28,-0.8652,0.1724,-21.7,104,0.0,AVOID,0.1014,0.0973,68.0626,67.1018,1.3953
41.296,-0.8651,0.1724,-23.26,104,0.0,AVOID,0.1086,0.0999,68.1003,67.0704,1.3954
41.312,-0.8651,0.1724,-24.68,104,0.0,AVOID,0.1083,0.1019,68.1317,67.039,1.3954
41.328,-0.8651,0.1724,-26.1,104,0.0,AVOID,0.111,0.104,68.1631,67.0076,1.3954
41.344,-0.8652,0.1724,-27.66,104,0.0,AVOID,0.1105,0.1056,68.1945,66.9699,1.3955
41.36,-0.8652,0.1724,-29.08,104,0.0,AVOID,0.1133,0.1074,68.2259,66.9385,1.3955
41.376,-0.8652,0.1724,-30.5,104,0.0,AVOID,0.1248,0.1115,68.2573,66.9071,1.3955
41.392,-0.8652,0.1724,-31.92,104,0.0,AVOID,0.1308,0.116,68.2887,66.8757,1.3955
41.408,-0.8652,0.1724,-33.34,104,0.0,AVOID,0.137,0.1209,68.3201,66.8443,1.3955
41.424,-0.8652,0.1724,-31.92,104,0.0,AVOID,0.1328,0.1237,68.2887,66.8757,1.3955
41.44,-0.8652,0.1724,-33.34,104,0.0,AVOID,0.1356,0.1265,68.3201,66.8443,1.3955
41.456,-0.8652,0.1724,-31.92,104,0.0,AVOID,0.1292,0.1271,68.2887,66.8757,1.3955
41.472,-0.8652,0.1724,-33.34,104,0.0,AVOID,0.1382,0.1297,68.3201,66.8443,1.3955
41.488,-0.8652,0.1724,-31.92,104,0.0,AVOID,0.1288,0.1295,68.2887,66.8757,1.3955
41.504,-0.8652,0.1724,-33.34,104,0.0,FOLLOW_PATH,0.1375,0.1314,68.3201,66.8443,1.3955
41.52,-0.8652,0.1724,-33.34,104,0.0797,FOLLOW_PATH,0.1337,0.1319,68.3201,66.8443,1.3955
41.536,-0.8652,0.1724,-28.8,104,0.0797,FOLLOW_PATH,0.1142,0.1278,68.2196,66.9448,1.3955
41.552,-0.8652,0.1724,-24.26,104,0.0797,FOLLOW_PATH,0.1077,0.1231,68.1192,67.0453,1.3955
41.568,-0.8652,0.1724,-19.72,104,0.0797,FOLLOW_PATH,0.1006,0.1178,68.0187,67.1458,1.3955
41.584,-0.8651,0.1724,-15.32,104,0.0797,FOLLOW_PATH,0.0963,0.1127,67.9245,67.2462,1.3955
41.6,-0.865,0.1724,-10.92,104,0.0798,FOLLOW_PATH,0.0873,0.1067,67.8303,67.3467,1.3956
41.616,-0.865,0.1724,-6.53,104,0.0798,FOLLOW_PATH,0.0821,0.1009,67.7361,67.4472,1.3957
41.632,-0.8648,0.1723,-2.27,104,0.0,AVOID,0.0774,0.0953,67.6482,67.5477,1.3958
41.648,-0.8648,0.1723,-2.27,104,0.0,AVOID,0.0779,0.0913,67.6482,67.5477,1.3958
41.664,-0.8648,0.1723,-3.69,104,0.0,AVOID,0.0784,0.0883,67.6796,67.5163,1.3958
41.68,-0.8648,0.1723,-5.11,104,0.0,AVOID,0.0795,0.0862,67.711,67.4849,1.3958
41.696,-0.8648,0.1723,-6.53,104,0.0,AVOID,0.0817,0.0852,67.7424,67.4535,1.3958
41.712,-0.8648,0.1723,-7.94,104,0.0,AVOID,0.0837,0.0848,67.7738,67.4221,1.3958
41.728,-0.8649,0.1724,-9.5,104,0.0,AVOID,0.086,0.0851,67.8052,67.3844,1.3959
41.744,-0.8648,0.1723,-11.06,104,0.0,AVOID,0.087,0.0855,67.8428,67.353,1.3959
41.76,-0.8648,0.1723,-12.48,104,0.0,AVOID,0.0877,0.086,67.8742,67.3216,1.3959
41.776,-0.8648,0.1723,-13.9,104,0.0,AVOID,0.0933,0.0877,67.9056,67.2902,1.3959
41.792,-0.8648,0.1723,-15.32,104,0.0,AVOID,0.095,0.0894,67.937,67.2588,1.3959
41.808,-0.8648,0.1723,-16.74,104,0.0,AVOID,0.0952,0.0908,67.9684,67.2274,1.3959
41.824,-0.8648,0.1723,-18.16,104,0.0,AVOID,0.0961,0.092,67.9998,67.196,1.3959
41.84,-0.8648,0.1723,-19.58,104,0.0,AVOID,0.098,0.0934,68.0312,67.1646,1.3959
41.856,-0.8648,0.1723,-20.99,104,0.0,AVOID,0.0993,0.0948,68.0626,67.1332,1.3959
41.872,-0.8648,0.1723,-22.41,104,0.0,AVOID,0.1054,0.0973,68.094,67.1018,1.3959
41.888,-0.8649,0.1724,-23.97,104,0.0,AVOID,0.1055,0.0992,68.1254,67.0641,1.396
41.904,-0.8648,0.1723,-25.53,104,0.0,AVOID,0.1051,0.1006,68.1631,67.0327,1.3961
41.92,-0.8648,0.1723,-26.95,104,0.0,AVOID,0.1094,0.1026,68.1945,67.0013,1.3961
41.936,-0.8648,0.1723,-28.37,104,0.0,AVOID,0.1126,0.1049,68.2259,66.9699,1.3961
41.952,-0.8648,0.1723,-29.79,104,0.0,AVOID,0.1146,0.1072,68.2573,66.9385,1.3961
41.968,-0.8648,0.1723,-31.21,104,0.0,AVOID,0.1184,0.1098,68.2887,66.9071,1.3961
41.984,-0.8648,0.1723,-32.63,104,0.0,AVOID,0.1336,0.1154,68.3201,66.8757,1.3961
42.0,-0.8648,0.1723,-34.04,104,0.0,AVOID,0.1416,0.1215,68.3515,66.8443,1.3961
42.016,-0.8648,0.1723,-35.46,104,0.0,AVOID,0.1392,0.1257,68.3829,66.8129,1.3961
42.032,-0.8648,0.1723,-36.88,104,0.0,AVOID,0.1367,0.1282,68.4143,66.7815,1.3961
42.048,-0.8648,0.1723,-35.46,104,0.0,FOLLOW_PATH,0.1368,0.1302,68.3829,66.8129,1.3961
42.064,-0.8648,0.1723,-35.46,104,0.0799,FOLLOW_PATH,0.1407,0.1327,68.3829,66.8129,1.3961
42.08,-0.8648,0.1723,-30.92,104,0.0799,FOLLOW_PATH,0.1197,0.1296,68.2824,66.9134,1.3961
42.096,-0.8648,0.1723,-26.38,104,0.0799,FOLLOW_PATH,0.1072,0.1244,68.182,67.0139,1.3961
42.112,-0.8648,0.1723,-21.85,104,0.0799,FOLLOW_PATH,0.1004,0.1188,68.0815,67.1144,1.3961
42.128,-0.8648,0.1723,-17.31,104,0.0799,FOLLOW_PATH,0.0961,0.1135,67.981,67.2148,1.3961
42.144,-0.8648,0.1723,-12.91,104,0.08,FOLLOW_PATH,0.0906,0.1081,67.8868,67.3153,1.3961
42.16,-0.8647,0.1723,-8.51,104,0.0801,FOLLOW_PATH,0.0829,0.1021,67.7926,67.4158,1.3962
42.176,-0.8646,0.1723,-4.26,104,0.0,AVOID,0.0792,0.0967,67.7047,67.5163,1.3963
42.192,-0.8646,0.1723,-4.26,104,0.0,AVOID,0.0795,0.0926,67.7047,67.5163,1.3963
42.208,-0.8647,0.1723,-5.82,104,0.0,AVOID,0.0811,0.09,67.7361,67.4786,1.3964
42.224,-0.8647,0.1723,-7.23,104,0.0,AVOID,0.0824,0.0882,67.7675,67.4472,1.3964
42.24,-0.8647,0.1723,-8.65,104,0.0,AVOID,0.0804,0.0864,67.7989,67.4158,1.3964
42.256,-0.8647,0.1723,-10.07,104,0.0,AVOID,0.0843,0.0859,67.8303,67.3844,1.3964
42.272,-0.8646,0.1723,-11.63,104,0.0,AVOID,0.0872,0.0861,67.868,67.353,1.3964
42.288,-0.8646,0.1723,-13.05,104,0.0,AVOID,0.0888,0.0868,67.8994,67.3216,1.3964
42.304,-0.8646,0.1723,-14.47,104,0.0,AVOID,0.0931,0.0882,67.9308,67.2902,1.3964
42.32,-0.8646,0.1723,-15.89,104,0.0,AVOID,0.0958,0.09,67.9622,67.2588,1.3964
42.336,-0.8646,0.1723,-17.31,104,0.0,AVOID,0.0967,0.0916,67.9936,67.2274,1.3964
42.352,-0.8646,0.1723,-18.72,104,0.0,AVOID,0.0959,0.0926,68.025,67.196,1.3964
42.368,-0.8646,0.1723,-20.28,104,0.0,AVOID,0.1008,0.0945,68.0564,67.1583,1.3965
42.384,-0.8646,0.1723,-21.7,104,0.0,AVOID,0.1019,0.0963,68.0878,67.1269,1.3965
42.4,-0.8646,0.1723,-23.12,104,0.0,AVOID,0.1044,0.0982,68.1192,67.0955,1.3965
42.416,-0.8646,0.1723,-24.54,104,0.0,AVOID,0.1035,0.0994,68.1506,67.0641,1.3965
42.432,-0.8646,0.1723,-25.96,104,0.0,AVOID,0.1097,0.1018,68.182,67.0327,1.3965
42.448,-0.8646,0.1723,-27.52,104,0.0,AVOID,0.1043,0.1024,68.2196,67.0013,1.3966
42.464,-0.8646,0.1723,-28.94,104,0.0,AVOID,0.1098,0.1041,68.251,66.9699,1.3966
42.48,-0.8646,0.1723,-30.36,104,0.0,AVOID,0.1138,0.1064,68.2824,66.9385,1.3966
42.496,-0.8646,0.1723,-31.77,104,0.0,AVOID,0.1233,0.1103,68.3138,66.9071,1.3966
42.512,-0.8646,0.1723,-33.19,104,0.0,AVOID,0.1282,0.1145,68.3452,66.8757,1.3966
42.528,-0.8646,0.1723,-34.61,104,0.0,AVOID,0.1345,0.1192,68.3766,66.8443,1.3966
42.544,-0.8646,0.1723,-36.17,104,0.0,AVOID,0.1359,0.1231,68.408,66.8066,1.3966
42.56,-0.8646,0.1723,-37.59,104,0.0,AVOID,0.1358,0.1261,68.4394,66.7752,1.3966
42.576,-0.8646,0.1723,-36.17,104,0.0,AVOID,0.1388,0.1291,68.408,66.8066,1.3966
42.592,-0.8646,0.1723,-37.59,104,0.0,FOLLOW_PATH,0.1391,0.1314,68.4394,66.7752,1.3966
42.608,-0.8646,0.1723,-37.59,104,0.0801,FOLLOW_PATH,0.1374,0.1328,68.4394,66.7752,1.3966
42.624,-0.8646,0.1723,-33.05,104,0.0801,FOLLOW_PATH,0.1297,0.1321,68.339,66.8757,1.3966
42.64,-0.8646,0.1723,-28.51,104,0.0801,FOLLOW_PATH,0.1125,0.1275,68.2385,66.9762,1.3966
42.656,-0.8646,0.1723,-23.97,104,0.0801,FOLLOW_PATH,0.1052,0.1223,68.138,67.0767,1.3966
42.672,-0.8646,0.1723,-19.43,104,0.0801,FOLLOW_PATH,0.0964,0.1163,68.0375,67.1772,1.3966
42.688,-0.8646,0.1723,-15.04,104,0.0802,FOLLOW_PATH,0.092,0.1105,67.9433,67.2776,1.3967
42.704,-0.8645,0.1723,-10.64,104,0.0802,FOLLOW_PATH,0.0841,0.1043,67.8491,67.3781,1.3968
42.72,-0.8645,0.1723,-6.24,104,0.0,AVOID,0.0775,0.098,67.7549,67.4786,1.3968
42.736,-0.8645,0.1723,-6.24,104,0.0,AVOID,0.078,0.0933,67.7549,67.4786,1.3968
42.752,-0.8645,0.1723,-7.66,104,0.0,AVOID,0.0817,0.0906,67.7863,67.4472,1.3968
42.768,-0.8645,0.1723,-9.08,104,0.0,AVOID,0.0817,0.0885,67.8177,67.4158,1.3968
42.784,-0.8645,0.1723,-10.5,104,0.0,AVOID,0.0849,0.0877,67.8491,67.3844,1.3968
42.8,-0.8644,0.1723,-12.06,104,0.0,AVOID,0.0857,0.0872,67.8868,67.353,1.3969
42.816,-0.8644,0.1723,-13.48,104,0.0,AVOID,0.0889,0.0876,67.9182,67.3216,1.3969
42.832,-0.8644,0.1723,-14.89,104,0.0,AVOID,0.0926,0.0887,67.9496,67.2902,1.3969
42.848,-0.8645,0.1723,-16.45,104,0.0,AVOID,0.092,0.0896,67.981,67.2525,1.397
42.864,-0.8645,0.1723,-17.87,104,0.0,AVOID,0.0965,0.0912,68.0124,67.2211,1.397
42.88,-0.8645,0.1723,-19.29,104,0.0,AVOID,0.0979,0.0928,68.0438,67.1897,1.397
42.896,-0.8645,0.1723,-20.71,104,0.0,AVOID,0.099,0.0942,68.0752,67.1583,1.397
42.912,-0.8645,0.1723,-22.13,104,0.0,AVOID,0.1017,0.096,68.1066,67.1269,1.397
42.928,-0.8645,0.1723,-23.55,104,0.0,AVOID,0.1006,0.097,68.138,67.0955,1.397
42.944,-0.8645,0.1723,-24.97,104,0.0,AVOID,0.1103,0.1001,68.1694,67.0641,1.397
42.96,-0.8644,0.1723,-26.53,104,0.0,AVOID,0.1087,0.1021,68.2071,67.0327,1.397
42.976,-0.8644,0.1723,-27.94,104,0.0,AVOID,0.1112,0.1042,68.2385,67.0013,1.397
42.992,-0.8644,0.1723,-29.36,104,0.0,AVOID,0.111,0.1058,68.2699,66.9699,1.397
43.008,-0.8644,0.1723,-30.78,104,0.0,AVOID,0.1142,0.1078,68.3013,66.9385,1.397
43.024,-0.8645,0.1723,-32.34,104,0.0,AVOID,0.1166,0.1099,68.3327,66.9008,1.3971
43.04,-0.8645,0.1723,-33.76,104,0.0,AVOID,0.1328,0.1152,68.3641,66.8694,1.3971
43.056,-0.8645,0.1723,-35.18,104,0.0,AVOID,0.1367,0.1202,68.3955,66.838,1.3971
43.072,-0.8645,0.1723,-33.76,104,0.0,AVOID,0.1316,0.1229,68.3641,66.8694,1.3971
43.088,-0.8645,0.1723,-35.18,104,0.0,AVOID,0.14,0.1269,68.3955,66.838,1.3971
43.104,-0.8645,0.1723,-33.76,104,0.0,AVOID,0.1305,0.1278,68.3641,66.8694,1.3971
43.12,-0.8645,0.1723,-35.18,104,0.0,FOLLOW_PATH,0.1387,0.1303,68.3955,66.838,1.3971
43.136,-0.8645,0.1723,-35.18,104,0.0803,FOLLOW_PATH,0.1377,0.132,68.3955,66.838,1.3971
43.152,-0.8645,0.1723,-30.64,104,0.0803,FOLLOW_PATH,0.1118,0.1273,68.295,66.9385,1.3971
43.168,-0.8645,0.1723,-26.1,104,0.0803,FOLLOW_PATH,0.1095,0.1232,68.1945,67.039,1.3971
43.184,-0.8645,0.1723,-21.56,104,0.0803,FOLLOW_PATH,0.0985,0.1174,68.094,67.1395,1.3971
43.2,-0.8645,0.1723,-17.02,104,0.0803,FOLLOW_PATH,0.093,0.1117,67.9936,67.24,1.3971
43.216,-0.8644,0.1723,-12.62,104,0.0803,FOLLOW_PATH,0.0878,0.1061,67.8994,67.3404,1.3972
43.232,-0.8643,0.1723,-8.23,104,0.0,AVOID,0.0803,0.1,67.8052,67.4409,1.3972
43.248,-0.8643,0.1723,-8.23,104,0.0,AVOID,0.0783,0.0949,67.8052,67.4409,1.3972
43.264,-0.8643,0.1723,-9.65,104,0.0,AVOID,0.0825,0.092,67.8366,67.4095,1.3972
43.28,-0.8643,0.1723,-11.21,104,0.0,AVOID,0.0857,0.0905,67.8742,67.3781,1.3973
43.296,-0.8643,0.1723,-12.62,104,0.0,AVOID,0.0863,0.0895,67.9056,67.3467,1.3973
43.312,-0.8643,0.1723,-14.04,104,0.0,AVOID,0.0863,0.0888,67.937,67.3153,1.3973
43.328,-0.8643,0.1723,-15.46,104,0.0,AVOID,0.094,0.09,67.9684,67.2839,1.3973
43.344,-0.8643,0.1723,-16.88,104,0.0,AVOID,0.0942,0.091,67.9998,67.2525,1.3973
43.36,-0.8643,0.1723,-18.44,104,0.0,AVOID,0.096,0.0922,68.0312,67.2148,1.3973
43.376,-0.8643,0.1723,-19.86,104,0.0,AVOID,0.0979,0.0935,68.0626,67.1834,1.3973
43.392,-0.8643,0.1723,-21.28,104,0.0,AVOID,0.0975,0.0945,68.094,67.152,1.3973
43.408,-0.8643,0.1723,-22.7,104,0.0,AVOID,0.099,0.0955,68.1254,67.1206,1.3973
43.424,-0.8643,0.1723,-24.11,104,0.0,AVOID,0.107,0.0982,68.1568,67.0892,1.3973
43.44,-0.8643,0.1723,-25.53,104,0.0,AVOID,0.1013,0.0989,68.1882,67.0578,1.3973
43.456,-0.8643,0.1722,-27.09,104,0.0,AVOID,0.1063,0.1006,68.2259,67.0264,1.3974
43.472,-0.8643,0.1722,-28.51,104,0.0,AVOID,0.1093,0.1026,68.2573,66.995,1.3974
43.488,-0.8643,0.1722,-29.93,104,0.0,AVOID,0.1102,0.1044,68.2887,66.9636,1.3974
43.504,-0.8643,0.1722,-31.35,104,0.0,AVOID,0.1177,0.1075,68.3201,66.9322,1.3974
43.52,-0.8643,0.1723,-32.91,104,0.0,AVOID,0.1207,0.1107,68.3515,66.8946,1.3975
43.536,-0.8643,0.1723,-34.33,104,0.0,AVOID,0.1312,0.1155,68.3829,66.8632,1.3975
43.552,-0.8643,0.1723,-35.75,104,0.0,AVOID,0.1401,0.1212,68.4143,66.8318,1.3975
43.568,-0.8643,0.1723,-37.16,104,0.0,AVOID,0.1365,0.1248,68.4457,66.8004,1.3975
43.584,-0.8643,0.1723,-35.75,104,0.0,AVOID,0.1378,0.1278,68.4143,66.8318,1.3975
43.6,-0.8643,0.1723,-34.33,104,0.0,AVOID,0.1267,0.1276,68.3829,66.8632,1.3975
43.616,-0.8643,0.1723,-35.75,104,0.0,FOLLOW_PATH,0.1398,0.1304,68.4143,66.8318,1.3975
43.632,-0.8643,0.1723,-35.75,104,0.0804,FOLLOW_PATH,0.1398,0.1326,68.4143,66.8318,1.3975
43.648,-0.8643,0.1723,-31.21,104,0.0804,FOLLOW_PATH,0.1131,0.1281,68.3138,66.9322,1.3975
43.664,-0.8643,0.1723,-26.67,104,0.0804,FOLLOW_PATH,0.1057,0.1228,68.2134,67.0327,1.3975
43.68,-0.8643,0.1723,-22.13,104,0.0804,FOLLOW_PATH,0.1011,0.1178,68.1129,67.1332,1.3975
43.696,-0.8643,0.1723,-17.59,104,0.0804,FOLLOW_PATH,0.0926,0.1119,68.0124,67.2337,1.3975
43.712,-0.8643,0.1723,-13.19,104,0.0804,FOLLOW_PATH,0.0871,0.106,67.9182,67.3342,1.3975
43.728,-0.8642,0.1722,-8.79,104,0.0,AVOID,0.0803,0.0999,67.824,67.4346,1.3976
43.744,-0.8642,0.1722,-8.79,104,0.0,AVOID,0.0818,0.0957,67.824,67.4346,1.3976
43.76,-0.8642,0.1722,-10.21,104,0.0,AVOID,0.0834,0.0928,67.8554,67.4032,1.3976
43.776,-0.8642,0.1722,-11.63,104,0.0,AVOID,0.0865,0.0914,67.8868,67.3718,1.3976
43.792,-0.8642,0.1722,-13.05,104,0.0,AVOID,0.0874,0.0904,67.9182,67.3404,1.3976
43.808,-0.8641,0.1722,-14.61,104,0.0,AVOID,0.0883,0.0899,67.9559,67.309,1.3977
43.824,-0.8641,0.1722,-16.03,104,0.0,AVOID,0.0914,0.0902,67.9873,67.2776,1.3977
43.84,-0.8641,0.1722,-17.45,104,0.0,AVOID,0.0934,0.091,68.0187,67.2462,1.3977
43.856,-0.8642,0.1723,-19.01,104,0.0,AVOID,0.0968,0.0924,68.0501,67.2086,1.3977
43.872,-0.8642,0.1723,-20.43,104,0.0,AVOID,0.0982,0.0938,68.0815,67.1772,1.3977
43.888,-0.8642,0.1723,-21.85,104,0.0,AVOID,0.101,0.0954,68.1129,67.1458,1.3977
43.904,-0.8642,0.1723,-23.26,104,0.0,AVOID,0.1012,0.0968,68.1443,67.1144,1.3977
43.92,-0.8642,0.1723,-24.68,104,0.0,AVOID,0.1086,0.0996,68.1757,67.083,1.3977
43.936,-0.8642,0.1723,-26.1,104,0.0,AVOID,0.1074,0.1014,68.2071,67.0516,1.3977
43.952,-0.8642,0.1723,-27.52,104,0.0,AVOID,0.1071,0.1027,68.2385,67.0202,1.3977
43.968,-0.8642,0.1723,-28.94,104,0.0,AVOID,0.1139,0.1054,68.2699,66.9888,1.3977
43.984,-0.8641,0.1722,-30.5,104,0.0,AVOID,0.1147,0.1075,68.3076,66.9574,1.3978
44.0,-0.8641,0.1722,-31.92,104,0.0,AVOID,0.1141,0.109,68.339,66.926,1.3978
44.016,-0.8642,0.1723,-33.48,104,0.0,AVOID,0.1239,0.1125,68.3704,66.8883,1.3979
44.032,-0.8642,0.1723,-34.9,104,0.0,AVOID,0.1333,0.1174,68.4018,66.8569,1.3979
44.048,-0.8642,0.1723,-36.31,104,0.0,AVOID,0.1399,0.1227,68.4332,66.8255,1.3979
44.064,-0.8642,0.1723,-34.9,104,0.0,AVOID,0.1328,0.125,68.4018,66.8569,1.3979
44.08,-0.8642,0.1723,-36.31,104,0.0,AVOID,0.1388,0.1283,68.4332,66.8255,1.3979
44.096,-0.8642,0.1723,-34.9,104,0.0,AVOID,0.1301,0.1287,68.4018,66.8569,1.3979
44.112,-0.8642,0.1723,-36.31,104,0.0,FOLLOW_PATH,0.1376,0.1308,68.4332,66.8255,1.3979
44.128,-0.8642,0.1723,-36.31,104,0.0805,FOLLOW_PATH,0.1348,0.1317,68.4332,66.8255,1.3979
44.144,-0.8642,0.1723,-31.77,104,0.0805,FOLLOW_PATH,0.1147,0.1277,68.3327,66.926,1.3979
44.16,-0.8642,0.1723,-27.24,104,0.0805,FOLLOW_PATH,0.1081,0.1231,68.2322,67.0264,1.3979
44.176,-0.8642,0.1723,-22.7,104,0.0805,FOLLOW_PATH,0.1011,0.118,68.1317,67.1269,1.3979
44.192,-0.8642,0.1723,-18.16,104,0.0805,FOLLOW_PATH,0.0939,0.1123,68.0312,67.2274,1.3979
44.208,-0.8641,0.1722,-13.76,104,0.0806,FOLLOW_PATH,0.0901,0.1071,67.937,67.3279,1.3979
44.224,-0.8641,0.1722,-9.36,104,0.0806,FOLLOW_PATH,0.0823,0.1012,67.8428,67.4284,1.398
44.24,-0.864,0.1722,-4.96,104,0.0,AVOID,0.0783,0.0958,67.7486,67.5288,1.3981
44.256,-0.864,0.1722,-4.96,104,0.0,AVOID,0.0764,0.0913,67.7486,67.5288,1.3981
44.272,-0.864,0.1722,-6.38,104,0.0,AVOID,0.0792,0.0885,67.78,67.4974,1.3981
44.288,-0.8639,0.1722,-7.94,104,0.0,AVOID,0.0787,0.0861,67.8177,67.466,1.3981
44.304,-0.8639,0.1722,-9.36,104,0.0,AVOID,0.083,0.0854,67.8491,67.4346,1.3981
44.32,-0.8639,0.1722,-10.78,104,0.0,AVOID,0.083,0.0848,67.8805,67.4032,1.3981
44.336,-0.8639,0.1722,-12.2,104,0.0,AVOID,0.0843,0.0847,67.9119,67.3718,1.3981
44.352,-0.8639,0.1722,-13.62,104,0.0,AVOID,0.0888,0.0857,67.9433,67.3404,1.3981
44.368,-0.864,0.1722,-15.18,104,0.0,AVOID,0.0888,0.0865,67.9747,67.3028,1.3982
44.384,-0.864,0.1722,-16.6,104,0.0,AVOID,0.0908,0.0875,68.0061,67.2714,1.3982
44.4,-0.864,0.1722,-18.02,104,0.0,AVOID,0.0938,0.089,68.0375,67.24,1.3982
44.416,-0.864,0.1722,-19.43,104,0.0,AVOID,0.0965,0.0907,68.0689,67.2086,1.3982
44.432,-0.864,0.1722,-20.85,104,0.0,AVOID,0.0988,0.0926,68.1003,67.1772,1.3982
44.448,-0.864,0.1722,-22.27,104,0.0,AVOID,0.0979,0.0938,68.1317,67.1458,1.3982
44.464,-0.8639,0.1722,-23.83,104,0.0,AVOID,0.0999,0.0952,68.1694,67.1144,1.3982
44.48,-0.8639,0.1722,-25.25,104,0.0,AVOID,0.1009,0.0965,68.2008,67.083,1.3982
44.496,-0.8639,0.1722,-26.67,104,0.0,AVOID,0.1041,0.0983,68.2322,67.0516,1.3982
44.512,-0.8639,0.1722,-28.09,104,0.0,AVOID,0.11,0.1011,68.2636,67.0202,1.3982
44.528,-0.8639,0.1722,-29.51,104,0.0,AVOID,0.1109,0.1034,68.295,66.9888,1.3982
44.544,-0.864,0.1722,-31.07,104,0.0,AVOID,0.1086,0.1046,68.3264,66.9511,1.3983
44.56,-0.864,0.1722,-32.48,104,0.0,AVOID,0.118,0.1078,68.3578,66.9197,1.3983
44.576,-0.864,0.1722,-33.9,104,0.0,AVOID,0.1272,0.1123,68.3892,66.8883,1.3983
44.592,-0.864,0.1722,-35.32,104,0.0,AVOID,0.1328,0.1171,68.4206,66.8569,1.3983
44.608,-0.864,0.1722,-36.74,104,0.0,AVOID,0.1377,0.1219,68.452,66.8255,1.3983
44.624,-0.864,0.1722,-35.32,104,0.0,AVOID,0.1364,0.1253,68.4206,66.8569,1.3983
44.64,-0.864,0.1722,-36.74,104,0.0,AVOID,0.1415,0.1291,68.452,66.8255,1.3983
44.656,-0.8639,0.1722,-38.3,104,0.0,FOLLOW_PATH,0.137,0.1309,68.4897,66.7941,1.3984
44.672,-0.8639,0.1722,-38.3,104,0.0807,FOLLOW_PATH,0.1354,0.132,68.4897,66.7941,1.3984
44.688,-0.8639,0.1722,-33.76,104,0.0807,FOLLOW_PATH,0.1232,0.1299,68.3892,66.8946,1.3984
44.704,-0.8639,0.1722,-29.22,104,0.0807,FOLLOW_PATH,0.1108,0.1255,68.2887,66.995,1.3984
44.72,-0.8639,0.1722,-24.68,104,0.0807,FOLLOW_PATH,0.105,0.1207,68.1882,67.0955,1.3984
44.736,-0.8639,0.1722,-20.14,104,0.0807,FOLLOW_PATH,0.0959,0.1149,68.0878,67.196,1.3984
44.752,-0.8639,0.1722,-15.6,104,0.0807,FOLLOW_PATH,0.0886,0.1087,67.9873,67.2965,1.3984
44.768,-0.8639,0.1722,-11.21,104,0.0808,FOLLOW_PATH,0.0828,0.1026,67.8931,67.397,1.3984
44.784,-0.8638,0.1722,-6.81,104,0.0,AVOID,0.0764,0.0964,67.7989,67.4974,1.3985
44.8,-0.8638,0.1722,-6.81,104,0.0,AVOID,0.0775,0.092,67.7989,67.4974,1.3985
44.816,-0.8638,0.1722,-8.23,104,0.0,AVOID,0.0795,0.0891,67.8303,67.466,1.3985
44.832,-0.8638,0.1722,-9.65,104,0.0,AVOID,0.0808,0.0871,67.8617,67.4346,1.3985
44.848,-0.8639,0.1722,-11.21,104,0.0,AVOID,0.0816,0.0859,67.8931,67.397,1.3986
44.864,-0.8638,0.1722,-12.77,104,0.0,AVOID,0.0835,0.0853,67.9308,67.3656,1.3986
44.88,-0.8638,0.1722,-14.19,104,0.0,AVOID,0.0864,0.0855,67.9622,67.3342,1.3986
44.896,-0.8638,0.1722,-15.6,104,0.0,AVOID,0.089,0.0864,67.9936,67.3028,1.3986
44.912,-0.8638,0.1722,-17.02,104,0.0,AVOID,0.0959,0.0886,68.025,67.2714,1.3986
44.928,-0.8638,0.1722,-18.44,104,0.0,AVOID,0.0953,0.0902,68.0564,67.24,1.3986
44.944,-0.8638,0.1722,-19.86,104,0.0,AVOID,0.0959,0.0915,68.0878,67.2086,1.3986
44.96,-0.8638,0.1722,-21.28,104,0.0,AVOID,0.0992,0.0933,68.1192,67.1772,1.3986
44.976,-0.8638,0.1722,-22.7,104,0.0,AVOID,0.0984,0.0945,68.1506,67.1458,1.3986
44.992,-0.8638,0.1722,-24.11,104,0.0,AVOID,0.0997,0.0957,68.182,67.1144,1.3986
45.008,-0.8638,0.1722,-25.53,104,0.0,AVOID,0.1044,0.0978,68.2134,67.083,1.3986
45.024,-0.8638,0.1722,-27.24,104,0.0,AVOID,0.1063,0.0998,68.251,67.0453,1.3986
45.04,-0.8638,0.1722,-28.65,104,0.0,AVOID,0.1075,0.1016,68.2824,67.0139,1.3986
45.056,-0.8638,0.1722,-30.07,104,0.0,AVOID,0.1075,0.103,68.3138,66.9825,1.3986
45.072,-0.8638,0.1722,-31.49,104,0.0,AVOID,0.1161,0.106,68.3452,66.9511,1.3986
45.088,-0.8638,0.1722,-32.91,104,0.0,AVOID,0.1158,0.1083,68.3766,66.9197,1.3986
45.104,-0.8638,0.1722,-34.33,104,0.0,AVOID,0.1241,0.112,68.408,66.8883,1.3986
45.12,-0.8638,0.1722,-35.75,104,0.0,AVOID,0.1268,0.1155,68.4394,66.8569,1.3986
45.136,-0.8638,0.1722,-37.16,104,0.0,AVOID,0.1376,0.1206,68.4708,66.8255,1.3986
45.152,-0.8638,0.1722,-38.58,104,0.0,AVOID,0.1361,0.1243,68.5022,66.7941,1.3986
45.168,-0.8638,0.1722,-40.0,104,0.0,AVOID,0.1354,0.1269,68.5336,66.7627,1.3986
45.184,-0.8639,0.1722,-41.56,104,0.0,AVOID,0.1323,0.1282,68.565,66.725,1.3987
45.2,-0.8638,0.1722,-40.0,104,0.0,FOLLOW_PATH,0.1383,0.1305,68.5336,66.7627,1.3988
45.216,-0.8638,0.1722,-40.0,104,0.0808,FOLLOW_PATH,0.1402,0.1328,68.5336,66.7627,1.3988
45.232,-0.8638,0.1722,-35.46,104,0.0808,FOLLOW_PATH,0.1321,0.1326,68.4332,66.8632,1.3988
45.248,-0.8638,0.1722,-30.92,104,0.0808,FOLLOW_PATH,0.1119,0.1278,68.3327,66.9636,1.3988
45.264,-0.8639,0.1722,-26.53,104,0.0808,FOLLOW_PATH,0.1081,0.1232,68.2322,67.0578,1.3988
45.28,-0.8639,0.1722,-21.99,104,0.0808,FOLLOW_PATH,0.0956,0.1168,68.1317,67.1583,1.3988
45.296,-0.8638,0.1722,-17.59,104,0.0808,FOLLOW_PATH,0.093,0.1112,68.0375,67.2588,1.3989
45.312,-0.8638,0.1722,-13.05,104,0.0808,FOLLOW_PATH,0.0833,0.1046,67.937,67.3593,1.3989
45.328,-0.8638,0.1722,-8.65,104,0.0,AVOID,0.0785,0.0985,67.8428,67.4598,1.399
45.344,-0.8638,0.1722,-8.65,104,0.0,AVOID,0.08,0.0942,67.8428,67.4598,1.399
45.36,-0.8638,0.1722,-10.07,104,0.0,AVOID,0.0807,0.091,67.8742,67.4284,1.399
45.376,-0.8637,0.1722,-11.63,104,0.0,AVOID,0.083,0.0891,67.9119,67.397,1.399
45.392,-0.8637,0.1722,-13.05,104,0.0,AVOID,0.0862,0.0884,67.9433,67.3656,1.399
45.408,-0.8637,0.1722,-14.47,104,0.0,AVOID,0.0884,0.0884,67.9747,67.3342,1.399
45.424,-0.8637,0.1722,-15.89,104,0.0,AVOID,0.0876,0.0882,68.0061,67.3028,1.399
45.44,-0.8637,0.1722,-17.31,104,0.0,AVOID,0.0908,0.0888,68.0375,67.2714,1.399
45.456,-0.8637,0.1722,-18.72,104,0.0,AVOID,0.0917,0.0895,68.0689,67.24,1.399
45.472,-0.8637,0.1722,-20.14,104,0.0,AVOID,0.0947,0.0907,68.1003,67.2086,1.399
45.488,-0.8637,0.1722,-21.56,104,0.0,AVOID,0.0985,0.0925,68.1317,67.1772,1.399
45.504,-0.8637,0.1722,-23.12,104,0.0,AVOID,0.1012,0.0946,68.1631,67.1395,1.3991
45.52,-0.8637,0.1722,-24.54,104,0.0,AVOID,0.1043,0.0969,68.1945,67.1081,1.3991
45.536,-0.8637,0.1721,-26.1,104,0.0,AVOID,0.1088,0.0996,68.2322,67.0767,1.3991
45.552,-0.8637,0.1721,-27.52,104,0.0,AVOID,0.1085,0.1017,68.2636,67.0453,1.3991
45.568,-0.8637,0.1721,-28.94,104,0.0,AVOID,0.1098,0.1036,68.295,67.0139,1.3991
45.584,-0.8637,0.1721,-30.36,104,0.0,AVOID,0.1074,0.1045,68.3264,66.9825,1.3991
45.6,-0.8637,0.1721,-31.77,104,0.0,AVOID,0.1085,0.1054,68.3578,66.9511,1.3991
45.616,-0.8637,0.1721,-33.19,104,0.0,AVOID,0.1131,0.1072,68.3892,66.9197,1.3991
45.632,-0.8637,0.1721,-34.61,104,0.0,AVOID,0.124,0.1111,68.4206,66.8883,1.3991
45.648,-0.8637,0.1721,-36.03,104,0.0,AVOID,0.1316,0.1159,68.452,66.8569,1.3991
45.664,-0.8637,0.1722,-37.59,104,0.0,AVOID,0.1345,0.1203,68.4834,66.8192,1.3992
45.68,-0.8637,0.1721,-36.03,104,0.0,AVOID,0.1239,0.1211,68.452,66.8569,1.3993
45.696,-0.8637,0.1722,-37.59,104,0.0,AVOID,0.1328,0.1239,68.4834,66.8192,1.3993
45.712,-0.8637,0.1722,-39.01,104,0.0,AVOID,0.1387,0.1274,68.5148,66.7878,1.3993
45.728,-0.8637,0.1722,-40.43,104,0.0,FOLLOW_PATH,0.1414,0.1306,68.5462,66.7564,1.3993
45.744,-0.8637,0.1722,-40.43,104,0.0809,FOLLOW_PATH,0.1391,0.1326,68.5462,66.7564,1.3993
45.76,-0.8637,0.1721,-36.03,104,0.0809,FOLLOW_PATH,0.1331,0.1327,68.452,66.8569,1.3994
45.776,-0.8637,0.1721,-31.49,104,0.0809,FOLLOW_PATH,0.1088,0.1271,68.3515,66.9574,1.3994
45.792,-0.8637,0.1721,-26.95,104,0.0809,FOLLOW_PATH,0.1046,0.1218,68.251,67.0578,1.3994
45.808,-0.8637,0.1721,-22.41,104,0.0809,FOLLOW_PATH,0.0961,0.1158,68.1506,67.1583,1.3994
45.824,-0.8637,0.1721,-17.87,104,0.0809,FOLLOW_PATH,0.0901,0.1098,68.0501,67.2588,1.3994
45.84,-0.8637,0.1721,-13.33,104,0.0809,FOLLOW_PATH,0.0815,0.1032,67.9496,67.3593,1.3994
45.856,-0.8636,0.1721,-8.94,104,0.0,AVOID,0.0787,0.0974,67.8554,67.4598,1.3995
45.872,-0.8636,0.1721,-8.94,104,0.0,AVOID,0.0793,0.0932,67.8554,67.4598,1.3995
45.888,-0.8636,0.1721,-10.36,104,0.0,AVOID,0.0788,0.0898,67.8868,67.4284,1.3995
45.904,-0.8636,0.1721,-11.92,104,0.0,AVOID,0.0842,0.0884,67.9245,67.397,1.3995
45.92,-0.8636,0.1721,-13.33,104,0.0,AVOID,0.0841,0.0874,67.9559,67.3656,1.3995
45.936,-0.8636,0.1721,-14.75,104,0.0,AVOID,0.0847,0.0868,67.9873,67.3342,1.3995
45.952,-0.8636,0.1721,-16.17,104,0.0,AVOID,0.0901,0.0876,68.0187,67.3028,1.3995
45.968,-0.8636,0.1721,-17.59,104,0.0,AVOID,0.0899,0.0881,68.0501,67.2714,1.3995
45.984,-0.8636,0.1721,-19.15,104,0.0,AVOID,0.0933,0.0894,68.0815,67.2337,1.3996
46.0,-0.8636,0.1721,-20.57,104,0.0,AVOID,0.093,0.0902,68.1129,67.2023,1.3996
46.016,-0.8636,0.1721,-21.99,104,0.0,AVOID,0.0956,0.0915,68.1443,67.1709,1.3996
46.032,-0.8636,0.1721,-23.41,104,0.0,AVOID,0.0976,0.0929,68.1757,67.1395,1.3996
46.048,-0.8636,0.1721,-24.82,104,0.0,AVOID,0.1015,0.0949,68.2071,67.1081,1.3996
46.064,-0.8636,0.1721,-26.38,104,0.0,AVOID,0.1001,0.0961,68.2448,67.0767,1.3997
46.08,-0.8636,0.1721,-27.8,104,0.0,AVOID,0.1073,0.0987,68.2762,67.0453,1.3997
46.096,-0.8636,0.1721,-29.22,104,0.0,AVOID,0.1115,0.1017,68.3076,67.0139,1.3997
46.112,-0.8636,0.1721,-30.64,104,0.0,AVOID,0.1102,0.1037,68.339,66.9825,1.3997
46.128,-0.8636,0.1721,-32.06,104,0.0,AVOID,0.1082,0.1047,68.3704,66.9511,1.3997
46.144,-0.8636,0.1721,-33.62,104,0.0,AVOID,0.1139,0.1069,68.4018,66.9134,1.3997
46.16,-0.8636,0.1721,-35.04,104,0.0,AVOID,0.1227,0.1106,68.4332,66.882,1.3997
46.176,-0.8636,0.1721,-36.46,104,0.0,AVOID,0.1258,0.1142,68.4646,66.8506,1.3997
46.192,-0.8636,0.1721,-37.87,104,0.0,AVOID,0.1359,0.1193,68.496,66.8192,1.3997
46.208,-0.8636,0.1721,-39.29,104,0.0,AVOID,0.1374,0.1235,68.5274,66.7878,1.3997
46.224,-0.8636,0.1721,-40.71,104,0.0,AVOID,0.1378,0.1269,68.5588,66.7564,1.3997
46.24,-0.8636,0.1721,-39.29,104,0.0,AVOID,0.1368,0.1292,68.5274,66.7878,1.3997
46.256,-0.8636,0.1721,-37.87,104,0.0,FOLLOW_PATH,0.1384,0.1313,68.496,66.8192,1.3997
46.272,-0.8636,0.1721,-37.87,104,0.081,FOLLOW_PATH,0.1392,0.1332,68.496,66.8192,1.3997
46.288,-0.8636,0.1721,-33.34,104,0.081,FOLLOW_PATH,0.1133,0.1285,68.3955,66.9197,1.3997
46.304,-0.8636,0.1721,-28.8,104,0.081,FOLLOW_PATH,0.1058,0.1232,68.295,67.0202,1.3997
46.32,-0.8636,0.1721,-24.26,104,0.081,FOLLOW_PATH,0.0972,0.1171,68.1945,67.1206,1.3997
46.336,-0.8636,0.1721,-19.72,104,0.081,FOLLOW_PATH,0.092,0.1112,68.094,67.2211,1.3997
46.352,-0.8636,0.1721,-15.32,104,0.0811,FOLLOW_PATH,0.0877,0.1057,67.9998,67.3216,1.3998
46.368,-0.8635,0.1721,-10.92,104,0.0,AVOID,0.0791,0.0994,67.9056,67.4221,1.3999
46.384,-0.8635,0.1721,-10.92,104,0.0,AVOID,0.0809,0.0951,67.9056,67.4221,1.3999
46.4,-0.8635,0.1721,-12.34,104,0.0,AVOID,0.0835,0.0924,67.937,67.3907,1.3999
46.416,-0.8635,0.1721,-13.76,104,0.0,AVOID,0.0842,0.0905,67.9684,67.3593,1.3999
46.432,-0.8635,0.1721,-15.18,104,0.0,AVOID,0.0866,0.0896,67.9998,67.3279,1.3999
