tiempo_s,x_est,y_est,theta_deg,wp_restantes
0.016,-1.0,-1.0,1.7972360591180188,77
0.024,-1.0,-1.0,5.575470795513626,77
0.032,-1.0,-1.0,9.057419164345658,77
0.04,-1.0,-1.0,12.280815794097055,77
0.048,-1.0,-1.0,15.313479436026102,77
0.056,-1.0,-1.0,18.178617563366856,77
0.064,-1.0,-1.0,20.899634075103325,77
0.07200000000000001,-1.0,-1.0,23.497935074072856,77
0.08,-1.0000585420078267,-1.000026755448835,25.84651205114603,77
0.088,-1.0000585420078267,-1.000026755448835,27.95900073711978,77
0.096,-1.0000585420078267,-1.000026755448835,29.987765977880297,77
0.10400000000000001,-1.0000585420078267,-1.000026755448835,31.94191198718559,77
0.112,-1.0000044760188898,-0.9999918268348609,33.6877472391479,77
0.12,-1.0000574527806172,-1.0000283864020183,35.37244391318536,77
0.128,-1.0000574527806172,-1.0000283864020183,36.8598898637039,77
0.136,-1.0000574527806172,-1.0000283864020183,38.29741026229696,77
0.14400000000000002,-1.0000574527806172,-1.0000283864020183,39.68773098258228,77
0.152,-1.0000084835572236,-0.9999866101410888,40.895256288647765,77
0.16,-1.000056561524002,-1.0000294090888266,42.06245085778141,77
0.168,-1.0000093653465778,-0.9999856396742366,43.194072820544974,77
0.176,-1.0000093653465778,-0.9999856396742366,44.151352318807085,77
0.184,-1.0000549347599321,-1.000031100309775,45.22437827648401,77
0.192,-1.0000549347599321,-1.000031100309775,46.129497636638824,77
0.2,-1.0000549347599321,-1.000031100309775,47.01184672248087,77
0.20800000000000002,-1.0000115724571652,-0.9999835289300399,47.72799990553423,77
0.216,-1.0000115724571652,-0.9999835289300399,48.571012705586206,77
0.224,-1.0000536243252898,-1.000032262551477,49.26211815489415,77
0.232,-1.0000121633301464,-0.9999830252551168,49.93907469871244,77
0.24,-1.0000530397003478,-1.0000327489700858,50.60842607441269,77
0.248,-1.0000127469978666,-0.9999825511255314,51.2689048070921,77
0.256,-1.000052458378982,-1.0000332100998701,51.93439133313625,77
0.264,-1.0000133380637626,-0.9999820933080276,52.5929062995556,77
0.272,-1.0000133380637626,-0.9999820933080276,53.11461240078644,77
0.28,-1.0000133380637626,-0.9999820933080276,53.64139660820329,77
0.28800000000000003,-1.0000509183281219,-1.0000343527492974,54.317466601025096,77
0.296,-1.0000509183281219,-1.0000343527492974,54.863284752875735,77
0.304,-1.0000509183281219,-1.0000343527492974,55.41980706417308,77
0.312,-1.0000148455997984,-0.999981040916964,55.856706172414356,77
0.32,-1.0000148455997984,-0.999981040916964,56.454312011664136,77
0.328,-1.0000148455997984,-0.999981040916964,57.06555510126829,77
0.336,-1.0000493723445172,-1.000035366758831,57.561756202706015,77
0.34400000000000003,-1.0000153173691115,-0.999980743944499,58.08148156777292,77
0.352,-1.0000153173691115,-0.999980743944499,58.76738092394061,77
0.36,-1.0000482155104722,-1.0000360712026133,59.3428205149856,77
0.368,-1.0000482155104722,-1.0000360712026133,59.80423127284536,77
0.376,-1.000016323928181,-0.9999801576964237,60.43808979040371,77
0.384,-1.0000475950049925,-1.0000364205878396,61.103791497449116,77
0.392,-1.0000475950049925,-1.0000364205878396,61.661452379629274,77
0.4,-1.0000175322734695,-0.9999795028808511,62.41481697321318,77
0.40800000000000003,-1.0000175322734695,-0.9999795028808511,64.23810034698826,77
0.41600000000000004,-0.9999624409053256,-0.9998631472879868,69.55573624773433,77
0.424,-0.9998961100099063,-0.9996817879534705,82.38158693825896,77
0.432,-0.999820016267887,-0.9991074772188556,102.69433947876686,77
0.44,-0.9999174000062236,-0.9986675376522571,93.04394148006477,77
0.448,-0.9999541244968645,-0.9979604208439448,94.00121539808984,77
0.456,-0.9999990403603555,-0.9973182898174348,92.09139727447788,77
0.464,-1.0000272295255948,-0.9965463643517561,91.40524968811997,77
0.47200000000000003,-1.0000461726703878,-0.9957741566654014,91.11269754723297,77
0.48,-1.000059260614445,-0.9950018283412726,90.53479925244234,77
0.488,-1.0000664704707314,-0.9942294219899442,90.49460024429376,77
0.496,-1.0000747298896768,-0.9933926529654098,90.52656805577018,77
0.504,-1.000081828780847,-0.9926202455862735,90.28427768551836,77
0.512,-1.0000856612892155,-0.9918478150939445,90.12999580939899,77
0.52,-1.0000874138419815,-0.9910753770820893,90.0425259826934,77
0.528,-1.0000869990636718,-0.9902385673986005,89.84585541518706,77
0.536,-1.0000849209472649,-0.9894661301940122,89.91394015109317,77
0.544,-1.0000837607214113,-0.9886936910653581,89.92820057837088,77
0.552,-1.0000837479586453,-0.9878568812791709,90.05986115067996,77
0.56,-1.000084554983861,-0.9870844417007505,89.95746543689552,77
0.5680000000000001,-1.0000828978900322,-0.9862476335551988,89.78250655862642,77
0.5760000000000001,-1.0000799657328678,-0.9854751991204056,89.87229882835447,77
0.584,-1.0000782441154608,-0.9847027610389819,89.90994729532336,77
0.592,-1.0000779647619316,-0.9838659512993259,90.06649624976698,77
0.6,-1.0000788612389857,-0.983093511819542,89.98773113505301,77
0.608,-1.0000776461776248,-0.9822567029154023,89.8139497754575,77
0.616,-1.0000751379233674,-0.9814842669877938,89.88169914335927,77
0.624,-1.000073543037155,-0.9807118286343066,89.91691285197122,77
0.632,-1.0000733654161758,-0.979875018866873,90.074439357783,77
0.64,-1.000074368979123,-0.9791025795187935,90.01699672609692,77
0.648,-1.0000735813439248,-0.9782657701031842,89.84367678799244,77
0.656,-1.0000714738561989,-0.977493332978173,89.88154011271801,77
0.664,-1.0000698768260001,-0.9767208946291156,89.9068524042599,77
0.672,-1.0000695522713237,-0.9758840849057699,90.0632659543983,77
0.68,-1.000070405198787,-0.9751116453766709,90.03433256297711,77
0.6880000000000001,-1.0000698707548972,-0.9742748357610527,89.87255189134089,77
0.6960000000000001,-1.000068152549181,-0.9735023976720325,89.88544444281725,77
0.704,-1.0000666081555731,-0.9727299592159414,89.89733150254933,77
0.712,-1.0000652240185144,-0.9719575204560617,89.90551478057617,77
0.72,-1.0000648799277307,-0.9711207107405211,90.05335655889846,77
0.728,-1.0000646233309047,-0.9702839009935775,89.91408560033935,77
0.736,-1.0000634650659406,-0.9695114618619806,89.91544035285024,77
0.744,-1.0000623250652165,-0.9687390227032124,89.90200409737125,77
0.752,-1.0000619297006077,-0.9679022130103262,90.05056078463154,77
0.76,-1.000062611341869,-0.9671297733110841,90.07276734768104,77
0.768,-1.000062638241278,-0.9662929635252319,89.961735284938,77
0.776,-1.0000621223709198,-0.9655205236974926,89.97423427837887,77
0.784,-1.0000617750072307,-0.9647480837755968,89.99397772157478,77
0.792,-1.0000616938171538,-0.9639756437798638,90.0216669277607,77
0.8,-1.0000630461378686,-0.9631388350862843,90.20374700131123,77
0.808,-1.0000649860046438,-0.9623020275484726,90.17905273938297,77
0.8160000000000001,-1.0000673999219352,-0.9615295913202937,90.30203374264367,77
0.8240000000000001,-1.0000714718076067,-0.9607571620527572,90.50710289273506,77
0.8320000000000001,-1.0000783082874987,-0.9599847523064808,90.86201866676491,77
0.84,-1.0000899292582748,-0.9592123997272541,91.51836164332538,77
0.848,-1.0001078149874205,-0.9585045558394486,92.72154340263627,77
0.856,-1.0001444920091982,-0.9577329870805725,94.9744508606078,77
0.864,-1.00019872033604,-0.9570915760329655,98.65107764953927,77
0.872,-1.0002749182063462,-0.9565822852080408,105.0964579508836,77
0.88,-1.000390655380886,-0.9561468138298987,117.09378586679473,77
0.888,-1.000390655380886,-0.9561468138298987,139.08721646924533,77
0.896,-1.000390655380886,-0.9561468138298987,175.02095708418616,77
0.904,-1.000390655380886,-0.9561468138298987,-116.30194824973482,77
0.912,-1.000390655380886,-0.9561468138298987,-66.65835740517863,77
0.92,-1.000390655380886,-0.9561468138298987,-67.66119680724523,77
0.928,-1.000390655380886,-0.9561468138298987,-115.24704142990898,77
0.936,-1.000390655380886,-0.9561468138298987,-114.70117358897714,77
0.9440000000000001,-1.000390655380886,-0.9561468138298987,-70.98571456457249,77
0.9520000000000001,-1.000390655380886,-0.9561468138298987,-71.75454848181879,77
0.96,-1.000390655380886,-0.9561468138298987,-111.28916326780185,77
0.968,-1.000390655380886,-0.9561468138298987,-111.12296950846326,77
0.976,-1.000390655380886,-0.9561468138298987,-76.23317945402827,77
0.984,-1.000390655380886,-0.9561468138298987,-76.46016935131881,77
0.992,-1.000390655380886,-0.9561468138298987,-106.13716569955845,77
1.0,-1.000390655380886,-0.9561468138298987,-106.51220234704343,77
1.008,-1.000390655380886,-0.9561468138298987,-82.4426540747212,77
1.016,-1.000390655380886,-0.9561468138298987,-81.95479904681567,77
1.024,-1.000390655380886,-0.9561468138298987,-100.03787410840646,77
1.032,-1.000390655380886,-0.9561468138298987,-101.07744399846993,77
1.04,-1.000390655380886,-0.9561468138298987,-89.27880960357128,77
1.048,-1.000390655380886,-0.9561468138298987,-87.97244236262586,77
1.056,-1.000390655380886,-0.9561468138298987,-93.33900919635921,77
1.064,-1.000390655380886,-0.9561468138298987,-95.11767405375028,77
1.072,-1.000390655380886,-0.9561468138298987,-96.2050354244497,77
1.08,-1.000390655380886,-0.9561468138298987,-100.76099593605032,77
1.088,-1.000390655380886,-0.9561468138298987,-108.71734739529997,77
1.096,-1.000390655380886,-0.9561468138298987,-119.94687717961028,77
1.104,-1.000390655380886,-0.9561468138298987,-134.47241893438672,77
1.112,-1.000390655380886,-0.9561468138298987,-152.02518526017897,77
1.12,-1.000390655380886,-0.9561468138298987,-172.65899997733624,77
1.1280000000000001,-1.000390655380886,-0.9561468138298987,145.90522497244743,77
1.1360000000000001,-1.000390655380886,-0.9561468138298987,122.11052455828357,77
1.1440000000000001,-1.000390655380886,-0.9561468138298987,105.73839434204156,77
1.1520000000000001,-1.0004768045150236,-0.955836708568755,94.32385015978677,77
1.16,-1.000523746200148,-0.9551947231159431,59.3888432540358,77
1.168,-1.000491450092838,-0.9551390422875723,90.79794650082762,77
1.176,-1.0005004344852964,-0.9544310294702428,63.94798290075625,77
1.184,-1.000472666529387,-0.9543729576714067,60.96137115809405,77
1.192,-1.000472666529387,-0.9543729576714067,87.41203509414399,77
1.2,-1.0004377884291618,-0.9536013055012389,85.01805392518507,77
1.208,-1.000377171589585,-0.9528958351137877,106.82202477404185,77
1.216,-1.0004504646693069,-0.9526490081844265,75.69539869525644,77
1.224,-1.0003407567909237,-0.9522119788991698,85.57702646164941,77
1.232,-1.0002870252332834,-0.9515059507208906,86.44218088507108,77
1.24,-1.000243960275414,-0.9507991917250409,89.50946380472185,77
1.248,-1.0002357602093834,-0.9499624221167624,89.3510338383178,76
1.256,-1.0002270112804441,-0.949190031665085,89.78875240733628,76
1.264,-1.0002241633268572,-0.948417596915245,89.94239295617278,76
1.272,-1.0002243578449874,-0.9475807871515685,90.15659708824185,76
1.28,-1.0002264690249953,-0.94680835003664,90.09913581722226,76
1.288,-1.0002278055358709,-0.9460359111928869,90.0971102058496,76
1.296,-1.0002281879648034,-0.9451991014939889,89.95989100221772,76
1.304,-1.0002276472305298,-0.9444266616832551,90.0280671273557,76
1.312,-1.000228025620896,-0.9436542217759349,90.05609637638085,76
1.32,-1.0002287818908764,-0.9428817821461543,90.06955881820136,76
1.328,-1.0002308336753016,-0.9420449748752715,90.22003177396944,76
1.336,-1.0002330113818612,-0.9412081679226141,90.06565198176393,76
1.344,-1.0002338964768216,-0.9404357284297041,90.08966074735702,76
1.352,-1.0002351052485672,-0.9396632893754928,90.12353408120785,76
1.36,-1.0002367706869741,-0.9388908511708998,90.17744438065567,76
1.368,-1.0002391629210872,-0.9381184148752637,90.26377570474521,76
1.3760000000000001,-1.0002427190326781,-0.9373459830610106,90.40690285699259,76
1.3840000000000001,-1.0002476259818096,-0.9365091876617212,90.51029790772853,76
1.3920000000000001,-1.000254505533986,-0.935736778297872,90.88278923633565,76
1.4000000000000001,-1.0002664064932536,-0.9349644299821696,91.59284549552814,76
1.408,-1.0002878778669877,-0.9341922884577649,93.08761259943248,76
1.416,-1.0003251413147491,-0.9334851998464355,95.5697858156979,76
1.424,-1.000380656149182,-0.9329085360096759,99.89710445101264,76
1.432,-1.000467910813743,-0.9324010225780271,107.28579629030419,76
1.44,-1.000561640225167,-0.9320931250347347,120.96218955681621,76
1.448,-1.000561640225167,-0.9320931250347347,145.92025059829214,76
1.456,-1.000561640225167,-0.9320931250347347,-155.289493718825,76
1.464,-1.000561640225167,-0.9320931250347347,-104.66459741249875,76
1.472,-1.000561640225167,-0.9320931250347347,-55.00649011766182,76
1.48,-1.000561640225167,-0.9320931250347347,-56.41138959006811,76
1.488,-1.000561640225167,-0.9320931250347347,-103.7992701887055,76
1.496,-1.000561640225167,-0.9320931250347347,-102.11906974020162,76
1.504,-1.000561640225167,-0.9320931250347347,-58.333089868757796,76
1.512,-1.000561640225167,-0.9320931250347347,-59.51814726448698,76
1.52,-1.000561640225167,-0.9320931250347347,-99.12519294292565,76
1.528,-1.000561640225167,-0.9320931250347347,-98.05172241745537,76
1.536,-1.000561640225167,-0.9320931250347347,-63.380970220346065,76
1.544,-1.000561640225167,-0.9320931250347347,-63.928342885869455,76
1.552,-1.000561640225167,-0.9320931250347347,-93.26168565414956,76
1.56,-1.000561640225167,-0.9320931250347347,-92.99999878803375,76
1.568,-1.000561640225167,-0.9320931250347347,-69.65515593358514,76
1.576,-1.000561640225167,-0.9320931250347347,-69.33580584995228,76
1.584,-1.000561640225167,-0.9320931250347347,-86.53169338033547,76
1.592,-1.000561640225167,-0.9320931250347347,-100.5492172026176,76
1.6,-1.000561640225167,-0.9320931250347347,-101.19591107933054,76
1.608,-1.000561640225167,-0.9320931250347347,-92.98880891874363,76
1.616,-1.000561640225167,-0.9320931250347347,-88.38092042469427,76
1.624,-1.000561640225167,-0.9320931250347347,-86.77393288509317,76
1.6320000000000001,-1.000561640225167,-0.9320931250347347,-85.19435523571033,76
1.6400000000000001,-1.000561640225167,-0.9320931250347347,-80.05838649865359,76
1.6480000000000001,-1.000561640225167,-0.9320931250347347,-71.41111879216389,76
1.6560000000000001,-1.000561640225167,-0.9320931250347347,-59.410436579777425,76
1.6640000000000001,-1.000561640225167,-0.9320931250347347,-44.22185999311699,76
1.672,-1.000561640225167,-0.9320931250347347,-25.878477505314734,76
1.68,-1.000561640225167,-0.9320931250347347,-4.545153528226834,76
1.688,-1.000561640225167,-0.9320931250347347,19.821736908123977,76
1.696,-1.000561640225167,-0.9320931250347347,46.56305291660695,76
1.704,-1.000561640225167,-0.9320931250347347,68.36013725162071,76
1.712,-1.0004915395949003,-0.9319131892196797,82.39906510080058,76
1.72,-1.0004156210507604,-0.931338855299278,111.08987008657608,76
1.728,-1.0004839912411074,-0.9311582548757591,94.39326262951768,76
1.736,-1.000537356678381,-0.9304521989297354,110.41742184001045,76
1.744,-1.0006036026033496,-0.9302708085404411,110.21809718605085,76
1.752,-1.0006913884924389,-0.9300287567974815,120.13194905260701,76
1.76,-1.0006595592099294,-0.9300847057918459,151.89459263965767,76
1.768,-1.0006595592099294,-0.9300847057918459,-130.66355937690278,76
1.776,-1.0006595592099294,-0.9300847057918459,-67.57291954263712,76
1.784,-1.0006595592099294,-0.9300847057918459,-68.37412952949413,76
1.792,-1.0006595592099294,-0.9300847057918459,-121.07741526093238,76
1.8,-1.0006595592099294,-0.9300847057918459,-118.87222004042619,76
1.808,-1.0006595592099294,-0.9300847057918459,-74.97392975420755,76
1.816,-1.0006595592099294,-0.9300847057918459,-75.70865623317954,76
1.824,-1.0006595592099294,-0.9300847057918459,-108.12423648425404,76
1.832,-1.0006595592099294,-0.9300847057918459,-107.55801625962658,76
1.84,-1.0006595592099294,-0.9300847057918459,-85.98097423548785,76
1.848,-1.0006595592099294,-0.9300847057918459,-85.31762895625535,76
1.856,-1.0006595592099294,-0.9300847057918459,-94.81383509244698,76
1.864,-1.0006595592099294,-0.9300847057918459,-96.20527369777994,76
1.872,-1.0006595592099294,-0.9300847057918459,-98.30043468002438,76
1.8800000000000001,-1.0006595592099294,-0.9300847057918459,-106.76057110526706,76
1.8880000000000001,-1.0006595592099294,-0.9300847057918459,-121.456596042897,76
1.8960000000000001,-1.0006595592099294,-0.9300847057918459,-142.25446936542951,76
1.9040000000000001,-1.0006595592099294,-0.9300847057918459,-168.9194217310685,76
1.9120000000000001,-1.0006595592099294,-0.9300847057918459,140.95143070559013,76
1.92,-1.0006595592099294,-0.9300847057918459,108.09295388964419,76
1.928,-1.0007576167017063,-0.9297781591754272,91.13467498790828,76
1.936,-1.000772912960274,-0.929005870642511,51.08777012482727,76
1.944,-1.0008127842957857,-0.9290564038204802,89.0852382038666,76
1.952,-1.0008004523476133,-0.9282840622660793,59.95266726350529,76
1.96,-1.000768705727123,-0.9282280663262006,61.03724679185427,76
1.968,-1.000768705727123,-0.9282280663262006,60.60828710833105,76
1.976,-1.000768705727123,-0.9282280663262006,61.41978773773707,76
1.984,-1.0007384031937314,-0.9281712759250267,62.09349462178841,76
1.992,-1.0007384031937314,-0.9281712759250267,65.02748012002547,76
2.0,-1.0006849200664572,-0.9280541723899317,71.83168734460004,76
2.008,-1.0005857007499113,-0.9277479984630113,86.48204892725539,76
2.016,-1.000543127585552,-0.927041209672433,89.56554306253773,76
2.024,-1.00053727045779,-0.9262687918789725,89.86408693463108,76
2.032,-1.000534249568385,-0.9254319875454221,89.74402297733836,76
2.04,-1.0005307985945908,-0.9246595552542924,89.74070393748498,76
2.048,-1.0005273028752106,-0.9238871231643674,89.6732078745872,76
2.056,-1.0005235659345013,-0.9230503217221508,89.72465069572075,76
2.064,-1.0005198537937519,-0.9222778906419818,89.55383355044592,76
2.072,-1.0005138388074442,-0.9215054740616706,89.44656334899227,76
2.08,-1.0005047201240833,-0.9206687139598282,89.22866297121163,76
2.088,-1.000494321564491,-0.9198963439555178,89.2467314993972,76
2.096,-1.0004841665763922,-0.9191239707103722,89.2426277850673,76
2.104,-1.0004741412038738,-0.918287220980568,89.3711966579152,76
2.112,-1.0004656640855316,-0.9175148274979023,89.29629280969613,76
2.12,-1.0004543508522097,-0.9166780941896293,89.11006484620717,76
2.128,-1.0004423535659168,-0.9159057473642188,89.13982446275779,76
2.136,-1.0004307574407085,-0.9151333944115604,89.15503574157103,76
2.144,-1.0004194528828894,-0.9142966609860333,89.30327597365276,76
2.152,-1.0004100601449195,-0.9135242780951862,89.27037574392374,76
2.16,-1.0004002238928786,-0.9127519007251489,89.24587193597792,76
2.168,-1.000388174330138,-0.9119151776966267,89.08548081947679,76
2.176,-1.0003758456524003,-0.9111428360900139,89.08695021552113,76
2.184,-1.0003635367819845,-0.9103704941674763,89.07709636108386,76
2.192,-1.0003510940274956,-0.9095337768936721,89.1938806342671,76
2.2,-1.0003402265900465,-0.908761413344297,89.15825420964293,76
2.208,-1.000328878900302,-0.9079890567015876,89.10864121459531,76
2.216,-1.0003168624234657,-0.9072167101745128,89.03973759229221,76
2.224,-1.0003039171354124,-0.9064443786568875,88.93832966483338,76
2.232,-1.0002894479439266,-0.9056076939726012,88.922063340295,76
2.24,-1.000274916467393,-0.9048353906709187,88.71609928267851,76
2.248,-1.0002576088527035,-0.9040631445960994,88.36827631216299,76
2.2560000000000002,-1.0002356135454196,-0.9032910178189071,87.73938940754459,76
2.2640000000000002,-1.0002051447561513,-0.9025191789714262,86.4731522071988,76
2.2720000000000002,-1.000162461844222,-0.9018123968000042,84.45210410970333,76
2.2800000000000002,-1.000101816775624,-0.901171560612606,81.12570249705746,76
2.2880000000000003,-1.0000131538208303,-0.9005990556275486,75.2555852850725,76
2.2960000000000003,-0.999916708866899,-0.900225072953892,65.05071091712901,76
2.3040000000000003,-0.9998899184969797,-0.9001665433026983,46.16212142205624,76
2.312,-0.9998899184969797,-0.9001665433026983,15.53844087676377,76
2.32,-0.9998899184969797,-0.9001665433026983,-33.866614736708264,76
2.328,-0.9998899184969797,-0.9001665433026983,-82.37074417926236,76
2.336,-0.9998899184969797,-0.9001665433026983,-130.12183056657034,76
2.344,-0.9998899184969797,-0.9001665433026983,-128.41142305372696,76
2.352,-0.9998899184969797,-0.9001665433026983,-82.74589310096914,76
2.36,-0.9998899184969797,-0.9001665433026983,-84.64723772777123,76
2.368,-0.9998899184969797,-0.9001665433026983,-127.43725560863965,76
2.376,-0.9998899184969797,-0.9001665433026983,-125.88746309780727,76
2.384,-0.9998899184969797,-0.9001665433026983,-86.88780344123333,76
2.392,-0.9998899184969797,-0.9001665433026983,-88.25570130544493,76
2.4,-0.9998899184969797,-0.9001665433026983,-123.01182814709814,76
2.408,-0.9998899184969797,-0.9001665433026983,-122.09687749610109,76
2.416,-0.9998899184969797,-0.9001665433026983,-92.24811445144043,76
2.424,-0.9998899184969797,-0.9001665433026983,-64.93899053462455,76
2.432,-0.9998899184969797,-0.9001665433026983,-65.50561928153427,76
2.44,-0.9998899184969797,-0.9001665433026983,-87.82965943776681,76
2.448,-0.9998899184969797,-0.9001665433026983,-107.1780223479975,76
2.456,-0.9998899184969797,-0.9001665433026983,-107.52721823719094,76
2.464,-0.9998899184969797,-0.9001665433026983,-93.74180560563558,76
2.472,-0.9998899184969797,-0.9001665433026983,-83.08045132811664,76
2.48,-0.9998899184969797,-0.9001665433026983,-82.13308456973928,76
2.488,-0.9998899184969797,-0.9001665433026983,-87.10120778787191,76
2.496,-0.9998899184969797,-0.9001665433026983,-88.63661697868567,76
2.504,-0.9998899184969797,-0.9001665433026983,-86.88055299644049,76
2.512,-0.9998899184969797,-0.9001665433026983,-81.8927002551711,76
2.52,-0.9998899184969797,-0.9001665433026983,-73.74269633529214,76
2.528,-0.9998899184969797,-0.9001665433026983,-62.55985399440006,76
2.536,-0.9998899184969797,-0.9001665433026983,-48.31984974375414,76
2.544,-0.9998899184969797,-0.9001665433026983,-31.134289596542594,76
2.552,-0.9998899184969797,-0.9001665433026983,-11.194610497520975,76
2.56,-0.9998899184969797,-0.9001665433026983,11.559183833593435,76
2.568,-0.9998899184969797,-0.9001665433026983,36.873875755350525,76
2.576,-0.9998899184969797,-0.9001665433026983,61.96678137234747,76
2.584,-0.9998899184969797,-0.9001665433026983,77.21302798410763,76
2.592,-0.999791823617114,-0.8997267617554552,89.18036756100204,75
2.6,-0.999789415259489,-0.8994692940712568,124.29303800260898,75
2.608,-0.9999697646801635,-0.8992027213180277,105.05498000750825,75
2.616,-1.000154529132793,-0.8985191827559441,113.80402401202014,75
2.624,-1.0004395107133892,-0.897870994228175,110.91501874453097,75
2.632,-1.0006914605575148,-0.8972092660779079,109.55246217151527,75
2.64,-1.0009499729265612,-0.8964813684830155,109.11686198486699,75
2.648,-1.0012029439218009,-0.8957515265623454,108.73314879075407,75
2.656,-1.0014707133444671,-0.8949587150117821,108.07533507696932,75
2.664,-1.0017313325433974,-0.8941635243103963,108.18296601577896,75
2.672,-1.0019723743601745,-0.8934296562049681,107.79470158974159,75
2.68,-1.0022084376288232,-0.8926941715438126,107.50512739432294,75
2.688,-1.0024222545156765,-0.8920191565753067,107.3893062454863,75
2.696,-1.0026531080092087,-0.8912820200763298,107.02742493911956,75
2.704,-1.0028793011600046,-0.8905434402146135,106.60182605130092,75
2.712,-1.003082449911552,-0.8898651383249246,106.0634424515739,75
2.72,-1.0032961852739464,-0.8891228575502429,104.80105360893371,75
2.728,-1.0034779185804403,-0.8884385068549693,102.21215386525175,75
2.736,-1.0036011662769364,-0.8878724387647391,95.1750007013646,75
2.744,-1.0036434747482255,-0.887423840494559,81.04824786142531,75
2.7520000000000002,-1.0036340100749845,-0.8873601709323186,54.1670674680219,75
2.7600000000000002,-1.0036708475577907,-0.8874129548228004,7.203228832114995,75
2.7680000000000002,-1.0036708475577907,-0.8874129548228004,-50.70315373478596,75
2.7760000000000002,-1.0036708475577907,-0.8874129548228004,-105.95441290316197,75
2.7840000000000003,-1.0036708475577907,-0.8874129548228004,-114.29129104257291,75
2.7920000000000003,-1.0036708475577907,-0.8874129548228004,-75.85998662112084,75
2.8000000000000003,-1.0036708475577907,-0.8874129548228004,-30.226712669942817,75
2.8080000000000003,-1.0036708475577907,-0.8874129548228004,-25.074185507440898,75
2.816,-1.0036708475577907,-0.8874129548228004,-58.40584053885246,75
2.824,-1.0036708475577907,-0.8874129548228004,-93.27635463201108,75
2.832,-1.0036708475577907,-0.8874129548228004,-98.80481291775757,75
2.84,-1.0036708475577907,-0.8874129548228004,-78.08833078230684,75
2.848,-1.0036708475577907,-0.8874129548228004,-55.67342441659847,75
2.856,-1.0036708475577907,-0.8874129548228004,-52.36475563880464,75
2.864,-1.0036708475577907,-0.8874129548228004,-64.1863690913638,75
2.872,-1.0036708475577907,-0.8874129548228004,-73.25933734950158,75
2.88,-1.0036708475577907,-0.8874129548228004,-75.77165898869279,75
2.888,-1.0036708475577907,-0.8874129548228004,-75.70380116628611,75
2.896,-1.0036708475577907,-0.8874129548228004,-80.14134144230407,75
2.904,-1.0036708475577907,-0.8874129548228004,-89.43798356711144,75
2.912,-1.0036708475577907,-0.8874129548228004,-103.46069587585507,75
2.92,-1.0036708475577907,-0.8874129548228004,-122.1340242009724,75
2.928,-1.0036708475577907,-0.8874129548228004,-145.26202834823994,75
2.936,-1.0036708475577907,-0.8874129548228004,-172.63213116228292,75
2.944,-1.0036708475577907,-0.8874129548228004,137.81872403813347,75
2.952,-1.0036708475577907,-0.8874129548228004,119.70220759419745,75
2.96,-1.0039248977346915,-0.8869650242842028,108.18865584860187,75
2.968,-1.0041660124280185,-0.8862311801193681,65.5375028569031,75
2.976,-1.0041660124280185,-0.8862311801193681,138.13007434044846,75
2.984,-1.0041660124280185,-0.8862311801193681,142.21423330414962,75
2.992,-1.0041660124280185,-0.8862311801193681,-139.79119270634322,75
3.0,-1.0041660124280185,-0.8862311801193681,-36.889172825002724,75
3.008,-1.0041660124280185,-0.8862311801193681,-46.63028063049231,75
3.016,-1.0041660124280185,-0.8862311801193681,-18.560270860388272,75
3.024,-1.0041660124280185,-0.8862311801193681,-8.59284033474853,75
3.032,-1.0041660124280185,-0.8862311801193681,-14.166318935777548,75
3.04,-1.0041660124280185,-0.8862311801193681,-43.22094592491522,75
3.048,-1.0041660124280185,-0.8862311801193681,-95.41972448998902,75
3.056,-1.0041660124280185,-0.8862311801193681,-111.45599037847096,75
3.064,-1.0041660124280185,-0.8862311801193681,-61.64264712235191,75
3.072,-1.0041660124280185,-0.8862311801193681,-68.95264684384293,75
3.08,-1.0041660124280185,-0.8862311801193681,-129.26937769518085,75
3.088,-1.0041660124280185,-0.8862311801193681,-136.86647430221575,75
3.096,-1.0041660124280185,-0.8862311801193681,-90.7300727980844,75
3.104,-1.0041660124280185,-0.8862311801193681,-45.3740150943756,75
3.112,-1.0041660124280185,-0.8862311801193681,-46.488654140862266,75
3.12,-1.0041660124280185,-0.8862311801193681,-92.64243037007789,75
3.128,-1.0041660124280185,-0.8862311801193681,-96.31988901543511,75
3.136,-1.0041660124280185,-0.8862311801193681,-58.832367464734546,75
3.144,-1.0041660124280185,-0.8862311801193681,-58.42568467522767,75
3.152,-1.0041660124280185,-0.8862311801193681,-93.52084248347278,75
3.16,-1.0041660124280185,-0.8862311801193681,-96.1443013539784,75
3.168,-1.0041660124280185,-0.8862311801193681,-67.38590311708037,75
3.176,-1.0041660124280185,-0.8862311801193681,-66.23439811753343,75
3.184,-1.0041660124280185,-0.8862311801193681,-90.1820500963271,75
3.192,-1.0041660124280185,-0.8862311801193681,-92.41348348008569,75
3.2,-1.0041660124280185,-0.8862311801193681,-74.97078064514578,75
3.208,-1.0041660124280185,-0.8862311801193681,-60.5818190689164,75
3.216,-1.0041660124280185,-0.8862311801193681,-59.33012189319117,75
3.224,-1.0041660124280185,-0.8862311801193681,-68.37135875503513,75
3.232,-1.0041660124280185,-0.8862311801193681,-73.90693806476632,75
3.24,-1.0041660124280185,-0.8862311801193681,-75.87014663680665,75
3.248,-1.0041660124280185,-0.8862311801193681,-76.44661577157933,75
3.2560000000000002,-1.0041660124280185,-0.8862311801193681,-80.46469543363104,75
3.2640000000000002,-1.0041660124280185,-0.8862311801193681,-87.85071942543378,75
3.2720000000000002,-1.0041660124280185,-0.8862311801193681,-98.5186895032451,75
3.2800000000000002,-1.0041660124280185,-0.8862311801193681,-112.335749090278,75
3.2880000000000003,-1.0041660124280185,-0.8862311801193681,-129.1984162105277,75
3.2960000000000003,-1.0041660124280185,-0.8862311801193681,-149.04078376263234,75
3.3040000000000003,-1.0041660124280185,-0.8862311801193681,-171.9012267683463,75
3.3120000000000003,-1.0041660124280185,-0.8862311801193681,144.65375597087947,75
3.3200000000000003,-1.0041660124280185,-0.8862311801193681,127.3141991232508,75
3.3280000000000003,-1.0043210765568409,-0.8860256307954929,114.8009159015165,75
3.336,-1.004589639431498,-0.8854406326538032,75.3929060407095,75
3.344,-1.004589639431498,-0.8854406326538032,107.4668497564734,75
3.352,-1.0048214903461596,-0.8847038092645365,75.11318922521714,75
3.36,-1.0048214903461596,-0.8847038092645365,71.52167940776037,75
3.368,-1.0048214903461596,-0.8847038092645365,70.34032792169633,75
3.376,-1.0048214903461596,-0.8847038092645365,74.63791672578552,75
3.384,-1.0048214903461596,-0.8847038092645365,83.3804066242606,75
3.392,-1.0048075999503256,-0.8845758220005672,94.24764412061839,75
3.4,-1.0048381129416681,-0.884190810797232,107.39665937357661,75
3.408,-1.0050690610346666,-0.8834537039312077,109.62920276797034,75
3.416,-1.005328548100171,-0.8827261532343927,109.72129708203578,75
3.424,-1.0055666575702316,-0.8820593198600943,109.47613416282697,75
3.432,-1.0058242000231505,-0.8813310785274686,109.39670293087137,75
3.44,-1.0061030871549606,-0.8805421092085897,109.3972696004036,75
3.448,-1.0063800279379873,-0.8797524545871771,109.04899303002838,75
3.456,-1.0066321342313977,-0.8790223135251741,108.97939003693334,75
3.464,-1.0068833533626211,-0.8782918667429186,108.91567560063454,75
3.472,-1.0071337600623618,-0.8775611410499771,108.86070116957374,75
3.48,-1.007383465526732,-0.8768301754320006,108.81794707988522,75
3.488,-1.0076524080242093,-0.8760377610508386,108.64461187286558,75
3.496,-1.0079209150487356,-0.8752451990051907,108.88132347853349,75
3.504,-1.008170883591327,-0.8745143233103461,108.799507734932,75
3.512,-1.0084198082224742,-0.8737830914171629,108.76037794314763,75
3.52,-1.0086682334053934,-0.8730516896930116,108.74758828085898,75
3.528,-1.0089362026212612,-0.8722589456499757,108.43958480194432,75
3.536,-1.0091805288892368,-0.8715261644900262,108.63041011650532,75
3.544,-1.0094488394552168,-0.8707335359145855,108.84526591247649,75
3.552,-1.0096983479912727,-0.8700025030534669,108.7914458973115,75
3.56,-1.0099471697315265,-0.8692712361424303,108.7642696350835,75
3.568,-1.0101956445927531,-0.8685398512937095,108.75681511993704,75
3.576,-1.0104854209113898,-0.8676865312613902,108.7559036646283,75
3.584,-1.0107337889777386,-0.8669551101397248,108.75711908648037,75
3.592,-1.0109821725597505,-0.8662236942868838,108.75896242762822,75
3.6,-1.011230579673017,-0.8654922864255106,108.76093860678108,75
3.608,-1.011479012013002,-0.8647608871323405,108.76282748648076,75
3.616,-1.0117688778736857,-0.8639075975125688,108.76456299859719,75
3.624,-1.012017356479716,-0.8631762139360885,108.76608956490097,75
3.632,-1.0122658545723555,-0.8624448369802343,108.76737818810564,75
3.64,-1.012514369114125,-0.8617134656134655,108.76843236988623,75
3.648,-1.0127826267109374,-0.8609208191095472,108.62739096587869,75
3.656,-1.0130508955096804,-0.860128176396818,108.79808904397568,75
3.664,-1.013299802034844,-0.8593969383402791,108.79696967153036,75
3.672,-1.0135486942739562,-0.8586656954210589,108.79332373516034,75
3.68,-1.0137975399809496,-0.8579344366654115,108.79098040470515,75
3.688,-1.0140661094930632,-0.8571418957922796,108.6474797034196,75
3.696,-1.014334656187429,-0.8563493471872295,108.78795530590259,75
3.704,-1.0145834333767494,-0.855618065118754,108.78928154416093,75
3.712,-1.0148322274931532,-0.8548867888089758,108.78779230000076,75
3.72,-1.0150810026019828,-0.8541555060327347,108.78644690219242,75
3.728,-1.0153712201952143,-0.8533023359787719,108.78499845011333,75
3.736,-1.0156199596450255,-0.8525710410726584,108.78315294451957,75
3.744,-1.0158686755395898,-0.8518397381549895,108.78068302966106,75
3.7520000000000002,-1.0161173599088098,-0.8511084245163189,108.77726988744737,75
3.7600000000000002,-1.0163660007128186,-0.8503770960646764,108.77243173224282,75
3.7680000000000002,-1.0166560096027084,-0.8495238550458634,108.76550224236614,75
3.7760000000000002,-1.0169045001982002,-0.8487924755427653,108.75532541828252,75
3.7840000000000003,-1.017152860882813,-0.8480610519145314,108.74018586320246,74
3.7920000000000003,-1.0172960392568353,-0.8476338161857309,113.97230516244595,74
3.8000000000000003,-1.0173994854480273,-0.8473980317627491,148.6268422962036,74
3.8080000000000003,-1.0173994854480273,-0.8473980317627491,-135.5483275057049,74
3.8160000000000003,-1.0173994854480273,-0.8473980317627491,-62.57146914761614,74
3.8240000000000003,-1.0173994854480273,-0.8473980317627491,-67.41061149823477,74
3.8320000000000003,-1.0173994854480273,-0.8473980317627491,-128.9122068133221,74
3.84,-1.0173994854480273,-0.8473980317627491,-126.04683064419235,74
3.848,-1.0173994854480273,-0.8473980317627491,-78.42422354407935,74
3.856,-1.0173994854480273,-0.8473980317627491,-80.67679673484514,74
3.864,-1.0173994854480273,-0.8473980317627491,-114.37512404823431,74
3.872,-1.0173994854480273,-0.8473980317627491,-113.81416639526097,74
3.88,-1.0173994854480273,-0.8473980317627491,-94.91489310391157,74
3.888,-1.0173994854480273,-0.8473980317627491,-83.86851061757682,74
3.896,-1.0173994854480273,-0.8473980317627491,-83.38662289554483,74
3.904,-1.0173994854480273,-0.8473980317627491,-81.15721438207297,74
3.912,-1.0173994854480273,-0.8473980317627491,-70.82701589345055,74
3.92,-1.0173994854480273,-0.8473980317627491,-52.6077198871232,74
3.928,-1.0173994854480273,-0.8473980317627491,-26.856057321922183,74
3.936,-1.0173994854480273,-0.8473980317627491,6.447713027976846,74
3.944,-1.0173994854480273,-0.8473980317627491,46.76593887962414,74
3.952,-1.0173560372647625,-0.8473505396982751,86.31602658518982,74
3.96,-1.0173242218715326,-0.8468365639784738,106.35840748993063,74
3.968,-1.0174680338745108,-0.8463420931829853,104.43456062450733,74
3.976,-1.0175951648602455,-0.8458430731711042,100.97131878968912,74
3.984,-1.0177290624082345,-0.8451477787619125,99.02726727168235,74
3.992,-1.0178392960063707,-0.844448342258252,97.7244603970739,74
4.0,-1.017943119078371,-0.8436829114492821,96.99938364403917,74
4.008,-1.0180372475864454,-0.8429162280872821,96.27489954859749,74
4.016,-1.018121674398383,-0.8421484158270087,95.7298917670898,74
4.024,-1.0181987939323458,-0.8413798352319627,95.36070799566788,74
4.032,-1.0182709595718278,-0.8406107736778085,95.33455806860326,74
4.04,-1.0183427742023234,-0.8398416792671886,95.15214758398864,74
4.048,-1.0184121399351702,-0.8390723601209907,94.98101183796818,74
4.056,-1.0184792074963205,-0.8383028372195502,94.83168002970751,74
4.064,-1.0185507231292827,-0.8374690889765753,94.81923802747657,74
4.072,-1.0186156176891272,-0.8366993797784346,94.57994790122095,74
4.08,-1.0186772970784272,-0.8359294062681528,94.29507469418705,74
4.088,-1.0187312005617177,-0.8352233911951552,94.00197096347847,74
4.096,-1.0187851097593204,-0.8344528346741823,93.24826348944453,74
4.104,-1.0188261058551604,-0.8337459526550755,91.92923244600586,74
4.112,-1.018850819087001,-0.8330383142410654,88.78865720717536,74
4.12,-1.0188392888464246,-0.8324590991419696,83.42855288885507,74
4.128,-1.0187893851897674,-0.832011282170648,74.19535034174748,74
4.136,-1.0187379414553694,-0.8318251517376327,57.42152961349474,74
4.144,-1.0187379414553694,-0.8318251517376327,30.163462016351854,74
4.152,-1.0187379414553694,-0.8318251517376327,-16.37377988321615,74
4.16,-1.0187379414553694,-0.8318251517376327,-65.42094530875957,74
4.168,-1.0187379414553694,-0.8318251517376327,-113.5683449260806,74
4.176,-1.0187379414553694,-0.8318251517376327,-117.05385761890766,74
4.184,-1.0187379414553694,-0.8318251517376327,-72.25729867330608,74
4.192,-1.0187379414553694,-0.8318251517376327,-71.12070575178781,74
4.2,-1.0187379414553694,-0.8318251517376327,-113.81013862896006,74
4.208,-1.0187379414553694,-0.8318251517376327,-116.66205180797823,74
4.216,-1.0187379414553694,-0.8318251517376327,-79.02499426062734,74
4.224,-1.0187379414553694,-0.8318251517376327,-77.81708750466872,74
4.232,-1.0187379414553694,-0.8318251517376327,-111.43102011125957,74
4.24,-1.0187379414553694,-0.8318251517376327,-113.9804679905572,74
4.248,-1.0187379414553694,-0.8318251517376327,-87.08595674435321,74
4.256,-1.0187379414553694,-0.8318251517376327,-62.70588145153114,74
4.264,-1.0187379414553694,-0.8318251517376327,-61.25250059308596,74
4.272,-1.0187379414553694,-0.8318251517376327,-79.0923495668235,74
4.28,-1.0187379414553694,-0.8318251517376327,-93.27921593297164,74
4.288,-1.0187379414553694,-0.8318251517376327,-95.4407906842108,74
4.296,-1.0187379414553694,-0.8318251517376327,-87.20600572609268,74
4.304,-1.0187379414553694,-0.8318251517376327,-81.85217292730137,74
4.312,-1.0187379414553694,-0.8318251517376327,-80.05228003671898,74
4.32,-1.0187379414553694,-0.8318251517376327,-79.49839038335672,74
4.328,-1.0187379414553694,-0.8318251517376327,-75.46602112953359,74
4.336,-1.0187379414553694,-0.8318251517376327,-68.16838751487506,74
4.344,-1.0187379414553694,-0.8318251517376327,-57.73057509102448,74
4.352,-1.0187379414553694,-0.8318251517376327,-44.317915134653845,74
4.36,-1.0187379414553694,-0.8318251517376327,-27.854588827503793,74
4.368,-1.0187379414553694,-0.8318251517376327,-8.423441673659706,74
4.376,-1.0187379414553694,-0.8318251517376327,13.68021344187699,74
4.384,-1.0187379414553694,-0.8318251517376327,38.56375661995491,74
4.392,-1.0187379414553694,-0.8318251517376327,64.08779092475902,74
4.4,-1.0187379414553694,-0.8318251517376328,80.85063102072425,74
4.408,-1.0186879449660935,-0.8315072094514206,92.3466673374982,74
4.416,-1.018717813076255,-0.8307997698675648,101.49176342239083,74
4.424,-1.0188580207011102,-0.8301057203803212,100.25610260285997,74
4.432,-1.0189726304273161,-0.829472305586794,98.87900368585716,74
4.44,-1.0190810537351425,-0.8287725861750791,97.82569840949567,74
4.448,-1.0191862291121134,-0.8280073400096662,97.28037788473799,74
4.456,-1.0192912461504553,-0.8271771460322854,96.65133906720162,74
4.464,-1.0193807157141765,-0.8264099050331414,96.01778478527146,74
4.472,-1.0194616961307161,-0.8256417216398445,95.91302555721855,74
4.48,-1.019541271871193,-0.8248733914665937,95.65988813120902,74
4.488,-1.019617452300719,-0.8241047172210533,95.3735785093153,74
4.496,-1.0196897906948597,-0.8233356718970748,95.14684574053724,74
4.5040000000000004,-1.0197590852387513,-0.8225663463354386,94.93194895170086,74
4.5120000000000005,-1.0198254938260791,-0.8217967662855873,94.67621952515512,74
4.5200000000000005,-1.0198903726371715,-0.8210270565517249,94.58775036815813,74
4.5280000000000005,-1.0199521568799201,-0.820257091448004,93.94238656822081,74
4.5360000000000005,-1.020001713444911,-0.8195507579462663,93.01757172697634,74
4.5440000000000005,-1.0200355992406167,-0.8189079504767629,90.84846710501647,74
4.5520000000000005,-1.0200469607452438,-0.8181999718153448,85.50435188539076,74
4.5600000000000005,-1.0200133104843163,-0.8177506411189853,75.26716468307696,74
4.5680000000000005,-1.0199653574318661,-0.8175635809664568,56.61696827375868,74
4.5760000000000005,-1.0199305406318617,-0.8175094411852548,25.089066102344,74
4.5840000000000005,-1.0199305406318617,-0.8175094411852548,-29.288746776703864,74
4.5920000000000005,-1.0199305406318617,-0.8175094411852548,-82.20891971229598,74
4.6000000000000005,-1.0199305406318617,-0.8175094411852548,-133.26110503446444,74
4.6080000000000005,-1.0199305406318617,-0.8175094411852548,-143.27815063849457,74
4.616,-1.0199305406318617,-0.8175094411852548,-110.22972851147712,74
4.624,-1.0199305406318617,-0.8175094411852548,-65.86788898628473,74
4.632,-1.0199305406318617,-0.8175094411852548,-55.70015067860779,74
4.64,-1.0199305406318617,-0.8175094411852548,-80.03589279896944,74
4.648,-1.0199305406318617,-0.8175094411852548,-116.54334855770541,74
4.656,-1.0199305406318617,-0.8175094411852548,-123.78241015378984,74
4.664,-1.0199305406318617,-0.8175094411852548,-102.62206910742641,74
4.672,-1.0199305406318617,-0.8175094411852548,-76.07618678520238,74
4.68,-1.0199305406318617,-0.8175094411852548,-69.42910030783071,74
4.688,-1.0199305406318617,-0.8175094411852548,-81.40562127070008,74
4.696,-1.0199305406318617,-0.8175094411852548,-97.67390922344134,74
4.704,-1.0199305406318617,-0.8175094411852548,-101.7984423621843,74
4.712,-1.0199305406318617,-0.8175094411852548,-95.80974539127051,74
4.72,-1.0199305406318617,-0.8175094411852548,-90.67715231285854,74
4.728,-1.0199305406318617,-0.8175094411852548,-89.60799477186158,74
4.736,-1.0199305406318617,-0.8175094411852548,-92.52690363864983,74
4.744,-1.0199305406318617,-0.8175094411852548,-99.3852136654314,74
4.752,-1.0199305406318617,-0.8175094411852548,-110.12099571060473,74
4.76,-1.0199305406318617,-0.8175094411852548,-124.75319291349851,74
4.768,-1.0199305406318617,-0.8175094411852548,-143.25876534610876,74
4.776,-1.0199305406318617,-0.8175094411852548,-165.35148565948094,74
4.784,-1.0199305406318617,-0.8175094411852548,150.87324376189252,74
4.792,-1.0199305406318617,-0.8175094411852548,124.66659782245515,74
4.8,-1.0199305406318617,-0.8175094411852549,108.98435076939604,74
4.808,-1.0200755383574673,-0.8170828194859467,96.51276362938589,74
4.816,-1.0201631520140373,-0.8163153643401679,53.94499483230085,74
4.824,-1.0201631520140373,-0.8163153643401679,122.59242326032529,74
4.832,-1.0202316908724767,-0.8162063867841363,123.03436093997205,74
4.84,-1.0202664467572922,-0.816152206783583,151.10463218736294,74
4.848,-1.0202664467572922,-0.816152206783583,-122.77707632130267,74
4.856,-1.0202664467572922,-0.816152206783583,-78.16571585253881,74
4.864,-1.0202664467572922,-0.816152206783583,-83.60013414444929,74
4.872,-1.0202664467572922,-0.816152206783583,-140.64955936960664,74
4.88,-1.0202664467572922,-0.816152206783583,88.30487599926188,74
4.888,-1.0202500263397496,-0.8155731096869264,62.69839954719176,74
4.896,-1.0202500263397496,-0.8155731096869264,93.10930517620568,74
4.904,-1.020289307929815,-0.8148661303198353,84.0766470244773,74
4.912,-1.0202504020626995,-0.8144818753040752,103.1606312717817,74
4.92,-1.0203969608738137,-0.8138550817137404,92.30232486600916,74
4.928,-1.0204228198067398,-0.8132119013303425,90.39331861539283,74
4.936,-1.0204288321763368,-0.8125682300673236,92.77448190994922,74
4.944,-1.020463981695502,-0.8118610332205312,93.71081889925479,74
4.952,-1.0205056424351515,-0.8112186827922041,94.23238999293596,74
4.96,-1.0205587734674195,-0.8105126091684078,94.94944388908262,74
4.968,-1.0206254170384985,-0.8097430494319131,95.72010213065516,74
4.976,-1.0207098515654578,-0.8089105102862396,96.54343189315748,74
4.984,-1.020791411345989,-0.808207153427305,97.13584963857794,74
4.992,-1.0208873656571518,-0.8074406964332281,97.34438240804208,74
5.0,-1.0209933100308903,-0.8066106202872664,97.55634837647047,74
5.008,-1.0211043782990614,-0.8057812141996187,98.15552983827908,74
5.016,-1.0212139571590648,-0.8050165861678017,98.12544313244676,74
5.024,-1.0213231344885643,-0.8042519007002248,98.16816379801686,74
5.032,-1.0214246038416883,-0.8035511390865592,98.3137724478261,74
5.04,-1.0215362940724937,-0.8027868166114593,98.29041750200068,74
5.048,-1.0216476727403654,-0.8020224486726085,98.23601900621232,74
5.056,-1.0217583256421086,-0.8012579753317157,98.12420709267467,74
5.064,-1.0218674864750508,-0.8004932875090381,97.9510389164793,74
5.072,-1.0219743356550026,-0.7997282732566587,97.70085595133038,73
5.08,-1.022068349035515,-0.7990264724636303,98.76104431224702,73
5.088,-1.0221558801809736,-0.7984537933422692,103.0661582336932,73
5.096,-1.022271057885005,-0.7979518796482085,111.28442060892884,73
5.104,-1.022363333101355,-0.7977115034991411,127.45983560258318,73
5.112,-1.022363333101355,-0.797711503499141,156.60243075868303,73
5.12,-1.022363333101355,-0.797711503499141,-135.00842852493832,73
5.128,-1.022363333101355,-0.797711503499141,-79.89140244642542,73
5.136,-1.022363333101355,-0.7977115034991409,-80.39987248414495,73
5.144,-1.022363333101355,-0.7977115034991409,-130.90018076453634,73
5.152,-1.022363333101355,-0.7977115034991409,-131.43039883443075,73
5.16,-1.022363333101355,-0.7977115034991409,-87.3114911351658,73
5.168,-1.022363333101355,-0.7977115034991408,-87.29346980295914,73
5.176,-1.022363333101355,-0.7977115034991408,-124.99849311566213,73
5.184,-1.022363333101355,-0.7977115034991408,-125.82699279183072,73
5.192,-1.022363333101355,-0.7977115034991409,-95.37228831816834,73
5.2,-1.022363333101355,-0.7977115034991409,-68.74794484932889,73
5.208,-1.022363333101355,-0.7977115034991409,-68.44384052797751,73
5.216,-1.022363333101355,-0.7977115034991408,-88.24488707248003,73
5.224,-1.022363333101355,-0.7977115034991409,-89.67526141510277,73
5.232,-1.022363333101355,-0.7977115034991409,-78.58200557765102,73
5.24,-1.022363333101355,-0.7977115034991409,-77.25880825346185,73
5.248,-1.022363333101355,-0.7977115034991408,-80.36787701898068,73
5.256,-1.022363333101355,-0.7977115034991408,-79.01839210153109,73
5.264,-1.022363333101355,-0.7977115034991408,-73.3210152322536,73
5.272,-1.022363333101355,-0.7977115034991407,-63.3831196293152,73
5.28,-1.022363333101355,-0.7977115034991407,-49.25525991165226,73
5.288,-1.022363333101355,-0.7977115034991407,-31.196024187314,73
5.296,-1.022363333101355,-0.7977115034991407,-9.092431625932347,73
5.304,-1.022363333101355,-0.7977115034991407,16.750691183527053,73
5.312,-1.022363333101355,-0.7977115034991407,46.32522806165163,73
5.32,-1.0224071452977914,-0.7977586599648738,72.4300155190931,73
5.328,-1.022330636387182,-0.7975128108339209,87.64327240085906,73
5.336,-1.0223023955961943,-0.7968053044194375,108.74278446987044,73
5.344,-1.0224046797039283,-0.7965001406804273,97.35456635307402,73
5.352,-1.0224854983469378,-0.7958615350193449,101.36169147802978,73
5.36,-1.0225856960840616,-0.7953564175347267,97.94582355073906,73
5.368,-1.0226827091392536,-0.7946550251082399,95.62237719511484,73
5.376,-1.0227512075161052,-0.7939502763294688,92.21421700563755,73
5.384,-1.022781051321452,-0.7931784130638042,92.56656417301608,73
5.392,-1.0228156411969407,-0.7924067479200316,92.41626690008287,73
5.4,-1.0228482067374198,-0.7916349946957603,92.06692595963922,73
5.408,-1.0228760662068594,-0.7908630572607549,91.69567836929582,73
5.416,-1.0228989233634307,-0.7900909555161684,91.5556646326642,73
5.424,-1.0229226766621293,-0.7892544829229398,91.7039928049639,73
5.432,-1.0229456458614465,-0.7884823845033826,91.59288866634039,73
5.44,-1.0229671178169684,-0.7877102429951562,91.28159933123759,73
5.448,-1.0229843944130175,-0.7869379962257691,90.99986144819862,73
5.456,-1.0229978734822274,-0.7861656738395253,91.06577512917333,73
5.464,-1.0230144740045646,-0.785329028728932,91.19225572736424,73
5.472,-1.0230305463847789,-0.7845567559583423,91.17269951207977,73
5.48,-1.0230463551716529,-0.7837844777469071,91.04098189461108,73
5.488,-1.0230603885232192,-0.7830121652333196,90.84762474781552,73
5.496,-1.0230718154622287,-0.7822398097590302,90.53744589328409,73
5.5040000000000004,-1.0230809732635,-0.7814674248360759,90.27352945082866,73
5.5120000000000005,-1.023084660869956,-0.7806949936383899,89.31261914287722,73
5.5200000000000005,-1.0230770427701537,-0.7799869648018541,87.64771888633385,73
5.5280000000000005,-1.023050623057506,-0.7793438072093595,83.34123003570852,73
5.5360000000000005,-1.0229855837816693,-0.7787681409878247,75.87197660110522,73
5.5440000000000005,-1.0229081834288893,-0.778455737191927,61.68375542700199,73
5.5520000000000005,-1.0228781428555216,-0.7783988077869838,35.87765393795492,73
5.5600000000000005,-1.0229296839203512,-0.778437364989555,-7.75401809176174,73
5.5680000000000005,-1.0228657559071472,-0.7784448636461379,-60.994311638312666,73
5.5760000000000005,-1.0228657559071472,-0.7784448636461379,-112.50002245495662,73
5.5840000000000005,-1.0228657559071472,-0.7784448636461379,-125.14319404530782,73
5.5920000000000005,-1.0228657559071472,-0.7784448636461379,-96.87869289326537,73
5.6000000000000005,-1.0228568617360498,-0.778381114807378,-51.222248849930246,73
5.6080000000000005,-1.0228568617360498,-0.778381114807378,-41.86398882550593,73
5.6160000000000005,-1.0228081368416788,-0.7784231731643512,-69.19759115396289,73
5.6240000000000006,-1.0228081368416788,-0.7784231731643512,-107.03878351983842,73
5.632,-1.0228081368416788,-0.7784231731643512,-116.47622574181557,73
5.64,-1.0228081368416788,-0.7784231731643512,-97.96734320107814,73
5.648,-1.022798033087033,-0.778359604816372,-68.9702132674592,73
5.656,-1.022798033087033,-0.778359604816372,-62.45633055664937,73
5.664,-1.022767214013367,-0.7784161132707936,-77.21150286498515,73
5.672,-1.022767214013367,-0.7784161132707936,-95.82223190675087,73
5.68,-1.022767214013367,-0.7784161132707936,-101.23916701813332,73
5.688,-1.022767214013367,-0.7784161132707936,-94.84876791095573,73
5.696,-1.0227605835008382,-0.7783520893922299,-86.67222236047182,73
5.704,-1.0227605835008382,-0.7783520893922299,-83.65662450673823,73
5.712,-1.0227522853179332,-0.7784159185460957,-83.79454193717031,73
5.72,-1.0227522853179332,-0.7784159185460957,-80.61573153236795,73
5.728,-1.0227522853179332,-0.7784159185460957,-73.42698374832571,73
5.736,-1.0227522853179332,-0.7784159185460957,-62.339192425506575,73
5.744,-1.0227522853179332,-0.7784159185460957,-47.44511566365761,73
5.752,-1.0227522853179332,-0.7784159185460957,-28.836288407390033,73
5.76,-1.0227522853179332,-0.7784159185460957,-6.223095605921119,73
5.768,-1.0227522853179332,-0.7784159185460957,19.938222552206497,73
5.776,-1.0227522853179332,-0.7784159185460957,49.31022298220672,73
5.784,-1.0227935824244203,-0.7784652925252021,74.01052723305713,73
5.792,-1.0227060751955197,-0.7781555677583657,88.68100299650821,73
5.8,-1.0226928512769797,-0.7775120042639047,121.80713829106092,73
5.808,-1.022726302535528,-0.7774570096596513,88.5456220545876,73
5.816,-1.0227115580157033,-0.7768134792077226,116.88624242678516,73
5.824,-1.0227689219323615,-0.7766982270324702,115.37662195748298,73
5.832,-1.0228506004011997,-0.7765232423941972,102.9429755439881,73
5.84,-1.0229646987537795,-0.7760210822347559,83.4295173116174,73
5.848,-1.022900546600989,-0.7754453164774292,94.13595023920192,73
5.856,-1.0229507406499354,-0.7747390279908594,93.94782827186762,73
5.864,-1.0230039216721418,-0.7739684208714547,93.65141044787083,73
5.872,-1.0230531152899502,-0.773197548935549,93.940829822241,73
5.88,-1.0231026526635996,-0.7724912140876032,93.83245330742311,73
5.888,-1.0231542818282804,-0.771720501441441,93.73723430321189,73
5.896,-1.0232046300863653,-0.7709497040578779,93.28643390000248,73
5.904,-1.0232489122523531,-0.77017853439861,93.0920413312307,73
5.912,-1.0232905777515033,-0.769407218937997,92.97124410102163,73
5.92,-1.0233306169876257,-0.7686358173479216,92.65132857635497,73
5.928,-1.023366348440092,-0.767864204221475,92.61012541103707,73
5.936,-1.0234015249925272,-0.7670925655989588,92.60728300858406,73
5.944,-1.0234385566135686,-0.7662565756005351,92.54322130533207,73
5.952,-1.023472832102178,-0.7654848964285467,92.7849998266584,73
5.96,-1.023510363631843,-0.7647133687635332,92.93008186549449,73
5.968,-1.0235541735656246,-0.763877706566157,93.11153255215216,73
5.976,-1.023596101453065,-0.7631064053241934,93.01026643199391,73
5.984,-1.02363666605692,-0.7623350311824735,93.01338838262042,73
5.992,-1.023677272691594,-0.7615636592521958,92.94233972626036,73
6.0,-1.0237169227686576,-0.7607922375614268,92.85180504430402,73
6.008,-1.023755353851494,-0.7600207541815203,92.82164119471953,73
6.016,-1.0237933787750482,-0.7592492506761563,92.80638970562666,73
6.024,-1.0238311983317419,-0.7584777370763207,92.80780367016804,73
6.032,-1.0238690369280965,-0.7577062244100436,92.7880789920018,73
6.04,-1.0239066099208178,-0.7569346987631479,92.75006589420023,73
6.048,-1.0239436710337504,-0.7561631483581138,92.72030002387581,73
6.056,-1.0239803313116649,-0.7553915788034895,92.68457455399538,73
6.064,-1.0240165104879755,-0.7546199865401784,92.67922758800124,73
6.072,-1.0240526176574707,-0.7538483909039083,92.68953424549233,73
6.08,-1.0240888636249454,-0.7530768017752641,92.68301936862451,73
6.088,-1.0241250218578328,-0.7523052085302222,92.75995503879004,73
6.096,-1.0241622161383723,-0.7515336645333593,92.90931373403832,73
6.104,-1.0242014215519204,-0.7507622201159523,93.17046909339993,73
6.112,-1.024244142805799,-0.7499909624105988,93.53707065657382,73
6.12,-1.0242869518229831,-0.7492841878660244,94.24377742111437,72
6.128,-1.0243441125250436,-0.7485138657205943,96.8503663198264,72
6.136,-1.0244125010574903,-0.7479385865830461,101.47990020407762,72
6.144,-1.0245005386759471,-0.7474966818506799,109.4737206538903,72
6.152,-1.0246059544245187,-0.7471925870962292,124.31115881150069,72
6.16,-1.0246059544245187,-0.7471925870962292,151.51499062125333,72
6.168,-1.0246059544245187,-0.7471925870962292,-145.44496348780694,72
6.176,-1.0246059544245187,-0.7471925870962292,-93.82676335822923,72
6.184,-1.0246059544245187,-0.7471925870962293,-43.310836010378,72
6.192,-1.0246059544245187,-0.7471925870962293,-32.427462815485434,72
6.2,-1.0246059544245187,-0.7471925870962293,-63.29483734520425,72
6.208,-1.0246059544245187,-0.7471925870962293,-109.05984394686465,72
6.216,-1.0246059544245187,-0.7471925870962293,-117.2093913101449,72
6.224,-1.0246059544245187,-0.7471925870962293,-86.80660644534889,72
6.232,-1.0246059544245187,-0.7471925870962293,-89.17028667987829,72
6.24,-1.0246059544245187,-0.7471925870962293,-124.36587936913077,72
6.248,-1.0246059544245187,-0.7471925870962293,-129.55761622346898,72
6.256,-1.0246059544245187,-0.7471925870962293,-105.68721199568594,72
6.264,-1.0246059544245187,-0.7471925870962294,-78.91371958107482,72
6.272,-1.0246059544245187,-0.7471925870962293,-72.80694511788774,72
6.28,-1.0246059544245187,-0.7471925870962293,-86.5376081931022,72
6.288,-1.0246059544245187,-0.7471925870962293,-104.34410604575636,72
6.296,-1.0246059544245187,-0.7471925870962293,-108.3539321136886,72
6.304,-1.0246059544245187,-0.7471925870962293,-100.26889038165233,72
6.312,-1.0246059544245187,-0.7471925870962294,-92.67100631602658,72
6.32,-1.0246059544245187,-0.7471925870962294,-88.79091106561903,72
6.328,-1.0246059544245187,-0.7471925870962294,-86.60012406195372,72
6.336,-1.0246059544245187,-0.7471925870962293,-84.7610629075839,72
6.344,-1.0246059544245187,-0.7471925870962293,-78.99291064502363,72
6.352,-1.0246059544245187,-0.7471925870962293,-69.36653640130096,72
6.36,-1.0246059544245187,-0.7471925870962292,-56.103607891631114,72
6.368,-1.0246059544245187,-0.7471925870962292,-39.26452853761037,72
6.376,-1.0246059544245187,-0.7471925870962292,-19.03544544922698,72
6.384,-1.0246059544245187,-0.7471925870962292,4.417868033945888,72
6.392,-1.0246059544245187,-0.7471925870962292,31.087600091981297,72
6.4,-1.024660535189202,-0.747226705703476,58.40729310836277,72
6.408,-1.0246272899836144,-0.7471715862921866,76.15545473011053,72
6.416,-1.0245367303368733,-0.7467961350706993,87.85270959304427,72
6.424,-1.0245077881570606,-0.7460242374713847,130.10651556707163,72
6.432,-1.0244668722346313,-0.7460739286452782,75.41085711689348,72
6.44,-1.0243549953487,-0.7456374495768846,95.23693311996128,72
6.448,-1.0244137487526759,-0.7449964365290289,100.03133214245294,72
6.456,-1.0245125408699995,-0.7444255934476376,99.91874330370104,72
6.464,-1.024599987200538,-0.7439181130055839,83.13816466830558,72
6.472,-1.0245314835146757,-0.7433428475690317,96.68829502330846,72
6.48,-1.0245982444963952,-0.7427673772841444,88.92177903839138,72
6.488,-1.0245837091876895,-0.7419950740545767,91.73200085016441,72
6.496,-1.0246070558111298,-0.7412229869553619,90.99910832533166,72
6.5040000000000004,-1.0246205247285674,-0.7404506643920097,90.62144072090362,72
6.5120000000000005,-1.0246289025927469,-0.7396782698263945,91.24598166019793,72
6.5200000000000005,-1.0246456991216581,-0.7389060124663024,91.15928647061848,72
6.5280000000000005,-1.0246613271164304,-0.7381337305751646,90.80158368563576,72
6.5360000000000005,-1.0246721334115763,-0.7373613661679156,90.38216798263376,72
6.5440000000000005,-1.0246781443183441,-0.7364602062146333,90.36702964570232,72
6.5520000000000005,-1.0246830924391825,-0.7356877820632112,90.19186522582287,72
6.5600000000000005,-1.0246856790886585,-0.7349153463941458,90.09364107073975,72
6.5680000000000005,-1.0246869415215478,-0.7341429074257715,90.03731195371726,72
6.5760000000000005,-1.0246874445471412,-0.7333704675895608,89.99747287798957,72
6.5840000000000005,-1.0246884435120303,-0.7325336583995474,90.10481484682991,72
6.5920000000000005,-1.0246889384678912,-0.731696848759641,89.89551348504895,72
6.6000000000000005,-1.0246875298210492,-0.7309244100440693,89.85777227861568,72
6.6080000000000005,-1.024685612362744,-0.7301519724239641,89.79751699003252,72
6.6160000000000005,-1.0246828825691712,-0.7293795372475078,89.69926190935963,72
6.6240000000000006,-1.0246788281507475,-0.7286071078880896,89.53777732467967,72
6.632000000000001,-1.024672596707287,-0.7278346930237114,89.2620766608771,72
6.640000000000001,-1.0246628553674582,-0.7269979399390323,88.90727186957743,72
6.648000000000001,-1.0246502284477468,-0.7262899827159536,88.1543931617524,72
6.656000000000001,-1.0246253509780285,-0.7255179434260852,86.31237815216289,72
6.664,-1.0245839503069436,-0.7248755761834321,83.08744387380267,72
6.672,-1.0245163618191326,-0.7243002036933589,77.88668757033274,72
6.68,-1.0244234443661684,-0.7238592992119959,68.41125823548245,72
6.688,-1.024353504307823,-0.7236793009227209,50.8900877938738,72
6.696,-1.024353504307823,-0.7236793009227209,22.025724076896484,72
6.704,-1.024353504307823,-0.7236793009227209,-27.453649102439105,72
6.712,-1.024353504307823,-0.7236793009227209,-77.59884552516097,72
6.72,-1.024353504307823,-0.7236793009227209,-126.94031872651388,72
6.728,-1.024353504307823,-0.7236793009227209,-126.84296189993779,72
6.736,-1.024353504307823,-0.7236793009227209,-80.85206605719621,72
6.744,-1.024353504307823,-0.7236793009227209,-80.37352178501183,72
6.752,-1.024353504307823,-0.7236793009227209,-122.13533253534102,72
6.76,-1.024353504307823,-0.7236793009227209,-122.19551171333299,72
6.768,-1.024353504307823,-0.7236793009227209,-85.05352247834178,72
6.776,-1.024353504307823,-0.7236793009227209,-84.38206895221843,72
6.784,-1.024353504307823,-0.7236793009227209,-116.2881568953897,72
6.792,-1.024353504307823,-0.7236793009227209,-116.77359591188157,72
6.8,-1.024353504307823,-0.7236793009227209,-90.37554665420934,72
6.808,-1.024353504307823,-0.7236793009227209,-67.06817408285356,72
6.816,-1.024353504307823,-0.7236793009227209,-65.83313008452038,72
6.824,-1.024353504307823,-0.7236793009227209,-83.60532859882306,72
6.832,-1.024353504307823,-0.7236793009227209,-98.13351128632475,72
6.84,-1.024353504307823,-0.7236793009227209,-99.38247955552518,72
6.848,-1.024353504307823,-0.7236793009227209,-91.01179157323146,72
6.856,-1.024353504307823,-0.7236793009227209,-86.29764367763141,72
6.864,-1.024353504307823,-0.7236793009227209,-84.57555963503971,72
6.872,-1.024353504307823,-0.7236793009227209,-83.23291722127468,72
6.88,-1.024353504307823,-0.7236793009227209,-78.30241503218977,72
6.888,-1.024353504307823,-0.7236793009227209,-69.81968002680391,72
6.896,-1.024353504307823,-0.7236793009227209,-57.97974540155829,72
6.904,-1.024353504307823,-0.7236793009227209,-42.74973103192747,72
6.912,-1.024353504307823,-0.7236793009227209,-24.362916191545867,72
6.92,-1.024353504307823,-0.7236793009227209,-2.7083343172241556,72
6.928,-1.024353504307823,-0.7236793009227209,21.83666893033245,72
6.936,-1.024353504307823,-0.7236793009227209,48.54023206882868,72
6.944,-1.024353504307823,-0.7236793009227209,69.92686375008246,72
6.952,-1.02428834953208,-0.723497515744279,84.04283798901896,72
6.96,-1.024223128530182,-0.7228571290920635,115.50270263248851,72
6.968,-1.0242504829730072,-0.7227988609322592,94.72980669018965,72
6.976,-1.024307994698624,-0.7220931306224189,121.89022371047176,72
6.984,-1.0243415256704258,-0.7220381845841133,122.71321529648972,72
6.992,-1.0243072089446843,-0.7220926433348319,155.0559151761469,72
7.0,-1.0243650570682503,-0.722064418960213,178.3330170338232,72
7.008,-1.0243650570682503,-0.722064418960213,-159.85837609411863,72
7.016,-1.0243650570682503,-0.722064418960213,-177.95259166508703,72
7.024,-1.0243650570682503,-0.722064418960213,142.44615083252748,72
7.032,-1.024314566277938,-0.7221043428992805,91.01511688604278,72
7.04,-1.024328355649242,-0.7212676467347975,66.31259515394528,72
7.048,-1.0242775123267835,-0.7211493731561919,80.9629137067104,72
7.056,-1.024197885057386,-0.7206406072397235,65.11222791888629,72
7.064,-1.024197885057386,-0.7206406072397235,64.45769692216477,72
7.072,-1.0241432400469146,-0.7205240413542108,53.362524355924045,72
7.08,-1.0241432400469146,-0.7205240413542108,21.019243123131538,72
7.088,-1.0241432400469146,-0.7205240413542108,-34.93904606710615,72
7.096,-1.0241432400469146,-0.7205240413542108,-89.53114965921132,72
7.104,-1.0241432400469146,-0.7205240413542108,-90.00396473229604,72
7.112,-1.0241432400469146,-0.7205240413542108,-43.247203444815526,72
7.12,-1.0241432400469146,-0.7205240413542108,-45.71018318282467,72
7.128,-1.0241432400469146,-0.7205240413542108,-89.81567885978428,72
7.136,-1.0241432400469146,-0.7205240413542108,-89.35243079489913,72
7.144,-1.0241432400469146,-0.7205240413542108,-53.16663771793924,72
7.152,-1.0241432400469146,-0.7205240413542108,-54.40673935494012,72
7.16,-1.0241432400469146,-0.7205240413542108,-85.15971449408201,72
7.168,-1.0241432400469146,-0.7205240413542108,-112.19476925671353,72
7.176,-1.0241432400469146,-0.7205240413542108,-112.05015976313668,72
7.184,-1.0241432400469146,-0.7205240413542108,-92.29861941492564,72
7.192,-1.0241432400469146,-0.7205240413542108,-76.48412421621323,72
7.2,-1.0241432400469146,-0.7205240413542108,-75.92173545646264,72
7.208,-1.0241432400469146,-0.7205240413542108,-84.68299452391257,72
7.216,-1.0241432400469146,-0.7205240413542108,-89.29216346675737,72
7.224,-1.0241432400469146,-0.7205240413542108,-90.85702181267396,72
7.232,-1.0241432400469146,-0.7205240413542108,-93.70810027767838,72
7.24,-1.0241432400469146,-0.7205240413542108,-100.84990095301929,72
7.248,-1.0241432400469146,-0.7205240413542108,-112.06049220224608,72
7.256,-1.0241432400469146,-0.7205240413542108,-127.30513377292704,72
7.264,-1.0241432400469146,-0.7205240413542108,-146.4816642665336,72
7.272,-1.0241432400469146,-0.7205240413542108,-169.34214103897352,72
7.28,-1.0241432400469146,-0.7205240413542108,146.0697840140667,72
7.288,-1.0241432400469146,-0.7205240413542108,118.66402400402794,72
7.296,-1.0241432400469146,-0.7205240413542108,102.27090604441388,72
7.304,-1.0242373698667533,-0.7200833941123398,89.59788521049617,72
7.312,-1.024231948751956,-0.7193109731357252,87.64745010158832,72
7.32,-1.0242037595486138,-0.7186034646639556,88.59688259720772,72
7.328,-1.0241848451418514,-0.7178312562731589,88.49790676765004,72
7.336,-1.0241671603967315,-0.7171234073354604,89.17488265603487,72
7.344,-1.0241560368616862,-0.7163510474319388,89.85483285221149,72
7.352,-1.024155119373338,-0.7156429782071975,90.93292614412563,72
7.36,-1.0241697799637661,-0.7148062968547639,91.62652330190298,72
7.368,-1.024192496811332,-0.7139697954720644,91.29517865844555,72
7.376,-1.0242099564324445,-0.7131975528189879,91.70423828444075,72
7.384,-1.0242329289397594,-0.7124254544978476,91.96997484971594,72
7.392,-1.0242594821621902,-0.7116534710265359,92.16358221072093,72
7.4,-1.0242886438265288,-0.7108815816880081,92.35267817461315,72
7.408,-1.024316834613871,-0.7101740732793514,92.44371885679857,72
7.416,-1.024349769918429,-0.7094023357466931,92.8232701174889,72
7.424,-1.0243878167758629,-0.708630833322692,93.38484076043241,72
7.432,-1.0244287478057479,-0.7079239475330462,94.28050808843547,72
7.44,-1.0244807236662639,-0.7072177879344183,96.3220084721634,72
7.448,-1.0245578223178382,-0.7065139280998375,101.69475456880177,72
7.456,-1.0246609546174696,-0.7060094016004698,112.00144849595014,72
7.464,-1.024732189394321,-0.7058299117610074,131.44688805313234,72
7.472,-1.024732189394321,-0.7058299117610074,164.20834428818668,72
7.48,-1.024732189394321,-0.7058299117610074,-121.80276245960656,72
7.488,-1.024732189394321,-0.7058299117610074,-67.86757327664915,72
7.496,-1.024732189394321,-0.7058299117610074,-63.676661254668566,72
7.5040000000000004,-1.024732189394321,-0.7058299117610074,-110.50876890977945,72
7.5120000000000005,-1.024732189394321,-0.7058299117610074,-110.87019184590984,72
7.5200000000000005,-1.024732189394321,-0.7058299117610074,-66.86754057997314,72
7.5280000000000005,-1.024732189394321,-0.7058299117610074,-63.45571191792464,72
7.5360000000000005,-1.024732189394321,-0.7058299117610074,-98.95919521552777,72
7.5440000000000005,-1.024732189394321,-0.7058299117610074,-99.63951388059206,72
7.5520000000000005,-1.024732189394321,-0.7058299117610074,-69.72926407166376,72
7.5600000000000005,-1.024732189394321,-0.7058299117610074,-66.88935939074669,72
7.5680000000000005,-1.024732189394321,-0.7058299117610074,-87.3077807946713,72
7.5760000000000005,-1.024732189394321,-0.7058299117610074,-104.43967269217387,72
7.5840000000000005,-1.024732189394321,-0.7058299117610074,-106.09604416318852,72
7.5920000000000005,-1.024732189394321,-0.7058299117610074,-97.43794533018382,72
7.6000000000000005,-1.024732189394321,-0.7058299117610074,-93.62126336643558,72
7.6080000000000005,-1.024732189394321,-0.7058299117610075,-93.93709086753776,72
7.6160000000000005,-1.024732189394321,-0.7058299117610074,-98.2294952212191,72
7.6240000000000006,-1.024732189394321,-0.7058299117610074,-106.44217233328801,72
7.632000000000001,-1.024732189394321,-0.7058299117610074,-118.53246944869271,72
7.640000000000001,-1.024732189394321,-0.7058299117610074,-134.35714212551306,72
7.648000000000001,-1.024732189394321,-0.7058299117610074,-153.79790790426756,72
7.656000000000001,-1.024732189394321,-0.7058299117610074,-176.79179621839967,72
7.664000000000001,-1.024732189394321,-0.7058299117610074,138.63179807833177,72
7.672000000000001,-1.024732189394321,-0.7058299117610074,114.23505451632343,72
7.68,-1.0247841608701884,-0.7057121295529667,98.82703901553916,72
7.688,-1.024861922464396,-0.7052030751410833,77.62392040284408,72
7.696,-1.0247669839406006,-0.7047626014285294,84.64912186261859,72
7.704,-1.0247085428109381,-0.7041215604955242,85.310151140309,72
7.712,-1.0246515232725537,-0.7034157902488765,86.71257414355296,72
7.72,-1.0246146103415796,-0.702773149505127,88.2051153093776,72
7.728,-1.0245933086111882,-0.7020654001815011,89.58211938882123,72
7.736,-1.0245876749529965,-0.7012929807258325,90.39253998636345,72
7.744,-1.0245944438333925,-0.7004561983164334,91.17424253281224,72
7.752,-1.024610273418325,-0.6996839205310214,91.42137195293812,71
7.76,-1.0246294338512636,-0.698911718205585,91.07850770982198,71
7.768,-1.0246439730251153,-0.6981394150487716,91.21592414616576,71
7.776,-1.024658122147166,-0.6974314866123066,91.28021464556218,71
7.784,-1.0246757826069228,-0.6965948632044445,91.41240803580945,71
7.792,-1.0246948222286758,-0.6958226578908112,91.710346225879,71
7.8,-1.024717877044389,-0.6950505620230121,92.02245097858346,71
7.808,-1.0247451373007532,-0.6942786031950796,92.47259173264206,71
7.816,-1.0247748087600042,-0.6935711553359997,93.11445841132151,71
7.824,-1.0248124035084818,-0.6928640842619925,94.49105536731639,71
7.832,-1.024862807447439,-0.692222360697724,97.82925725925611,71
7.84,-1.0249489140525763,-0.691584446521697,106.84587268531484,71
7.848,-1.0250223098613793,-0.6913376501200962,126.15677055355309,71
7.856,-1.0250223098613793,-0.6913376501200962,164.9250958692762,71
7.864,-1.0250223098613793,-0.6913376501200962,-111.13486762389296,71
7.872,-1.0250223098613793,-0.6913376501200962,-49.06964838364392,71
7.88,-1.0250223098613793,-0.6913376501200962,-38.56268128357801,71
7.888,-1.0250223098613793,-0.6913376501200962,-78.3434254580756,71
7.896,-1.0250223098613793,-0.6913376501200962,-127.8903100391865,71
7.904,-1.0250223098613793,-0.6913376501200962,-138.21586381543165,71
7.912,-1.0250223098613793,-0.6913376501200962,-112.23871664077198,71
7.92,-1.0250223098613793,-0.6913376501200962,-76.41006996061144,71
7.928,-1.0250223098613793,-0.6913376501200962,-69.95783571948151,71
7.936,-1.0250223098613793,-0.6913376501200962,-88.45285231039215,71
7.944,-1.0250223098613793,-0.6913376501200962,-108.76390852612309,71
7.952,-1.0250223098613793,-0.6913376501200962,-113.57775498671631,71
7.96,-1.0250223098613793,-0.6913376501200962,-107.68774656984108,71
7.968,-1.0250223098613793,-0.6913376501200962,-103.52008129415789,71
7.976,-1.0250223098613793,-0.6913376501200962,-105.19920371270585,71
7.984,-1.0250223098613793,-0.6913376501200962,-112.72333769620487,71
7.992,-1.0250223098613793,-0.6913376501200962,-126.01197109804427,71
8.0,-1.0250223098613793,-0.6913376501200962,-144.83876036367488,71
8.008000000000001,-1.0250223098613793,-0.6913376501200962,-169.11534911794777,71
8.016,-1.0250223098613793,-0.6913376501200962,143.41542644936908,71
8.024000000000001,-1.0250223098613793,-0.6913376501200962,112.14723589158186,71
8.032,-1.0250940011136622,-0.691158342116233,94.78067389218316,71
8.040000000000001,-1.0251521393640106,-0.6904526631434295,64.8654346819089,71
8.048,-1.0251251598683087,-0.69039422042959,87.77888141893922,71
8.056000000000001,-1.0250985936979213,-0.6896866491558644,59.01500763918844,71
8.064,-1.0250659349820248,-0.6896311802323898,61.58946557098155,71
8.072000000000001,-1.0250659349820248,-0.6896311802323898,37.320909616201405,71
8.08,-1.0250659349820248,-0.6896311802323898,17.063610381730328,71
8.088000000000001,-1.0250659349820248,-0.6896311802323898,11.781789785666852,71
8.096,-1.0250659349820248,-0.6896311802323898,28.13503309058808,71
8.104000000000001,-1.0250659349820248,-0.6896311802323898,62.85324010775822,71
8.112,-1.0250659349820248,-0.6896311802323899,92.07018636724547,71
8.120000000000001,-1.0250938383784014,-0.6888592443839733,105.85418959833444,71
8.128,-1.0251975085432965,-0.688487199808358,96.7964854222659,71
8.136000000000001,-1.0252653560536193,-0.6879118566126814,100.7047500058064,71
8.144,-1.0253474073025661,-0.6874688013031571,101.02740520155926,71
8.152000000000001,-1.025444656295523,-0.6869631078256825,103.46056389701717,71
8.16,-1.0255479145234667,-0.6865245098855216,109.48931641443049,71
8.168000000000001,-1.0256112136345414,-0.686342070255944,128.8110489843258,71
8.176,-1.025650995669385,-0.6862914667464326,163.89873375135542,71
8.184000000000001,-1.025650995669385,-0.6862914667464326,-118.13023210882922,71
8.192,-1.025650995669385,-0.6862914667464327,-61.04471632076009,71
8.2,-1.025650995669385,-0.6862914667464326,-54.787106511210744,71
8.208,-1.025650995669385,-0.6862914667464327,-101.65814049299452,71
8.216,-1.025650995669385,-0.6862914667464326,-103.79186389064634,71
8.224,-1.025650995669385,-0.6862914667464327,-61.79780088006288,71
8.232,-1.025650995669385,-0.6862914667464326,-59.13310210546606,71
8.24,-1.025650995669385,-0.6862914667464327,-93.45068932548534,71
8.248,-1.025650995669385,-0.6862914667464326,-96.54753555598865,71
8.256,-1.025650995669385,-0.6862914667464327,-72.49488193898043,71
8.264,-1.025650995669385,-0.6862914667464326,-71.13911398151389,71
8.272,-1.025650995669385,-0.6862914667464327,-86.72275492831359,71
8.28,-1.025650995669385,-0.6862914667464327,-96.71237254799011,71
8.288,-1.025650995669385,-0.6862914667464327,-98.84359859384949,71
8.296,-1.025650995669385,-0.6862914667464326,-97.218996426977,71
8.304,-1.025650995669385,-0.6862914667464327,-100.14189449416733,71
8.312,-1.025650995669385,-0.6862914667464327,-108.14543804800589,71
8.32,-1.025650995669385,-0.6862914667464326,-121.09831060697353,71
8.328,-1.025650995669385,-0.6862914667464327,-138.98891305670188,71
8.336,-1.025650995669385,-0.6862914667464327,-161.32527083186378,71
8.344,-1.025650995669385,-0.6862914667464327,153.75019220408117,71
8.352,-1.025593805721022,-0.6863210019885851,124.84624847737723,71
8.36,-1.025593805721022,-0.6863210019885851,103.18573509900227,71
8.368,-1.0256949589607085,-0.6858819138005724,90.54377195999861,71
8.376,-1.0257022897782817,-0.6851095085878028,43.85486955106761,71
8.384,-1.0257022897782817,-0.6851095085878028,107.39471268144743,71
8.392,-1.025778046262385,-0.6848634265614187,55.04114439312821,71
8.4,-1.025778046262385,-0.6848634265614187,67.60818060020885,71
8.408,-1.0257055902378562,-0.6846844262250705,80.16101641655207,71
8.416,-1.0256188504399801,-0.684176824543379,101.75534888465684,71
8.424,-1.025722516254089,-0.683672407395795,92.56524784935846,71
8.432,-1.0257533317263967,-0.6829650084450769,92.39951891651452,71
8.44,-1.025782100910186,-0.6822575233195266,90.3221464316633,71
8.448,-1.0257864439434898,-0.6814850955289458,90.44345772108782,71
8.456,-1.0257924224128467,-0.6807126786651317,90.29755482901483,71
8.464,-1.0257952231239225,-0.6800046143849791,90.09726917448397,71
8.472,-1.0257956078746053,-0.6791678046871453,90.02457343358967,71
8.48,-1.0257959391643203,-0.6783953647581883,90.08730268176858,71
8.488,-1.0257971161455568,-0.6776229256548829,90.03940546573004,71
8.496,-1.02579764739508,-0.6768504858375678,89.97636769953338,71
8.504,-1.0257973287933644,-0.6760780459032733,89.91316254111025,71
8.512,-1.0257961580840793,-0.6753056067904367,89.84960047275634,71
8.52,-1.0257941304569418,-0.6745331694516653,89.78591594073927,71
8.528,-1.0257912442634498,-0.6737607348437618,89.72324855143833,71
8.536,-1.0257861664419496,-0.6729239404639108,89.51958224748527,71
8.544,-1.0257796897076499,-0.6721515276173625,89.53246378745159,71
8.552,-1.0257733866314507,-0.671379113334202,89.50387218732132,71
8.56,-1.0257666981077609,-0.6706067022925598,89.4573966023054,71
8.568,-1.0257593830435943,-0.669834296930437,89.40734169545073,71
8.576,-1.0257513931912683,-0.6690618982536775,89.35851493187302,71
8.584,-1.0257409886408297,-0.6682251531528541,89.17080915261413,71
8.592,-1.0257298101940768,-0.6674527940421238,89.20174096284869,71
8.6,-1.0257191877114644,-0.6666160516795744,89.34308165456082,71
8.608,-1.0257103315811569,-0.6658436624496159,89.24576945948509,71
8.616,-1.0257001636243226,-0.6650712893750892,89.35220487294583,71
8.624,-1.0256914304818177,-0.6642988987447589,89.45883340035041,71
8.632,-1.0256824909931797,-0.6634621367093124,89.37872532576723,71
8.64,-1.0256741153674467,-0.6626897421194209,89.49498554511261,71
8.648,-1.0256673070419846,-0.6619173321244672,89.5702289776688,71
8.656,-1.025661513086159,-0.6611449138545669,89.59394280881499,71
8.664,-1.0256566184878375,-0.6603081183829438,89.74255546688038,71
8.672,-1.0256531477298216,-0.6595356861804569,89.71554808921286,71
8.68,-1.025649312872643,-0.6587632556997853,89.82093895317861,71
8.688,-1.0256468988433542,-0.6579908194719565,89.84010531161334,71
8.696,-1.0256447432065197,-0.6572183824798142,89.88108075539705,71
8.704,-1.0256431399834527,-0.6564459441435855,89.91462678818682,71
8.712,-1.02564198901457,-0.6556735050010826,89.94251859101817,71
8.72,-1.0256412140721138,-0.6549010653898092,90.00227049213572,71
8.728,-1.0256403656226627,-0.6541929960789757,89.98386428332404,71
8.736,-1.0256401480870443,-0.653420556109607,90.0414691082739,71
8.744,-1.0256407071578078,-0.6526481163119271,90.16956204416982,71
8.752,-1.025642993125733,-0.6518756796944946,90.52521799749844,71
8.76,-1.0256500738166956,-0.6511032721483019,91.16292079296036,71
8.768,-1.0256635680402038,-0.650395330925641,92.10702798921888,71
8.776,-1.0256872344995331,-0.649752066136691,93.92594858776671,70
8.784,-1.0257348395142616,-0.6490455984223662,96.26810671198274,70
8.792,-1.025797378429643,-0.6484696540139975,100.16959373793037,70
8.8,-1.0258870457486051,-0.647962561289043,106.85657333676897,70
8.808,-1.0259972085980256,-0.6475923872543757,118.81298860004942,70
8.816,-1.0259666755922192,-0.647649054076696,140.13553019480293,70
8.824,-1.0259666755922192,-0.647649054076696,175.14576799050397,70
8.832,-1.0259666755922192,-0.647649054076696,-117.55670852198604,70
8.84,-1.0259666755922192,-0.647649054076696,-68.92899205718626,70
8.848,-1.0259666755922192,-0.647649054076696,-70.64084500013007,70
8.856,-1.0259666755922192,-0.647649054076696,-117.18173322929323,70
8.864,-1.0259666755922192,-0.647649054076696,-115.73682815097213,70
8.872,-1.0259666755922192,-0.647649054076696,-72.21147403457138,70
8.88,-1.0259666755922192,-0.647649054076696,-73.7073048516745,70
8.888,-1.0259666755922192,-0.647649054076696,-113.69330233204845,70
8.896,-1.0259666755922192,-0.647649054076696,-112.7105081232041,70
8.904,-1.0259666755922192,-0.647649054076696,-77.0205663841359,70
8.912,-1.0259666755922192,-0.647649054076696,-77.89380123722911,70
8.92,-1.0259666755922192,-0.647649054076696,-109.1116448315217,70
8.928,-1.0259666755922192,-0.647649054076696,-108.81966929570908,70
8.936,-1.0259666755922192,-0.647649054076696,-83.1161407567112,70
8.944,-1.0259666755922192,-0.647649054076696,-83.15845330254524,70
8.952,-1.0259666755922192,-0.647649054076696,-103.28277924535826,70
8.96,-1.0259666755922192,-0.647649054076696,-103.82351809456088,70
8.968,-1.0259666755922192,-0.647649054076696,-89.49558358404207,70
8.976,-1.0259666755922192,-0.647649054076696,-88.57860315558915,70
8.984,-1.0259666755922192,-0.647649054076696,-96.75730516912898,70
8.992,-1.0259666755922192,-0.647649054076696,-98.22600594586926,70
9.0,-1.0259666755922192,-0.647649054076696,-96.17499778413463,70
9.008000000000001,-1.0259666755922192,-0.647649054076696,-97.46541180445723,70
9.016,-1.0259666755922192,-0.647649054076696,-102.00377789397092,70
9.024000000000001,-1.0259666755922192,-0.647649054076696,-109.71411212106163,70
9.032,-1.0259666755922192,-0.647649054076696,-120.53520707849661,70
9.040000000000001,-1.0259666755922192,-0.647649054076696,-134.376101591529,70
9.048,-1.0259666755922192,-0.647649054076696,-151.09889888121464,70
9.056000000000001,-1.0259666755922192,-0.647649054076696,-170.63217239659113,70
9.064,-1.0259666755922192,-0.647649054076696,148.9676453775309,70
9.072000000000001,-1.0259666755922192,-0.647649054076696,125.95582507254194,70
9.08,-1.0259666755922192,-0.6476490540766959,109.28380625178309,70
9.088000000000001,-1.0260505029799674,-0.6474056031008173,97.09810897913151,70
9.096,-1.0261213783292606,-0.6468306250470354,69.48602569871099,70
9.104000000000001,-1.0260323436538024,-0.6465890298584264,85.40204336411594,70
9.112,-1.0259764561180182,-0.6458831690703423,76.04827221903382,70
9.120000000000001,-1.0258694418813452,-0.6454454724083711,71.55359540724744,70
9.128,-1.0257891814572788,-0.6452008223053226,55.206329186615676,70
9.136000000000001,-1.0257891814572788,-0.6452008223053226,40.070115734470356,70
9.144,-1.0257891814572788,-0.6452008223053226,-34.396530667205745,70
9.152000000000001,-1.0257891814572788,-0.6452008223053226,-99.77492120090247,70
9.16,-1.0257891814572788,-0.6452008223053226,-97.97609425012133,70
9.168000000000001,-1.0257891814572788,-0.6452008223053226,-93.53787569691605,70
9.176,-1.0257891814572788,-0.6452008223053226,-123.10677540009182,70
9.184000000000001,-1.0257891814572788,-0.6452008223053226,155.81979853380804,70
9.192,-1.0258474007237872,-0.6451733716636184,98.90911424977966,70
9.200000000000001,-1.0259258914497893,-0.6446644291661561,78.82609998588622,70
9.208,-1.0258402151610553,-0.6442220605548147,83.66267153668086,70
9.216000000000001,-1.025762928311179,-0.6435182213603626,86.944625756809,70
9.224,-1.0257260627236355,-0.6428111118941087,88.37059867655788,70
9.232,-1.025704098712911,-0.6420389842260169,88.99094582747641,70
9.24,-1.025692505697159,-0.6413310093177069,90.11788954681627,70
9.248,-1.025695263353096,-0.6404942040752787,90.36137949421246,70
9.256,-1.0257001353022708,-0.6397217794396597,90.79989502995903,70
9.264,-1.0257109188338236,-0.6389494147142564,91.217229315365,70
9.272,-1.0257250840821261,-0.6382414866002849,91.4156222893913,70
9.28,-1.0257441670240328,-0.6374692823559763,91.74365645958763,70
9.288,-1.0257676707117107,-0.6366972000221119,92.12366395419434,70
9.296,-1.0257915239434914,-0.6360539421318894,92.6134550716357,70
9.304,-1.0258267453385195,-0.6352823055549102,93.37225985610863,70
9.312,-1.0258646097435271,-0.6346397201700519,94.81319319527572,70
9.32,-1.0259231485059348,-0.6339340743083717,97.1582423309369,70
9.328,-1.0259946272699125,-0.6333591709566955,101.16905319748028,70
9.336,-1.0260685014314133,-0.632980082323398,107.93985913507981,70
9.344,-1.0261465958233653,-0.6327347322173483,120.41862045538785,70
9.352,-1.0261465958233653,-0.6327347322173482,142.94155174160852,70
9.36,-1.0261974299194743,-0.6326952463275926,-161.83604909941363,70
9.368,-1.0261974299194743,-0.6326952463275926,-111.26261889842534,70
9.376,-1.0261974299194743,-0.6326952463275926,-61.697500755456915,70
9.384,-1.0261974299194743,-0.6326952463275926,-59.85166493218318,70
9.392,-1.0261974299194743,-0.6326952463275927,-106.56371759703534,70
9.4,-1.0261974299194743,-0.6326952463275926,-107.41574653921003,70
9.408,-1.0261974299194743,-0.6326952463275926,-63.86661153829335,70
9.416,-1.0261974299194743,-0.6326952463275926,-62.37194042566052,70
9.424,-1.0261974299194743,-0.6326952463275927,-101.33583441462073,70
9.432,-1.0261974299194743,-0.6326952463275926,-102.32927828308706,70
9.44,-1.0261974299194743,-0.6326952463275926,-68.40339820874993,70
9.448,-1.0261974299194743,-0.6326952463275926,-66.89062283760344,70
9.456,-1.0261974299194743,-0.6326952463275927,-95.08799414026429,70
9.464,-1.0261974299194743,-0.6326952463275926,-96.34660295180898,70
9.472,-1.0261974299194743,-0.6326952463275926,-74.14651317145666,70
9.48,-1.0261974299194743,-0.6326952463275926,-72.48187363368058,70
9.488,-1.0261974299194743,-0.6326952463275927,-88.35685885644162,70
9.496,-1.0261974299194743,-0.6326952463275926,-100.79899944065637,70
9.504,-1.0261974299194743,-0.6326952463275927,-102.09898616363016,70
9.512,-1.0261974299194743,-0.6326952463275926,-95.70600151612109,70
9.52,-1.0261974299194743,-0.6326952463275926,-93.0090337935593,70
9.528,-1.0261974299194743,-0.6326952463275926,-93.89019793925782,70
9.536,-1.0261974299194743,-0.6326952463275926,-98.28198758999267,70
9.544,-1.0261974299194743,-0.6326952463275926,-106.11295446963787,70
9.552,-1.0261974299194743,-0.6326952463275926,-117.30333920612756,70
9.56,-1.0261974299194743,-0.6326952463275926,-131.84440881604144,70
9.568,-1.0261974299194743,-0.6326952463275926,-149.55716568490308,70
9.576,-1.0261974299194743,-0.6326952463275926,-170.45685431474445,70
9.584,-1.0261974299194743,-0.6326952463275926,147.56172605559686,70
9.592,-1.0261436685474081,-0.6327306420068124,122.62936724010589,70
9.6,-1.0261436685474081,-0.6327306420068124,105.96382146189288,70
9.608,-1.0262310371038488,-0.6324208780940543,94.41585728388141,70
9.616,-1.026284680970913,-0.63171484324765,83.69179101016907,70
9.624,-1.026215537616352,-0.6310748682169305,86.00139077611472,70
9.632,-1.0261670367208642,-0.6303684614418018,87.63521173302632,70
9.64,-1.0261351645918229,-0.6295966792698191,88.81247897638755,70
9.648,-1.026119156029327,-0.6288244051737064,89.74187841464445,70
9.656,-1.0261164220202033,-0.6279875998536852,90.5097096402301,70
9.664,-1.0261235974741467,-0.6272795663928437,91.30134237375991,70
9.672,-1.026138801980547,-0.6265716598370074,91.97802472085309,70
9.68,-1.026164117818211,-0.6258640427250223,93.03038076020161,70
9.688,-1.0262006749479768,-0.6251569172445919,93.65574539171564,70
9.696,-1.0262417182322272,-0.6245145270681275,94.52244503141848,70
9.704,-1.026292473733776,-0.6238728312141105,95.4713896652844,70
9.712,-1.026348425912758,-0.6232962096474521,96.78272762131905,70
9.72,-1.0264175595186458,-0.6227210195727767,96.21555062132961,70
9.728,-1.0264809959627008,-0.6221451733302483,93.76085481706882,70
9.736,-1.026524807690536,-0.6215029666844336,87.76095179158622,70
9.744,-1.0264984516813573,-0.6207309796132227,89.71354097345072,70
9.752,-1.026498414515772,-0.6199585427705259,87.05951185286743,70
9.76,-1.0264626097150835,-0.619186936203949,94.25744439235862,70
9.768,-1.0265077631402455,-0.6186093698664485,94.51777911662923,70
9.776,-1.0265600548753997,-0.6179677980327003,100.24300285406032,70
9.784,-1.0266407291143063,-0.6175244889852275,103.74523288402298,70
9.792,-1.0267175892324059,-0.617211951160581,106.23760133401163,70
9.8,-1.026807967761827,-0.616903051353186,107.08568878276674,70
9.808,-1.0268644752292613,-0.6167183939428927,107.05917374377353,70
9.816,-1.0269400093555243,-0.6164722424729201,107.22775169873842,70
9.824,-1.0270162673905914,-0.6162263143076203,107.08235088028846,70
9.832,-1.0270919010832105,-0.6159801934126504,106.14220993887852,70
9.84,-1.0271634862872359,-0.615732864665909,106.35488575872975,70
9.848,-1.0272359890539147,-0.615485803339061,106.05315371017713,70
9.856,-1.027324606946669,-0.6151763938390893,105.37889570255834,70
9.864,-1.0273928908963084,-0.6149281333858921,105.8231627999377,70
9.872,-1.0274630977665282,-0.6146804098590039,105.40200058216371,70
9.88,-1.0275314818231853,-0.614432176961919,105.11362860213029,70
9.888,-1.027598615652754,-0.6141836030306078,105.36787091695838,70
9.896,-1.027666851831149,-0.6139353294428904,104.95281383268615,70
9.904,-1.0277332877130103,-0.6136865680632486,104.39218650721045,70
9.912,-1.027829285705765,-0.6133124687799199,104.9802046253418,70
9.92,-1.027895840502775,-0.6130637391890085,105.10798167346806,70
9.928,-1.0279629498331928,-0.6128151586423624,104.62409026757048,70
9.936,-1.028027957408674,-0.612566020195851,104.0582960820544,70
9.944,-1.0280905016195163,-0.6123162519590992,103.88864807377574,70
9.952,-1.0281523060144293,-0.6120662996293053,103.58285953333962,70
9.96,-1.0282127755356723,-0.6118160210097616,103.8067005575774,70
9.968,-1.0282891971014758,-0.6115033756613728,103.49274453439033,70
9.976,-1.0283492729090158,-0.611253002244756,103.56206810688101,70
9.984,-1.0284251335062686,-0.6109402203089389,103.57465739567273,70
9.992,-1.0284855671984294,-0.6106899330354874,103.59730984488027,70
10.0,-1.0285460998393965,-0.6104396696746501,103.02720101027664,70
10.008000000000001,-1.028604139335294,-0.6101888163961865,102.39830873805168,70
10.016,-1.0286594219642893,-0.6099373411860138,102.82485509595574,70
10.024000000000001,-1.0287304749446813,-0.6096234322126372,102.62566169734266,70
10.032,-1.0287867550039778,-0.6093721783463473,102.42179992053717,70
10.040000000000001,-1.0288421407327775,-0.6091207258231043,102.33191957617436,70
10.048,-1.028897131938021,-0.6088691867252569,101.9744472877054,70
10.056000000000001,-1.0289642975827566,-0.6085544230905144,102.07282916059361,70
10.064,-1.029018150774665,-0.60830263789611,102.2563536363333,70
10.072000000000001,-1.0290860856339845,-0.6079880393829568,101.68543469779301,70
10.08,-1.0291382352104403,-0.6077358958284576,101.80962955996354,70
10.088000000000001,-1.0291909312126584,-0.6074838659061265,101.50021978985905,70
10.096,-1.0292422654362912,-0.6072315550900999,100.88115179693914,70
10.104000000000001,-1.0292908705549972,-0.6069787043577782,101.56604541363987,70
10.112,-1.0293424946179908,-0.6067264526848005,101.03767464803234,70
10.120000000000001,-1.0293917903019878,-0.6064737356771828,100.85892433571416,70
10.128,-1.029464550837291,-0.6060944313232631,100.78755037480954,70
10.136000000000001,-1.029512742820964,-0.6058415015244856,100.70730005203289,70
10.144,-1.0295605804958217,-0.6055885044745735,100.36020011670851,70
10.152000000000001,-1.0296068846368251,-0.6053352222665013,100.41863503562412,70
10.16,-1.0296534470715994,-0.6050819874148953,100.43965845137798,70
10.168000000000001,-1.0297001024221506,-0.6048287696653891,100.21685963494744,70
10.176,-1.0297457727667632,-0.6045753724080579,100.27716742020768,70
10.184000000000001,-1.0297917098042308,-0.6043220233622956,100.06609742998405,70
10.192,-1.0298367132280999,-0.6040685068100942,99.25400984475077,70
10.200000000000001,-1.0298781190092043,-0.6038143778827932,99.3828988247623,70
10.208,-1.0299301975584358,-0.6034967693276521,98.02131625119844,70
10.216000000000001,-1.0299661267062843,-0.6032418084547031,98.41736833487913,70
10.224,-1.0300136341172408,-0.6029234840674922,98.40521822509668,70
10.232000000000001,-1.0300602857562124,-0.602605033138509,97.44590712880823,70
10.24,-1.030093652618348,-0.6023497243002146,98.46267079029977,70
10.248,-1.0301315446673234,-0.6020950477543285,98.04729318561957,70
10.256,-1.0301675894064095,-0.6018401031972496,98.06765331671684,70
10.264,-1.030203724738104,-0.6015851714648125,98.03556755822459,70
10.272,-1.030239717301827,-0.6013302195364875,97.90264099149975,70
10.28,-1.030275118279149,-0.6010751847913944,97.31780224741156,70
10.288,-1.0303243121988113,-0.6006921105862223,96.86304807341214,70
10.296,-1.0303550801710557,-0.6004364755293855,96.90322642220812,70
10.304,-1.0303860273983916,-0.600180862111271,96.70542598522286,70
10.312,-1.030416091996813,-0.5999251433784378,96.21306797816213,70
10.32,-1.030443958052551,-0.5996691757372454,95.92677315347157,70
10.328,-1.0304767951069354,-0.5993490053178617,96.31663898495322,69
10.336,-1.030534719477287,-0.5988373139781743,99.87711195518231,69
10.344,-1.0306019116887282,-0.59845698413402,103.31053097412833,69
10.352,-1.0306756229789236,-0.5981436887218501,103.4932430486624,69
10.36,-1.030751107800407,-0.597830815886157,103.97224462460461,69
10.368,-1.0308132768186178,-0.5975809539971569,104.18518752294794,69
10.376,-1.0308763740307045,-0.597331324887823,103.54325568835439,69
10.384,-1.0309513572565712,-0.5970183314606914,103.22614202692894,69
10.392,-1.0310253827149443,-0.5967051101314341,103.4697028657374,69
10.4,-1.0310853578292127,-0.5964547125753987,103.42595976719163,69
10.408,-1.0311451417572286,-0.5962042693036763,103.58761098140909,69
10.416,-1.031220367263182,-0.5958913340182849,103.43444265446416,69
10.424,-1.0312801882697489,-0.5956408996005758,103.50974375603838,69
10.432,-1.031355763192872,-0.5953280485168571,103.17064331822844,69
10.44,-1.0314144305275834,-0.5950773413286118,102.82480203097676,69
10.448,-1.0314715835168153,-0.5948262845895629,103.31976529605278,69
10.456,-1.0315453452996624,-0.5945130010614605,102.8984167387743,69
10.464,-1.031617577966776,-0.5941993614412104,103.19113118468069,69
10.472,-1.0316763349457931,-0.593948675247301,102.47954969066095,69
10.48,-1.0317319740913569,-0.5936972786763599,102.71773056637996,69
10.488,-1.031802440039906,-0.5933832374056898,102.7031095945516,69
10.496,-1.0318590596727613,-0.593132059843843,102.44201448051203,69
10.504,-1.0319287917085675,-0.5928178547949159,102.81991073124864,69
10.512,-1.031985923265057,-0.592566793177672,102.23562583167127,69
10.52,-1.0320537443081208,-0.5922521701084181,101.57359706957273,69
10.528,-1.0321054016177542,-0.5919999252417479,101.60303580788857,69
10.536,-1.032183081978188,-0.5916215978041984,101.60893246793502,69
10.544,-1.0322348948422009,-0.5913693848435426,101.51634332730207,69
10.552,-1.0322863000662879,-0.5911170884834092,101.25128099420816,69
10.56,-1.0323616563194595,-0.5907382912770996,101.90694381289158,69
10.568,-1.0324147803067252,-0.5904863512199888,101.5771966304368,69
10.576,-1.0324664534633357,-0.590234109599145,101.62603526388496,69
10.584,-1.032544285684282,-0.5898558133742331,101.36965192308357,69
10.592,-1.032595044799349,-0.5896033862310064,100.9570756499453,69
10.6,-1.0326439849331528,-0.5893506001283361,101.13481276161308,69
10.608,-1.0327185710295788,-0.5889716505240086,101.55772062043377,69
10.616,-1.032770158441108,-0.5887193913529727,100.84411226720337,69
10.624,-1.0328186000913429,-0.5884665092521382,101.03740640089217,69
10.632,-1.0328806091977063,-0.5881506893029314,101.12381519541995,69
10.64,-1.0329423126715134,-0.5878348094984026,100.38740183005531,69
10.648,-1.0329887370554185,-0.5875815493022031,100.1943953009394,69
10.656,-1.0330570935403758,-0.5872014265860124,100.4600071497987,69
10.664,-1.0331038388187186,-0.5869482254222065,101.16820530908656,69
10.672,-1.0331537101116033,-0.5866956213752357,100.35323164163619,69
10.68,-1.0331999834473646,-0.5864423335373959,100.60162552022457,69
10.688,-1.0332710399083107,-0.5860627062626148,100.0006881849001,69
10.696,-1.0333157538867255,-0.5858091384994146,99.65152733594896,69
10.704,-1.033369320950579,-0.5854917776019192,99.16373840011023,69
10.712,-1.0334209709027475,-0.585174099066242,99.27623172062614,69
10.72,-1.0334724580727106,-0.5848563941073285,98.21577760129156,69
10.728,-1.0335188451923834,-0.584537904539654,99.15580464402075,69
10.736,-1.0335696644812602,-0.5842200920643372,98.268856333521,69
10.744,-1.0336252099903147,-0.5838378871653317,98.3455367158227,69
10.752,-1.0336723182813103,-0.5835195034683426,99.04826465734817,69
10.76,-1.0337225409702564,-0.5832015961687975,98.46056934600145,69
10.768,-1.0337702883842368,-0.5828833076926518,98.48001944178462,69
10.776,-1.033817355729784,-0.5825649179400338,98.0645736645801,69
10.784,-1.0338629021928532,-0.5822463070656261,98.94864106586176,69
10.792,-1.0339125720417635,-0.5819283129215004,97.91814581644059,69
10.8,-1.0339480420328033,-0.5816732877656126,97.17038466854389,69
10.808,-1.0339962501706244,-0.5812900882564168,97.8703793803808,69
10.816,-1.034049136224069,-0.5809075062995095,97.51761262552644,69
10.824,-1.0340828225782384,-0.5806522394196704,97.37931184270413,69
10.832,-1.0341324277168558,-0.5802692182471189,96.58973775188541,69
10.84,-1.034176750024981,-0.5798855498728651,97.16206778438512,69
10.848,-1.0342088517004595,-0.5796300788709265,96.90884382579132,69
10.856,-1.0342553101325884,-0.5792466632967982,96.27639010475136,69
10.864,-1.0342975335259041,-0.578862758264978,96.7843491612386,69
10.872,-1.0343279503403897,-0.5786070811877956,96.48055187915487,69
10.88,-1.0343715414296997,-0.5782233290473028,96.73607900945527,69
10.888,-1.034401742832362,-0.5779676264355108,96.71678211166713,69
10.896,-1.0344469157549763,-0.5775840572820815,97.19481255767242,69
10.904,-1.0344791634279311,-0.5773286046681019,96.63678764938325,69
10.912,-1.0345238007801936,-0.5769449728196027,96.42205500724587,69
10.92,-1.0345594042221207,-0.5766250982121204,95.77273804057101,69
10.928,-1.0345921731913141,-0.5763049208171548,96.188141617122,69
10.936,-1.034633805234012,-0.5759209512071323,95.95280872180184,69
10.944,-1.0346667877724856,-0.5756007957421706,95.74038697249577,69
10.952,-1.0346993759538528,-0.5752805998958138,95.84633560329361,69
10.96,-1.0347317634887434,-0.5749603836920191,95.20526930924377,69
10.968,-1.034761359802349,-0.5746398974554816,95.68888687558189,69
10.976,-1.0347996445343013,-0.5742555796602921,94.88657714334619,69
10.984,-1.0348266638521997,-0.5739348658843964,95.11344984488869,69
10.992,-1.034855746532171,-0.5736143326297805,95.9694639021251,69
11.0,-1.0348888221345165,-0.5732941867659644,95.09112345420307,69
11.008000000000001,-1.0349177799104015,-0.5729736422030643,95.11887409398673,69
11.016,-1.0349460992874866,-0.5726530406084481,94.00207297828584,69
11.024000000000001,-1.0349730545722737,-0.5722677623959548,94.4464137133448,69
11.032,-1.0350029969295196,-0.5718827048111151,93.9806468573783,69
11.040000000000001,-1.0350257370298968,-0.5715616592420384,94.75366206472543,69
11.048,-1.0350520122820996,-0.5712408836495899,93.69049385526864,69
11.056000000000001,-1.0350768720042942,-0.5708554645496319,94.23322917691874,69
11.064,-1.0351010271741972,-0.5705345223471157,94.39115372485435,69
11.072000000000001,-1.0351252723783804,-0.5702135869335772,94.01344094507112,69
11.08,-1.0351481962302074,-0.5698925544327204,94.07186698496109,69
11.088000000000001,-1.0351706526209454,-0.5695714888940775,93.98239108917787,69
11.096,-1.0351974755557742,-0.5691862014448046,92.16304578320303,69
11.104000000000001,-1.0352120527745643,-0.5688002566390455,92.94952561496711,69
11.112,-1.0352282160501776,-0.5684788128366315,91.70542501014839,69
11.120000000000001,-1.0352381928182155,-0.5681571175869176,91.97010748254536,69
11.128,-1.0352514703229552,-0.5677711258819964,92.09699366166178,69
11.136000000000001,-1.035265602604565,-0.5673851645276919,91.0336812533667,69
11.144,-1.0352725700761733,-0.5669990073799667,91.02859068443244,69
11.152000000000001,-1.0352795032387772,-0.5666128496147251,91.31673974116104,69
11.16,-1.0352883783507556,-0.5662267316006577,91.23324929267402,69
11.168000000000001,-1.0352966908088195,-0.5658406010638687,90.87104768695528,69
11.176,-1.0353025621501624,-0.5654544256947023,90.33098536907694,69
11.184000000000001,-1.0353047932474497,-0.5650682121390044,90.17231997521593,69
11.192,-1.0353059548220205,-0.564681993885753,90.8959438323657,69
11.200000000000001,-1.035310589070622,-0.5643601773334613,89.37926518961675,69
11.208,-1.0353062652847322,-0.563909608194183,90.74653364850266,69
11.216000000000001,-1.0353100603176193,-0.5635877806513679,89.68049183015879,69
11.224,-1.035307906584712,-0.5632015666564965,89.99609037332938,69
11.232000000000001,-1.035307880230659,-0.5628153466573956,90.25757773723193,69
11.24,-1.0353096165075615,-0.5624291305601876,89.70620078960157,69
11.248000000000001,-1.0353076360713978,-0.562042915637803,90.2167750285708,69
11.256,-1.03530909730733,-0.5616566984020541,89.22262772297863,69
11.264,-1.0353038573487838,-0.5612705139497072,89.51171462669085,69
11.272,-1.035300565949387,-0.5608843079747534,89.28522214976833,69
11.28,-1.0352957478922267,-0.5604981180283213,88.8821768135917,69
11.288,-1.03528907076448,-0.5601763373801244,87.88587411705615,69
11.296,-1.0352730058764612,-0.5597260339671156,88.16403869380936,69
11.304,-1.0352606321267541,-0.5593400122336365,88.99944780819683,69
11.312,-1.0352546136218934,-0.559018218592947,88.06388514877054,69
11.32,-1.035241565121924,-0.5586322190786357,88.30154691335376,69
11.328,-1.0352301178479981,-0.5582461687602579,88.40093453681293,69
11.336,-1.0352193402497714,-0.5578600991657849,87.35144154620785,69
11.344,-1.035201493176442,-0.5574742917392447,87.03366205423931,69
11.352,-1.0351815065854588,-0.55708858923137,87.57786270806808,69
11.36,-1.0351651842792877,-0.5567027142895542,87.40502579894405,69
11.368,-1.0351476980291638,-0.5563168903407685,87.4817759092085,69
11.376,-1.03513395489919,-0.55599533397562,86.91788529252732,69
11.384,-1.0351131889660037,-0.5556096726417804,87.29455317776129,69
11.392,-1.035094958837455,-0.5552238831255762,87.25269526086633,69
11.4,-1.0350791342602927,-0.5549024224711461,86.53156973524278,69
11.408,-1.0350557685056037,-0.5545169099163468,86.58769822737133,69
11.416,-1.0350327804205703,-0.5541313746568095,85.74265150924371,69
11.424,-1.0350041088411495,-0.5537462203644363,85.68343434590724,69
11.432,-1.034975039206874,-0.5533610959108332,85.25731223680764,69
11.44,-1.0349431061423449,-0.552976198303943,85.27682100772353,69
11.448,-1.03491130413433,-0.5525912898464024,85.17593957284716,69
11.456,-1.034878824462561,-0.5522064379796773,83.72350657060942,69
11.464,-1.0348366003769283,-0.5518225330240015,84.6227949364338,69
11.472,-1.0348004068414485,-0.5514380126521231,85.64597838129438,69
11.48,-1.0347710854460292,-0.5510529072845018,85.90978210234701,69
11.488,-1.0347435374740277,-0.5506676709964414,85.27875329265379,69
11.496,-1.0347174437063238,-0.5503468805899826,85.56228200421504,69
11.504,-1.034692143248955,-0.5500260266412054,84.86618811438562,69
11.512,-1.034657583482411,-0.5496413559886513,85.37665018932115,69
11.52,-1.0346368292719867,-0.5493847137997,84.79598724229982,69
11.528,-1.0346017982190328,-0.5490000857797523,85.13594499722001,69
11.536,-1.0345690499143454,-0.5486152566787995,84.93115735680752,69
11.544,-1.0345463008770748,-0.548358783616465,84.1767892863422,69
11.552,-1.0345071152591174,-0.5479745566317993,84.35961747354513,68
11.56,-1.0344401405043433,-0.5472696628792924,87.4848788579811,68
11.568,-1.0344116955016793,-0.5465621660934877,92.19876992661577,68
11.576,-1.0344327265405155,-0.5460476362545112,97.69676532084424,68
11.584,-1.0344844530772113,-0.5456648958022444,99.65608503549487,68
11.592,-1.0345276411830275,-0.5454110636964815,99.36512801557096,68
11.6,-1.0345904890154727,-0.5450299914745118,100.05183459771877,68
11.608,-1.0346354293292148,-0.5447764637273109,99.4533869490691,68
11.616,-1.0346886845814802,-0.5444590503569322,100.08731968613219,68
11.624,-1.0347446639231954,-0.544142106067048,99.24998148422414,68
11.632,-1.0347860518368615,-0.5438879742292111,99.56022191014193,68
11.64,-1.0348501968651203,-0.5435071182147521,99.4067195300947,68
11.648,-1.0348922798248323,-0.5432531005482367,99.27634218286995,68
11.656,-1.0349437676073083,-0.5429353956885875,98.82957931395413,68
11.664,-1.0349935639343446,-0.5426174213257803,98.52237066864059,68
11.672,-1.0350408666106408,-0.5422990664508306,98.44433885744608,68
11.68,-1.0350885238593908,-0.5419807644617847,98.52761730518434,68
11.688,-1.0351457949217029,-0.5415988143160566,98.95095171874053,68
11.696,-1.0351858559499416,-0.5413444699345255,98.98787714979089,68
11.704,-1.035226080887262,-0.5410901514239573,98.8386060328659,68
11.712,-1.0352854242360778,-0.5407085177575294,98.16942576699225,68
11.72,-1.0353220123366753,-0.5404536506131292,98.19380137804501,68
11.728,-1.0353770571265792,-0.5400713732798954,97.70348420549223,68
11.736,-1.035419805114398,-0.5397523748800147,96.81084295957112,68
11.744,-1.0354583694734683,-0.5394328437237896,97.51707743817776,68
11.752,-1.0355000794037106,-0.5391137079355925,97.36399842171492,68
11.76,-1.0355417267941474,-0.5387945639798942,97.66025751379227,68
11.768,-1.0355932094452482,-0.5384117906461371,97.09127246913347,68
11.776,-1.0356325465244884,-0.5380923536980772,97.2079290808416,68
11.784,-1.035673324437658,-0.5377730974821838,97.88295605576573,68
11.792,-1.0357170714366437,-0.5374542345497682,97.04890371230583,68
11.8,-1.0357569630930616,-0.5371348663839512,96.99767505856468,68
11.808,-1.0357957782932832,-0.5368153656017601,97.00460163486474,68
11.816,-1.0358354229968685,-0.5364959666865042,97.6331566855609,68
11.824,-1.0358777793990248,-0.5361769160560623,97.52077283030384,68
11.832,-1.0359202998836083,-0.5358578872517518,96.73782403387332,68
11.84,-1.03595766567179,-0.5355382137191242,95.88481386138471,68
11.848,-1.0359910608743603,-0.5352181010357856,96.32752558648956,68
11.856,-1.036026136523067,-0.5348981681233542,96.12762609451319,68
11.864,-1.0360673629957915,-0.534514154755948,96.80202181880229,68
11.872,-1.0360978586714165,-0.5342584870728745,96.02412410224528,68
11.88,-1.036138391376094,-0.5338743998584928,96.23737206408167,68
11.888,-1.0361663660072937,-0.5336184440607283,95.7503947565153,68
11.896,-1.0362050632880389,-0.5332341675862169,95.79149463600713,68
11.904,-1.0362440362111636,-0.5328499189692212,95.37189690736564,68
11.912,-1.0362681414855037,-0.5325935698203071,95.52709957892843,68
11.92,-1.0363053408600338,-0.5322091454520179,96.1350618516245,68
11.928,-1.03633285839939,-0.5319531401094413,95.92111206090792,68
11.936,-1.0363727004887995,-0.5315689806421474,95.6109300547267,68
11.944,-1.0363978750172362,-0.5313127342889675,94.76087684873963,68
11.952,-1.0364299302695295,-0.5309278468389248,95.21296756284796,68
11.96,-1.0364650214358893,-0.530543224298707,95.4590450549832,68
11.968,-1.0364895165949195,-0.530286912110967,95.20354081257508,68
11.976,-1.0365245444796927,-0.5299022838024816,95.43828228605813,68
11.984,-1.0365489467550444,-0.5296459627550476,94.99279394513398,68
11.992,-1.0365825596559322,-0.5292612082082339,94.55633113749957,68
12.0,-1.036603013658755,-0.5290045419187284,94.8343410130714,68
12.008000000000001,-1.0366355623839993,-0.5286196958860283,95.06707493689467,68
12.016,-1.0366583035084767,-0.5283632221219559,95.11388705667187,68
12.024000000000001,-1.0366927295022264,-0.5279785394743691,94.67339774609731,68
12.032,-1.0367137078819788,-0.5277219155121541,94.50288314377293,68
12.040000000000001,-1.0367440297287078,-0.5273368876248382,94.70190826827482,68
12.048,-1.0367651358025787,-0.5270802741332876,93.86991926402015,68
12.056000000000001,-1.0367912023655388,-0.5266949347728591,94.66829007975653,68
12.064,-1.0368121578683123,-0.5264383089415335,94.46898077663167,68
12.072000000000001,-1.036842251885692,-0.5260532631799442,93.87142192769598,68
12.08,-1.0368635849172012,-0.5257321210441919,92.93803773866746,68
12.088000000000001,-1.0368804795211324,-0.5254107148495611,92.58771086397135,68
12.096,-1.0368946126157745,-0.5250891753881807,91.71554496460017,68
12.104000000000001,-1.0369061750516846,-0.5247031285018109,91.73447692288765,68
12.112,-1.0369178650465058,-0.5243170854570334,92.0972205089553,68
12.120000000000001,-1.0369319988562262,-0.5239311241586849,92.1203504072953,68
12.128,-1.0369462884746194,-0.5235451685975044,91.93413124697227,68
12.136000000000001,-1.036957549263247,-0.5232235157345784,92.28773837000215,68
12.144,-1.036969998749561,-0.5229019066863856,92.02128802996536,68
12.152000000000001,-1.0369836210434071,-0.5225159269958443,91.76600992313016,68
12.16,-1.0369955234970425,-0.5221298904431741,91.24805971444898,68
12.168000000000001,-1.0370021353955288,-0.5218081084480479,90.54780783950999,68
12.176,-1.0370058280081806,-0.5214219061008103,90.63928784488226,68
12.184000000000001,-1.0370098174167488,-0.5211000809088066,91.2565421304095,68
12.192,-1.0370182868503597,-0.5207139537832453,91.35777022241903,68
12.200000000000001,-1.0370274384657094,-0.5203278422238009,90.95595185842191,68
12.208,-1.037033882057202,-0.519941675979123,90.35086676919285,68
12.216000000000001,-1.0370362471688697,-0.5195554632208578,90.51677316616355,68
12.224,-1.0370387516215043,-0.5192336230473151,89.92566285624633,68
12.232000000000001,-1.0370387324574981,-0.5189117731300839,90.55210478588113,68
12.24,-1.0370424540337175,-0.518525571060863,90.01484620516378,68
12.248000000000001,-1.0370425541091741,-0.5181393510738286,90.07327187126116,68
12.256,-1.0370430480208488,-0.5177531313896445,89.82899211985976,68
12.264000000000001,-1.0370416890022898,-0.5174312843410989,89.41784433776876,68
12.272,-1.0370377648687292,-0.5170450842769148,89.85850996181166,68
12.280000000000001,-1.037037368484132,-0.5167232346032032,89.67444056083814,68
12.288,-1.0370351739614103,-0.5163370208379514,89.50903163473448,68
12.296,-1.037031864477133,-0.5159508150175476,88.76561434694497,68
12.304,-1.037023544360855,-0.5155646846456974,89.0565945922051,68
12.312,-1.0370178468157631,-0.515242885162216,88.64113547483282,68
12.32,-1.0370086878259985,-0.5148567737776305,89.09474067654605,68
12.328,-1.0370025858982022,-0.5144706019831178,88.54182266876228,68
12.336,-1.036992757661979,-0.5140845070541524,88.412951675909,68
12.344,-1.03698424207765,-0.513762769809786,88.00417301076904,68
12.352,-1.036970791306409,-0.5133767841038939,88.00393505770312,68
12.36,-1.0369591828347626,-0.5130551436011971,87.70681537050946,68
12.368,-1.0369437290380719,-0.5126692329009467,87.24312362458816,68
12.376,-1.0369251526264434,-0.5122834599037954,87.24427807183524,68
12.384,-1.0369065839877223,-0.5118976865324282,86.36803828721584,68
12.392,-1.0368821180143377,-0.5115122422374304,86.64962931016147,68
12.4,-1.0368595466682171,-0.5111266823552664,86.87289383414772,68
12.408,-1.0368384779012552,-0.5107410374467576,86.63608882072596,68
12.416,-1.0368158154378935,-0.5103554829095591,86.75330040331717,68
12.424,-1.0367939417611296,-0.5099698828179293,86.20751076158965,68
12.432,-1.03676839597285,-0.5095845085828005,86.4081392775933,68
12.44,-1.0367441997757068,-0.5091990472586136,86.22293455358341,68
12.448,-1.036718757729536,-0.5088136661606254,85.78018724072521,68
12.456,-1.0366903384793393,-0.5084284931675195,86.18784324375208,68
12.464,-1.0366646604078735,-0.508043127724017,85.6275354754407,68
12.472,-1.036635215052628,-0.5076580318145939,85.55916818293842,68
12.48,-1.0366053102087844,-0.5072729713145232,85.3724452911676,68
12.488,-1.0365789468146458,-0.5069522029541158,85.05086325535412,68
12.496,-1.0365456270917892,-0.5065674229072464,84.29083158879737,68
12.504,-1.036507206321589,-0.5061831186881475,84.78501158113926,68
12.512,-1.0364668063118332,-0.5057343435956946,85.54404111220406,68
12.52,-1.0364414037075225,-0.5054134977179227,85.16622128320533,68
12.528,-1.036414679940846,-0.5050927591797274,85.36645796827877,68
12.536,-1.0363834801454253,-0.5047078014402732,85.15173467529087,68
12.544,-1.0363558813095008,-0.5043871370146744,84.36452687137091,68
12.552,-1.0363179548727643,-0.5040027836957132,85.2278699026901,68
12.56,-1.036291576226981,-0.503682016589177,84.88834409372943,68
12.568,-1.0362625035829636,-0.5033614824241355,83.51339412317668,68
12.576,-1.0362188719458045,-0.502977734891715,83.96330933623854,68
12.584,-1.0361782550010703,-0.5025936565765233,83.89173152985865,68
12.592,-1.0361371582712564,-0.5022096293024938,83.54249134564931,68
12.6,-1.0360937215229584,-0.5018258596615667,83.30348279378681,68
12.608,-1.0360636966859733,-0.5015701362571549,83.02002270009777,68
12.616,-1.0360167622742245,-0.5011867786572642,82.70271597549913,68
12.624,-1.0359677055406267,-0.5008036868597944,82.57963993643486,68
12.632,-1.0359178260082045,-0.500420701323977,82.82434238920058,68
12.64,-1.0358695826046587,-0.5000375062530088,82.46048456694228,68
12.648,-1.0358269577616086,-0.49971849137507374,81.93389893833518,68
12.656,-1.035782191747793,-0.49939976990796486,82.42554828419311,68
12.664,-1.0357312823931404,-0.4990169199033823,82.90739099606208,68
12.672,-1.0356911471339192,-0.49869758225988214,81.37277371755181,68
12.68,-1.0356432619236402,-0.4983793144854759,81.68182537420046,68
12.688,-1.035587387445999,-0.49799715753977386,81.28427722083676,68
12.696,-1.0355382230864278,-0.49767908485101087,81.16605662702256,68
12.704,-1.0354789107946856,-0.49729744635655787,80.76091415998496,67
12.712,-1.0353586691805685,-0.496534425628418,83.3014657660259,67
12.72,-1.0352786884463614,-0.49583088891846167,87.30587040522508,67
12.728,-1.0352500239147013,-0.49518782812191986,93.35806032251165,67
12.736,-1.035281460644129,-0.4946738291026264,97.16441426176347,67
12.744,-1.0353212054732666,-0.49435444263117556,96.5609328074417,67
12.752,-1.0353721356149104,-0.49390674031370724,95.54358211927412,67
12.76,-1.0354094455770253,-0.4935223266626399,95.73593691873076,67
12.768,-1.035448045889416,-0.4931380404356119,95.35523572843206,67
12.776,-1.0354840919828114,-0.49275350621405173,94.91856798578402,67
12.784,-1.0355172064109723,-0.49236870844502556,94.38351604714532,67
12.792,-1.0355565659231025,-0.49185525481478726,94.27834320395877,67
12.8,-1.0355853786314775,-0.49147011105430793,93.57448506638106,67
12.808,-1.0356174843649486,-0.49095615286196326,94.3164733554775,67
12.816,-1.0356465533788215,-0.49057102836153194,94.17818934954082,67
12.824,-1.0356746928066352,-0.4901858348244596,93.8674943936715,67
12.832,-1.0357094264794555,-0.48967204754009724,94.15535989840842,67
12.84,-1.0357374124250256,-0.4892868428214728,93.65863506619768,67
12.848,-1.035762057834657,-0.48890140995807874,93.54661648919198,67
12.856,-1.0357939135758822,-0.48838743621035324,94.2926093243993,67
12.864,-1.0358228221806058,-0.4880022996359113,93.99470118150379,67
12.872,-1.035849727894456,-0.48761701795848267,93.89048938064415,67
12.88,-1.0358759327988303,-0.4872316879812077,93.42517025767566,67
12.888,-1.035902296443353,-0.48678187001509043,92.81637198849039,67
12.896,-1.0359249933422046,-0.4863318521319159,92.93223458612445,67
12.904,-1.0359474861171767,-0.4858818240000525,91.97176230511637,67
12.912,-1.0359635469777093,-0.4854315204433784,92.6098105613011,67
12.92,-1.0359835069392294,-0.48498137286276666,92.22721046266237,67
12.928,-1.036001575272005,-0.4845311453872111,92.89335295283632,67
12.936,-1.036021070528085,-0.48414541773278325,93.2971374719817,67
12.944,-1.0360464289472464,-0.4836955419777441,92.31780007318957,67
12.952,-1.0360652091059375,-0.4832453436325295,92.59591595101377,67
12.96,-1.0360827016977074,-0.48285951997121107,92.44760166510436,67
12.968,-1.0361013871774363,-0.4824093176864082,91.69468423596163,67
12.976,-1.0361152702246124,-0.48195894172635306,91.5772174370013,67
12.984,-1.0361271147567435,-0.48150850754530883,91.60773420986625,67
12.992,-1.0361379507664703,-0.4811224395858857,91.29107776414773,67
13.0,-1.0361495536654628,-0.4806076103187155,91.82034448258239,67
13.008000000000001,-1.0361618221987015,-0.4802215852269246,91.8357998019103,67
13.016,-1.0361768144476757,-0.4797712448258222,91.47494339124596,67
13.024000000000001,-1.0361878549278656,-0.47932079021968343,90.64157868677256,67
13.032,-1.0361934581142878,-0.47887023517454863,91.28884862326768,67
13.040000000000001,-1.03620303547738,-0.4784197470853492,90.6312895100169,67
13.048,-1.036207290794325,-0.4780335505282987,90.78128815934824,67
13.056000000000001,-1.036214312597426,-0.4775186384038724,89.60283226012497,67
13.064,-1.0362106314229411,-0.47706806355620673,89.45410110856011,67
13.072000000000001,-1.0362068961438768,-0.4766174891538217,89.73001060190188,67
13.08,-1.036204469556315,-0.47610253487112,88.42703881352539,67
13.088000000000001,-1.036191543349059,-0.4756521304333527,88.74788692308636,67
13.096,-1.0361802905685868,-0.4751372933945417,89.11132488793503,67
13.104000000000001,-1.036173859777901,-0.4746867494018778,89.15161871519707,67
13.112,-1.0361662350197427,-0.4741718458529844,89.03067645995263,67
13.120000000000001,-1.0361580546620042,-0.4737213302304564,88.93108683430769,67
13.128,-1.036150206607848,-0.47327080869663113,89.10113919790138,67
13.136000000000001,-1.0361425803033217,-0.47282028335453175,88.48679928088347,67
13.144,-1.0361289816183061,-0.4723055029378822,87.38450326189265,67
13.152000000000001,-1.0361054823574056,-0.47179107939027076,87.61776463724964,67
13.16,-1.0360873105062416,-0.4713408560809901,87.86194334333777,67
13.168000000000001,-1.03606994276137,-0.47089060103567404,87.45715704862782,67
13.176,-1.0360470958328314,-0.47037614810346706,88.18681798906542,67
13.184000000000001,-1.0360308021306406,-0.4698614459402029,87.47785422154452,67
13.192,-1.0360115309356137,-0.4694112683469836,87.59491187960985,67
13.200000000000001,-1.0359920649380903,-0.4689610991350922,86.77534501265447,67
13.208,-1.0359630978512613,-0.468446954496415,86.57228327632185,67
13.216000000000001,-1.0359323087722714,-0.4679329157486391,86.28205950083104,67
13.224,-1.0358989163078638,-0.46741903955253655,85.78928709408115,67
13.232000000000001,-1.0358611055402125,-0.4669054695500543,85.87767114177832,67
13.24,-1.0358240870465392,-0.46639184183202675,86.1769234141821,67
13.248000000000001,-1.035789751691026,-0.46587802777523013,84.76223674350726,67
13.256,-1.0357427415379366,-0.4653652180180038,85.57608823950885,67
13.264000000000001,-1.0357030200311945,-0.46485179226533646,86.08341439656806,67
13.272,-1.0356678461565652,-0.46433803492948267,86.27464391284924,67
13.280000000000001,-1.0356427519265996,-0.4639526310270342,85.71326973482724,67
13.288,-1.0356042598117787,-0.46343911164210655,85.74991569397083,67
13.296000000000001,-1.03556609614803,-0.46292556774294186,85.86274767525416,67
13.304,-1.0355289438742759,-0.4624119496843079,85.66941149155132,67
13.312000000000001,-1.0354943631842408,-0.4619626887130772,85.13137050118291,67
13.32,-1.0354506578117808,-0.4614495867329425,84.1131488783331,67
13.328,-1.0353978413212137,-0.4609373424358301,84.66950280041482,67
13.336,-1.0353500012409886,-0.46042460943677116,83.01903350238327,67
13.344,-1.035287413200565,-0.45991346705074165,83.41293154691995,67
13.352,-1.0352283406222789,-0.45940190646577184,83.68013196939582,67
13.36,-1.035171654354383,-0.45889007595805276,84.31579358443275,67
13.368,-1.03512064990489,-0.45837764806289877,84.07930326356006,67
13.376,-1.0350747255662742,-0.4579294046028047,83.54814993509815,67
13.384,-1.0350168604374659,-0.4574177060309208,83.96877061741776,67
13.392,-1.0349627533238297,-0.4569055964509928,84.03036619667616,67
13.4,-1.0349153366446717,-0.45645750839833793,83.16015782281508,67
13.408,-1.0348540077794852,-0.4559462134033546,82.94385503475678,67
13.416,-1.0347907491171815,-0.455435153579808,82.2918429995538,67
13.424,-1.0347216789398266,-0.4549248466993917,82.34486384255956,67
13.432,-1.034653081023986,-0.4544144761207507,82.16779148565521,67
13.44,-1.0345829061402017,-0.45390431998064673,82.84668686482563,67
13.448,-1.034518780860631,-0.45339336817262565,82.09917928148855,67
13.456,-1.0344479951108063,-0.4528832964333362,82.5868476259181,67
13.464,-1.0343981637575597,-0.4525003046258082,81.80958472100446,67
13.472,-1.0343248008272112,-0.4519905971782947,81.11535953738539,67
13.48,-1.0342452675550753,-0.45148181602669474,81.17360770027797,67
13.488,-1.0341662515621768,-0.45097295428273454,80.59085163652578,67
13.496,-1.0340708332765103,-0.4504015363724195,79.87751376975169,67
13.504,-1.0339803274655577,-0.44989459209561594,80.94237483897776,67
13.512,-1.0338992584703317,-0.44938605338557214,80.14965729869316,67
13.52,-1.0338111615554957,-0.44887868494430255,80.12319267464261,67
13.528,-1.0337344212964261,-0.44843467798823944,80.1707682583394,67
13.536,-1.0336465113303874,-0.4479272771215954,80.35150479817284,66
13.544,-1.0335189337444544,-0.44716544623872273,82.8538297481698,66
13.552,-1.0334334589701222,-0.44646255586102984,87.63816655057033,66
13.56,-1.0334051551305916,-0.44575505196600274,93.16833700820199,66
13.568,-1.0334378905604367,-0.44517664772232773,94.44836923805616,66
13.576,-1.0334678460598132,-0.4447915911596554,94.92061777946533,66
13.584,-1.0335120169858527,-0.44427852904753556,94.65468733605387,66
13.592,-1.0335538061377745,-0.44376526744914574,94.85969484465207,66
13.6,-1.0335914225151157,-0.44331625046444456,93.799333604797,66
13.608,-1.0336218361644787,-0.4428666881725129,94.67684047950408,66
13.616,-1.033663823763453,-0.4423534427700665,95.01626906153544,66
13.624,-1.033697594302407,-0.4419687020273595,94.73064828688088,66
13.632,-1.0337400638835632,-0.44145549628277314,94.41748345352318,66
13.64,-1.0337797277861904,-0.4409420660767778,94.42081009720519,66
13.648,-1.03380949807077,-0.4405569951501214,94.36960707933795,66
13.656,-1.033848732937133,-0.44004353198020413,94.28429190959517,66
13.664,-1.033881838161402,-0.43959415987546185,93.41019184168317,66
13.672,-1.0339091977933395,-0.43914440139034494,93.80473531231264,66
13.68,-1.0339433686671953,-0.4386305763685915,93.12947049705775,66
13.688,-1.033967410489899,-0.43818062833253013,92.97831353452762,66
13.696,-1.0339941667666446,-0.43766636390321895,93.33005232562844,66
13.704,-1.0340208972955438,-0.43721656759018473,93.80961879066668,66
13.712,-1.0340551119640085,-0.4367027454827761,93.3388177185526,66
13.72,-1.0340807976419395,-0.4362528882939443,92.85462381237612,66
13.728,-1.0341037949767717,-0.4358028856639687,93.28983012264274,66
13.736,-1.0341333468949034,-0.4352887743085847,93.45757046226149,66
13.744,-1.0341599649028708,-0.4348389713227717,93.50654464194068,66
13.752,-1.0341880808427393,-0.4343892594835683,92.87828964247227,66
13.76,-1.0342101498987213,-0.43393921037384525,92.96802215564578,66
13.768,-1.0342368138036582,-0.43342494114690916,92.8336684544404,66
13.776,-1.0342596465529978,-0.4329749301359861,91.91301351433135,66
13.784,-1.0342741307474463,-0.43252457310816744,92.08441825822749,66
13.792,-1.0342928608402797,-0.43200995384577784,91.88625157076146,66
13.8,-1.034309810930977,-0.4314952728804941,92.20060082760426,66
13.808,-1.03432958451325,-0.43098069265638506,91.8208536513133,66
13.816,-1.0343444592861264,-0.43053034835973386,92.21061061661686,66
13.824,-1.034361282451275,-0.43008007263808234,93.055053475541,66
13.832,-1.0343858538222799,-0.42963015320960507,92.74398582635023,66
13.84,-1.0344068678837777,-0.4291800536055019,91.66281448234456,66
13.848,-1.0344205004152385,-0.4287296699929221,93.08537341490319,66
13.856,-1.034444195933176,-0.42827970358659373,92.44347676848967,66
13.864,-1.034463963543418,-0.42782954751812435,92.40720345592597,66
13.872,-1.0344823315891083,-0.4273793321704385,91.496263566666,66
13.88,-1.0344957780997686,-0.42686454775638627,91.89599495491773,66
13.888,-1.0345085563103267,-0.4264785391998297,91.3754085128641,66
13.896,-1.034520916947536,-0.4259637275680188,90.37445219023445,66
13.904,-1.0345242824053211,-0.4254487785654041,89.63476432226653,66
13.912,-1.0345209997814975,-0.42493382902808924,91.11337414512349,66
13.92,-1.0345303127793517,-0.4244833353960971,91.55184331011297,66
13.928,-1.034541957830119,-0.4240328960137303,90.68762389952228,66
13.936,-1.0345481378717583,-0.4235179730984455,90.73598813257088,66
13.944,-1.0345530988919565,-0.42313178496206827,90.67766037852863,66
13.952,-1.0345591893903405,-0.4226168609798831,89.91116579842821,66
13.96,-1.0345583909712859,-0.4221019015988373,90.558040244845,66
13.968,-1.0345621525554325,-0.4217156999172192,89.99840000584527,66
13.976,-1.034562138175089,-0.42120073991741996,89.52598715881523,66
13.984,-1.0345578779159514,-0.420685797540263,89.41953506565423,66
13.992,-1.034552755310946,-0.4202352367748691,89.41161659704072,66
14.0,-1.0345486859344497,-0.419784665266039,90.1826286851157,66
14.008000000000001,-1.0345503273521812,-0.4192697078820276,89.70708725144654,66
14.016,-1.0345474660461138,-0.418819127082035,89.40364065641019,66
14.024000000000001,-1.034543333947208,-0.41836855614405405,89.09533749215909,66
14.032,-1.0345352034068385,-0.4178536603333182,88.76841538009646,66
14.040000000000001,-1.034524960988124,-0.4174031868743295,88.44685559861232,66
14.048,-1.0345110034279072,-0.41688841606308163,88.07164626205777,66
14.056000000000001,-1.0344936751432123,-0.41637374769204105,88.15336572636342,66
14.064,-1.0344797127133345,-0.415923374185997,88.92788074297786,66
14.072000000000001,-1.0344707240884314,-0.4154728739651128,87.7170241803934,66
14.08,-1.034450210707229,-0.41495832270159116,88.26257756677201,66
14.088000000000001,-1.0344345975861142,-0.4144435994438603,88.293043877741,66
14.096,-1.0344217331368237,-0.41399319323793177,88.15943244789243,66
14.104000000000001,-1.0344067034137532,-0.41354285408593766,86.95234500811713,66
14.112,-1.0343793247750481,-0.41302862241466226,86.844669879885,66
14.120000000000001,-1.03435097979713,-0.4125144431036949,87.1339602618947,66
14.128,-1.0343252312966404,-0.4120001272315671,86.99248066003278,66
14.136000000000001,-1.034302147219217,-0.4115501290429442,87.72338994774516,66
14.144,-1.0342836907136097,-0.41109991731298245,86.31024301573333,66
14.152000000000001,-1.03425055102643,-0.4105860247534589,86.2436004706432,66
14.16,-1.0342168136370067,-0.4100721710873681,86.07707544452192,66
14.168000000000001,-1.034185430322262,-0.40962267544562053,85.11546464099659,66
14.176,-1.0341368161221156,-0.409045388916233,85.07650542576185,66
14.184000000000001,-1.034092619435519,-0.4085323290225618,85.90732463609662,66
14.192,-1.0340558667753876,-0.40801868221436255,86.40388701244711,66
14.200000000000001,-1.0340270478524896,-0.4075690148772372,85.07449256621389,66
14.208,-1.0339828331415994,-0.4070559565365576,84.2981343381596,66
14.216000000000001,-1.0339316707581097,-0.4065435443859252,84.26847121702671,66
14.224,-1.0338802430959155,-0.4060311587917081,85.00838496416809,66
14.232000000000001,-1.033841592983771,-0.40558222960661805,85.17233648806499,66
14.24,-1.0337982544859299,-0.40506909650867473,84.17692496526469,66
14.248000000000001,-1.0337519841398897,-0.404620888633385,84.05886289531452,66
14.256,-1.0336986823374374,-0.40410869460818044,84.00064030794333,66
14.264000000000001,-1.0336448600833965,-0.40359655501141994,83.79819005584888,66
14.272,-1.033589228563037,-0.40308460878812846,83.43484621432346,66
14.280000000000001,-1.033530351652346,-0.40257302564631525,82.9644635120275,66
14.288,-1.0334672768150828,-0.4020619431025865,83.58851330691243,66
14.296000000000001,-1.0334097721788076,-0.4015502038932163,83.44994729132328,66
14.304,-1.0333510301048106,-0.40103860525136653,82.86879547033273,66
14.312000000000001,-1.033294539598006,-0.40059157050211835,81.98977254309794,66
14.32,-1.0332145202698675,-0.40001779355539374,83.19393005972925,66
14.328000000000001,-1.0331687496609925,-0.39963429526365934,82.73892566950897,66
14.336,-1.033103663503548,-0.3991234649653125,81.93848992611206,66
14.344,-1.0330314475080404,-0.3986135937545221,81.63931764040639,65
14.352,-1.0329210240532816,-0.3978490880350077,83.63690308215895,65
14.36,-1.0328373163698485,-0.39708119783565266,87.59947240124211,65
14.368,-1.0328067832522572,-0.39637378664155065,86.42538028855473,65
14.376,-1.032763511056323,-0.39566704030383837,87.89454264439578,65
14.384,-1.032736621457872,-0.39495948124742974,87.68265620101472,65
14.392,-1.0327088669971434,-0.394251955588022,88.21621332681538,65
14.4,-1.0326888299540609,-0.3936085675193539,88.59822414888934,65
14.408,-1.0326730830158204,-0.3929650601581403,88.51694134860618,65
14.416,-1.0326564231804116,-0.39232157578390564,88.0184769257757,65
14.424,-1.0326310641372616,-0.39161396021896855,87.92081137457029,65
14.432,-1.032606250803256,-0.39090632530796837,88.51441274196736,65
14.44,-1.0325895625692822,-0.3902628416696008,87.84109673493522,65
14.448,-1.0325653137114181,-0.38961959857178136,88.02653981388967,65
14.456,-1.032543146892588,-0.3889762803595854,87.4698866792269,65
14.464,-1.0325090479476975,-0.3882045933663315,88.26432938640228,65
14.472,-1.0324895512184058,-0.3875611886977543,87.96241557862878,65
14.48,-1.0324666644253524,-0.38691789569709,87.7478444057969,65
14.488,-1.0324413686832163,-0.3862746929176885,87.27108624630225,65
14.496,-1.0324067816189164,-0.38556746833964145,87.5785038502108,65
14.504,-1.0323795849718937,-0.3849243431322435,87.03112247027269,65
14.512,-1.0323437869154866,-0.3842171788175554,87.47413492415512,65
14.52,-1.0323154188093198,-0.3835741042180318,87.1159410309536,65
14.528,-1.0322789168551052,-0.38286697588728175,87.15308112180738,65
14.536,-1.0322469457794083,-0.3822240703418719,86.17903703258497,65
14.544,-1.032200635336274,-0.38151751658477523,87.54117992546887,65
14.552,-1.0321693825175506,-0.38081013682104675,87.14081684244644,65
14.56,-1.0321349384117802,-0.3801029052660463,87.28978872985064,65
14.568,-1.032104501396897,-0.37945992526781536,87.46586339897699,65
14.576,-1.0320760404533376,-0.37881685477036453,87.32064521404322,65
14.584,-1.0320459497179582,-0.37817385847360663,87.13343667638796,65
14.592,-1.0320096636917573,-0.37746671902971085,86.78346269270875,65
14.6,-1.031973545888757,-0.37682403310773466,86.02084168111448,65
14.608,-1.0319252848086806,-0.3761176099081151,86.71882012845401,65
14.616,-1.031888441934122,-0.37547496514419476,86.99966550831743,65
14.624,-1.031850505016393,-0.3747679123462482,87.07714887987704,65
14.632,-1.0318152750453313,-0.3740607195027114,87.55516246884333,65
14.64,-1.031789845800741,-0.3734819480184554,86.5682995925863,65
14.648,-1.0317483366544429,-0.37277509594087166,86.73412268620392,65
14.656,-1.0317116654187706,-0.3721324413598764,86.17569098982858,65
14.664,-1.0316635645998442,-0.37142600722987607,86.53297826218919,65
14.672,-1.0316246374707443,-0.37078348534805405,85.34822207564967,65
14.68,-1.0315680869032489,-0.37007767736982866,86.30576066115434,65
14.688,-1.0315266120409468,-0.36943531491311354,86.34206877852378,65
14.696,-1.031480562793773,-0.3687287440846431,85.79621479537902,65
14.704,-1.031433376955009,-0.3680867758715514,86.29371202699677,65
14.712,-1.0313933574986507,-0.3674443217591533,89.10272678630064,65
14.72,-1.0313850024109052,-0.36686505215872794,91.90542680484685,65
14.728,-1.0314021247494278,-0.36635037689497074,92.56416929432328,65
14.736,-1.031425163163427,-0.36583593250236796,92.0136808314687,65
14.744,-1.0314432578926906,-0.3653212905079943,91.84571631822155,65
14.752,-1.0314598438559708,-0.3648065976797733,91.41960987115223,65
14.76,-1.0314726016456506,-0.3642917957368841,91.35735913734841,65
14.768,-1.0314848001057584,-0.36377698023675714,91.81299379389505,65
14.776,-1.0314970191143011,-0.3633909535741673,91.06499000694568,65
14.784,-1.0315065904244234,-0.3628760825304849,91.02198442391712,65
14.792,-1.0315157752753334,-0.362361204447718,90.79435969888326,65
14.8,-1.0315229145510252,-0.36184629393865597,90.99677398476486,65
14.808,-1.0315318728520355,-0.36133141186434864,90.68075858316293,65
14.816,-1.0315366686573126,-0.36088084750196936,89.67373767448302,65
14.824,-1.0315340869013805,-0.360301523402691,91.22995380957957,65
14.832,-1.0315432011989987,-0.359851025706833,90.19945939348992,65
14.84,-1.0315453275733268,-0.3594004408392147,90.37637651091336,65
14.848,-1.031548710326049,-0.35888549194992175,89.93635455230702,65
14.856,-1.0315481382969522,-0.3583705322676332,89.11725107787049,65
14.864,-1.031540204686398,-0.3578556333849158,89.64047729955843,65
14.872,-1.0315369734083448,-0.35734068352284953,90.47503623109407,65
14.88,-1.0315401514202482,-0.35689010484533057,89.70057278733564,65
14.888,-1.031538354424736,-0.3564395185437172,90.1208983927534,65
14.896,-1.0315394410281589,-0.35592455969012504,89.6343378644481,65
14.904,-1.031536007614751,-0.35547398288638704,88.26630120972527,65
14.912,-1.0315204279454462,-0.3549592586150491,88.41067882819803,65
14.92,-1.0315061453598093,-0.3544444967192686,88.74079228356918,65
14.928,-1.0314948288298207,-0.35392966107777807,87.97651400571534,65
14.936,-1.0314766460289158,-0.35341502218753434,88.15205243736345,65
14.944,-1.0314641915238723,-0.35302900305108625,87.26560035080469,65
14.952,-1.0314396247582671,-0.3525146293779383,87.88918610509663,65
14.96,-1.0314206575870863,-0.35200001879893966,87.78157203359352,65
14.968,-1.0314007238981149,-0.3514854447521359,87.61048513251636,65
14.976,-1.0313792537668922,-0.35097093252189715,86.64146479221293,65
14.984,-1.0313522996385285,-0.3505211495527236,85.2769382539601,65
14.992,-1.0313053125648561,-0.34994372830928333,86.20110343885203,65
15.0,-1.0312711940527386,-0.34942989980800016,85.68890402064594,65
15.008000000000001,-1.0312324835611566,-0.34891639683873765,85.46702588447619,64
15.016,-1.031173342100002,-0.34814622502537146,87.81683677672638,64
15.024000000000001,-1.0311472446631427,-0.3474386363082483,91.81912390914863,64
15.032,-1.0311692712754315,-0.34679531393822255,95.34473793019127,64
15.040000000000001,-1.0312172387927527,-0.3462825928455395,95.54034883055303,64
15.048,-1.0312669564847576,-0.3457700385043212,95.41768556212693,64
15.056000000000001,-1.031308943884633,-0.34532140914433,95.21980873391516,64
15.064,-1.0313557933385131,-0.34480858468092057,95.19240265011274,64
15.072000000000001,-1.0314089371553499,-0.3442316975063359,95.93051888090044,64
15.08,-1.0314549383351113,-0.3437834619255806,95.47768406764591,64
15.088000000000001,-1.031504095413509,-0.3432708535143705,95.14264994862371,64
15.096,-1.031550254217309,-0.34275796642501094,94.98750617281733,64
15.104000000000001,-1.0315950240734664,-0.3422449562286409,95.12186111100677,64
15.112,-1.03164099678153,-0.34173205242507404,94.56793005934009,64
15.120000000000001,-1.0316774381843863,-0.3412829385547112,95.42152590088135,64
15.128,-1.0317260928087264,-0.34077028220867583,95.36301639234705,64
15.136000000000001,-1.031767652126704,-0.3403216129903383,93.60605797771552,64
15.144,-1.0318000410725943,-0.33980767256793115,94.41964480410483,64
15.152000000000001,-1.0318439696955495,-0.33923001059622654,92.48013987178265,64
15.16,-1.0318649797896582,-0.3387154799015764,88.0954186935495,64
15.168000000000001,-1.0318423230655487,-0.3380077726586692,86.50735964009873,64
15.176,-1.0317971747864492,-0.3372366540118803,87.330761532604,64
15.184000000000001,-1.0317671975809364,-0.33659365241223255,87.67002705734122,64
15.192,-1.0317410282843587,-0.3359504845819451,86.47597707527022,64
15.200000000000001,-1.0316935486907406,-0.33517950517768713,86.70748498932019,64
15.208,-1.0316520066576382,-0.33447265503211426,86.46969938093392,64
15.216000000000001,-1.0316092811528406,-0.333765875434184,86.96707653420388,64
15.224,-1.031568411520099,-0.33299451739363506,86.43001662477002,64
15.232000000000001,-1.031528329830074,-0.3323520665020295,87.30032151261665,64
15.24,-1.0314958547041913,-0.3316447417993578,88.19921135490853,64
15.248000000000001,-1.0314727278937275,-0.3309370497622056,87.3732051185355,64
15.256,-1.0314432270193274,-0.3302940261324612,87.26969566405059,64
15.264000000000001,-1.0314103738175626,-0.32958671888950064,87.35473581418005,64
15.272,-1.0313768193096187,-0.328879444569447,86.44725173063499,64
15.280000000000001,-1.0313369308766356,-0.3282369816499613,87.14840652492072,64
15.288,-1.0312985026425632,-0.3274654981281501,85.95351506007968,64
15.296000000000001,-1.0312530794437793,-0.32682340279020394,86.9668225502931,64
15.304,-1.0312122063917195,-0.3260520449308317,85.85635299546426,64
15.312000000000001,-1.0311656943948215,-0.3254100275446617,86.34700525682818,64
15.32,-1.0311164794615215,-0.3246391569693118,86.0945044753936,64
15.328000000000001,-1.031072636421611,-0.32399695180127636,85.52250546668252,64
15.336,-1.0310123339572406,-0.32322686923012517,86.59705534602237,64
15.344000000000001,-1.0309741254205926,-0.322584304215728,86.46402492043045,64
15.352,-1.0309264849982707,-0.3218133347326997,85.75849457090698,64
15.36,-1.0308788765350536,-0.32117139772314957,85.73607021696131,64
15.368,-1.0308214448949258,-0.3204010957302194,87.07172500181974,64
15.376,-1.0307885609695058,-0.31975823622966815,87.63855791963549,64
15.384,-1.0307602619627079,-0.3190507321413231,87.4455535734484,64
15.392,-1.0307315730696032,-0.3184076717729187,87.29887694991581,64
15.4,-1.0306973290410582,-0.3177004305019795,86.08982400385652,64
15.408,-1.0306534335397857,-0.317058228917609,87.03024585641175,64
15.416,-1.0306200842263935,-0.31641539339175784,86.96384674772861,64
15.424,-1.0305834558546334,-0.31570827159801024,87.1193357076167,64
15.432,-1.0305511061333341,-0.31506538499406517,87.79257712511152,64
15.44,-1.0305263125686435,-0.31442216266146944,87.04586510304227,64
15.448,-1.0304889457846322,-0.3137150795035146,86.08921563177084,64
15.456,-1.0304450434644041,-0.3130728783852669,85.63040484103392,64
15.464,-1.0303960000149825,-0.31243104941266686,86.11376398152969,64
15.472,-1.0303436474164545,-0.3116603855695891,86.02692361800332,64
15.48,-1.0302990469207807,-0.31101823256150957,86.29743203542685,64
15.488,-1.0302574786838634,-0.31037587614044754,85.48411184291723,64
15.496,-1.030196660204477,-0.3096058341505761,85.99873439560665,64
15.504,-1.0301517437783088,-0.30896370316342453,85.7749227862258,64
15.512,-1.0301043193773645,-0.30832175252965655,85.84581969557873,64
15.52,-1.0300576893522864,-0.30767974370513684,85.9288090714929,64
15.528,-1.0300119892856812,-0.3070376680134055,85.52771071479145,64
15.536,-1.0299517567825738,-0.3062675799670307,85.93659544000087,64
15.544,-1.0299061439730433,-0.30562549807069134,85.78380008738078,64
15.552,-1.0298572298921322,-0.30498365988538834,83.24070945731701,64
15.56,-1.0297747616714756,-0.3042804089618963,82.09129932924596,64
15.568,-1.0296684778216432,-0.30351531596306225,80.60489389400098,64
15.576,-1.0295308537006247,-0.30268990078284363,80.89876642864083,64
15.584,-1.0294086696619562,-0.30192718549238806,80.12790230965474,64
15.592,-1.0292762353304403,-0.3011661830604367,80.4222260084632,64
15.6,-1.029147711935856,-0.3004045103678419,80.64490205878342,64
15.608,-1.0290127084073217,-0.2995786625212594,81.38371004853089,63
15.616,-1.02892662437923,-0.2990057640856045,84.0353074415479,63
15.624,-1.028846355822333,-0.2982375059828984,87.03933218923979,63
15.632,-1.0288041687791456,-0.2974017602848486,87.98317386421971,63
15.64,-1.0287769843076753,-0.2966297987844414,87.20281798672416,63
15.648,-1.0287392887372138,-0.2958582791167934,87.7052713305173,63
15.656,-1.0287083603443514,-0.2950864585494885,87.16538917051889,63
15.664,-1.0286701607820568,-0.2943149636713199,88.07199201288061,63
15.672,-1.0286441730136568,-0.29354296095792204,87.85606290449097,63
15.68,-1.0286152760102238,-0.29277106166604994,87.17845362532373,63
15.688,-1.028577252363448,-0.29199955809775885,87.44048716067869,63
15.696,-1.0285427574562707,-0.29122788870288907,87.04998260017757,63
15.704,-1.0284963784339067,-0.29032790293706573,87.72902985521985,63
15.712,-1.0284657700902695,-0.28955606961121116,87.7053291958547,63
15.72,-1.0284348424769003,-0.2887842490126707,87.55043777507198,63
15.728,-1.028405455372151,-0.2880767892845694,89.4693939806953,63
15.736,-1.028398302045002,-0.28730438240765105,90.40670417973435,63
15.744,-1.0284028711997328,-0.2866606986243964,90.14339904664584,63
15.752,-1.0284048044493526,-0.2858882610436522,90.31225244908123,63
15.76,-1.0284083124897043,-0.28524457060279357,90.53525955924562,63
15.768,-1.0284155285514023,-0.2844721643094132,90.3622843474151,63
15.776,-1.0284195986745854,-0.2838284771772618,89.94374106336394,63
15.784,-1.0284180269107808,-0.2831204091025902,89.51161244344696,63
15.792,-1.028412867898638,-0.2824123580780132,89.88488270880143,63
15.8,-1.0284105687572271,-0.28170429199157815,89.59022576270561,63
15.808,-1.0284063812390143,-0.28099623455499406,89.84784809245201,63
15.816,-1.0284043299870316,-0.2802237972785986,89.80072360313163,63
15.824,-1.028402091184119,-0.2795801011719135,89.80575214817664,63
15.832,-1.028399472413164,-0.278807665611081,89.92470989510088,63
15.84,-1.0283986265528409,-0.27816396616683675,89.37793737863274,63
15.848,-1.0283900627099214,-0.2774559481378254,88.9854946521414,63
15.856,-1.0283784023368114,-0.2767479743356902,90.20807908530028,63
15.864,-1.0283812075740681,-0.27597553942953695,89.98203939915146,63
15.872,-1.0283810057923894,-0.2753318394611634,89.4920696422217,63
15.88,-1.0283738523259591,-0.2746238057778341,90.01928339622602,63
15.888,-1.0283749671413311,-0.2739157368362773,90.75373091840511,63
15.896,-1.0283834348260823,-0.27327209253364193,90.68407796750535,63
15.904,-1.0283911200435585,-0.27262843841267914,90.43772179611963,63
15.912,-1.0283970211856337,-0.2718560209542267,90.64226377039454,63
15.92,-1.0284042366652795,-0.27121236139603344,90.00865653208078,63
15.928,-1.028404333918685,-0.27056866140338026,90.16219954829761,63
15.936,-1.0284061561769853,-0.2699249639827122,90.11300307994215,63
15.944,-1.0284066761771788,-0.2692168943544902,90.0409443409553,63
15.952,-1.0284080586813302,-0.26850882588499525,90.45373520747019,63
15.96,-1.0284131561999044,-0.2678651460691672,90.68782428587032,63
15.968,-1.0284208835030686,-0.2672214924520829,89.78606979563621,63
15.976,-1.0284184800703244,-0.2665777969390403,90.97841452321681,63
15.984,-1.0284294717144722,-0.2659341907910283,90.45574298400459,63
15.992,-1.0284345917890716,-0.2652905111542243,90.29532107061198,63
16.0,-1.0284379096134042,-0.2646468197048158,90.17240398033654,63
16.008,-1.0284391636982069,-0.2639387509962273,89.10340094098734,63
16.016000000000002,-1.0284289602547347,-0.2632307546978246,90.00529180648053,63
16.024,-1.0284290197065102,-0.2625870547005701,89.48696191479439,63
16.032,-1.0284232559625617,-0.2619433805056114,89.63653920386065,63
16.04,-1.0284191726226135,-0.2612996934571672,89.55095857056655,63
16.048000000000002,-1.028412746880884,-0.26059165279544355,88.83635849530137,63
16.056,-1.028399674634526,-0.259948085544587,89.10062884061556,63
16.064,-1.0283894369365916,-0.25924008974067875,89.23517375287541,63
16.072,-1.0283808446102694,-0.2585964470898791,89.83902007456646,63
16.080000000000002,-1.0283790360539926,-0.2579527496305676,87.76498555848659,63
16.088,-1.0283505465947245,-0.25724525318568503,86.45434151045161,63
16.096,-1.028305881980984,-0.2565385934789732,85.30404483786192,63
16.104,-1.028242643747141,-0.25576874642963127,85.45520777848867,63
16.112000000000002,-1.028181436811587,-0.25499873521890765,85.11171836803132,63
16.12,-1.0281156147700776,-0.254229104780027,84.736001850428,63
16.128,-1.028044747335802,-0.25345992251270727,86.1539134511345,63
16.136,-1.0279981270809266,-0.2527533891301653,86.32142893728948,63
16.144000000000002,-1.0279485680428648,-0.251982540600721,86.22128243264228,63
16.152,-1.0279010293634296,-0.25127606841955025,85.18232183011281,63
16.16,-1.0278361557586735,-0.2505063574549629,84.32739443734859,63
16.168,-1.0277598047152818,-0.24973770013744556,85.51727055649192,62
16.176000000000002,-1.027701338667368,-0.24896747675700806,89.034431158846,62
16.184,-1.0276883218500912,-0.24819514644161966,90.70974232490745,62
16.192,-1.0276962953771918,-0.24755149582764838,90.30248250718144,62
16.2,-1.0277003733128527,-0.24677906659202825,90.89009188541176,62
16.208000000000002,-1.0277122491534776,-0.24607109637145388,90.66031146812189,62
16.216,-1.0277195327442434,-0.24536306401476654,90.61975981897031,62
16.224,-1.027727887948469,-0.24459066920370007,90.36458847574812,62
16.232,-1.0277332700443313,-0.2438826198397043,92.48661468731264,62
16.240000000000002,-1.0277611976065781,-0.24323952595754797,93.7454668038066,62
16.248,-1.0278032467807463,-0.24259720083975175,95.07357070111391,62
16.256,-1.027855194015084,-0.24202020468524732,94.269471873735,62
16.264,-1.0278976084298772,-0.24144242956040537,93.9399816917198,62
16.272000000000002,-1.027941838003291,-0.24080025089769883,94.2214256644947,62
16.28,-1.027989221491625,-0.2401582972428037,94.17329665762155,62
16.288,-1.028032096492362,-0.2395805561141135,94.0178669544122,62
16.296,-1.0280719733026562,-0.23900260030484338,93.58885824751673,62
16.304000000000002,-1.0281122666322435,-0.23836016265215573,94.2975860837583,62
16.312,-1.0281605033954098,-0.23771827254888322,93.8268152578407,62
16.32,-1.0281998838935225,-0.23714028271001342,94.17652396728366,62
16.328,-1.028241360958953,-0.2365624395388055,92.63228701397853,62
16.336000000000002,-1.0282709234707585,-0.23591941873984504,93.58488526063901,62
16.344,-1.0283111722525287,-0.23527697829469385,94.20335397293907,62
16.352,-1.0283543503298376,-0.2346992597376886,94.05687430107716,62
16.36,-1.0283946206070078,-0.23412133121075385,92.74919026391461,62
16.368000000000002,-1.028425495041681,-0.2334783720679745,93.4564534257397,62
16.376,-1.0284643036557746,-0.23283584301690197,92.56014907239937,62
16.384,-1.028493056552501,-0.23219278550708664,93.52108679723571,62
16.392,-1.0285293523691872,-0.23161459376453108,93.74481403835044,62
16.4,-1.0285664743890157,-0.23103645447931326,93.58549329522822,62
16.408,-1.0286067299884936,-0.23039401446132665,93.93343595349938,62
16.416,-1.0286471859887976,-0.22981609890563726,93.42746804835639,62
16.424,-1.0286811052968066,-0.22923776288046468,93.73149437501763,62
16.432,-1.0287195241604101,-0.2286597083256104,93.37147316965572,62
16.44,-1.0287528782474067,-0.22808133942745887,92.33301347201707,62
16.448,-1.0287790816750946,-0.22743817298680968,93.04546263800177,62
16.456,-1.0288132803778827,-0.22679538208867284,93.47955527115177,62
16.464,-1.0288445345224777,-0.22628137140780555,93.16292431429572,62
16.472,-1.0288800509335945,-0.2256386519709271,93.65606615466343,62
16.48,-1.0289177087721872,-0.2250605473396873,94.05972080760888,62
16.488,-1.0289541659943269,-0.22454687947758786,94.29081440227502,62
16.496,-1.0289967956259007,-0.22396912019208895,92.88321046461067,62
16.504,-1.0290266522931621,-0.22339056020653134,93.3762939254568,62
16.512,-1.0290600550428781,-0.22281219411677536,92.53071599062666,62
16.52,-1.0290884775944906,-0.22216912192132607,92.36040655455584,62
16.528,-1.0291096863322697,-0.22165459884988828,92.27709499359597,62
16.536,-1.0291352620418543,-0.22101140714201317,92.32994215026052,62
16.544,-1.0291595306240786,-0.2204325858281475,93.26713032220718,62
16.552,-1.0291918313735717,-0.21985415714710677,92.77285498141214,62
16.56,-1.029216743366908,-0.21933980007834222,91.62596333596598,62
16.568,-1.029235008100059,-0.21869635925781336,92.32122480278905,62
16.576,-1.0292577555066482,-0.21811747616688584,91.44559898512047,62
16.584,-1.029273087619592,-0.21753834923452903,92.02059403897256,62
16.592,-1.0292957836507486,-0.21689504947534216,91.56901568070442,62
16.6,-1.029309883805073,-0.2163802825501732,91.625765238922,62
16.608,-1.0293281463135622,-0.2157368416664987,91.43363243071722,62
16.616,-1.0293419236344787,-0.2151576756601615,91.02402895752132,62
16.624,-1.0293529942793926,-0.21457845159445846,91.13865156062182,62
16.632,-1.0293657858282808,-0.21393487870326663,91.52458219842754,62
16.64,-1.0293794867712167,-0.21342010099807468,91.65388177831115,62
16.648,-1.0293980650307855,-0.21277666915376534,91.6434777911503,62
16.656,-1.0294128341687403,-0.21226192098799485,92.31988840139235,62
16.664,-1.029433679043301,-0.21174738304692095,92.20962352736026,62
16.672,-1.0294584973132628,-0.21110416166708657,92.36204502180176,62
16.68,-1.0294797207646684,-0.2105896392023579,91.81250706690554,62
16.688,-1.0294960084036688,-0.2100749368471896,91.53449213825228,62
16.696,-1.0295097983829065,-0.2095601615194274,91.30041096910513,62
16.704,-1.0295244068354468,-0.20891662730657287,91.48816877923613,62
16.712,-1.0295377806168744,-0.2084018409979259,91.11303050860352,62
16.72,-1.0295477836248943,-0.20788697816043367,91.25704549099545,62
16.728,-1.0295597758799524,-0.20730777244284537,90.97761475680696,62
16.736,-1.0295703773030938,-0.2067285395990807,91.16691710428576,62
16.744,-1.0295789959586061,-0.20627803214834145,89.55524127499393,62
16.752,-1.0295739992848794,-0.20563435154178902,90.0284243440455,62
16.76,-1.0295742547556965,-0.2051193916051584,90.34139147474374,62
16.768,-1.0295784237452694,-0.2045400767538087,90.05476837375832,62
16.776,-1.0295782603764736,-0.20396074692480035,89.49617455217428,62
16.784,-1.0295737321789133,-0.2034458068340841,88.50755329285246,62
16.792,-1.029556966907216,-0.20280232519824282,88.54512574715542,62
16.8,-1.0295438922698945,-0.20228753120501944,89.18970217881564,62
16.808,-1.0295364165267276,-0.2017082495889358,89.48088911474474,62
16.816,-1.0295304506477398,-0.20112895045570992,88.4374914595701,62
16.824,-1.0295164089561124,-0.20061418193249178,88.69431475077207,62
16.832,-1.0295017412640228,-0.19997064906712372,88.43222302307245,62
16.84,-1.0294876522386844,-0.1994558818372372,87.02616243629633,61
16.848,-1.0294494880532092,-0.1986843859983125,88.12748417912796,61
16.856,-1.0294272273997822,-0.1979766661864379,90.96466915022758,61
16.864,-1.0294400247374487,-0.1972687120234024,95.4879430860494,61
16.872,-1.0294961435068073,-0.19669210664604794,97.17286690629437,61
16.88,-1.0295604431590915,-0.196181176752309,97.96882284135819,61
16.888,-1.0296139864721303,-0.19579868622689844,97.47639647094265,61
16.896,-1.0296809919067276,-0.19528810413424885,97.19445613406441,61
16.904,-1.0297454840744142,-0.19477719850508912,95.98654605875824,61
16.912,-1.0297991917921645,-0.1942650468843224,96.28214949517684,61
16.92,-1.0298555411033128,-0.19375317917022716,95.66953924722687,61
16.928,-1.0299064143745247,-0.19324073823521493,96.50716931267164,61
16.936,-1.0299647735227986,-0.19272909577078026,96.42030515083196,61
16.944,-1.0300223569207485,-0.1922173654180743,96.96152401030668,61
16.952,-1.0300847715088568,-0.19170620182313497,96.08949888894651,61
16.96,-1.0301320162402245,-0.1912580956083238,95.39615035512425,61
16.968,-1.0301872111669115,-0.19068140106392759,95.99476953875825,61
16.976,-1.0302409923915925,-0.19016925715693292,95.51145891637775,61
16.984,-1.0302904516350249,-0.18965667781201243,95.88948076240571,61
16.992,-1.0303361317541508,-0.1892084093978775,95.3352197264117,61
17.0,-1.0303840140955345,-0.18869568034371376,95.36346596347072,61
17.008,-1.0304388800377124,-0.1881189544071917,95.66767332737425,61
17.016000000000002,-1.030482824450791,-0.18767051251245653,95.67914128680907,61
17.024,-1.0305337835998325,-0.18715808011034976,95.85672538690808,61
17.032,-1.030586330748512,-0.18664580811349105,95.1098823494534,61
17.04,-1.0306321962233738,-0.18613289470967348,95.03377161163323,61
17.048000000000002,-1.0306773803125377,-0.18561992083150183,95.3834830191106,61
17.056,-1.030725694535927,-0.18510723229309053,93.2663476056526,61
17.064,-1.0307550357444637,-0.18459310886911373,92.94252076625588,61
17.072,-1.0307840589022015,-0.18401450647214043,92.0607823293113,61
17.080000000000002,-1.030805608083232,-0.18343557753844886,91.99613242270024,61
17.088,-1.0308250705977575,-0.18285657469908045,91.76357851937742,61
17.096,-1.030843616490845,-0.18227754177487154,92.13414009769191,61
17.104,-1.0308644735849408,-0.18169858749421183,91.60539133199742,61
17.112000000000002,-1.0308825072900056,-0.18105514015722024,91.2858479714995,61
17.12,-1.0308962246346376,-0.18047597272726182,91.9352153464208,61
17.128,-1.0309150715404036,-0.17989694952253565,91.04551421981172,61
17.136,-1.0309263593869369,-0.17931772964892204,91.18330490058604,61
17.144000000000002,-1.0309376061851878,-0.17873850897681381,90.16503867119229,61
17.152,-1.0309394603400077,-0.1780948116472327,91.31651776310295,61
17.16,-1.0309534877045239,-0.17751565164299116,91.8002511206503,61
17.168,-1.030970970629508,-0.17693658564951345,90.19401158925014,61
17.176000000000002,-1.0309736494560486,-0.17635726199096263,91.16962921254394,61
17.184,-1.0309847580022404,-0.175778038650903,90.93719407413269,61
17.192,-1.0309949507890672,-0.17519879847225078,91.42292450718152,61
17.2,-1.031008619870265,-0.17461962990120472,90.44186533699119,61
17.208000000000002,-1.0310135840386636,-0.1739759490431452,90.32613826599366,61
17.216,-1.0310165152712245,-0.17346099738572907,90.18020584008025,61
17.224,-1.031018539823626,-0.17281730056952782,90.39389788244351,61
17.232,-1.031023239701119,-0.1722379897819363,90.71787661395031,61
17.240000000000002,-1.0310297810222262,-0.1716586968607069,89.86342490994724,61
17.248,-1.0310282466456462,-0.17101499868944303,89.79151851674673,61
17.256,-1.0310263728708478,-0.17050004209848799,89.07403041252607,61
17.264,-1.0310159703476174,-0.16985642615904087,90.11282884941936,61
17.272000000000002,-1.031017237943312,-0.16921272740713802,89.57661856136589,61
17.28,-1.0310134327324683,-0.16869778146631473,89.83331842211919,61
17.288,-1.0310115601201877,-0.16805408419016446,90.05490338466471,61
17.296,-1.0310120535778713,-0.16753912442659108,89.73900733207668,61
17.304000000000002,-1.031009121417758,-0.16689543110486324,88.46281848872371,61
17.312,-1.0309928636386816,-0.166316329419416,88.4472916929208,61
17.32,-1.030975421585993,-0.1656728657725811,87.82379501684233,61
17.328,-1.0309509784878668,-0.1650296300265642,87.01958379911049,61
17.336000000000002,-1.0309175095510723,-0.16438680071775053,87.2532037263345,61
17.344,-1.0308866619811958,-0.16374384028550548,87.68939044274367,61
17.352,-1.030864021825237,-0.16316495299007883,87.06708420901468,61
17.36,-1.0308310858301606,-0.16252209615513938,87.92929216513821,61
17.368000000000002,-1.0308094363600018,-0.16194317096315844,87.49875814590136,61
17.376,-1.0307813446218015,-0.16130008423164788,86.71191802082295,61
17.384,-1.030744424331628,-0.16065744391064898,87.29896733603783,61
17.392,-1.0307140903205367,-0.16001445904475317,86.92446962710383,61
17.400000000000002,-1.0306795542980407,-0.15937168618195466,87.64765384551988,61
17.408,-1.0306584179438447,-0.15885716013195209,86.9931715557614,61
17.416,-1.0306246526787703,-0.15821434631997033,86.7197664868233,61
17.424,-1.030587820418825,-0.15757170094760128,85.96820104391902,61
17.432,-1.03054256180262,-0.15692959398792933,85.79621074773816,61
17.44,-1.0304953759185045,-0.15628762577817104,86.5017249609025,61
17.448,-1.0304560983168685,-0.1556451252256345,86.93427369867712,61
17.456,-1.0304243988000505,-0.15506666328384244,85.91757530323157,61
17.464,-1.0303838708062951,-0.15448875277243906,86.15541805377529,61
17.472,-1.0303407105466424,-0.15384650135594655,86.36824840889956,61
17.48,-1.0302999362802445,-0.15320409404808047,86.23062307172309,61
17.488,-1.030257619060796,-0.15256178653377117,85.79048975622158,61
17.496,-1.0302143789094973,-0.1519840726194641,84.64135282913277,61
17.504,-1.030154263928087,-0.15134318582836134,84.36532513678068,61
17.512,-1.0300926483325152,-0.1507024422276857,86.29725476866038,61
17.52,-1.030055950815178,-0.15012427584186788,88.13609551866523,61
17.528,-1.0300392014669304,-0.14960958830468313,89.15179923598258,61
17.536,-1.0300315783310694,-0.14909468473176912,89.52958889654546,60
17.544,-1.0300266414689783,-0.14838663212341044,92.53749574801488,60
17.552,-1.030056732084849,-0.1477436364793654,96.16977833691679,60
17.56,-1.0301120773894044,-0.14723165923488707,97.21160720014738,60
17.568,-1.0301767224900051,-0.1467207729338686,98.06629990053908,60
17.576,-1.0302309164547006,-0.14633837405495992,97.06591398053533,60
17.584,-1.0302942622525415,-0.14582732502453727,97.13573757017241,60
17.592,-1.0303582307938757,-0.1453163535700317,97.17629749445238,60
17.6,-1.0304139662912135,-0.1448692240600115,97.36002001998114,60
17.608,-1.0304722416134793,-0.14442241847453913,97.02453176050182,60
17.616,-1.0305352182866059,-0.14391132382553382,97.0111649050897,60
17.624,-1.0305896648789796,-0.14346403553709638,96.98090649913173,60
17.632,-1.0306449825332302,-0.14301685414043203,97.40419541814606,60
17.64,-1.0307113445067666,-0.14250618801656212,97.29533048667021,60
17.648,-1.0307680088025981,-0.14205917526286002,96.73884515857539,60
17.656,-1.030821436731417,-0.1416117641534577,97.2010160691942,60
17.664,-1.0308773651244059,-0.14116465873048445,96.072425202354,60
17.672,-1.0309318404321917,-0.14065258818608495,96.29419918338054,60
17.68,-1.030981794636854,-0.14020477592427089,96.08380022331103,60
17.688,-1.0310363716057338,-0.1396927162050311,95.95344237678948,60
17.696,-1.031082552116597,-0.13924449906478456,95.76562867730449,60
17.704,-1.0311342847187341,-0.1387321441687641,95.24039617473632,60
17.712,-1.0311813184369678,-0.1382193365723411,94.96185007209486,60
17.72,-1.0312258585711789,-0.13770630638020373,94.5967951803747,60
17.728,-1.0312671290978586,-0.13719300281969826,94.19172316323213,60
17.736,-1.0313047696491153,-0.13667942031366723,94.16554073231538,60
17.744,-1.0313421755048446,-0.13616582066067173,94.0899882749289,60
17.752,-1.0313789040756451,-0.13565217212939087,94.96780253928169,60
17.76,-1.0314234975083998,-0.1351391465673034,94.18096213888929,60
17.768,-1.031461041600338,-0.13462555700085896,93.99864466491732,60
17.776,-1.031496951242311,-0.1341118505679487,93.98871813018488,60
17.784,-1.031532771883739,-0.13359813792137712,94.21057766968397,60
17.792,-1.031570581439202,-0.13308456782965086,93.96777302426449,60
17.8,-1.031606214284901,-0.13257084212277281,94.51818123584775,60
17.808,-1.0316366389337932,-0.13218582234517717,94.05602477379533,60
17.816,-1.0316730630201913,-0.1316721521323654,94.64229972054827,60
17.824,-1.0317147412015792,-0.1311588815109617,94.02807930920252,60
17.832,-1.0317509147459563,-0.130645193593752,93.56325877678587,60
17.84,-1.0317829197760453,-0.13013122912061303,94.02680746043032,60
17.848,-1.0318190819175954,-0.12961754040055143,93.55366426447449,60
17.856,-1.0318464542763077,-0.12916778268980827,92.6628158924741,60
17.864,-1.0318703783787153,-0.12865337872508403,92.64768952404744,60
17.872,-1.0318978565625696,-0.12807470089858608,92.83816970824643,60
17.88,-1.0319233548845503,-0.1275603725626214,93.37753008309149,60
17.888,-1.0319493445063037,-0.12711053283121085,93.02873568822426,60
17.896,-1.031976553342092,-0.12659629214743032,92.41804275401218,60
17.904,-1.031998279649137,-0.12608179067106487,92.15158807140389,60
17.912,-1.0320176130348242,-0.12556719372024036,92.72879423325973,60
17.92,-1.0320421294776108,-0.1250528176461146,92.18577839007726,60
17.928,-1.0320617699371457,-0.12453823232379255,92.05176437164312,60
17.936,-1.0320802067362576,-0.12402360247036547,92.11658031337208,60
17.944,-1.0320992256992887,-0.12350899380288576,91.88107703204344,60
17.952,-1.0321161293076697,-0.12299431130889191,90.83232846646474,60
17.96,-1.0321236098026687,-0.12247940564394483,90.83769539014128,60
17.968,-1.0321311385291003,-0.1219645006819583,89.74203694639968,60
17.976,-1.0321282404053986,-0.12132080720608718,89.20701900007023,60
17.984,-1.0321211135199162,-0.1208058965253829,88.93985949905384,60
17.992,-1.032109677812378,-0.12022667955216695,88.8111092957086,60
18.0,-1.0320983745455714,-0.1196474599792693,88.71756716743303,60
18.008,-1.0320839680204168,-0.1190039212142885,89.16855490425846,60
18.016000000000002,-1.032076495464094,-0.1184890154340704,89.86904865544838,60
18.024,-1.03207445424782,-0.11790968917805876,87.93975134712247,60
18.032,-1.0320543438186716,-0.11733070848053276,87.97729658915517,60
18.04,-1.0320331793999902,-0.11675176535305803,87.56838617813034,60
18.048000000000002,-1.0320058691860403,-0.1161086449582531,88.60875896803448,60
18.056,-1.031993366291619,-0.11559383676170694,87.5800982670523,60
18.064,-1.0319661875413817,-0.11495071079773435,88.31723202880323,60
18.072,-1.0319510654219728,-0.11443597288082473,87.83890969816714,60
18.080000000000002,-1.031926792010899,-0.11379273070907696,87.77611673691757,60
18.088,-1.0319068093279364,-0.11327815856254973,87.74304082490518,60
18.096,-1.0318814596608603,-0.11263495790616072,87.63237551437979,60
18.104,-1.0318582434664871,-0.11205609342652231,88.48267606662978,60
18.112000000000002,-1.0318446077360215,-0.11154131398981695,87.95671838929799,60
18.12,-1.0318232353870351,-0.11096237850103846,87.1682715200111,60
18.128,-1.0317977948863366,-0.11044804730178638,87.26846404366816,60
18.136,-1.0317671185654227,-0.10980507867631907,86.6945267139729,60
18.144000000000002,-1.0317374262832921,-0.10929097540850033,86.95010143461089,60
18.152,-1.0317031778147465,-0.10864818716000614,86.94964311154848,60
18.16,-1.0316757749264536,-0.10813395678039674,86.1572431850647,60
18.168,-1.0316326351254528,-0.1074917039893794,86.32684556723284,60
18.176000000000002,-1.0315996443498918,-0.10697780184857056,85.81817678899274,60
18.184,-1.0315527045868453,-0.10633581559587889,86.42486408332978,60
18.192,-1.0315205930150781,-0.10582185776827173,87.17053722776254,60
18.2,-1.0314888178126596,-0.10517894251218333,85.74944298609343,60
18.208000000000002,-1.0314506499120164,-0.10466539892789811,85.31527062531721,60
18.216,-1.0313980770796463,-0.10402384940736464,86.7022578158978,60
18.224,-1.0313684541673764,-0.1035097421377519,86.49393914754053,60
18.232,-1.0313369622398258,-0.10299574597035469,86.4335807993287,60
18.240000000000002,-1.0313049288596068,-0.10248178326338875,86.83616329187068,60
18.248,-1.031272238860655,-0.10190337645029197,86.01869700701914,60
18.256,-1.0312327308876101,-0.10132539531086415,85.92904958282462,60
18.264,-1.0311961729905268,-0.10081173460401491,85.282431633219,60
18.272000000000002,-1.0311538205690205,-0.10029851917751977,85.68533381415928,60
18.28,-1.031109520202733,-0.09972088559555349,84.87474559919715,60
18.288,-1.0310584810618701,-0.0991438084052503,84.79160753256913,59
18.296,-1.0309902649237743,-0.09837438726371968,86.97820090727654,59
18.304000000000002,-1.0309538137065077,-0.09766725631575411,90.87748152307185,59
18.312,-1.030965533728022,-0.09695928349854542,93.35526466220875,59
18.32,-1.0309956727666816,-0.09644520622813882,93.60540624170477,59
18.328,-1.03103281944075,-0.09586706852648469,94.31916836125951,59
18.336000000000002,-1.0310757349827955,-0.09528933040785365,93.89477247618882,59
18.344,-1.0311107132618678,-0.09477555971815524,94.48775074745375,59
18.352,-1.0311510068030727,-0.09426217854189613,95.27112082796542,59
18.36,-1.0311983155057378,-0.0937493962408638,94.81266072503938,59
18.368000000000002,-1.0312415196392049,-0.09323625181241174,93.97281135133552,59
18.376,-1.0312771976594395,-0.09272252924090825,93.61576860170047,59
18.384,-1.0313144488933237,-0.09214439826695642,95.59387415625687,59
18.392,-1.0313646453883272,-0.09163189059531689,95.79667326368987,59
18.400000000000002,-1.0314166555922368,-0.09111956380479237,96.38944915804372,59
18.408,-1.0314596364445097,-0.09073574283775439,96.88206254973045,59
18.416,-1.0315213420583742,-0.0902244931738742,95.5946401464737,59
18.424,-1.0315715454051146,-0.08971198617335997,96.20276495191122,59
18.432000000000002,-1.0316132754452296,-0.08932802720139557,96.19909346326408,59
18.44,-1.03166888269337,-0.08881607834110358,95.6563917841073,59
18.448,-1.0317127388073548,-0.08836762780240331,95.66612887817905,59
18.456,-1.0317635815768809,-0.08785518384021156,95.20864751613713,59
18.464,-1.0318050428704464,-0.08740650555287151,95.48743623186924,59
18.472,-1.0318542871978638,-0.08689390551598385,95.28941952165916,59
18.48,-1.031895270162643,-0.08644518328453973,95.91582123332391,59
18.488,-1.0319422659737263,-0.08599705089546798,95.44200504029934,59
18.496,-1.0319844437927737,-0.08554843939764965,95.23916249192399,59
18.504,-1.032031466469312,-0.08503563078862364,94.84060185961043,59
18.512,-1.0320700447936357,-0.08458669542881471,95.11966270223786,59
18.52,-1.0321096980993307,-0.08413785374209003,93.9062352463261,59
18.528,-1.032144779164249,-0.08362409006053573,93.9387922750284,59
18.536,-1.0321801521580611,-0.0831103463959435,93.67811831404623,59
18.544,-1.0322096146434216,-0.08266072076683532,94.84360516025417,59
18.552,-1.0322530959107867,-0.08214759974700829,94.78015820999232,59
18.56,-1.0322900889374147,-0.08169853097680135,93.85264079265663,59
18.568,-1.0323246894126736,-0.08118473470519957,94.12468794963267,59
18.576,-1.0323576553994895,-0.08073535236452764,95.16704467834197,59
18.584,-1.0323976798708612,-0.08028654362342981,94.50782973696468,59
18.592,-1.0324336501564317,-0.07983739177499728,94.3461764353565,59
18.6,-1.0324672407230422,-0.07938805568894455,93.11845580544728,59
18.608,-1.0324952547805173,-0.0788738582422533,93.51662725959544,59
18.616,-1.0325268414979827,-0.07835986789129365,94.00179210312422,59
18.624,-1.03255379489406,-0.07797458954666477,93.13323624058138,59
18.632,-1.0325819415967068,-0.0774603993437922,92.51939835684905,59
18.64,-1.032604578016727,-0.07694593710602475,93.26788687557824,59
18.648,-1.0326339330373475,-0.07643181447049482,92.94144296119357,59
18.656,-1.0326537520389225,-0.07604610331486585,93.25161610321659,59
18.664,-1.032682961058561,-0.0755319723638701,94.58643480171145,59
18.672,-1.0327195475092288,-0.07508287028636217,94.35754330922376,59
18.68,-1.0327532272186828,-0.07463354087316346,93.27394815142365,59
18.688,-1.0327752842754996,-0.07424795122775718,93.91002875486834,59
18.696,-1.0328103993562305,-0.0737341898700187,93.36586070907475,59
18.704,-1.0328330749383474,-0.07334863610414989,93.18331795427635,59
18.712,-1.0328616710791099,-0.07283447070047758,93.06752186633092,59
18.72,-1.0328823387863333,-0.07244880409020622,93.16630060111378,59
18.728,-1.0329107822141652,-0.07193463021590571,92.07447743456848,59
18.736,-1.032924762818708,-0.07154866333766798,92.97502983783218,59
18.744,-1.032951489622237,-0.07103439737576388,93.00393455768564,59
18.752,-1.0329717293009701,-0.07064870806582033,93.25189136136171,59
18.76,-1.033000940790576,-0.07013457725515536,92.78164224903863,59
18.768,-1.033019683949313,-0.06974881232362255,91.94747407569464,59
18.776,-1.0330371839844876,-0.06923414976391094,92.42163371886822,59
18.784,-1.0330535028992003,-0.06884827467865334,92.7165331659152,59
18.792,-1.0330779092670066,-0.06833389336988471,92.66606936602963,59
18.8,-1.0330958742511522,-0.06794809141584,91.52139793191257,59
18.808,-1.0331072799493701,-0.06749764590921066,90.91452904156249,59
18.816,-1.0331150294553362,-0.06704712266946417,91.46056027034574,59
18.824,-1.0331259568562907,-0.06659666530599591,90.55200850336249,59
18.832,-1.0331309180925936,-0.06608172920536363,90.5198534401867,59
18.84,-1.0331355640600428,-0.06563116327302869,90.75940655319789,59
18.848,-1.033140978335001,-0.06518060591816577,91.05300198374175,59
18.856,-1.0331498166457898,-0.0647301027232195,91.34503036285169,59
18.864,-1.0331598357331568,-0.06427962424173246,90.28447718336976,59
18.872,-1.0331623925317501,-0.06376467058907916,89.93617236437728,59
18.88,-1.0331624483518251,-0.06331408070761443,91.01787556179542,59
18.888,-1.0331693092973344,-0.062927921652526,90.78308682349115,59
18.896,-1.0331749097865868,-0.062477366573856885,90.1069643317161,59
18.904,-1.0331763087597665,-0.06202677886067726,90.43977297646325,59
18.912,-1.0331792094579786,-0.06157619831255708,90.02185902219881,59
18.92,-1.033179939141353,-0.061125609018458156,90.72408598358552,59
18.928,-1.0331850756646077,-0.06067504841152136,89.09156070059893,59
18.936,-1.0331789523038806,-0.06028887695626688,89.3446290283839,59
18.944,-1.033173062123502,-0.059773950643698635,88.51354158900142,59
18.952,-1.0331597037092533,-0.05925916393605286,88.78049825193438,59
18.96,-1.033151483899557,-0.058873031415888455,89.00093325349825,59
18.968,-1.0331425049949086,-0.05835814970047089,88.88814537634052,59
18.976,-1.0331350106638173,-0.05797200241846367,88.51397782977757,59
18.984,-1.0331216561690715,-0.05745721560912415,89.3214078882196,59
18.992,-1.033117082015086,-0.05707102269681816,88.67233145362864,59
19.0,-1.0331060841757522,-0.05662056704758671,87.32419924056119,59
19.008,-1.0330856057718059,-0.05617044275434516,88.13302811973811,59
19.016000000000002,-1.0330688288691618,-0.055655756114594765,88.62258772158071,59
19.024,-1.0330595448881479,-0.05526964771518263,87.8326132740891,59
19.032,-1.0330419466571774,-0.05481940161951814,87.37466999092169,59
19.04,-1.033024255996595,-0.05443358698925107,86.42460883999908,59
19.048000000000002,-1.0329921421352302,-0.05391962930470082,87.08064928115824,59
19.056,-1.0329697505568087,-0.053469596126357044,86.37750080515337,59
19.064,-1.0329407245533866,-0.05301994210878383,86.35973730029457,59
19.072,-1.0329080287985535,-0.05250602111367279,86.08621197924971,59
19.080000000000002,-1.0328778301166366,-0.05205644433045899,87.23620230908713,59
19.088,-1.0328592071038645,-0.05167067358014833,86.47758173497725,59
19.096,-1.0328309665737665,-0.051220969547640084,86.20972681384701,59
19.104,-1.0328054356907825,-0.050835594324754485,84.79670282518421,59
19.112000000000002,-1.032758734025149,-0.050322756381514205,84.76798819879318,59
19.12,-1.032711775349079,-0.04980994190790627,84.76316500895683,59
19.128,-1.0326765239654008,-0.04942533401881812,85.08840053587679,59
19.136,-1.0326324337955233,-0.04891226496058128,84.85212867997747,59
19.144000000000002,-1.0325914484583225,-0.04846354294582262,83.87585167453935,58
19.152,-1.0325128463856612,-0.047695115726425846,85.91064222069043,58
19.16,-1.0324596697434572,-0.04692450909574106,89.2031892395105,58
19.168,-1.0324523116464637,-0.04628085180973163,94.60736469234719,58
19.176000000000002,-1.0324936768629775,-0.045767555871248984,95.50009834086036,58
19.184,-1.0325363095161533,-0.045318987368924535,94.68386315301815,58
19.192,-1.0325783600226723,-0.04480574711670194,95.86237381390566,58
19.2,-1.0326249377804886,-0.04435757108334984,95.97920741741248,58
19.208000000000002,-1.0326713198431066,-0.04390937475509436,95.42607711544062,58
19.216,-1.0327144835064062,-0.043460857037980576,95.18990896388718,58
19.224,-1.032761065336764,-0.042948008196039264,95.85104673769132,58
19.232,-1.0328064447470593,-0.042499709240524465,95.75977290588986,58
19.240000000000002,-1.0328522198711971,-0.042051450517904855,95.04177541270059,58
19.248,-1.0328912629896991,-0.04160255534161974,94.65222134773572,58
19.256,-1.0329330300510005,-0.04108929194511627,95.02793438558047,58
19.264,-1.0329730759918099,-0.04064048511916652,94.16003718507159,58
19.272000000000002,-1.0330104325135419,-0.04012688187552011,94.84804325953547,58
19.28,-1.033047957578675,-0.03967785725049254,94.27615283767012,58
19.288,-1.033086354891546,-0.03916433076825009,94.21075322957716,58
19.296,-1.0331199958682444,-0.03871499845349722,94.98291083460892,58
19.304000000000002,-1.0331585777799817,-0.038266063401979626,94.03088921855188,58
19.312,-1.0331947765166851,-0.03775237725941678,94.36846658293868,58
19.32,-1.0332296542042734,-0.03730313924755348,94.3664662366972,58
19.328,-1.0332634038893938,-0.036853815084895075,93.63386776125078,58
19.336000000000002,-1.0332960422838973,-0.0363398904437226,94.51736144707594,58
19.344,-1.0333320872897478,-0.035890744585512106,94.65545786491047,58
19.352,-1.03336810286207,-0.03544159636616275,93.96779560904318,58
19.36,-1.0333998381885983,-0.034992125440023426,94.16360265997272,58
19.368000000000002,-1.033431996771587,-0.034542684598605385,93.31445217830672,58
19.376,-1.0334617696191097,-0.03402858599021356,93.44058896936812,58
19.384,-1.0334926741828445,-0.03351455417257929,93.71089232510953,58
19.392,-1.0335176711205463,-0.033129143947617,92.98269182956588,58
19.400000000000002,-1.0335444666950715,-0.03261488156440597,93.53530638951732,58
19.408,-1.0335762209780415,-0.03210090153841946,93.7030527122691,58
19.416,-1.033601165180963,-0.03171548789680753,92.81307216880785,58
19.424,-1.0336264382068476,-0.031201148441036684,92.63561424232145,58
19.432000000000002,-1.0336477152706678,-0.03075106119288407,94.79815843841692,58
19.44,-1.0336800209572212,-0.030366194682238803,95.65607412849484,58
19.448,-1.0337238745849344,-0.029917743900401004,95.16383460072484,58
19.456,-1.0337649849397945,-0.029469033322057157,95.83532206148386,58
19.464,-1.0338042517758887,-0.02908481462914488,96.00201846187096,58
19.472,-1.0338375092747243,-0.02876468761004132,95.39426480748301,58
19.48,-1.0338681625792843,-0.02844430074309999,95.99368351535416,58
19.488,-1.0339146578797205,-0.027996116147836057,94.96835312768043,58
19.496,-1.0339481066517553,-0.027611347297681416,94.89127441605609,58
19.504,-1.0339810377728786,-0.02722653379783814,94.53567045337391,58
19.512,-1.034011579945494,-0.026841523325133967,94.17464935175833,58
19.52,-1.0340449377770686,-0.026392169901349256,94.40736905278229,58
19.528,-1.034074617726856,-0.026007092001463315,94.23312850416949,58
19.536,-1.0341031264918712,-0.025621925623494954,94.61217448116867,58
19.544,-1.0341341827212536,-0.025236956275342903,94.40512677431761,58
19.552,-1.03416384760094,-0.02485187721422265,94.3023503145152,58
19.56,-1.0341928216832197,-0.02446674556016652,94.12860054332597,58
19.568,-1.0342206277201746,-0.02408152781303015,94.13078281412493,58
19.576,-1.03424844842921,-0.023696311125244264,94.21800179373037,58
19.584,-1.0342768555051098,-0.02331113723407446,93.24750120080024,58
19.592,-1.0343018241800774,-0.022861239679441453,93.49064563161176,58
19.6,-1.034325339408289,-0.0224757362132544,93.86809787028761,58
19.608,-1.0343513937215605,-0.022090396024382408,92.98929035046278,58
19.616,-1.0343715348214446,-0.021704701553984643,93.57399805584102,58
19.624,-1.0343956108450878,-0.021319232705067373,92.67939727216459,58
19.632,-1.034413665572394,-0.020933434940400623,92.66128687156565,58
19.64,-1.0344315983534818,-0.02054763148815789,92.60251061297777,58
19.648,-1.0344491353528853,-0.02016180984276718,92.5899786138953,58
19.656,-1.0344665879631672,-0.019775984370831612,92.77271249800968,58
19.664,-1.0344852709988401,-0.01939021652279589,93.12811897147323,58
19.672,-1.034506346582764,-0.0190045719867757,92.32997445047566,58
19.68,-1.0345220481708661,-0.018618671289016512,92.96359018944914,58
19.688,-1.0345420162645387,-0.018232967823080374,92.09205314902708,58
19.696,-1.0345561152653386,-0.01784700525160951,92.06379235340872,58
19.704,-1.0345700238907345,-0.017461035772842658,91.53447593137568,58
19.712,-1.0345803662659545,-0.01707495427409546,92.05307733472685,58
19.72,-1.0345959513474823,-0.016624633999592783,91.61996338471485,58
19.728,-1.0346068697590622,-0.016238568361794586,91.35608761983973,58
19.736,-1.034616010035487,-0.015852456533761782,91.26839445342537,58
19.744,-1.0346265418599994,-0.015401989748008403,91.85005749861261,58
19.752,-1.034636534244367,-0.015080294982984676,91.36848059798854,58
19.76,-1.0346457580358992,-0.014694185141009971,90.58438579326808,58
19.768,-1.034649697201572,-0.01430798522985804,91.26547109645026,58
19.776,-1.0346582268090754,-0.013921859428860756,91.15208200701676,58
19.784,-1.0346659922524155,-0.013535717503799774,91.42559103201917,58
19.792,-1.0346756009001212,-0.013149617047584895,90.70999223138323,58
19.8,-1.0346803867008245,-0.012763426700072706,90.3859113371222,58
19.808,-1.034682988036402,-0.01237721546065421,90.48475498363705,58
19.816,-1.0346862556389684,-0.01199100928362771,89.98152404232285,58
19.824,-1.0346861310960385,-0.011604789303708068,90.5718389659429,58
19.832,-1.0346897416477001,-0.011282959638348064,90.21242461635008,58
19.84,-1.0346911735585331,-0.010896742292762288,90.00062369437569,58
19.848,-1.0346911777627388,-0.010510522292785224,89.80342648857878,58
19.856,-1.0346898527005215,-0.010124304565835528,89.51273815487114,58
19.864,-1.0346865682002842,-0.009738098532146062,89.98686848317789,58
19.872,-1.0346860960231872,-0.00941624896070342,89.6455090902028,58
19.88,-1.0346837064823369,-0.009030036352811754,89.56257678744538,58
19.888,-1.0346807579239359,-0.008643827608214595,89.77208876308454,58
19.896,-1.0346792216214973,-0.008257610663771595,89.35894376986717,58
19.904,-1.0346749004729996,-0.007871414837699356,88.40422776767221,58
