t,x,y,theta_deg,idx,target_x,target_y,v,w,ps0,ps1,ps2,ps3,ps4,ps5,ps6,ps7
0.016,-1.0,-1.0,0.0,0,-1.0,-0.8999999999999999,0.0,3.5,67,68,71,70,65,70,69,67
0.024,-0.999935635967501,-0.9999991235181265,1.5603624076857001,0,-1.0,-0.8999999999999999,0.0,3.5,69,66,62,66,67,69,65,65
0.032,-0.999935635967501,-0.9999991235181265,2.9788736873999735,0,-1.0,-0.8999999999999999,0.0,3.5,62,67,64,67,64,63,68,70
0.04,-0.999935635967501,-0.9999991235181265,4.6810872230571015,0,-1.0,-0.8999999999999999,0.0,3.5,72,68,63,66,66,64,74,64
0.048,-0.999935635967501,-0.9999991235181265,6.3833007587142285,0,-1.0,-0.8999999999999999,0.0,3.5,66,60,57,68,58,69,71,59
0.056,-0.999935635967501,-0.9999991235181265,7.8018120384285,0,-1.0,-0.8999999999999999,0.0,3.5,67,72,71,65,61,67,67,64
0.064,-0.999935635967501,-0.9999991235181265,9.504025574085626,0,-1.0,-0.8999999999999999,0.0,3.5,71,66,67,66,65,54,64,72
0.07200000000000001,-0.999935635967501,-0.9999991235181265,11.206239109742752,0,-1.0,-0.8999999999999999,0.0,3.5,70,69,61,69,65,64,71,68
0.08,-0.999935635967501,-0.9999991235181265,12.624750389457025,0,-1.0,-0.8999999999999999,0.0,3.5,63,63,74,68,66,70,68,63
0.088,-0.999935635967501,-0.9999991235181265,14.326963925114153,0,-1.0,-0.8999999999999999,0.0,3.5,68,69,69,65,73,65,66,66
0.096,-0.999935635967501,-0.9999991235181265,16.02917746077128,0,-1.0,-0.8999999999999999,0.0,3.5,68,66,60,64,67,66,67,73
0.10400000000000001,-0.999935635967501,-0.9999991235181265,17.447688740485553,0,-1.0,-0.8999999999999999,0.0,3.5,66,68,62,61,67,72,67,68
0.112,-0.999935635967501,-0.9999991235181265,19.14990227614268,0,-1.0,-0.8999999999999999,0.0,3.5,69,65,66,71,65,70,70,69
0.12,-0.999935635967501,-0.9999991235181265,20.85211581179981,0,-1.0,-0.8999999999999999,0.0,3.5,67,67,69,62,66,68,71,65
0.128,-0.999935635967501,-0.9999991235181265,22.27062709151408,0,-1.0,-0.8999999999999999,0.0,3.5,72,73,67,63,63,62,67,63
0.136,-0.999935635967501,-0.9999991235181265,23.97284062717121,0,-1.0,-0.8999999999999999,0.0,3.4591049180173306,61,66,69,67,65,69,70,67
0.14400000000000002,-0.999935635967501,-0.9999991235181265,25.391351906885482,0,-1.0,-0.8999999999999999,0.0,3.3848318410942535,62,67,63,62,67,69,67,67
0.152,-0.999935635967501,-0.9999991235181265,27.093565442542612,0,-1.0,-0.8999999999999999,0.0,3.295704148786561,67,68,67,68,60,66,66,64
0.16,-0.999935635967501,-0.9999991235181265,28.512076722256886,0,-1.0,-0.8999999999999999,0.0,3.2214310718634844,63,66,65,69,65,69,66,70
0.168,-0.999935635967501,-0.9999991235181265,29.93058800197116,0,-1.0,-0.8999999999999999,0.0,3.1471579949404074,67,72,62,62,69,57,64,65
0.176,-0.999935635967501,-0.9999991235181265,31.349099281685433,0,-1.0,-0.8999999999999999,0.0,3.07288491801733,67,63,68,67,66,66,65,68
0.184,-0.999935635967501,-0.9999991235181265,32.76761056139971,0,-1.0,-0.8999999999999999,0.0,2.9986118410942533,63,70,62,67,65,70,66,71
0.192,-0.999935635967501,-0.9999991235181265,34.18612184111398,0,-1.0,-0.8999999999999999,0.0,2.924338764171176,70,68,72,68,67,63,63,59
0.2,-0.999935635967501,-0.9999991235181265,35.604633120828254,0,-1.0,-0.8999999999999999,0.0,2.850065687248099,61,71,66,73,66,64,71,67
0.20800000000000002,-0.999935635967501,-0.9999991235181265,37.02314440054253,0,-1.0,-0.8999999999999999,0.0,2.7757926103250226,61,66,70,64,64,69,67,71
0.216,-0.999935635967501,-0.9999991235181265,38.157953424313945,0,-1.0,-0.8999999999999999,0.0,2.716374148786561,71,66,69,66,65,68,64,64
0.224,-0.999935635967501,-0.9999991235181265,39.29276244808536,0,-1.0,-0.8999999999999999,0.0,2.6569556872480993,66,69,64,67,66,64,68,61
0.232,-0.999935635967501,-0.9999991235181265,40.711273727799636,0,-1.0,-0.8999999999999999,0.0,2.582682610325022,68,62,64,64,66,69,72,77
0.24,-0.999935635967501,-0.9999991235181265,41.84608275157106,0,-1.0,-0.8999999999999999,0.0,2.5232641487865606,67,69,68,73,66,75,72,71
0.248,-0.999935635967501,-0.9999991235181265,42.98089177534248,0,-1.0,-0.8999999999999999,0.0,2.463845687248099,70,68,68,69,64,65,67,67
0.256,-0.999935635967501,-0.9999991235181265,44.115700799113895,0,-1.0,-0.8999999999999999,0.0,2.4044272257096373,68,63,64,69,68,60,65,71
0.264,-0.999935635967501,-0.9999991235181265,45.25050982288532,0,-1.0,-0.8999999999999999,0.0,2.3450087641711757,61,64,68,67,70,70,71,62
0.272,-0.999935635967501,-0.9999991235181265,46.38531884665675,0,-1.0,-0.8999999999999999,0.0,2.2855903026327136,67,64,66,65,66,65,67,70
0.28,-0.999935635967501,-0.9999991235181265,47.23642561448531,0,-1.0,-0.8999999999999999,0.0,2.2410264564788673,66,69,68,69,72,63,70,68
0.28800000000000003,-0.999935635967501,-0.9999991235181265,48.37123463825674,0,-1.0,-0.8999999999999999,0.0,2.1816079949404057,63,67,65,70,65,57,71,72
0.296,-0.999935635967501,-0.9999991235181265,49.506043662028155,0,-1.0,-0.8999999999999999,0.0,2.122189533401944,68,67,59,70,67,61,71,62
0.304,-0.999935635967501,-0.9999991235181265,50.357150429856716,0,-1.0,-0.8999999999999999,0.0,2.077625687248098,64,64,73,66,71,62,69,68
0.312,-0.999935635967501,-0.9999991235181265,51.20825719768528,0,-1.0,-0.8999999999999999,0.0,2.033061841094252,69,64,62,65,67,75,68,67
0.32,-0.999935635967501,-0.9999991235181265,52.343066221456695,0,-1.0,-0.8999999999999999,0.0,1.9736433795557904,67,69,64,62,69,62,75,67
0.328,-0.999935635967501,-0.9999991235181265,53.19417298928526,0,-1.0,-0.8999999999999999,0.0,1.9290795334019437,60,66,59,69,62,76,69,61
0.336,-0.999935635967501,-0.9999991235181265,54.04527975711383,0,-1.0,-0.8999999999999999,0.0,1.884515687248098,64,65,69,72,66,64,69,66
0.34400000000000003,-0.999935635967501,-0.9999991235181265,54.89638652494239,0,-1.0,-0.8999999999999999,0.0,1.8399518410942517,70,68,69,67,67,69,67,68
0.352,-0.999935635967501,-0.9999991235181265,55.74749329277096,0,-1.0,-0.8999999999999999,0.0,1.7953879949404055,65,66,66,67,62,69,70,70
0.36,-0.999935635967501,-0.9999991235181265,56.59860006059952,0,-1.0,-0.8999999999999999,0.0,1.7508241487865592,68,68,58,63,65,56,70,67
0.368,-0.999935635967501,-0.9999991235181265,57.449706828428084,0,-1.0,-0.8999999999999999,0.0,1.7062603026327132,68,66,67,67,67,66,71,66
0.376,-0.999935635967501,-0.9999991235181265,58.0171113403138,0,-1.0,-0.8999999999999999,0.0,1.6765510718634822,65,68,67,62,69,66,63,64
0.384,-0.999935635967501,-0.9999991235181265,58.868218108142365,0,-1.0,-0.8999999999999999,0.0,1.631987225709636,62,67,69,69,67,63,70,66
0.392,-0.999935635967501,-0.9999991235181265,59.719324875970926,0,-1.0,-0.8999999999999999,0.0,1.5874233795557897,65,60,64,70,69,68,72,70
0.4,-0.999935635967501,-0.9999991235181265,60.28672938785664,0,-1.0,-0.8999999999999999,0.0,1.5577141487865587,67,68,76,65,64,64,67,66
0.40800000000000003,-0.999935635967501,-0.9999991235181265,61.13783615568521,0,-1.0,-0.8999999999999999,0.0,1.5131503026327124,71,70,64,68,72,69,73,65
0.41600000000000004,-0.999935635967501,-0.9999991235181265,61.70524066757092,0,-1.0,-0.8999999999999999,0.0,1.4834410718634812,61,70,67,70,68,71,71,63
0.424,-0.999935635967501,-0.9999991235181265,62.55634743539949,0,-1.0,-0.8999999999999999,0.0,1.4388772257096352,70,69,61,56,67,70,75,67
0.432,-0.999935635967501,-0.9999991235181265,63.1237519472852,0,-1.0,-0.8999999999999999,0.0,1.4091679949404041,69,67,67,63,65,68,64,71
0.44,-0.999935635967501,-0.9999991235181265,63.69115645917091,0,-1.0,-0.8999999999999999,0.0,1.379458764171173,60,62,64,66,69,63,67,67
0.448,-0.999935635967501,-0.9999991235181265,64.25856097105662,0,-1.0,-0.8999999999999999,0.0,1.349749533401942,72,63,69,70,70,67,71,62
0.456,-0.999935635967501,-0.9999991235181265,65.1096677388852,0,-1.0,-0.8999999999999999,0.0,1.3051856872480958,68,70,63,80,66,66,67,65
0.464,-0.999935635967501,-0.9999991235181265,65.6770722507709,0,-1.0,-0.8999999999999999,0.0,1.2754764564788648,60,65,66,69,66,66,65,66
0.47200000000000003,-0.999935635967501,-0.9999991235181265,66.24447676265662,0,-1.0,-0.8999999999999999,0.0,1.2457672257096337,75,70,62,69,71,72,70,71
0.48,-0.999935635967501,-0.9999991235181265,66.81188127454234,0,-1.0,-0.8999999999999999,0.0,1.216057994940403,60,64,68,65,64,65,66,71
0.488,-0.999935635967501,-0.9999991235181265,67.37928578642804,0,-1.0,-0.8999999999999999,0.0,1.1863487641711723,61,66,66,64,68,67,66,74
0.496,-0.999935635967501,-0.9999991235181265,67.94669029831375,0,-1.0,-0.8999999999999999,0.0,1.156639533401941,70,61,66,72,70,72,73,72
0.504,-0.999935635967501,-0.9999991235181265,68.51409481019945,0,-1.0,-0.8999999999999999,0.0,1.1269303026327109,60,61,73,64,65,62,65,69
0.512,-0.999935635967501,-0.9999991235181265,68.79779706614232,0,-1.0,-0.8999999999999999,0.0,1.112075687248095,67,65,67,66,66,65,60,60
0.52,-0.999935635967501,-0.9999991235181265,69.36520157802802,0,-1.0,-0.8999999999999999,0.0,1.0823664564788649,66,69,70,72,68,68,69,69
0.528,-0.999935635967501,-0.9999991235181265,69.93260608991373,0,-1.0,-0.8999999999999999,0.0,1.0526572257096336,67,71,66,61,69,69,70,68
0.536,-0.999935635967501,-0.9999991235181265,70.50001060179943,0,-1.0,-0.8999999999999999,0.0,1.0229479949404032,70,68,71,66,68,63,66,75
0.544,-0.999935635967501,-0.9999991235181265,70.7837128577423,0,-1.0,-0.8999999999999999,0.0,1.0080933795557874,66,65,69,69,64,64,68,66
0.552,-0.999935635967501,-0.9999991235181265,71.351117369628,0,-1.0,-0.8999999999999999,0.0,0.9783841487865572,66,70,71,68,65,67,70,70
0.56,-0.999935635967501,-0.9999991235181265,71.91852188151371,0,-1.0,-0.8999999999999999,0.0,0.948674918017326,63,67,62,69,61,65,63,74
0.5680000000000001,-0.999935635967501,-0.9999991235181265,72.20222413745657,0,-1.0,-0.8999999999999999,0.0,0.9338203026327108,60,68,65,66,68,70,66,69
0.5760000000000001,-0.999935635967501,-0.9999991235181265,72.76962864934228,0,-1.0,-0.8999999999999999,0.0,0.9041110718634797,68,66,72,67,65,70,58,71
0.584,-0.999935635967501,-0.9999991235181265,73.05333090528514,0,-1.0,-0.8999999999999999,0.0,0.8892564564788648,68,73,71,67,62,68,61,62
0.592,-0.999935635967501,-0.9999991235181265,73.33703316122798,0,-1.0,-0.8999999999999999,0.0,0.8744018410942493,68,58,65,64,73,67,64,71
0.6,-0.999935635967501,-0.9999991235181265,73.90443767311369,0,-1.0,-0.8999999999999999,0.0,0.8446926103250185,65,65,63,67,71,68,72,68
0.608,-0.999935635967501,-0.9999991235181265,74.18813992905655,0,-1.0,-0.8999999999999999,0.0,0.8298379949404031,64,70,64,68,68,69,61,64
0.616,-0.999935635967501,-0.9999991235181265,74.75554444094226,0,-1.0,-0.8999999999999999,0.0,0.8001287641711721,69,64,63,66,68,67,66,65
0.624,-0.999935635967501,-0.9999991235181265,75.03924669688512,0,-1.0,-0.8999999999999999,0.0,0.7852741487865569,67,64,69,67,65,64,67,66
0.632,-0.999935635967501,-0.9999991235181265,75.32294895282796,0,-1.0,-0.8999999999999999,0.0,0.7704195334019417,65,67,64,64,66,70,66,70
0.64,-0.999935635967501,-0.9999991235181265,75.60665120877083,0,-1.0,-0.8999999999999999,0.0,0.7555649180173258,70,71,66,69,67,72,62,65
0.648,-0.999935635967501,-0.9999991235181265,76.17405572065654,0,-1.0,-0.8999999999999999,0.0,0.7258556872480948,64,60,67,64,64,63,68,71
0.656,-0.999935635967501,-0.9999991235181265,76.4577579765994,0,-1.0,-0.8999999999999999,0.0,0.7110010718634796,59,65,68,65,66,67,66,69
0.664,-0.999935635967501,-0.9999991235181265,76.74146023254225,0,-1.0,-0.8999999999999999,0.0,0.6961464564788638,65,67,71,66,68,70,68,71
0.672,-0.999935635967501,-0.9999991235181265,77.02516248848511,0,-1.0,-0.8999999999999999,0.0,0.6812918410942486,69,67,61,70,61,74,66,70
0.68,-0.999935635967501,-0.9999991235181265,77.30886474442795,0,-1.0,-0.8999999999999999,0.0,0.6664372257096335,67,63,63,60,67,67,66,69
0.6880000000000001,-0.999935635967501,-0.9999991235181265,77.59256700037082,0,-1.0,-0.8999999999999999,0.0,0.6515826103250176,62,63,64,68,72,69,63,70
0.6960000000000001,-0.999935635967501,-0.9999991235181265,77.87626925631369,0,-1.0,-0.8999999999999999,0.0,0.6367279949404017,63,62,66,64,66,70,66,66
0.704,-0.999935635967501,-0.9999991235181265,78.15997151225653,0,-1.0,-0.8999999999999999,0.0,0.6218733795557865,70,66,68,70,68,67,70,69
0.712,-0.999935635967501,-0.9999991235181265,78.44367376819939,0,-1.0,-0.8999999999999999,0.0,0.6070187641711713,65,65,67,66,67,62,69,68
0.72,-0.999935635967501,-0.9999991235181265,78.72737602414225,0,-1.0,-0.8999999999999999,0.0,0.5921641487865554,61,72,64,67,66,72,59,70
0.728,-0.999935635967501,-0.9999991235181265,79.0110782800851,0,-1.0,-0.8999999999999999,0.0,0.5773095334019402,68,68,71,66,61,67,66,75
0.736,-0.999935635967501,-0.9999991235181265,79.29478053602796,0,-1.0,-0.8999999999999999,0.0,0.5624549180173252,69,65,62,69,69,64,67,68
0.744,-0.999935635967501,-0.9999991235181265,79.57848279197081,0,-1.0,-0.8999999999999999,0.0,0.5476003026327092,64,74,78,67,67,70,61,68
0.752,-0.999935635967501,-0.9999991235181265,79.86218504791368,0,-1.0,-0.8999999999999999,0.0,0.5327456872480933,63,65,69,63,71,68,58,64
0.76,-0.999935635967501,-0.9999991235181265,80.14588730385653,0,-1.0,-0.8999999999999999,0.0009810820041488433,0.5178910718634782,68,62,65,73,65,60,70,66
0.768,-0.999935635967501,-0.9999991235181265,80.42958955979938,0,-1.0,-0.8999999999999999,0.0035344023076345063,0.503036456478863,69,66,70,67,63,74,63,68
0.776,-0.9999250124239006,-0.9999356362184408,80.57144068777082,0,-1.0,-0.8999999999999999,0.004756034772440399,0.49592928689215743,67,64,62,66,70,74,71,65
0.784,-0.9999250124239006,-0.9999356362184408,80.85514294371366,0,-1.0,-0.8999999999999999,0.007309355075926053,0.48107467150754224,68,62,68,63,64,64,64,65
0.792,-0.9999148607086962,-0.9998720717662808,80.9969940716851,0,-1.0,-0.8999999999999999,0.008533353402026298,0.4739537378977594,70,68,67,67,64,70,69,69
0.8,-0.9999048663953579,-0.9998084823756492,81.13884519965653,0,-1.0,-0.8999999999999999,0.009758097755805498,0.46682846407487366,66,64,71,67,67,69,72,67
0.808,-0.9998853502033996,-0.9996812302406909,81.42254745559937,0,-1.0,-0.8999999999999999,0.012209831298982008,0.4525648565048681,68,63,71,58,70,63,66,65
0.8160000000000001,-0.9998758284593555,-0.9996175683738445,81.5643985835708,0,-1.0,-0.8999999999999999,0.013436823984427032,0.4454265024185672,73,72,71,72,70,63,66,64
0.8240000000000001,-0.9998572579377702,-0.9994901747973658,81.84810083951366,0,-1.0,-0.8999999999999999,0.01589306958501703,0.4311366447625935,72,65,67,69,67,74,62,61
0.8320000000000001,-0.9998393184354541,-0.9993626908303086,82.13180309545652,0,-1.0,-0.8999999999999999,0.018352340345316933,0.41682918744084096,63,66,67,65,72,63,62,71
0.84,-0.9998305854612661,-0.9992989159758452,82.27365422342795,0,-1.0,-0.8999999999999999,0.019583114481634595,0.4096688337651301,66,72,70,65,64,69,59,61
0.848,-0.9998048602939776,-0.9991075271363901,82.41550535139937,0,-1.0,-0.8999999999999999,0.020724226652663102,0.4030301122587874,72,68,69,69,65,66,60,68
0.856,-0.9997796090396452,-0.9989160751939746,82.55735647937081,0,-1.0,-0.8999999999999999,0.02186728425360889,0.3963800726999702,63,67,71,64,64,64,67,68
0.864,-0.9997632489759107,-0.9987883789296808,82.84105873531367,0,-1.0,-0.8999999999999999,0.02433372256574939,0.3820309162519091,71,70,67,65,66,65,67,66
0.872,-0.9997394203774773,-0.9985967447208435,82.98290986328509,0,-1.0,-0.8999999999999999,0.02548335776629189,0.3753426097698118,65,63,67,69,66,67,63,63
0.88,-0.9997160662936649,-0.9984050521052599,83.12476099125652,0,-1.0,-0.8999999999999999,0.026634984041732243,0.36864271968350737,59,67,68,73,70,63,61,68
0.888,-0.9996858769011463,-0.9981493480752186,83.40846324719936,0,-1.0,-0.8999999999999999,0.029025819014308764,0.3547334056357445,64,70,63,66,68,63,64,64
0.896,-0.9996563206646726,-0.9978935700869446,83.40846324719936,0,-1.0,-0.8999999999999999,0.02886581895846861,0.35566424822833964,74,65,66,67,67,60,65,63
0.904,-0.9996343909719682,-0.997701709302317,83.5503143751708,0,-1.0,-0.8999999999999999,0.03002318239634441,0.3489309806839618,68,70,64,69,64,67,63,62
0.912,-0.999606101587191,-0.9974457881013412,83.83401663111367,0,-1.0,-0.8999999999999999,0.03242173590316841,0.33497676202418347,67,65,66,66,73,65,61,66
0.92,-0.9995784458903003,-0.9971897976467741,83.83401663111367,0,-1.0,-0.8999999999999999,0.03226951493060316,0.3358623477448006,68,68,67,66,69,66,64,64
0.928,-0.9995514240508098,-0.9969337395076913,84.11771888705653,0,-1.0,-0.8999999999999999,0.03467318087401377,0.3218783861346104,63,64,68,67,65,70,65,65
0.936,-0.9995188356207457,-0.996613543604023,84.25957001502796,0,-1.0,-0.8999999999999999,0.03576800010881356,0.3155089860141366,67,66,68,69,60,65,70,72
0.9440000000000001,-0.9994997582608456,-0.9964213782417976,84.4014211429994,0,-1.0,-0.8999999999999999,0.036937518953425785,0.3087050011799355,66,73,65,66,69,64,64,65
0.9520000000000001,-0.9994687556861315,-0.9961010249011546,84.54327227097082,0,-1.0,-0.8999999999999999,0.038038911398384806,0.30229735967289373,68,69,69,65,64,64,73,70
0.96,-0.9994385463265649,-0.9957805957871613,84.68512339894224,0,-1.0,-0.8999999999999999,0.03914340004576338,0.2958717051903421,70,71,67,67,62,69,72,68
0.968,-0.9994091303673122,-0.9954600928638654,84.82697452691367,0,-1.0,-0.8999999999999999,0.040251016726668205,0.2894278525464086,65,68,64,70,72,63,64,67
0.976,-0.9993805079886762,-0.9951395180957672,84.96882565488511,0,-1.0,-0.8999999999999999,0.04136179369940632,0.2829656140698702,62,67,67,70,66,67,70,67
0.984,-0.9993526793660958,-0.9948188734478074,85.11067678285653,0,-1.0,-0.8999999999999999,0.04247576365650168,0.27648479956333216,68,65,69,57,61,68,67,66
0.992,-0.9993256446701447,-0.9944981608853549,85.25252791082795,0,-1.0,-0.8999999999999999,0.043592959731844586,0.26998521626163474,62,67,66,64,64,66,69,62
1.0,-0.9992936794659143,-0.994113265946289,85.25252791082795,0,-1.0,-0.8999999999999999,0.0434027778355139,0.2710916496845204,68,65,69,63,74,68,72,70
1.008,-0.9992674388622997,-0.9937924874351292,85.39437903879937,0,-1.0,-0.8999999999999999,0.044521943029949905,0.2645806105123101,63,73,61,66,67,62,58,60
1.016,-0.9992373798642323,-0.993407438938138,85.67808129474224,0,-1.0,-0.8999999999999999,0.04689272971593016,0.25078793266804333,67,61,66,62,69,68,65,70
1.024,-0.9992082742485345,-0.9930223172021442,85.67808129474224,0,-1.0,-0.8999999999999999,0.046713967199058105,0.2518279308342331,69,69,72,66,62,70,67,63
1.032,-0.999184416867495,-0.9927013526435556,85.81993242271366,0,-1.0,-0.8999999999999999,0.04784273317587792,0.24526103657423448,70,67,67,67,63,67,63,63
1.04,-0.9991521291231155,-0.9922519209472291,85.96178355068508,0,-1.0,-0.8999999999999999,0.048916828200085326,0.23901220502366538,64,74,69,68,64,64,67,67
1.048,-0.9991298612964022,-0.9919308421930372,86.1036346786565,0,-1.0,-0.8999999999999999,0.05005204237472491,0.23240779666940847,69,71,64,65,66,72,66,64
1.056,-0.9991036168748382,-0.9915455149052197,86.1036346786565,0,-1.0,-0.8999999999999999,0.04988368313008124,0.23338727105114265,64,68,66,68,72,69,71,67
1.064,-0.9990735548955055,-0.9910959288450504,86.24548580662794,0,-1.0,-0.8999999999999999,0.05096527313702006,0.22709483545855913,68,67,69,66,69,67,68,65
1.072,-0.9990482645348415,-0.9907105377630863,86.24548580662794,0,-1.0,-0.8999999999999999,0.05079924204649759,0.22806076518865703,60,67,72,66,64,56,70,63
1.08,-0.999023928390093,-0.9903250852492032,86.5291880625708,0,-1.0,-0.8999999999999999,0.05319055873083901,0.21414864865544647,67,68,63,61,65,62,60,69
1.088,-0.9989972064232415,-0.9898752883121442,86.67103919054222,1,-1.0,-0.8999999999999999,0.0542860348682925,0.2077754268302487,71,71,66,71,64,62,63,65
1.096,-0.9989747791519746,-0.989489720022598,86.67103919054222,1,-1.0,-0.8999999999999999,0.05413203372890581,0.2086713691416222,66,67,69,64,70,70,67,64
1.104,-0.9989491708592977,-0.9890398583066828,86.81289031851364,1,-1.0,-0.8999999999999999,0.055230563861530114,0.20228037989273417,67,66,63,63,63,61,66,59
1.112,-0.998920540692096,-0.9885256947965754,86.81289031851364,1,-1.0,-0.8999999999999999,0.05502847592055107,0.20345607987562087,65,64,64,66,65,71,65,74
1.12,-0.9988960462305577,-0.9880757710591999,86.95474144648506,1,-1.0,-0.8999999999999999,0.05612963317918462,0.19704980662715754,68,63,69,68,69,66,62,68
1.1280000000000001,-0.998875528382637,-0.9876900964472318,86.95474144648506,1,-1.0,-0.8999999999999999,0.055980574904392656,0.19791699251797823,69,72,65,68,69,68,68,69
1.1360000000000001,-0.9988521479023745,-0.9872401134461721,87.09659257445648,1,-1.0,-0.8999999999999999,0.05708495898392226,0.19149194638651212,72,67,60,65,66,65,69,67
1.1440000000000001,-0.9988298815466968,-0.9867900739395676,87.23844370242792,1,-1.0,-0.8999999999999999,0.05819417201522153,0.18503880655244576,74,64,69,66,67,61,67,65
1.1520000000000001,-0.9988050709846644,-0.9862757119681782,87.23844370242792,1,-1.0,-0.8999999999999999,0.05800446883796984,0.1861424549006245,61,66,65,72,69,65,69,64
1.16,-0.9987839188900516,-0.9858256187145146,87.38029483039935,1,-1.0,-0.8999999999999999,0.059116619625520304,0.17967222389349005,66,67,66,64,64,70,68,69
1.168,-0.998763881186154,-0.9853754744726071,87.52214595837076,1,-1.0,-0.8999999999999999,0.0602337623320341,0.1731729510790545,65,67,68,66,68,70,65,65
1.176,-0.9987416178009475,-0.9848609959567494,87.52214595837076,1,-1.0,-0.8999999999999999,0.06005325270456694,0.17422311352267128,70,63,68,68,72,68,76,64
1.184,-0.9987226946105847,-0.9844108034857256,87.66399708634218,1,-1.0,-0.8999999999999999,0.061173564859118956,0.16770540160698988,72,72,70,62,73,66,73,64
1.192,-0.9987017050223874,-0.9838962714276502,87.66399708634218,1,-1.0,-0.8999999999999999,0.060996739899330826,0.168734127522993,63,61,73,68,67,64,66,70
1.2,-0.998683896461548,-0.9834460334869335,87.80584821431361,1,-1.0,-0.8999999999999999,0.06212033200739594,0.16219733361127298,65,70,71,67,63,68,60,66
1.208,-0.9986641807990141,-0.9829314510404287,87.80584821431361,1,-1.0,-0.8999999999999999,0.06194732093286447,0.16320387124226876,65,65,70,64,60,67,66,67
1.216,-0.9986474869768542,-0.982481170389721,87.94769934228505,1,-1.0,-0.8999999999999999,0.06307430869251507,0.15664732223040964,73,69,63,62,65,65,65,63
1.224,-0.9986290453608294,-0.981966540708884,87.94769934228505,1,-1.0,-0.8999999999999999,0.0629052468284255,0.15763088428638358,68,73,67,64,71,66,69,61
1.232,-0.9986090152421994,-0.9813875570793679,88.08955047025648,1,-1.0,-0.8999999999999999,0.06399369590481747,0.15129854424527323,70,62,60,68,69,66,63,63
1.24,-0.9985945511975362,-0.9809371992888146,88.23140159822789,1,-1.0,-0.8999999999999999,0.06512920682778423,0.14469240947923012,60,68,68,60,69,67,68,72
1.248,-0.9985786580058297,-0.9804224846027434,88.23140159822789,1,-1.0,-0.8999999999999999,0.0649700411410366,0.14561839790921138,66,68,64,64,65,61,68,61
1.256,-0.9985627648141232,-0.9799077699166722,88.23140159822789,1,-1.0,-0.8999999999999999,0.06480882673777427,0.1465563052887333,66,69,62,67,67,66,70,66
1.264,-0.9985456017890346,-0.9793286942053271,88.37325272619933,1,-1.0,-0.8999999999999999,0.06590627763922907,0.14017159475227792,74,71,67,72,69,68,66,64
1.272,-0.9985309829595168,-0.9788139417488749,88.37325272619933,1,-1.0,-0.8999999999999999,0.06574893700446578,0.14108696546021024,66,65,67,59,66,68,64,61
1.28,-0.998516364129999,-0.9782991892924228,88.37325272619933,1,-1.0,-0.8999999999999999,0.06558952942565589,0.14201436116116528,67,66,66,64,74,58,63,68
1.288,-0.9985041302174573,-0.9778487654037535,88.51510385417075,1,-1.0,-0.8999999999999999,0.06672867013183821,0.13538710917237373,65,71,69,71,64,61,74,63
1.296,-0.9984898347067077,-0.9772696118081743,88.65695498214218,1,-1.0,-0.8999999999999999,0.06783572591349249,0.12894651970800486,72,71,65,60,67,69,66,71
1.304,-0.9984777648625709,-0.9767547932765901,88.65695498214218,1,-1.0,-0.8999999999999999,0.06768709731497737,0.1298112058435761,59,67,73,72,69,67,68,76
1.312,-0.99846490324482,-0.9761756060636021,88.7988061101136,1,-1.0,-0.8999999999999999,0.06879900019356365,0.1233424171123316,61,63,66,67,69,67,70,68
1.32,-0.9984541080082516,-0.9756607592276718,88.7988061101136,1,-1.0,-0.8999999999999999,0.06865477333074631,0.12418149498765985,66,68,74,66,66,73,62,69
1.328,-0.9984426803623339,-0.9750815419473626,88.94065723808502,1,-1.0,-0.8999999999999999,0.0697717361236944,0.11768326886792124,67,62,71,70,67,71,64,68
1.336,-0.9984312527164161,-0.9745023246670534,88.7988061101136,1,-1.0,-0.8999999999999999,0.06833289758328798,0.1260540921794817,66,64,66,74,78,64,63,75
1.344,-0.9984198250704983,-0.9739231073867443,88.94065723808502,1,-1.0,-0.8999999999999999,0.06944484007944733,0.11958507296254006,65,67,60,67,69,64,67,69
1.352,-0.9984103045076671,-0.9734082354021856,88.94065723808502,1,-1.0,-0.8999999999999999,0.06930071726030121,0.1204235455363254,65,69,68,72,64,65,68,66
1.36,-0.9984003109036274,-0.972828991604827,89.08250836605646,1,-1.0,-0.8999999999999999,0.07041787803611677,0.11392416759895352,67,73,66,65,63,71,69,67
1.368,-0.9983920650728889,-0.9723140976275119,89.08250836605646,1,-1.0,-0.8999999999999999,0.07027849864563618,0.11473504402338985,70,62,60,64,67,72,66,65
1.3760000000000001,-0.9983835055719823,-0.9717348308635384,89.2243594940279,1,-1.0,-0.8999999999999999,0.07140111751616965,0.10820391217811354,67,62,64,63,61,72,65,61
1.3840000000000001,-0.9983749460710757,-0.9711555640995649,89.08250836605647,1,-1.0,-0.8999999999999999,0.06996791015425896,0.116541974621168,63,71,69,64,66,61,62,72
1.3920000000000001,-0.9983663865701691,-0.9705762973355915,89.2243594940279,1,-1.0,-0.8999999999999999,0.07108545554566241,0.11004035908100837,66,66,69,62,61,67,74,69
1.4000000000000001,-0.9983594155220656,-0.9700613845215265,89.2243594940279,1,-1.0,-0.8999999999999999,0.07094650052376911,0.11084876662908139,65,63,69,66,68,64,64,70
1.408,-0.9983522901767571,-0.9694820983415133,89.36621062199933,1,-1.0,-0.8500000000000001,0.07718514407284927,0.07455380969916359,66,63,66,69,67,62,73,67
1.416,-0.9983451698983323,-0.9688384377231475,89.36621062199931,1,-1.0,-0.8500000000000001,0.07711574502707132,0.07495755698135276,70,62,69,69,67,68,70,63
1.424,-0.9983380496199076,-0.9681947771047816,89.36621062199931,1,-1.0,-0.8500000000000001,0.07704559038431961,0.07536570014854527,72,64,74,66,67,68,61,67
1.432,-0.9983323584738713,-0.9676154750594229,89.50806174997075,1,-1.0,-0.8500000000000001,0.07826159798164409,0.06829125471435281,66,67,70,66,63,71,65,71
1.44,-0.9983268317707942,-0.9669717987855452,89.50806174997075,1,-1.0,-0.8500000000000001,0.07819701332015175,0.0686669930441286,69,63,66,61,69,70,60,66
1.448,-0.9983213050677171,-0.9663281225116674,89.50806174997075,1,-1.0,-0.8500000000000001,0.07813171416367787,0.06904688813720994,64,68,66,70,66,65,63,60
1.456,-0.9983170481558367,-0.9657488081517546,89.64991287794216,1,-1.0,-0.8500000000000001,0.07935217806916092,0.0619465169530673,73,62,64,67,65,72,61,70
1.464,-0.9983131150619828,-0.9651051201677338,89.64991287794216,1,-1.0,-0.8500000000000001,0.07929264309738414,0.06229287737892954,66,65,70,63,66,65,63,70
1.472,-0.998309181968129,-0.9644614321837129,89.64991287794216,1,-1.0,-0.8500000000000001,0.07923243872597334,0.0626431322140002,64,65,69,63,64,67,74,64
1.48,-0.9983052488742752,-0.9638177441996921,89.64991287794216,1,-1.0,-0.8500000000000001,0.07917155360286955,0.06299734750188124,63,66,67,65,67,66,71,66
1.488,-0.9983013157804214,-0.9631740562156713,89.64991287794216,1,-1.0,-0.8500000000000001,0.0791099761179065,0.06335559078778207,70,68,70,71,65,70,74,70
1.496,-0.9982973826865675,-0.9625303682316505,89.64991287794216,1,-1.0,-0.8500000000000001,0.07904769439543474,0.06371793116143065,67,69,66,63,68,69,65,62
1.504,-0.9982945600349353,-0.9619510451080504,89.79176400591358,1,-1.0,-0.8500000000000001,0.0802709910087516,0.056601079951138944,68,74,62,71,64,64,73,69
1.512,-0.9982922205744124,-0.961307349359327,89.79176400591358,1,-1.0,-0.8500000000000001,0.08021473726939805,0.05692835094056492,63,58,71,65,67,73,68,63
1.52,-0.9982898811138894,-0.9606636536106037,89.79176400591358,1,-1.0,-0.8500000000000001,0.0801578293009581,0.05725942808053097,69,65,72,64,66,66,68,66
1.528,-0.9982875416533664,-0.9600199578618803,89.79176400591356,1,-1.0,-0.8500000000000001,0.08010025562509467,0.057594378149295355,61,66,70,67,66,64,61,64
1.536,-0.9982852021928434,-0.959376262113157,89.79176400591356,1,-1.0,-0.8500000000000001,0.0800420044934109,0.05793326949626021,65,67,65,66,62,64,64,66
1.544,-0.9982838138187607,-0.9587969337767903,89.933615133885,1,-1.0,-0.8500000000000001,0.08126904747208599,0.050794622815807156,66,64,67,70,66,59,67,68
1.552,-0.9982830680059082,-0.9581532342088526,89.93361513388498,1,-1.0,-0.8500000000000001,0.08121709213611973,0.05109688670800416,62,68,67,66,67,69,65,67
1.56,-0.9982823221930556,-0.9575095346409148,89.933615133885,1,-1.0,-0.8500000000000001,0.08116451481751928,0.05140276914848685,63,66,64,65,65,65,66,64
1.568,-0.9982823783076937,-0.9568014646431383,90.07546626185643,1,-1.0,-0.8500000000000001,0.08238683896574706,0.04429157551075025,65,67,69,63,68,67,64,64
1.576,-0.998283226147083,-0.9561577652014978,90.07546626185642,1,-1.0,-0.8500000000000001,0.08234068338733246,0.04456009778124926,70,66,69,71,66,69,71,69
1.584,-0.9982840739864722,-0.9555140657598572,90.07546626185643,1,-1.0,-0.8500000000000001,0.08229396479126312,0.044831895555689005,67,67,67,69,65,65,63,63
1.592,-0.9982849218258615,-0.9548703663182166,90.07546626185642,1,-1.0,-0.8500000000000001,0.08224667281335087,0.04510702913047204,65,68,70,67,63,75,65,60
1.6,-0.9982857696652507,-0.9542266668765761,90.0754662618564,1,-1.0,-0.8500000000000001,0.08219879683347414,0.04538556029096119,64,68,66,63,66,61,66,66
1.608,-0.9982875787958398,-0.9535185991877592,90.21731738982785,1,-1.0,-0.8500000000000001,0.08342647101816847,0.03824324140274359,69,71,67,65,64,64,66,68
1.616,-0.9982900202822742,-0.9528749038179265,90.21731738982784,1,-1.0,-0.8500000000000001,0.08338534649268867,0.038482494193724515,65,65,70,67,64,70,66,65
1.624,-0.9982924617687086,-0.9522312084480938,90.21731738982783,1,-1.0,-0.8500000000000001,0.08334370419992303,0.03872475923267116,71,66,66,64,69,69,64,68
1.6320000000000001,-0.9982949032551429,-0.9515875130782612,90.21731738982784,1,-1.0,-0.8500000000000001,0.08330153430026555,0.03897009376409066,63,68,65,66,65,74,66,68
1.6400000000000001,-0.9982973447415773,-0.9509438177084285,90.21731738982783,1,-1.0,-0.8500000000000001,0.08325882670321325,0.03921855649214989,69,65,65,64,63,66,61,70
1.6480000000000001,-0.9983009068770283,-0.9502357566686226,90.35916851779926,1,-1.0,-0.8500000000000001,0.08449238328794809,0.03204201518772343,70,65,71,69,66,67,68,65
1.6560000000000001,-0.9983044690124794,-0.9495276956288167,90.21731738982784,1,-1.0,-0.8500000000000001,0.0831720063982149,0.03972365655208554,68,61,64,60,68,68,64,72
1.6640000000000001,-0.9983069104989137,-0.948884000258984,90.21731738982783,1,-1.0,-0.8500000000000001,0.08312756637806365,0.0399821981091828,68,69,70,61,68,64,64,73
1.672,-0.9983093519853481,-0.9482403048891513,90.21731738982781,1,-1.0,-0.8500000000000001,0.08308254412710923,0.04024412694778734,71,65,68,65,59,69,65,70
1.68,-0.9983129141207991,-0.9475322438493454,90.35916851779925,1,-1.0,-0.8500000000000001,0.08431362667732369,0.03308197899275722,69,65,66,69,64,73,67,64
1.688,-0.9983169492393137,-0.9468885564968065,90.35916851779926,1,-1.0,-0.8500000000000001,0.08427585449510726,0.03330172864120384,72,70,68,65,71,64,67,62
1.696,-0.9983209843578282,-0.9462448691442675,90.35916851779925,1,-1.0,-0.8500000000000001,0.08423757716893557,0.033524417098055766,68,68,67,67,66,71,67,65
1.704,-0.9983258265000456,-0.9454724443212208,90.35916851779925,1,-1.0,-0.8500000000000001,0.08419096320506625,0.03379560614703081,66,67,66,66,73,71,65,68
1.712,-0.9983298616185602,-0.9448287569686818,90.35916851779926,1,-1.0,-0.8500000000000001,0.08415153826449116,0.03402497115384361,71,61,72,69,69,67,68,69
1.72,-0.9983338967370747,-0.9441850696161429,90.35916851779925,1,-1.0,-0.8500000000000001,0.08411157454993301,0.03425747062063267,66,71,71,68,65,70,65,68
1.728,-0.9983379318555893,-0.943541382263604,90.35916851779923,1,-1.0,-0.8500000000000001,0.08407106094172,0.03449316923902601,63,62,59,58,63,69,71,73
1.736,-0.9983432469740685,-0.9428333322128197,90.50101964577068,1,-1.0,-0.8500000000000001,0.08530737503154288,0.027300585420290575,64,68,67,72,64,59,69,64
1.744,-0.9983488756999301,-0.9421896568230111,90.50101964577067,1,-1.0,-0.8500000000000001,0.08527461521051008,0.02749117433341941,68,64,67,69,64,66,67,69
1.752,-0.9983541908184094,-0.9414816067722269,90.35916851779923,1,-1.0,-0.8500000000000001,0.08395644723239845,0.035159964770887564,71,66,66,73,63,66,74,72
1.76,-0.9983595059368886,-0.9407735567214427,90.50101964577067,1,-1.0,-0.8500000000000001,0.08519095214381522,0.027977906325466373,66,63,65,67,62,63,64,70
1.768,-0.9983651346627502,-0.9401298813316341,90.50101964577068,1,-1.0,-0.8500000000000001,0.08515661247684704,0.028177686409677438,69,64,62,67,72,67,69,69
1.776,-0.9983707633886119,-0.9394862059418255,90.50101964577067,2,-1.0,-0.8500000000000001,0.08512177888333769,0.028380340042023944,64,68,59,68,64,64,73,64
1.784,-0.9983775178596458,-0.9387137954740553,90.50101964577067,2,-1.0,-0.8500000000000001,0.08507931145339784,0.02862740553446063,72,74,68,62,70,68,69,67
1.792,-0.9983831465855074,-0.9380701200842467,90.50101964577068,2,-1.0,-0.8500000000000001,0.0850433529977025,0.028836603349732703,58,69,64,66,69,68,69,67
1.8,-0.998388775311369,-0.9374264446944381,90.50101964577068,2,-1.0,-0.8500000000000001,0.0850068651493483,0.029048881046649155,69,68,74,66,65,67,68,69
1.808,-0.9983958433802977,-0.9367184099726189,90.6428707737421,2,-1.0,-0.8500000000000001,0.08624797411267739,0.021828401784613764,68,70,62,64,67,69,72,63
1.816,-0.9984029114492264,-0.9360103752507997,90.50101964577068,2,-1.0,-0.8500000000000001,0.08493517755290918,0.029465942576883737,59,65,65,62,65,67,70,69
1.824,-0.9984085401750881,-0.9353666998609911,90.50101964577067,2,-1.0,-0.8500000000000001,0.08489699395892258,0.029688085721987223,66,69,57,67,69,67,69,67
1.832,-0.9984156082440168,-0.9346586651391718,90.6428707737421,2,-1.0,-0.8500000000000001,0.08613631936016897,0.022477982803537525,67,68,63,67,65,69,67,70
1.84,-0.9984228305427247,-0.934015005657457,90.64287077374209,2,-1.0,-0.8500000000000001,0.08610672238718035,0.022650171012629228,66,69,71,63,70,64,68,66
1.848,-0.9984298986116534,-0.9333069709356377,90.50101964577067,2,-1.0,-0.8500000000000001,0.08479155303996477,0.030301516122701377,70,67,68,68,65,69,70,66
1.856,-0.9984369666805821,-0.9325989362138185,90.64287077374209,2,-1.0,-0.8500000000000001,0.08602904390892849,0.02310208608044051,56,66,62,74,64,63,63,64
1.864,-0.9984441889792901,-0.9319552767321037,90.64287077374209,2,-1.0,-0.8500000000000001,0.08599786081954573,0.02328350194066475,62,68,70,69,70,67,62,67
1.872,-0.9984528557377397,-0.9311828853540459,90.64287077374209,2,-1.0,-0.8500000000000001,0.08595978850766088,0.02350499767274372,66,67,67,68,63,63,68,68
1.8800000000000001,-0.9984600780364477,-0.9305392258723311,90.6428707737421,2,-1.0,-0.8500000000000001,0.08592750383818347,0.02369282226617675,63,68,71,68,66,69,64,67
1.8880000000000001,-0.9984673003351556,-0.9298955663906162,90.64287077374209,2,-1.0,-0.8500000000000001,0.08589469906047612,0.02388367272663605,65,67,69,62,68,69,68,62
1.8960000000000001,-0.9984761213112106,-0.9291875513376113,90.78472190171351,2,-1.0,-0.8500000000000001,0.08714036462907135,0.01663668420973141,63,69,69,65,65,62,73,71
1.9040000000000001,-0.9984849422872655,-0.9284795362846064,90.6428707737421,2,-1.0,-0.8500000000000001,0.08583215072315993,0.024247564202574567,68,67,69,66,65,67,68,72
1.9120000000000001,-0.9984937632633204,-0.9277715212316016,90.78472190171351,2,-1.0,-0.8500000000000001,0.0870766826802707,0.01700717076995062,68,69,71,62,71,68,64,70
1.92,-0.9985025842393753,-0.9270635061785967,90.64287077374209,2,-1.0,-0.8500000000000001,0.085767304062936,0.024624826779184435,63,73,70,64,65,64,62,71
1.928,-0.9985098065380833,-0.9264198466968818,90.64287077374208,2,-1.0,-0.8500000000000001,0.08573165837616056,0.024832204978639805,68,64,67,67,65,64,65,62
1.936,-0.9985186275141382,-0.9257118316438769,90.78472190171351,2,-1.0,-0.8500000000000001,0.08697437681561297,0.0176023621640764,67,66,70,71,62,65,64,65
1.944,-0.9985274433414238,-0.9250681920155217,90.78472190171351,2,-1.0,-0.8500000000000001,0.08694843762867953,0.01775327023650264,66,60,65,72,69,64,68,70
1.952,-0.9985380223341667,-0.9242958244614954,90.78472190171351,2,-1.0,-0.8500000000000001,0.08691671742270854,0.017937810914370855,69,69,67,65,71,65,69,68
1.96,-0.9985468381614523,-0.9236521848331402,90.78472190171351,2,-1.0,-0.8500000000000001,0.08688977577813396,0.018094551048946972,71,65,64,71,69,59,63,69
1.968,-0.9985556591375072,-0.9229441697801353,90.64287077374209,2,-1.0,-0.8500000000000001,0.08557673581268876,0.025733507918044074,66,69,67,69,66,67,65,66
1.976,-0.9985644801135621,-0.9222361547271304,90.78472190171351,2,-1.0,-0.8500000000000001,0.08681630310956431,0.01852199770786922,70,58,66,69,72,71,68,66
1.984,-0.9985732959408478,-0.9215925150987752,90.78472190171351,2,-1.0,-0.8500000000000001,0.08678768383473358,0.018688497899645776,64,68,66,68,71,69,65,66
1.992,-0.9985838749335906,-0.9208201475447488,90.78472190171351,2,-1.0,-0.8500000000000001,0.08675265412044593,0.018892292516429876,66,67,62,65,64,65,71,69
2.0,-0.9985926907608762,-0.9201765079163936,90.78472190171351,2,-1.0,-0.8500000000000001,0.08672287374804494,0.01906554770005231,64,69,64,66,66,64,65,62
2.008,-0.9986015065881618,-0.9195328682880384,90.78472190171351,2,-0.975,-0.8000000000000003,0.0,-0.625909020444405,69,67,64,68,74,62,68,71
2.016,-0.9986015065881618,-0.9195328682880384,90.50101964577064,2,-0.975,-0.8000000000000003,0.0,-0.6110544050597893,66,68,61,75,71,69,64,68
2.024,-0.9986015065881618,-0.9195328682880384,90.2173173898278,2,-0.975,-0.8000000000000003,0.0,-0.5961997896751747,63,64,65,64,65,70,58,69
2.032,-0.9986015065881618,-0.9195328682880384,89.93361513388494,2,-0.975,-0.8000000000000003,0.0,-0.5813451742905589,70,69,66,66,58,66,67,66
2.04,-0.9986013523243749,-0.9194684984728865,89.7917640059135,2,-0.975,-0.8000000000000003,0.0,-0.5742213121472377,64,73,67,68,68,67,68,69
2.048,-0.9986013523243749,-0.9194684984728865,89.50806174997064,2,-0.975,-0.8000000000000003,0.0,-0.559366696762622,70,70,69,61,65,73,74,60
2.056,-0.9986013523243749,-0.9194684984728865,89.22435949402781,2,-0.975,-0.8000000000000003,0.0,-0.5445120813780073,63,69,66,64,65,68,67,65
2.064,-0.9986013523243749,-0.9194684984728865,88.94065723808494,2,-0.975,-0.8000000000000003,0.0,-0.5296574659933915,68,61,63,70,65,63,70,68
2.072,-0.9986013523243749,-0.9194684984728865,88.65695498214208,2,-0.975,-0.8000000000000003,0.0015119081364400044,-0.5148028506087756,66,70,66,69,69,67,64,68
2.08,-0.9986013523243749,-0.9194684984728865,88.37325272619924,2,-0.975,-0.8000000000000003,0.004065228439925548,-0.4999482352241611,66,63,65,63,63,65,67,66
2.088,-0.9985994453215873,-0.9194041567271815,88.2314015982278,2,-0.975,-0.8000000000000003,0.005296983892537575,-0.4927821724816701,74,61,65,73,65,65,69,70
2.096,-0.9985994453215873,-0.9194041567271815,87.94769934228495,2,-0.975,-0.8000000000000003,0.007850304196023358,-0.47792755709705415,66,68,68,66,66,64,66,64
2.104,-0.9985970604898502,-0.9193398309199375,87.80584821431353,2,-0.975,-0.8000000000000003,0.009084012871808118,-0.4707501309627664,70,68,64,67,67,68,63,71
2.112,-0.9985945164097303,-0.9192755112141209,87.66399708634209,2,-0.975,-0.8000000000000003,0.010318344208134574,-0.463569082336287,67,66,68,70,68,65,70,67
2.12,-0.9985889505634287,-0.9191468915851565,87.38029483039924,2,-0.975,-0.8000000000000003,0.012788879646130319,-0.4491960897762117,66,72,69,68,66,70,65,65
2.128,-0.9985859288356268,-0.9190825925489189,87.23844370242782,2,-0.975,-0.8000000000000003,0.014025086234029252,-0.44200413137831807,65,68,72,67,65,67,69,67
2.136,-0.9985794078540676,-0.9189540178064556,86.95474144648495,2,-0.975,-0.8000000000000003,0.01649938307805629,-0.42760925584499254,63,63,72,69,65,63,72,64
2.144,-0.9985722503122672,-0.9188254769289287,86.67103919054209,2,-0.975,-0.8000000000000003,0.01897619963047914,-0.41319972124243476,64,66,70,72,65,69,73,68
2.152,-0.9985607980407594,-0.9186327068130463,86.52918806257067,2,-0.975,-0.8000000000000003,0.020140829974995146,-0.4064241765489547,70,65,70,70,64,68,70,61
2.16,-0.9985568215440115,-0.9185684597557315,86.38733693459923,2,-0.975,-0.8000000000000003,0.02138074162772128,-0.3992106629576495,69,62,65,62,64,63,67,67
2.168,-0.9985444149081527,-0.9183757487091185,86.2454858066278,2,-0.975,-0.8000000000000003,0.022548947739820305,-0.39241431529163284,69,68,65,68,65,71,67,68
2.176,-0.9985315312027244,-0.918183068969046,86.10363467865638,2,-0.975,-0.8000000000000003,0.023718837631072277,-0.3856081717955844,71,68,72,67,71,64,67,65
2.184,-0.9985133989883239,-0.9179262282144899,85.81993242271353,2,-0.975,-0.8000000000000003,0.0261333354465187,-0.3715611929083342,62,69,63,67,68,63,67,71
2.192,-0.9984990845597003,-0.9177336494793368,85.67808129474209,2,-0.975,-0.8000000000000003,0.027308547429967328,-0.364724086734977,67,62,67,61,69,63,68,69
2.2,-0.9984842933949263,-0.9175411067735684,85.53623016677066,2,-0.975,-0.8000000000000003,0.028485476556702718,-0.35787699062692563,61,63,69,70,69,62,69,66
2.208,-0.9984690255846634,-0.9173486012773617,85.39437903879924,2,-0.975,-0.8000000000000003,0.02966413155576781,-0.3510198538006668,65,69,67,63,66,60,60,66
2.216,-0.9984477154485099,-0.9170920046513178,85.11067678285639,2,-0.975,-0.8000000000000003,0.03209038964625389,-0.3369044564066226,66,69,66,67,67,70,70,70
2.224,-0.9984257701042832,-0.9168354615705949,85.1106767828564,2,-0.975,-0.8000000000000003,0.031965522679569244,-0.33763090297183096,65,70,64,72,65,67,70,63
2.232,-0.998403189686496,-0.9165789736076561,84.82697452691353,2,-0.975,-0.8000000000000003,0.03439618599081145,-0.32348987704229626,65,66,69,67,64,67,64,65
2.24,-0.9983737737272432,-0.9162584706843602,84.68512339894211,2,-0.975,-0.8000000000000003,0.035523947178436766,-0.31692882840887515,60,75,62,69,66,65,67,63
2.248,-0.9983556481115033,-0.9160662132159642,84.54327227097068,2,-0.975,-0.8000000000000003,0.03671295228538114,-0.31001147709580623,69,69,71,60,69,65,74,70
2.2560000000000002,-0.9983246455367892,-0.9157458598753212,84.40142114299925,2,-0.975,-0.8000000000000003,0.037846348353091065,-0.303417646058908,64,65,68,70,73,70,66,69
2.2640000000000002,-0.9982928499369557,-0.9154255842716121,84.25957001502782,2,-0.975,-0.8000000000000003,0.0389824368967058,-0.29680815083215323,66,70,64,68,67,63,74,70
2.2720000000000002,-0.9982602615068915,-0.9151053883679439,84.1177188870564,2,-0.975,-0.8000000000000003,0.04012124054393437,-0.29018285977286706,68,66,63,71,66,67,67,62
2.2800000000000002,-0.9982268804463453,-0.9147852741269348,83.97586775908496,2,-0.975,-0.8000000000000003,0.04126278216628595,-0.2835416398200028,66,62,65,66,72,62,61,70
2.2880000000000003,-0.998192706959924,-0.9144652435107028,83.83401663111354,2,-0.975,-0.8000000000000003,0.04240708488222008,-0.2768843564758148,70,68,68,64,62,66,73,65
2.2960000000000003,-0.9981577412570916,-0.9141452984808532,83.69216550314212,2,-0.975,-0.8000000000000003,0.043554172060343024,-0.2702108737872628,64,66,64,66,64,65,66,63
2.3040000000000003,-0.9981153071799257,-0.9137614166793895,83.69216550314212,2,-0.975,-0.8000000000000003,0.04339985499127855,-0.271108654102997,56,60,68,68,72,65,67,68
2.312,-0.9980795494750019,-0.9134415591970031,83.55031437517069,2,-0.975,-0.8000000000000003,0.044548901733311795,-0.2644237711337323,65,68,64,65,60,66,66,69
2.32,-0.9980429999871612,-0.9131217912226239,83.40846324719924,2,-0.975,-0.8000000000000003,0.04570078508531626,-0.2577223854366033,66,67,66,70,67,70,71,65
2.328,-0.9979907225217389,-0.9126742441136968,83.26661211922783,2,-0.975,-0.8000000000000003,0.04680657253845724,-0.25128917480841917,62,68,62,66,73,65,65,66
2.336,-0.9979525901449986,-0.9123546610347578,83.12476099125641,2,-0.975,-0.8000000000000003,0.047963932069419964,-0.24455592999354026,65,69,69,70,63,66,60,68
2.344,-0.9979063565997188,-0.911971218278025,83.12476099125641,2,-0.975,-0.8000000000000003,0.04782203720924994,-0.24538144082741487,71,69,66,68,68,71,63,68
2.352,-0.9978591738813226,-0.9115878911599068,82.84105873531354,2,-0.975,-0.8000000000000003,0.05023681827422537,-0.23133281406120276,68,70,64,66,73,73,73,66
2.36,-0.9978110422790132,-0.9112046820299802,82.84105873531354,2,-0.975,-0.8000000000000003,0.05010166939465591,-0.23211907837082557,70,62,72,66,63,67,64,67
2.368,-0.9977543353560163,-0.9107576745658543,82.69920760734212,2,-0.975,-0.8000000000000003,0.0512220286521761,-0.22560109242118337,70,67,68,65,70,61,67,67
2.376,-0.9977052551648129,-0.9103745857729728,82.69920760734212,2,-0.975,-0.8000000000000003,0.05108924596561657,-0.22637359077788588,66,62,63,63,65,71,69,62
2.384,-0.9976552266855492,-0.9099916196652523,82.41550535139928,2,-0.975,-0.8000000000000003,0.053513251329176365,-0.2122712992178457,72,64,62,64,72,62,65,66
2.392,-0.9976042502248711,-0.909608778590057,82.41550535139928,2,-0.975,-0.8000000000000003,0.05338744051250391,-0.21300323687969813,67,66,66,61,67,65,67,66
2.4,-0.9975442248345312,-0.9091622046313284,82.27365422342785,2,-0.975,-0.8000000000000003,0.05451879618419828,-0.2064212763856385,64,72,71,72,69,63,69,67
2.408,-0.9974830940152152,-0.9087157806500843,82.13180309545643,2,-0.975,-0.8000000000000003,0.055654144544738805,-0.19981608736945455,65,66,61,68,65,70,68,67
2.416,-0.9974125987081112,-0.9082056686885736,82.1318030954564,2,-0.975,-0.8000000000000003,0.055494205395849906,-0.20074657561977083,68,67,70,67,72,62,62,62
2.424,-0.9973597272277831,-0.9078230847174406,82.1318030954564,2,-0.975,-0.8000000000000003,0.05537327154297901,-0.201450140256344,66,67,69,69,68,71,72,63
2.432,-0.9972974913541881,-0.9073768134500058,81.98995196748498,2,-0.975,-0.8000000000000003,0.0565103849052366,-0.1948346828764047,63,65,63,67,66,70,64,69
2.44,-0.9972341508077845,-0.9069306976317687,81.84810083951356,2,-0.975,-0.8000000000000003,0.05765160516004766,-0.18819533256410415,63,65,69,67,64,71,64,65
2.448,-0.9971697059768139,-0.9064847399971652,81.70624971154216,2,-0.975,-0.8000000000000003,0.058796983832107436,-0.1815317895609163,69,69,67,67,69,65,65,69
2.456,-0.9970954238904728,-0.9059751656912501,81.70624971154213,2,-0.975,-0.8000000000000003,0.05864864297462281,-0.18239480168702915,66,75,66,68,63,68,72,64
2.464,-0.997029875169945,-0.9055293689737464,81.5643985835707,2,-0.975,-0.8000000000000003,0.05979700764447444,-0.17571388685286626,77,65,66,64,67,65,68,66
2.472,-0.9969632229616365,-0.905083735905822,81.42254745559927,2,-0.975,-0.8000000000000003,0.06094964642482981,-0.1690081062517419,65,70,68,63,67,71,71,73
2.48,-0.9968864186194435,-0.9045745356558021,81.42254745559929,2,-0.975,-0.8000000000000003,0.06080970055236397,-0.16982227833477692,66,66,66,67,60,69,65,65
2.488,-0.9968186633318944,-0.9041290689689342,81.28069632762787,2,-0.975,-0.8000000000000003,0.06196549773707026,-0.163098122881975,65,66,64,65,69,69,65,61
2.496,-0.9967405985640613,-0.9036200604291009,81.28069632762787,2,-0.975,-0.8000000000000003,0.06182921086313273,-0.16389100777446175,68,65,65,71,66,62,68,64
2.504,-0.9966625337962282,-0.9031110518892677,81.28069632762788,2,-0.975,-0.8000000000000003,0.06169159376435749,-0.1646916316013518,69,66,69,61,66,70,68,63
2.512,-0.9965936758447397,-0.9026657543139129,81.13884519965644,2,-0.975,-0.8000000000000003,0.06284946990425981,-0.15795538127749253,68,63,62,68,66,66,69,62
2.52,-0.9965143511297592,-0.9021569406041986,81.13884519965643,2,-0.975,-0.8000000000000003,0.06271560718382863,-0.15873416301655952,68,61,72,70,68,65,68,63
2.528,-0.9964443909363914,-0.9017118148697775,80.99699407168501,2,-0.975,-0.8000000000000003,0.06387681418058434,-0.151978534553032,60,70,63,71,64,68,67,65
2.536,-0.9963530254995514,-0.9011397348003369,80.85514294371359,2,-0.975,-0.8000000000000003,0.06501070329484364,-0.14538183508758307,72,66,72,65,67,66,70,70
2.544,-0.9962711823566416,-0.9006313201058614,80.85514294371359,2,-0.975,-0.8000000000000003,0.06488563919974663,-0.14610942849940647,69,76,66,69,64,69,66,64
2.552,-0.9961893392137318,-0.900122905411386,80.85514294371357,2,-0.975,-0.8000000000000003,0.06475931799491215,-0.14684433547922238,68,68,67,61,64,60,60,68
2.56,-0.9961074960708219,-0.8996144907169105,80.85514294371357,2,-0.975,-0.8000000000000003,0.06463172064581013,-0.14758666676543797,66,65,66,68,68,64,67,68
2.568,-0.9960243944625669,-0.8991062802051091,80.57144068777072,2,-0.975,-0.8000000000000003,0.06706262965949632,-0.13344421139702733,69,62,68,69,67,68,66,64
2.576,-0.9959400348983319,-0.8985982769910227,80.57144068777072,2,-0.975,-0.8000000000000003,0.06694548437880853,-0.13412573501408565,67,63,71,69,63,67,67,69
2.584,-0.995855675334097,-0.8980902737769363,80.57144068777073,2,-0.975,-0.8000000000000003,0.06682713720129276,-0.1348142509834498,65,68,62,63,65,69,67,60
2.592,-0.9957600634416937,-0.8975188880797658,80.4295895597993,2,-0.975,-0.8000000000000003,0.06797290231341223,-0.12814845976312753,67,69,68,66,65,70,66,65
2.6,-0.9956744464385551,-0.8970110952771646,80.4295895597993,2,-0.975,-0.8000000000000003,0.06785857964128914,-0.1288135621092028,69,67,61,67,70,62,67,68
2.608,-0.9955774202214921,-0.896439948043868,80.28773843182788,2,-0.975,-0.8000000000000003,0.06900894761320266,-0.122120992536076,68,65,71,68,62,67,69,67
2.616,-0.9954905463042333,-0.8959323687652325,80.28773843182788,2,-0.975,-0.8000000000000003,0.06889878475729999,-0.1227618940523765,69,60,63,63,68,64,66,63
2.624,-0.9953921063572261,-0.8953614634966168,80.14588730385643,2,-0.975,-0.8000000000000003,0.0700539112118272,-0.11604164074958032,63,66,71,67,70,62,71,64
2.632,-0.9952936664102189,-0.894790558228001,80.28773843182788,2,-0.975,-0.8000000000000003,0.06865426588612761,-0.12418444718078248,66,64,65,68,71,66,64,63
2.64,-0.9951952264632117,-0.8942196529593853,80.14588730385643,2,-0.975,-0.8000000000000003,0.0698064632427362,-0.11748123467891733,62,65,65,65,64,63,70,69
2.648,-0.9951070961643201,-0.8937122903158873,80.14588730385644,2,-0.975,-0.8000000000000003,0.06969799444227406,-0.11811228058016845,63,68,67,64,67,66,64,62
2.656,-0.9950072430907495,-0.8931416305112764,80.00403617588502,2,-0.975,-0.8000000000000003,0.07085510543669576,-0.11138048169227366,72,67,69,65,65,65,64,67
2.664,-0.9949178569504139,-0.8926344876127597,80.004036175885,2,-0.975,-0.8000000000000003,0.07075107987690178,-0.11198567786715197,66,62,68,75,65,68,67,63
2.672,-0.9948165913623224,-0.8920640767699731,79.86218504791358,2,-0.975,-0.8000000000000003,0.07191327653368984,-0.10522429179494464,66,58,71,64,66,72,66,66
2.68,-0.9947032895699552,-0.8914304267136751,79.8621850479136,2,-0.975,-0.8000000000000003,0.07178882324880788,-0.10594833165698225,69,69,69,63,66,65,69,66
2.688,-0.9946126481360615,-0.8909235066686367,79.86218504791358,2,-0.975,-0.8000000000000003,0.07168802116810942,-0.10653477439066528,67,72,67,69,62,63,63,70
2.696,-0.9945099706541494,-0.890353348283968,79.72033391994216,2,-0.975,-0.8000000000000003,0.07285393551667209,-0.09975175966444416,65,66,68,60,63,66,69,70
2.704,-0.9944072931722372,-0.8897831898992992,79.86218504791358,2,-0.975,-0.8000000000000003,0.07146513347041643,-0.10783148245297602,66,69,60,68,66,64,68,67
2.712,-0.994304615690325,-0.8892130315146304,79.72033391994216,3,-0.975,-0.8000000000000003,0.0726282290804174,-0.10106486648297319,66,65,66,63,67,67,68,71
2.72,-0.9942005269439467,-0.8886431290828253,79.57848279197076,3,-0.975,-0.8000000000000003,0.07379802466907255,-0.09425927161719394,65,66,69,66,63,67,67,63
2.728,-0.9940964381975683,-0.8880732266510202,79.72033391994216,3,-0.975,-0.8000000000000003,0.07241312674040455,-0.10231628117029601,63,67,63,67,68,69,66,70
2.736,-0.99399234945119,-0.8875033242192151,79.57848279197076,3,-0.975,-0.8000000000000003,0.073580149271169,-0.09552681930136386,69,66,68,62,65,61,64,67
2.744,-0.9938868500783501,-0.8869336812334508,79.43663166399934,3,-0.975,-0.8000000000000003,0.07475405413891548,-0.08869731761890898,68,70,72,68,69,72,64,67
2.7520000000000002,-0.9937688451404426,-0.8863008901742303,79.43663166399932,3,-0.975,-0.8000000000000003,0.07464295155502686,-0.08934368625101885,62,61,68,70,64,68,68,68
2.7600000000000002,-0.9936744411901167,-0.8857946573268539,79.43663166399934,3,-0.975,-0.8000000000000003,0.07455289711493583,-0.08986760174622832,67,61,71,64,65,65,67,69
2.7680000000000002,-0.9935564362522092,-0.8851618662676334,79.43663166399932,3,-0.975,-0.8000000000000003,0.07443883331724768,-0.09053119802189058,59,68,67,66,64,72,66,68
2.7760000000000002,-0.993449526899559,-0.8845924862194969,79.2947805360279,3,-0.975,-0.8000000000000003,0.07561565588438697,-0.08368472185243969,67,62,68,68,66,62,67,64
2.7840000000000003,-0.9933299556802696,-0.8839599892522966,79.29478053602789,3,-0.975,-0.8000000000000003,0.07550792650703755,-0.08431146596439665,66,63,70,61,72,68,69,68
2.7920000000000003,-0.9932216370031023,-0.8833908756317631,79.15292940805647,3,-0.975,-0.8000000000000003,0.07669057226298924,-0.07743111185569851,65,67,67,73,67,66,66,62
2.8000000000000003,-0.9931005002353344,-0.8827586766334289,79.15292940805647,3,-0.975,-0.8000000000000003,0.07658945286001274,-0.07801940069556214,62,66,68,65,73,62,65,73
2.8080000000000003,-0.992992181558167,-0.8821895630128954,79.29478053602791,3,-0.975,-0.8000000000000003,0.07521606903653666,-0.08600942389999089,70,65,62,64,69,63,65,68
2.816,-0.9928838628809997,-0.881620449392362,79.15292940805645,3,-0.975,-0.8000000000000003,0.07639466477883368,-0.07915263181563437,69,73,71,68,69,64,67,63
2.824,-0.9927627261132318,-0.8809882503940277,79.15292940805648,3,-0.975,-0.8000000000000003,0.07628905155449082,-0.07976706464844452,65,66,67,66,67,68,62,69
2.832,-0.9926529987754792,-0.8804194066894394,79.01107828008504,3,-0.975,-0.8000000000000003,0.0774737383210931,-0.07287483642110604,66,67,69,67,73,72,66,69
2.84,-0.992530297201732,-0.8797875095349911,79.01107828008504,3,-0.975,-0.8000000000000003,0.07737504447638802,-0.07344901393495795,69,68,71,65,72,70,68,68
2.848,-0.9924075956279849,-0.8791556123805427,79.01107828008504,3,-0.975,-0.8000000000000003,0.077274783390562,-0.07403230928805415,64,62,67,70,70,64,68,70
2.856,-0.9922848940542377,-0.8785237152260943,79.01107828008504,3,-0.975,-0.8000000000000003,0.0771729174413245,-0.07462494135800868,71,68,68,67,63,71,69,67
2.864,-0.9921737587284659,-0.877955144924139,78.86922715211362,3,-0.975,-0.8000000000000003,0.07836112533809537,-0.06771222802572585,63,72,61,70,69,70,63,65
2.872,-0.9920494931008303,-0.8773235534867458,78.86922715211362,3,-0.975,-0.8000000000000003,0.07826651532177335,-0.06826264678912075,68,73,70,65,64,67,63,63
2.88,-0.9919252274731948,-0.8766919620493527,78.86922715211362,3,-0.975,-0.8000000000000003,0.07817035484118652,-0.06882208578796756,69,68,68,62,71,69,64,68
2.888,-0.9918126848406,-0.8761236686350423,78.7273760241422,3,-0.975,-0.8000000000000003,0.07936385560082179,-0.06187857982773792,72,66,68,68,66,68,65,70
2.896,-0.9916868559207535,-0.875492386786,78.72737602414217,3,-0.975,-0.8000000000000003,0.079275308310936,-0.062393727078479566,71,67,61,66,64,65,70,73
2.904,-0.9915610270009069,-0.8748611049369578,78.7273760241422,3,-0.975,-0.8000000000000003,0.0791852745264712,-0.06291752240412674,69,68,65,67,70,70,65,71
2.912,-0.9914351980810603,-0.8742298230879155,78.7273760241422,3,-0.975,-0.8000000000000003,0.07909371650423602,-0.06345018538566616,75,64,66,70,63,63,67,69
2.92,-0.9913093691612137,-0.8735985412388733,78.7273760241422,3,-0.975,-0.8000000000000003,0.07900059521255702,-0.06399194310016898,65,65,73,70,69,69,69,64
2.928,-0.9911835402413671,-0.872967259389831,78.7273760241422,3,-0.975,-0.8000000000000003,0.07890587027583243,-0.06454303044336475,67,59,65,68,67,68,71,72
2.936,-0.9910695909917716,-0.8723992463464803,78.58552489617074,3,-0.975,-0.8000000000000003,0.08010085774823383,-0.05759087513886829,63,60,66,62,65,68,73,64
2.944,-0.9909421995509737,-0.8717682779551869,78.58552489617078,3,-0.975,-0.8000000000000003,0.08001418890449724,-0.058095094032901695,64,68,69,64,67,63,61,67
2.952,-0.9908148081101759,-0.8711373095638935,78.58552489617078,3,-0.975,-0.8000000000000003,0.07992598924737006,-0.058608218838234874,70,67,64,66,69,66,66,67
2.96,-0.990687416669378,-0.8705063411726001,78.58552489617075,3,-0.975,-0.8000000000000003,0.07983621786313225,-0.0591304875812424,71,65,69,64,65,68,68,66
2.968,-0.9905600252285801,-0.8698753727813067,78.58552489617075,3,-0.975,-0.8000000000000003,0.07974483236716227,-0.05966214684565707,63,63,67,65,67,66,64,68
2.976,-0.9904326337877822,-0.8692444043900133,78.58552489617072,3,-0.975,-0.8000000000000003,0.07965178883724644,-0.06020345216056011,65,64,67,71,69,67,64,63
2.984,-0.9903052423469844,-0.8686134359987199,78.58552489617077,3,-0.975,-0.8000000000000003,0.07955704174322406,-0.06075466840968913,66,67,75,70,64,64,69,65
2.992,-0.990189887178832,-0.868045706807925,78.44367376819933,3,-0.975,-0.75,0.05198479168320868,0.22116351698651338,67,71,67,70,70,66,65,69
3.0,-0.9901001664924913,-0.8676041396595291,78.58552489617075,3,-0.975,-0.75,0.05311953598740539,0.21456184222768515,66,65,71,70,58,57,67,60
3.008,-0.9900115392983615,-0.8671623517369229,78.72737602414222,3,-0.975,-0.75,0.0542580579276689,0.20793819007308767,64,70,71,71,67,62,64,61
3.016,-0.9899360419464536,-0.8667835826274976,78.72737602414217,3,-0.975,-0.75,0.054140903112155726,0.20861976916151148,64,70,66,67,64,69,62,67
3.024,-0.9898485087877688,-0.8663415766385895,78.8692271521136,3,-0.975,-0.75,0.055282356298963865,0.20197906370578345,71,66,71,68,68,66,71,63
3.032,-0.9897620702010573,-0.8658993552926242,79.01107828008504,3,-0.975,-0.75,0.05642768139497548,0.19531583239540917,65,67,68,69,68,59,73,64
3.04,-0.9896767267161387,-0.8654569213001666,79.15292940805647,3,-0.975,-0.75,0.0575769238489413,0.18862981082027486,63,71,63,63,68,75,62,63
3.048,-0.9895798173019243,-0.8649511621014992,79.15292940805651,3,-0.975,-0.75,0.05743292378448975,0.18946756923619607,66,62,71,61,66,65,62,67
3.056,-0.9895071352412635,-0.8645718427024988,79.15292940805648,3,-0.975,-0.75,0.057324082655426885,0.19010078125744112,67,64,62,72,67,68,63,68
3.064,-0.9894228873812445,-0.8641291987754172,79.2947805360279,3,-0.975,-0.75,0.05847533497376539,0.1834030667653661,65,66,66,65,75,66,64,59
3.072,-0.9893397356625165,-0.8636863476268666,79.43663166399935,3,-0.975,-0.75,0.059630613674650876,0.17668192772916136,71,67,71,60,66,71,66,66
3.08,-0.9892453317121906,-0.8631801147794902,79.43663166399934,3,-0.975,-0.75,0.05949359642123408,0.1774790617972155,67,67,64,62,70,63,69,71
3.088,-0.9891632766444263,-0.8627370591238958,79.57848279197076,3,-0.975,-0.75,0.06065187647580425,0.17074046159307255,67,61,57,64,66,67,69,77
3.096,-0.9890701262978483,-0.862230594105822,79.57848279197077,3,-0.975,-0.75,0.06051833329853794,0.17151738430536304,70,72,66,69,65,69,69,62
3.104,-0.9889891683839984,-0.8617873366588625,79.72033391994219,3,-0.975,-0.75,0.06167969227600833,0.16476087165387865,76,65,66,68,69,72,71,63
3.112,-0.988897272212127,-0.8612806425744335,79.72033391994222,3,-0.975,-0.75,0.0615497133460116,0.16551705841609943,65,68,64,71,65,66,70,68
3.12,-0.9888174119484174,-0.8608371860530244,79.86218504791364,3,-0.975,-0.75,0.06271423150454963,0.15874216639418282,61,62,71,72,59,65,70,68
3.128,-0.9887161463603259,-0.8602667752102379,80.00403617588508,3,-0.975,-0.75,0.0638520213749651,0.15212277324931955,72,65,66,69,63,67,73,65
3.136,-0.9886267602199903,-0.8597596323117211,80.00403617588505,3,-0.975,-0.75,0.06373032955353082,0.15283074756824536,69,68,71,63,68,67,66,68
3.144,-0.9885490967183242,-0.8593157857970238,80.1458873038565,3,-0.975,-0.75,0.06490218503521313,0.14601316873061188,65,66,68,66,62,68,70,60
3.152,-0.9884609664194327,-0.8588084231535258,80.14588730385648,3,-0.975,-0.75,0.06478434924999674,0.14669870954017816,65,67,62,65,67,65,69,62
3.16,-0.9883625264724255,-0.8582375178849101,80.28773843182789,3,-0.975,-0.75,0.06593050244537411,0.14003066054298174,70,65,63,67,77,73,68,69
3.168,-0.9882756525551667,-0.8577299386062747,80.28773843182793,3,-0.975,-0.75,0.06581635304828592,0.14069475481576688,65,63,71,63,62,66,67,65
3.176,-0.9881887786379079,-0.8572223593276392,80.2877384318279,3,-0.975,-0.75,0.06570111659212591,0.14136517334187437,70,59,64,67,65,62,74,66
3.184,-0.9881019047206491,-0.8567147800490038,80.28773843182789,3,-0.975,-0.75,0.06558477748597745,0.14204200682558032,66,69,68,70,64,63,69,69
3.192,-0.9880162877175105,-0.8562069872464027,80.57144068777077,3,-0.975,-0.75,0.0680267776486414,0.12783502576800587,71,71,57,68,65,70,66,67
3.2,-0.9879319281532756,-0.8556989840323163,80.57144068777075,3,-0.975,-0.75,0.06792054973081249,0.12845303474255673,66,73,63,64,62,71,69,64
3.208,-0.9878377311715782,-0.8551273633735407,80.71329181574218,3,-0.975,-0.75,0.06907995840803226,0.12170786847799775,63,68,64,66,62,70,64,66
3.216,-0.9877435341898809,-0.854555742714765,80.57144068777076,3,-0.975,-0.75,0.06768475810291304,0.12982481482771768,66,66,66,71,68,63,64,68
3.224,-0.9876493372081836,-0.8539841220559894,80.7132918157422,3,-0.975,-0.75,0.06884156807249317,0.1230947672313614,62,66,72,71,70,68,64,59
3.232,-0.9875662355999285,-0.853475911544188,80.71329181574217,3,-0.975,-0.75,0.06873706796080295,0.12370272423726014,69,69,72,64,69,65,70,66
3.24,-0.987473454106311,-0.8529040594275161,80.85514294371359,3,-0.975,-0.75,0.06989849004255283,0.11694584445995937,69,67,69,62,67,63,66,67
3.248,-0.9873916109634012,-0.8523956447330406,80.85514294371363,3,-0.975,-0.75,0.06979815477451641,0.11752957138766162,63,66,62,68,67,71,66,67
3.2560000000000002,-0.9873002455265613,-0.8518235646636001,80.99699407168504,3,-0.975,-0.75,0.07096433723364688,0.11074499685738462,64,62,70,65,67,64,67,68
3.2640000000000002,-0.9872196613506485,-0.8513149489027428,80.99699407168502,3,-0.975,-0.75,0.07086830141122122,0.11130371062444741,68,64,65,68,69,67,71,67
3.2720000000000002,-0.9871297125306041,-0.8507426443870586,81.13884519965643,3,-0.975,-0.75,0.07203939892320567,0.10449054147576664,61,66,67,67,66,71,68,65
3.2800000000000002,-0.9870397637105597,-0.8501703398713744,80.99699407168504,3,-0.975,-0.75,0.07065596461329425,0.11253903604010329,64,61,68,67,71,62,67,73
3.2880000000000003,-0.9869498148905153,-0.8495980353556901,81.13884519965646,3,-0.975,-0.75,0.0718246181209182,0.10574008553243042,58,67,68,69,64,61,66,73
3.2960000000000003,-0.9868612832386014,-0.8490255099016626,81.2806963276279,3,-0.975,-0.75,0.0729994288746194,0.09890531361912314,70,65,64,70,71,67,69,69
3.3040000000000003,-0.9867727515866876,-0.8484529844476351,81.13884519965647,3,-0.975,-0.75,0.07161972986845863,0.10693207706712271,65,71,65,67,69,64,63,69
3.3120000000000003,-0.9866842199347738,-0.8478804589936075,81.2806963276279,3,-0.975,-0.75,0.07279214075865206,0.10011126699375161,62,69,69,61,62,72,69,59
3.3200000000000003,-0.9865971059936393,-0.8473077161104916,81.42254745559933,3,-0.975,-0.75,0.07397086283746328,0.09325373991334907,69,65,73,65,66,70,66,69
3.3280000000000003,-0.9865099920525047,-0.8467349732273757,81.28069632762787,3,-0.975,-0.75,0.07259510036755273,0.1012576015217852,66,66,71,65,71,66,64,70
3.336,-0.9864228781113701,-0.8461622303442597,81.4225474555993,3,-0.975,-0.75,0.07377147307915269,0.09441374250577428,71,72,68,66,68,67,67,66
3.344,-0.9863268726836287,-0.8455257300317349,81.42254745559933,3,-0.975,-0.75,0.0736628958460806,0.09504541924237864,72,66,62,70,64,69,64,61
3.352,-0.9862500683414357,-0.845016529781715,81.42254745559933,3,-0.975,-0.75,0.07357498271574311,0.09555687710242,67,64,64,70,61,74,65,66
3.36,-0.9861643726450391,-0.8444435729800981,81.56439858357075,3,-0.975,-0.75,0.07475548975577043,0.08868896553860361,68,64,67,65,62,71,69,66
3.368,-0.9860699433378063,-0.8438068369312242,81.56439858357072,3,-0.975,-0.75,0.07465161831971101,0.08929326505794077,66,70,68,66,64,60,67,67
3.376,-0.9859856664114135,-0.843233669723005,81.70624971154218,3,-0.975,-0.75,0.07583751429942558,0.0823940019138798,65,67,68,65,63,69,67,62
3.384,-0.9858928138034871,-0.8425967018406111,81.70624971154216,3,-0.975,-0.75,0.07573974815515172,0.08296278228539933,60,72,64,67,62,66,64,65
3.392,-0.9858085368770944,-0.8420235346323919,81.56439858357074,3,-0.975,-0.75,0.07436994795686537,0.09093195680358868,66,67,69,73,60,67,67,68
3.4,-0.9857242599507016,-0.8414503674241727,81.70624971154216,3,-0.975,-0.75,0.07555229652078478,0.08405333168804852,71,71,72,72,64,70,65,63
3.408,-0.9856314073427752,-0.8408133995417788,81.70624971154218,3,-0.975,-0.75,0.0754505967990078,0.08464499668583869,72,59,70,65,63,69,67,70
3.416,-0.9855485497029557,-0.8402400254401458,81.8481008395136,3,-0.975,-0.75,0.07663856428815351,0.07773368198842445,65,64,66,68,67,67,64,65
3.424,-0.9854572743634694,-0.8396028296284821,81.8481008395136,3,-0.975,-0.75,0.07654323450192424,0.07828828820339884,66,69,68,67,63,69,67,64
3.432,-0.9853758365180934,-0.8390292521478916,81.98995196748503,3,-0.975,-0.75,0.07773705199510597,0.07134293956209015,67,69,67,68,68,66,67,69
3.44,-0.9852861390065129,-0.8383918323126054,81.98995196748503,4,-0.975,-0.75,0.07764835590693252,0.0718589524861788,64,64,62,67,68,68,65,70
3.448,-0.9851964414949324,-0.8377544124773192,81.98995196748506,4,-0.975,-0.75,0.07755836767046075,0.07238248282434402,73,66,66,62,70,66,68,68
3.456,-0.9851150036495563,-0.8371808349967287,81.84810083951362,4,-0.975,-0.75,0.0761953776033444,0.08031203760539696,68,62,63,63,67,67,66,69
3.464,-0.9850335658041802,-0.8366072575161382,81.98995196748504,4,-0.975,-0.75,0.07738456093747972,0.07339364940856186,66,66,72,68,66,66,70,68
3.472,-0.9849438682925997,-0.835969837680852,81.98995196748504,4,-0.975,-0.75,0.07729073767381163,0.07393949103055353,60,63,65,62,64,67,67,62
3.48,-0.9848638507408347,-0.8353960603370072,82.13180309545649,4,-0.975,-0.75,0.07848605648304974,0.06698540808647913,56,70,69,66,69,63,64,63
3.488,-0.9847757316069546,-0.8347584203851188,82.13180309545649,4,-0.975,-0.75,0.0783991966261167,0.06749073825024343,68,65,63,64,66,68,64,70
3.496,-0.9846876124730746,-0.8341207804332305,82.13180309545648,4,-0.975,-0.75,0.07831101651237966,0.06800374935674158,69,59,64,66,67,61,63,62
3.504,-0.9845994933391945,-0.8334831404813421,82.13180309545648,4,-0.975,-0.75,0.07822148581503609,0.06852461784015884,72,66,71,69,67,64,63,62
3.512,-0.9845113742053144,-0.8328455005294537,82.13180309545645,4,-0.975,-0.75,0.07813057327145702,0.06905352557909805,71,67,72,68,67,67,63,67
3.52,-0.9844327774376225,-0.8322715268392828,82.27365422342788,4,-0.975,-0.75,0.0793286685593316,0.062083289737084435,69,66,64,67,66,69,63,73
3.528,-0.984346237221563,-0.8316336706791618,82.2736542234279,4,-0.975,-0.75,0.07924507478525929,0.06256961860099453,68,65,66,70,77,66,66,72
3.536,-0.9842596970055035,-0.8309958145190408,82.2736542234279,4,-0.975,-0.75,0.07916016120331926,0.06306362579583302,67,66,68,73,70,61,63,63
3.544,-0.9841731567894441,-0.8303579583589198,82.27365422342788,4,-0.975,-0.75,0.0790738963131355,0.06356549458335903,65,66,68,65,67,66,69,65
3.552,-0.9840866165733846,-0.8297201021987988,82.27365422342788,4,-0.975,-0.75,0.07898624760400451,0.06407541410317852,66,64,74,60,65,67,66,71
3.56,-0.984009441071519,-0.8291459356804334,82.41550535139929,4,-0.975,-0.75,0.08018745446949699,0.057087075836377066,63,63,63,69,65,67,63,66
3.568,-0.9839244803037223,-0.8285078672217744,82.41550535139933,4,-0.975,-0.75,0.080107519329127,0.05755211963221042,69,71,69,66,66,62,64,63
3.576,-0.9838395195359255,-0.8278697987631155,82.41550535139933,4,-0.975,-0.75,0.08002627131798269,0.05802480140059885,71,68,69,66,66,66,65,67
3.584,-0.9837545587681288,-0.8272317303044566,82.4155053513993,4,-0.975,-0.75,0.0799436778281067,0.05850531084694843,75,65,59,66,62,66,69,61
3.592,-0.983669598000332,-0.8265936618457977,82.4155053513993,4,-0.975,-0.75,0.07985970516281596,0.05899384401061458,69,66,67,69,65,62,69,67
3.6,-0.9835770100677798,-0.8258916713902745,82.55735647937072,4,-0.975,-0.75,0.0810482776860055,0.05207900936781651,63,69,66,65,63,64,65,69
3.608,-0.9834936292690069,-0.8252533945440738,82.55735647937072,4,-0.975,-0.75,0.08097219366746897,0.05252164824502016,68,68,64,69,69,60,66,67
3.616,-0.983410248470234,-0.824615117697873,82.55735647937077,4,-0.975,-0.75,0.0808948053649896,0.05297187513861833,69,65,69,70,71,66,65,66
3.624,-0.983326867671461,-0.8239768408516722,82.55735647937074,4,-0.975,-0.75,0.08081607895380738,0.0534298868330878,70,68,60,63,65,67,71,65
3.632,-0.9832434868726881,-0.8233385640054715,82.55735647937074,4,-0.975,-0.75,0.08073597942949588,0.05389588697592673,67,65,68,66,68,70,71,70
3.64,-0.9831691553128865,-0.8227640223898182,82.69920760734216,4,-0.975,-0.75,0.08194439580640052,0.04686560547192453,68,67,66,66,71,62,66,64
3.648,-0.9830873549942142,-0.8221255410683489,82.69920760734216,4,-0.975,-0.75,0.08187295246883283,0.047281245961647844,61,61,62,64,71,65,66,70
3.656,-0.9830055546755418,-0.8214870597468796,82.69920760734219,4,-0.975,-0.75,0.08180023066998093,0.04770432423762738,68,72,62,69,64,68,68,64
3.664,-0.9829164437965469,-0.8207846194461105,82.84105873531362,4,-0.975,-0.75,0.0830017238593861,0.04071432020582466,64,75,67,69,69,65,64,61
3.672,-0.9828273329175519,-0.8200821791453413,82.69920760734219,4,-0.975,-0.75,0.0816483874091192,0.04858771252062799,66,68,65,66,69,66,66,60
3.68,-0.9827455325988795,-0.819443697823872,82.69920760734216,4,-0.975,-0.7000000000000002,0.057685107764241135,0.18800042231371455,68,68,64,63,64,67,67,66
3.688,-0.9826888256758827,-0.8189966903597462,82.84105873531358,4,-0.975,-0.7000000000000002,0.05884214707473386,0.18126904046601358,63,65,60,67,66,71,67,64
3.696,-0.9826332256128715,-0.8185495438724592,82.98290986328503,4,-0.975,-0.7000000000000002,0.06000311413565699,0.1745148078925769,75,68,66,62,65,64,71,67
3.704,-0.9825703153216766,-0.8180384410483017,82.98290986328503,4,-0.975,-0.7000000000000002,0.059872590278074324,0.17527416491498407,62,60,67,61,65,69,64,67
3.712,-0.9825158224594477,-0.8175911582786066,83.1247609912565,4,-0.975,-0.7000000000000002,0.061036544673147064,0.16850255273595807,70,64,67,64,72,68,63,61
3.72,-0.9824541777324081,-0.8170799012696295,83.12476099125647,4,-0.975,-0.7000000000000002,0.06090947710659955,0.16924180187220839,66,69,73,69,72,72,65,73
3.728,-0.9824007924049717,-0.8166324849591149,83.26661211922789,4,-0.975,-0.7000000000000002,0.06207649327206171,0.16245237703510385,67,70,64,65,64,71,67,63
3.736,-0.9823404136199344,-0.8161210768990323,83.26661211922791,4,-0.975,-0.7000000000000002,0.0619529684729066,0.1631710151861443,67,71,71,62,71,69,70,70
3.744,-0.9822881361545122,-0.8156735297901052,83.40846324719934,4,-0.975,-0.7000000000000002,0.06312312333102099,0.15636333017537662,64,63,69,63,72,70,67,66
3.7520000000000002,-0.9822290236815647,-0.8151619738135572,83.40846324719931,4,-0.975,-0.7000000000000002,0.06300323067568504,0.15706083737023357,67,60,63,66,67,61,64,64
3.7600000000000002,-0.9821699112086173,-0.8146504178370091,83.40846324719935,4,-0.975,-0.7000000000000002,0.06288226458130045,0.15776458958033013,63,67,66,72,71,71,63,66
3.7680000000000002,-0.9821120654100854,-0.8141387170795422,83.69216550314219,4,-0.975,-0.7000000000000002,0.06531927199679177,0.1435866551483831,72,69,67,67,64,63,64,64
3.7760000000000002,-0.982055486640531,-0.8136268746775905,83.69216550314216,4,-0.975,-0.7000000000000002,0.06520767591271646,0.14423589484819854,64,63,68,63,68,70,67,64
3.7840000000000003,-0.9819989078709765,-0.8131150322756389,83.69216550314219,4,-0.975,-0.7000000000000002,0.06509506685012566,0.1448910278181299,68,70,66,67,67,66,69,62
3.7920000000000003,-0.9819423291014221,-0.8126031898736872,83.69216550314219,4,-0.975,-0.7000000000000002,0.06498143096452996,0.14555213460215133,66,65,72,65,72,69,64,70
3.8000000000000003,-0.9818793908363237,-0.812027288819958,83.83401663111361,4,-0.975,-0.7000000000000002,0.06613229679714974,0.1388566685928443,68,66,71,66,66,65,66,74
3.8080000000000003,-0.9818315479553339,-0.8115792459572333,83.97586775908503,4,-0.975,-0.7000000000000002,0.06731535686375775,0.13197390412245324,71,63,69,69,68,72,65,64
3.8160000000000003,-0.9817775042763528,-0.8110671296790677,83.97586775908506,4,-0.975,-0.7000000000000002,0.0672104092089329,0.13258446482876665,63,65,65,62,67,69,72,73
3.8240000000000003,-0.9817174183673698,-0.8104909240452514,84.11771888705648,4,-0.975,-0.7000000000000002,0.06837117477236897,0.12583140452019115,69,68,64,75,71,66,63,65
3.8320000000000003,-0.9816646427344461,-0.8099786755370354,84.11771888705648,4,-0.975,-0.7000000000000002,0.0682701158577055,0.12641934145331435,63,64,69,68,59,65,63,71
3.84,-0.9816059835603307,-0.8094023229104325,84.25957001502793,4,-0.975,-0.7000000000000002,0.0694353217499828,0.11964044835868856,70,68,67,65,67,70,74,68
3.848,-0.9815473243862153,-0.8088259702838295,84.1177188870565,4,-0.975,-0.7000000000000002,0.06804602383858965,0.1277230559736522,68,64,65,66,68,65,67,62
3.856,-0.9814886652120999,-0.8082496176572266,84.25957001502792,4,-0.975,-0.7000000000000002,0.06920884378993594,0.12095804372069452,73,69,62,70,66,70,66,66
3.864,-0.981437157948718,-0.8077372400587517,84.25957001502795,4,-0.975,-0.7000000000000002,0.06910967048074619,0.12153501064584771,67,60,67,71,72,66,72,69
3.872,-0.9813799258690176,-0.8071607439720754,84.40142114299937,4,-0.975,-0.7000000000000002,0.07027706634656058,0.11474337680163726,64,63,65,67,66,63,66,67
3.88,-0.9813296872908877,-0.8066482404239242,84.40142114299937,4,-0.975,-0.7000000000000002,0.0701820229699547,0.11529631675296592,72,68,68,71,63,67,63,64
3.888,-0.9812738826564023,-0.806071604410767,84.54327227097079,4,-0.975,-0.7000000000000002,0.07135413674108428,0.10847723524823971,67,63,73,65,64,65,66,63
3.896,-0.9812249130714583,-0.8055589780542943,84.54327227097082,4,-0.975,-0.7000000000000002,0.07126335210890532,0.10900539882881799,63,64,68,69,65,62,72,66
3.904,-0.9811637010902783,-0.8049181951087035,84.54327227097082,4,-0.975,-0.7000000000000002,0.07114862108146702,0.10967287688981611,68,65,71,64,70,67,67,63
3.912,-0.9811093242430585,-0.8043414227035155,84.68512339894222,4,-0.975,-0.7000000000000002,0.07232435165521903,0.10283275368037126,67,70,67,63,66,68,73,68
3.92,-0.9810616239514561,-0.8038286766808288,84.68512339894221,4,-0.975,-0.7000000000000002,0.07223685174067507,0.10334180754837319,66,68,67,65,65,73,72,62
3.928,-0.981001998586953,-0.8031877441524704,84.68512339894224,4,-0.975,-0.7000000000000002,0.0721262515143646,0.10398525358256272,66,64,65,68,68,70,68,63
3.936,-0.980949049860298,-0.8026108388905377,84.82697452691366,4,-0.975,-0.7000000000000002,0.07330578352591886,0.09712301450446481,62,66,64,69,66,67,67,63
3.944,-0.9809026191544127,-0.8020979763444779,84.82697452691366,4,-0.975,-0.7000000000000002,0.0732217365753682,0.09761197984225478,66,70,75,65,62,63,69,64
3.952,-0.980844580772056,-0.801456898161903,84.82697452691363,4,-0.975,-0.7000000000000002,0.07311548071429988,0.09823015138398272,69,68,68,61,63,66,63,66
3.96,-0.9807930604905112,-0.8008798635793263,84.96882565488511,4,-0.975,-0.7000000000000002,0.07429901157627877,0.09134464793715001,65,66,67,77,69,66,65,63
3.968,-0.9807415402089663,-0.8003028289967495,84.82697452691365,4,-0.975,-0.7000000000000002,0.07292814863807269,0.09932000522556983,66,66,67,66,66,63,64,67
3.976,-0.9806900199274214,-0.7997257944141728,84.96882565488507,4,-0.975,-0.7000000000000002,0.0741095138442397,0.09244710105353127,65,70,67,73,69,62,67,69
3.984,-0.9806399284067768,-0.7991486340478451,85.1106767828565,4,-0.975,-0.7000000000000002,0.0752972117573326,0.08553735468601896,69,65,66,67,66,69,73,69
3.992,-0.9805850650462102,-0.7985072763460379,85.11067678285647,4,-0.975,-0.7000000000000002,0.07520130280511121,0.08609533035215278,69,66,68,67,71,64,62,67
4.0,-0.9805364025934983,-0.7979299937336235,85.25252791082795,4,-0.975,-0.7000000000000002,0.07639433773174333,0.07915453449847966,69,65,73,71,65,74,65,67
4.008,-0.9804877401407863,-0.7973527111212091,85.11067678285652,4,-0.975,-0.7000000000000002,0.07503305903151763,0.08707413295054867,67,68,70,71,66,67,73,68
4.016,-0.9804328767802197,-0.7967113534194019,85.11067678285647,4,-0.975,-0.7000000000000002,0.07493361151763103,0.08765269513396334,64,64,72,69,72,66,67,64
4.024,-0.9803842143275078,-0.7961340708069875,85.25252791082791,4,-0.975,-0.7000000000000002,0.07612347164920659,0.08073036948922785,62,68,72,67,66,65,67,69
4.032,-0.9803309389871236,-0.7954925792418778,85.25252791082795,4,-0.975,-0.7000000000000002,0.07603008890997963,0.08127364824390848,67,59,70,71,67,65,65,69
4.04,-0.9802837059006174,-0.79491517792179,85.39437903879934,4,-0.975,-0.7000000000000002,0.07722551245870757,0.07431895595018267,67,70,66,65,66,62,62,69
4.048,-0.9802320189069633,-0.7942735564253554,85.39437903879934,4,-0.975,-0.7000000000000002,0.07713843116204126,0.07482557439809367,62,61,63,65,63,68,68,67
4.056,-0.9801803319133092,-0.7936319349289207,85.39437903879934,4,-0.975,-0.7000000000000002,0.07705015473409639,0.07533914583793955,66,67,60,66,69,65,67,61
4.064,-0.9801389823183859,-0.793118637731773,85.39437903879937,4,-0.975,-0.7000000000000002,0.07697865647591026,0.07575510584286915,64,63,68,62,68,66,73,70
4.072,-0.9800872953247318,-0.7924770162353384,85.39437903879937,4,-0.975,-0.7000000000000002,0.07688816593343697,0.07628155847889406,71,74,67,74,67,72,71,69
4.08,-0.9800356083310777,-0.7918353947389037,85.39437903879934,4,-0.975,-0.7000000000000002,0.07679640915606191,0.07681537777096548,69,66,66,67,66,69,64,60
4.088,-0.9799898049002892,-0.7912578782502837,85.53623016677076,4,-0.975,-0.7000000000000002,0.07799342844699517,0.06985140182540772,62,64,71,65,68,68,68,64
4.096,-0.9799397065701769,-0.7906161307552984,85.53623016677076,4,-0.975,-0.7000000000000002,0.07790827280072432,0.07034681729343761,64,65,66,65,71,70,66,63
4.104,-0.9798896082400647,-0.789974383260313,85.5362301667708,4,-0.975,-0.7000000000000002,0.07782190083317722,0.07084930903181186,66,73,66,73,67,69,68,62
4.112,-0.9798452347457428,-0.7893967551430077,85.6780812947422,5,-0.975,-0.7000000000000002,0.07902389407359074,0.06385639582116798,72,67,68,63,62,68,66,67
4.12,-0.9797967253862465,-0.7887548855830181,85.6780812947422,5,-0.975,-0.7000000000000002,0.07894441122690492,0.06431880827900982,66,73,72,70,69,65,67,66
4.128,-0.9797482160267502,-0.7881130160230285,85.6780812947422,5,-0.975,-0.7000000000000002,0.07886376902273624,0.06478796560527944,66,65,67,66,64,67,66,62
4.136,-0.9796997066672539,-0.787471146463039,85.6780812947422,5,-0.975,-0.7000000000000002,0.07878194191272495,0.06526401643430901,66,63,67,68,64,63,68,67
4.144,-0.9796511973077576,-0.7868292769030493,85.6780812947422,5,-0.975,-0.7000000000000002,0.07869890359241094,0.06574711379924403,63,68,67,66,69,70,69,69
4.152,-0.9796082540218866,-0.78625154069759,85.81993242271363,5,-0.975,-0.7000000000000002,0.07990405171117047,0.058735846250387524,66,69,66,61,67,68,66,64
4.16,-0.9795613339303411,-0.7856095530068907,85.81993242271363,5,-0.975,-0.7000000000000002,0.07982825243090126,0.05917682858750073,62,74,65,65,66,70,69,61
4.168,-0.9795144138387956,-0.7849675653161915,85.81993242271363,5,-0.975,-0.7000000000000002,0.07975130650613511,0.05962448183188783,64,68,66,70,63,70,65,67
4.176,-0.9794674937472501,-0.7843255776254923,85.81993242271359,5,-0.975,-0.7000000000000002,0.07967318772349091,0.06007895848681821,67,65,71,67,67,72,63,63
4.184,-0.9794205736557046,-0.783683589934793,85.81993242271363,5,-0.975,-0.7000000000000002,0.07959386906454563,0.0605404157391054,66,66,68,62,67,63,71,61
4.192,-0.9793736535641591,-0.7830416022440938,85.81993242271363,5,-0.975,-0.7000000000000002,0.07951332267469166,0.0610090156402876,71,63,65,72,70,66,68,64
4.2,-0.9793267334726136,-0.7823996145533946,85.81993242271363,5,-0.975,-0.7000000000000002,0.07943151983054386,0.06148492529624594,60,64,65,66,66,69,66,69
4.208,-0.9792852206584113,-0.7818217738009748,85.96178355068507,5,-0.975,-0.7000000000000002,0.08063797122203863,0.05446607561396233,75,69,63,65,62,68,67,68
4.216,-0.9792362314396423,-0.7811154005417524,86.10363467865646,5,-0.975,-0.7000000000000002,0.08183858800052214,0.04748117033422082,71,65,67,65,60,62,71,68
4.224,-0.9791924907370355,-0.78047318839539,86.10363467865646,5,-0.975,-0.7000000000000002,0.08177339651317618,0.04786043903370718,70,67,60,76,67,68,67,67
4.232,-0.9791487500344287,-0.7798309762490275,86.10363467865649,5,-0.975,-0.7000000000000002,0.08170715526103596,0.04824581501720403,68,71,68,64,68,65,70,64
4.24,-0.9791050093318219,-0.7791887641026651,86.10363467865649,5,-0.975,-0.7000000000000002,0.0816398386843185,0.0486374469855011,76,69,65,68,60,67,68,66
4.248,-0.979061268629215,-0.7785465519563027,86.10363467865649,5,-0.975,-0.7000000000000002,0.08157142038675064,0.049035488505890554,69,64,66,61,62,60,65,69
4.256,-0.9790175279266082,-0.7779043398099402,86.10363467865646,5,-0.975,-0.7000000000000002,0.08150187310106839,0.04944009821288396,65,71,64,68,64,70,67,68
4.264,-0.9789737872240014,-0.7772621276635778,86.10363467865646,5,-0.975,-0.7000000000000002,0.08143116865279819,0.049851440018924276,70,65,70,69,73,61,69,67
4.272,-0.9789265469707645,-0.7765556352833117,86.2454858066279,5,-0.975,-0.7000000000000002,0.08263457805785102,0.04285028789637835,70,61,69,66,70,68,68,68
4.28,-0.9788843963696578,-0.7759133168133715,86.24548580662793,5,-0.975,-0.7000000000000002,0.08257220735986003,0.043213145908614914,68,59,69,66,64,66,71,68
4.288,-0.9788422457685512,-0.7752709983434313,86.24548580662793,5,-0.975,-0.7000000000000002,0.08250877140019332,0.0435822013620637,71,63,64,66,65,64,68,66
4.296,-0.9788000951674445,-0.774628679873491,86.2454858066279,5,-0.975,-0.7000000000000002,0.08244424265451364,0.04395761438682788,65,70,68,64,63,67,73,71
4.304,-0.9787579445663378,-0.7739863614035508,86.2454858066279,5,-0.975,-0.7000000000000002,0.08237859264208071,0.04433955067713779,62,67,65,67,69,67,64,64
4.312,-0.9787073638450098,-0.7732155792396226,86.2454858066279,5,-0.975,-0.7000000000000002,0.08229829097567747,0.044806726834996084,65,64,71,68,64,74,61,64
4.32,-0.9786652132439031,-0.7725732607696824,86.2454858066279,5,-0.975,-0.7000000000000002,0.08223006893915825,0.04520362655488808,69,62,67,66,65,69,70,58
4.328,-0.9786230626427964,-0.7719309422997421,86.24548580662793,5,-0.975,-0.7000000000000002,0.08216062756796039,0.045607620076388855,68,69,67,72,58,68,65,65
4.336,-0.9785809120416897,-0.7712886238298019,86.24548580662793,5,-0.975,-0.7000000000000002,0.08208993388009084,0.04601889928095581,72,66,63,65,61,68,60,65
4.344,-0.978538761440583,-0.7706463053598617,86.2454858066279,5,-0.975,-0.7000000000000002,0.08201795369331638,0.046437663032760756,70,64,63,70,68,65,65,66
4.352,-0.9784966108394764,-0.7700039868899214,86.2454858066279,5,-0.975,-0.7000000000000002,0.08194465157006964,0.04686411749921349,62,72,68,65,64,66,67,68
4.36,-0.9784511198413274,-0.7692973797190072,86.38733693459932,5,-0.975,-0.6500000000000001,0.07239931241847483,0.10239664963749728,62,63,71,72,70,72,68,66
4.368,-0.9784186716483294,-0.7687834430338298,86.38733693459936,5,-0.975,-0.6500000000000001,0.07232305482460559,0.10284029833505293,72,65,67,66,67,69,66,70
4.376,-0.978382883177598,-0.7682052195179965,86.52918806257075,5,-0.975,-0.6500000000000001,0.07351625719173596,0.09589852835204793,66,64,68,69,70,64,64,67
4.384,-0.9783439135448211,-0.7675627002126669,86.52918806257075,5,-0.975,-0.6500000000000001,0.07342605435141882,0.09642330720477618,68,73,71,70,65,68,72,64
4.392,-0.9783127378385995,-0.7670486847684033,86.52918806257075,5,-0.975,-0.6500000000000001,0.07335317840232058,0.09684728229053619,72,72,66,65,72,67,67,70
4.4,-0.9782737682058226,-0.7664061654630736,86.5291880625708,5,-0.975,-0.6500000000000001,0.07326117757467276,0.09738252140954096,60,70,63,69,73,64,69,70
4.408,-0.9782394113912992,-0.7658278551154264,86.67103919054219,5,-0.975,-0.6500000000000001,0.07445735330702997,0.09042345308884503,68,62,71,66,66,67,61,69
4.416,-0.9782064864435717,-0.7652494614806783,86.81289031851362,5,-0.975,-0.6500000000000001,0.07565913262165788,0.08343178444797238,67,69,69,71,66,70,67,66
4.424,-0.9781735614958441,-0.7646710678459302,86.67103919054219,5,-0.975,-0.6500000000000001,0.07430683563012129,0.09129912943701492,65,65,61,65,62,69,64,70
4.432,-0.9781406365481166,-0.7640926742111821,86.81289031851358,5,-0.975,-0.6500000000000001,0.07550709143561607,0.08431632421299473,65,71,67,68,66,66,67,63
4.44,-0.9781048488391144,-0.7634499698235477,86.81289031851362,5,-0.975,-0.6500000000000001,0.07542490220363177,0.08479448178226522,66,70,67,68,69,64,65,66
4.448,-0.9780690611301123,-0.7628072654359135,86.81289031851362,5,-0.975,-0.6500000000000001,0.07534177571790518,0.08527809207277892,60,69,73,69,72,64,66,66
4.456,-0.9780375682509916,-0.7622287920592878,86.95474144648502,5,-0.975,-0.6500000000000001,0.0765460999601053,0.07827161764345303,67,67,65,69,71,57,66,66
4.464,-0.9780033718377905,-0.7615860010393412,86.95474144648502,5,-0.975,-0.6500000000000001,0.07646852608820566,0.07872292413617597,66,69,64,66,67,66,64,71
4.472,-0.9779760147072296,-0.7610717682233837,86.95474144648504,5,-0.975,-0.6500000000000001,0.07640582006779115,0.07908773297519467,65,66,71,69,68,62,69,67
4.48,-0.9779418182940285,-0.760428977203437,86.95474144648504,5,-0.975,-0.6500000000000001,0.07632661570257339,0.07954852529352863,70,66,63,69,72,64,66,62
4.488,-0.9779076218808274,-0.7597861861834904,86.95474144648504,5,-0.975,-0.6500000000000001,0.07624648320488304,0.0800147172677097,61,74,65,70,67,63,66,64
4.496,-0.977877561263347,-0.7592076366106993,87.09659257445644,5,-0.975,-0.6500000000000001,0.0774536009118194,0.07299199111932198,61,69,62,69,75,70,67,65
4.5040000000000004,-0.9778449563555514,-0.7585647628983828,87.09659257445644,5,-0.975,-0.6500000000000001,0.07737924392124473,0.07342458255512274,67,66,67,64,69,67,65,67
4.5120000000000005,-0.9778123514477557,-0.7579218891860663,87.09659257445648,5,-0.975,-0.6500000000000001,0.07730400049286408,0.073862331077033,67,68,68,57,71,68,63,70
4.5200000000000005,-0.9777837232761701,-0.757343266963289,87.23844370242787,5,-0.975,-0.6500000000000001,0.078515613382452,0.06681345301606247,67,65,70,63,65,71,70,70
4.5280000000000005,-0.9777527100736295,-0.7567003144990522,87.23844370242787,5,-0.975,-0.6500000000000001,0.07844635932297997,0.06721635680211535,65,67,64,65,68,70,73,66
4.5360000000000005,-0.9777216968710889,-0.7560573620348153,87.23844370242787,5,-0.975,-0.6500000000000001,0.0783762650958834,0.067624148485274,60,62,65,70,66,67,63,69
4.5440000000000005,-0.9776906836685483,-0.7554144095705785,87.23844370242787,5,-0.975,-0.6500000000000001,0.07830531532153555,0.06803691754057971,68,68,62,63,63,68,68,67
4.5520000000000005,-0.9776634881183318,-0.7548357182444395,87.38029483039931,5,-0.975,-0.6500000000000001,0.07952090162181831,0.06096492311322277,66,64,64,65,67,67,69,63
4.5600000000000005,-0.9776340668111395,-0.7541926909692147,87.38029483039931,5,-0.975,-0.6500000000000001,0.07945618713027164,0.061341416763637246,64,67,64,69,65,66,69,65
4.5680000000000005,-0.9776046455039472,-0.7535496636939899,87.38029483039931,5,-0.975,-0.6500000000000001,0.07939066848659698,0.06172258878149184,66,71,65,66,68,66,64,72
4.5760000000000005,-0.9775752241967549,-0.7529066364187651,87.38029483039931,5,-0.975,-0.6500000000000001,0.07932433061046583,0.062108526900581454,70,64,71,67,64,63,71,71
4.5840000000000005,-0.9775458028895626,-0.7522636091435403,87.38029483039931,5,-0.975,-0.6500000000000001,0.07925715804216273,0.062499321061884716,69,67,66,67,74,72,65,67
4.5920000000000005,-0.9775163815823703,-0.7516205818683154,87.38029483039931,5,-0.975,-0.6500000000000001,0.07918913493058066,0.06289506348340423,66,67,70,69,67,70,70,69
4.6000000000000005,-0.9774906188202163,-0.7510418249858628,87.52214595837074,5,-0.975,-0.6500000000000001,0.08040749167117678,0.05580695128764801,69,64,65,65,69,68,61,67
4.6080000000000005,-0.9774627895887081,-0.7503987268410407,87.52214595837074,5,-0.975,-0.6500000000000001,0.0803460119600896,0.056164625748196695,71,68,64,66,63,69,64,68
4.616,-0.9774349603572,-0.7497556286962186,87.52214595837074,5,-0.975,-0.6500000000000001,0.08028373919555437,0.05652691400668308,66,65,64,71,63,70,68,62
4.624,-0.9774071311256919,-0.7491125305513965,87.52214595837074,5,-0.975,-0.6500000000000001,0.08022065793490017,0.05689390590492449,66,67,67,64,67,63,63,59
4.632,-0.9773793018941838,-0.7484694324065744,87.52214595837074,5,-0.975,-0.6500000000000001,0.08015675233194365,0.05726569363227907,64,68,62,62,69,66,66,65
4.64,-0.9773514726626756,-0.7478263342617523,87.52214595837074,5,-0.975,-0.6500000000000001,0.08009200612372512,0.05764237180281073,70,70,66,67,63,70,71,70
4.648,-0.9773236434311675,-0.7471832361169302,87.52214595837074,5,-0.975,-0.6500000000000001,0.08002640261671701,0.05802403753552632,64,75,69,68,65,65,66,68
4.656,-0.9772958141996594,-0.746540137972108,87.52214595837074,5,-0.975,-0.6500000000000001,0.07995992467248157,0.058410790537814825,64,63,68,66,64,67,70,69
4.664,-0.9772695772144128,-0.7458969728995138,87.80584821431357,5,-0.975,-0.6500000000000001,0.08245444061976018,0.04389828502997583,63,64,69,64,68,66,67,66
4.672,-0.9772415923330936,-0.7451894561355304,87.66399708634214,5,-0.975,-0.6500000000000001,0.08111692375544102,0.05167964272441572,65,67,68,67,67,71,71,71
4.68,-0.9772186956120142,-0.7446105787831804,87.8058482143136,5,-0.975,-0.6500000000000001,0.0823431147885668,0.04454595246225712,71,68,66,61,69,64,66,71
4.688,-0.9771907107306951,-0.743903062019197,87.66399708634216,5,-0.975,-0.6500000000000001,0.0810039248110648,0.05233704393463001,66,69,61,70,59,65,64,69
4.696,-0.9771678140096157,-0.7433241846668469,87.8058482143136,5,-0.975,-0.6500000000000001,0.08222871872032882,0.04521148180962009,67,67,65,65,63,67,65,70
4.704,-0.9771398291282966,-0.7426166679028635,87.66399708634216,5,-0.975,-0.6500000000000001,0.08088778567757891,0.053012714024543994,73,74,72,63,63,67,71,71
4.712,-0.9771169324072172,-0.7420377905505134,87.80584821431357,5,-0.975,-0.6500000000000001,0.08211112364054547,0.04589562225174171,69,62,66,70,66,68,67,62
4.72,-0.9770906992581088,-0.74133020667083,87.94769934228499,5,-0.975,-0.6500000000000001,0.08333158792058619,0.038795248888510825,60,61,74,66,64,62,66,68
4.728,-0.9770644661090003,-0.7406226227911467,87.8058482143136,5,-0.975,-0.6500000000000001,0.081997854052403,0.046554598003563104,70,66,65,66,64,65,65,63
4.736,-0.9770398215308329,-0.7399793947330157,87.8058482143136,5,-0.975,-0.6500000000000001,0.08194062482125526,0.04688754417420071,66,64,64,66,62,65,71,64
4.744,-0.9770151769526655,-0.7393361666748847,87.8058482143136,6,-0.975,-0.6500000000000001,0.08188257118515102,0.04722528653845859,71,69,70,63,65,68,69,66
4.752,-0.9769905323744981,-0.7386929386167537,87.80584821431357,6,-0.975,-0.6500000000000001,0.08182367520264035,0.0475679294754614,63,64,63,64,67,65,64,62
4.76,-0.9769642992253896,-0.7379853547370703,87.94769934228499,6,-0.975,-0.6500000000000001,0.08303968994051478,0.040493442499233145,59,68,69,67,66,65,73,65
4.768,-0.9769412472053587,-0.7373420676360241,87.94769934228499,6,-0.975,-0.6500000000000001,0.08298840755739549,0.04079179131046673,61,62,69,75,65,68,71,69
4.776,-0.9769181951853277,-0.7366987805349778,87.94769934228503,6,-0.975,-0.6500000000000001,0.0829363639330573,0.04109456884359086,63,65,62,66,64,67,67,68
4.784,-0.9768951431652968,-0.7360554934339316,87.94769934228503,6,-0.975,-0.6500000000000001,0.0828835419919201,0.04140187444030375,68,65,69,65,68,69,71,67
4.792,-0.9768720911452659,-0.7354122063328854,87.94769934228499,6,-0.975,-0.6500000000000001,0.08282992414388811,0.04171381043563449,66,74,67,68,66,67,69,66
4.8,-0.9768476098891625,-0.7347045596745879,88.08955047025643,6,-0.975,-0.6500000000000001,0.08405199798078218,0.034604073050207296,66,68,69,66,66,70,68,68
4.808,-0.9768261505685638,-0.7340612174736098,88.08955047025643,6,-0.975,-0.6500000000000001,0.08400646282195734,0.034868985865844644,64,70,64,64,62,64,66,68
4.816,-0.9768046912479651,-0.7334178752726316,88.08955047025643,6,-0.975,-0.6500000000000001,0.08396022512437337,0.035137985886305234,70,68,74,67,68,64,68,71
4.824,-0.9767802099918618,-0.7327102286143341,87.94769934228503,6,-0.975,-0.6500000000000001,0.08262640954189748,0.042897810395841944,65,64,68,68,60,65,68,72
4.832,-0.9767557287357584,-0.7320025819560366,88.08955047025647,6,-0.975,-0.6500000000000001,0.08384492753003434,0.03580876009992018,62,69,66,68,71,63,61,62
4.84,-0.9767342694151597,-0.7313592397550585,88.08955047025643,6,-0.975,-0.6500000000000001,0.08379624189478488,0.036092001644429494,65,71,60,61,64,64,65,71
4.848,-0.976712810094561,-0.7307158975540803,88.08955047025643,6,-0.975,-0.6500000000000001,0.0837467799658106,0.036379759482759066,68,67,69,68,67,66,65,65
4.856,-0.9766913507739623,-0.7300725553531021,88.08955047025643,6,-0.975,-0.6500000000000001,0.08369652302779235,0.03667214249622219,62,63,68,61,63,66,67,65
4.864,-0.97666862156092,-0.7293648502536614,88.23140159822786,6,-0.975,-0.6500000000000001,0.08492265257814631,0.029538809926330734,68,71,65,70,65,67,67,64
4.872,-0.9766487550712869,-0.7287214568960724,88.23140159822786,6,-0.975,-0.6500000000000001,0.08488114522709637,0.0297802899061983,63,67,66,58,66,64,63,69
4.88,-0.9766260258582447,-0.7280137517966315,88.08955047025647,6,-0.975,-0.6500000000000001,0.083552244028773,0.03751152368767863,63,69,62,70,65,65,69,68
4.888,-0.9766032966452024,-0.7273060466971907,88.23140159822786,6,-0.975,-0.6500000000000001,0.0847757064165838,0.030393708040475254,68,61,68,69,68,63,66,73
4.896,-0.9765834301555693,-0.7266626533396017,88.23140159822786,6,-0.975,-0.6500000000000001,0.08473185060109405,0.03064885083262303,67,67,67,63,66,59,66,60
4.904,-0.9765635636659361,-0.7260192599820127,88.23140159822786,6,-0.975,-0.6500000000000001,0.08468725227518883,0.030908313375264118,65,63,67,63,68,71,66,67
4.912,-0.9765425866352723,-0.7253115007792575,88.3732527261993,6,-0.975,-0.6500000000000001,0.085919973911984,0.023736629601047714,68,71,63,70,60,66,66,71
4.92,-0.9765216096046084,-0.7246037415765024,88.23140159822786,6,-0.975,-0.6500000000000001,0.08459854140579938,0.03142441229298165,65,69,63,67,68,65,68,66
4.928,-0.9765017431149753,-0.7239603482189134,88.23140159822789,6,-0.975,-0.6500000000000001,0.08455154137261257,0.031697847402200496,64,68,70,67,66,72,61,70
4.936,-0.9764807660843114,-0.7232525890161583,88.3732527261993,6,-0.975,-0.6500000000000001,0.08578171630476636,0.024540979755006687,63,68,64,68,68,64,68,65
4.944,-0.9764624925474141,-0.7226091484455931,88.3732527261993,6,-0.975,-0.6500000000000001,0.08574432806423199,0.02475849572129074,63,62,68,68,69,66,63,61
4.952,-0.9764415155167503,-0.721901389242838,88.23140159822786,6,-0.975,-0.6500000000000001,0.08441948319979692,0.03246613070880078,67,66,65,64,61,57,63,67
4.96,-0.9764205384860865,-0.7211936300400829,88.3732527261993,6,-0.975,-0.6500000000000001,0.08564700041286286,0.025324725044499008,65,70,71,70,66,66,67,71
4.968,-0.9764022649491891,-0.7205501894695177,88.3732527261993,6,-0.975,-0.6500000000000001,0.08560729195474501,0.025555739489514506,67,68,63,66,67,61,67,65
4.976,-0.9763839914122918,-0.7199067488989525,88.3732527261993,6,-0.975,-0.6000000000000001,0.08131090042693748,0.050551132194524895,62,66,66,73,64,71,72,71
4.984,-0.9763657178753945,-0.7192633083283873,88.3732527261993,6,-0.975,-0.6000000000000001,0.08126400803284191,0.050823941084894964,60,73,61,68,68,71,65,74
4.992,-0.9763464931556861,-0.7185554993604785,88.51510385417072,6,-0.975,-0.6000000000000001,0.08249231019113866,0.04367796879435137,68,66,72,70,72,68,69,72
5.0,-0.9763298126835311,-0.7179120155208611,88.51510385417072,6,-0.975,-0.6000000000000001,0.08245132860094735,0.043916390021531804,60,68,65,72,67,70,67,67
5.008,-0.9763105879638228,-0.7172042065529524,88.3732527261993,6,-0.975,-0.6000000000000001,0.0811252131915602,0.051631416739944536,67,64,60,70,71,70,69,68
5.016,-0.9762948586476977,-0.7166250901246634,88.51510385417072,6,-0.975,-0.6000000000000001,0.08236096336820921,0.044442113635069,67,73,73,66,72,67,63,70
5.024,-0.9762756339279893,-0.7159172811567546,88.3732527261993,6,-0.975,-0.6000000000000001,0.08103374691922599,0.05216354594219719,68,67,62,60,65,68,65,68
5.032,-0.9762599046118643,-0.7153381647284656,88.51510385417072,6,-0.975,-0.6000000000000001,0.08226858120944426,0.0449795712485852,65,71,64,70,66,64,65,59
5.04,-0.9762398880452783,-0.7145659841209248,88.51510385417072,6,-0.975,-0.6000000000000001,0.08221645855067908,0.045282808585367144,67,69,71,70,63,70,71,71
5.048,-0.9762232075731233,-0.7139225002813074,88.51510385417072,6,-0.975,-0.6000000000000001,0.08217248315864634,0.0455386470456427,63,67,64,66,64,67,71,73
5.056,-0.9762065271009683,-0.7132790164416901,88.51510385417072,6,-0.975,-0.6000000000000001,0.08212800807842302,0.045797392573971196,68,65,66,61,64,70,65,67
5.064,-0.9761898466288134,-0.7126355326020728,88.51510385417076,6,-0.975,-0.6000000000000001,0.08208302474515419,0.046059094998658796,76,67,69,68,66,69,68,62
5.072,-0.9761731661566584,-0.7119920487624555,88.51510385417069,6,-0.975,-0.6000000000000001,0.08203752439713374,0.046323805293245535,70,69,63,67,69,64,66,67
5.08,-0.9761564856845034,-0.7113485649228382,88.51510385417072,6,-0.975,-0.6000000000000001,0.08199149807012224,0.046591575609562286,69,65,64,69,64,73,69,69
5.088,-0.9761390133935872,-0.7106407105282413,88.65695498214211,6,-0.975,-0.6000000000000001,0.083220995261786,0.03943865089671018,66,69,67,69,67,68,71,67
5.096,-0.9761239260884162,-0.709997187363761,88.65695498214215,6,-0.975,-0.6000000000000001,0.08318132795750242,0.03966942591842315,63,71,71,70,68,67,65,63
5.104,-0.9761088387832453,-0.7093536641992808,88.6569549821422,6,-0.975,-0.6000000000000001,0.08314119372238139,0.03990291743363361,70,68,65,67,62,65,63,71
5.112,-0.9760937514780743,-0.7087101410348006,88.65695498214211,6,-0.975,-0.6000000000000001,0.08310058426361787,0.040139173687925744,64,60,66,64,77,68,65,69
5.12,-0.9760780317230454,-0.7080022455522597,88.79880611011359,6,-0.975,-0.6000000000000001,0.08433619936901587,0.032950656395735134,63,65,68,61,68,63,66,68
5.128,-0.976064537677335,-0.7073586870073468,88.79880611011355,6,-0.975,-0.6000000000000001,0.08430224276937158,0.03314820788459327,65,69,67,65,67,72,71,73
5.136,-0.9760510436316246,-0.706715128462434,88.79880611011359,6,-0.975,-0.6000000000000001,0.08426787656578168,0.03334814235261141,61,68,64,70,69,69,71,68
5.144,-0.9760353238765958,-0.7060072329798931,88.65695498214211,6,-0.975,-0.6000000000000001,0.08294866840056023,0.0410229843533807,63,66,69,62,66,68,70,69
5.152,-0.9760196041215669,-0.7052993374973522,88.79880611011359,6,-0.975,-0.6000000000000001,0.08418220839410523,0.03384653957258399,71,71,69,67,61,59,67,69
5.16,-0.9760061100758565,-0.7046557789524392,88.79880611011359,6,-0.975,-0.6000000000000001,0.0841464276659437,0.03405470341097727,69,64,61,66,70,63,59,69
5.168,-0.9759926160301461,-0.7040122204075264,88.79880611011355,6,-0.975,-0.6000000000000001,0.08411020411439006,0.03426544349143623,68,71,71,69,61,69,68,65
5.176,-0.9759791219844357,-0.7033686618626136,88.79880611011359,6,-0.975,-0.6000000000000001,0.08407352946802979,0.03447880793509994,67,66,65,67,70,64,73,68
5.184,-0.9759651548616473,-0.7026607296311246,88.94065723808498,6,-0.975,-0.6000000000000001,0.08531371859002652,0.027263680093013054,69,70,67,64,73,72,67,65
5.192,-0.9759511877388588,-0.7019527973996356,88.79880611011359,6,-0.975,-0.6000000000000001,0.08400008086939038,0.03490611456084447,61,70,66,69,69,65,63,63
5.2,-0.9759376936931484,-0.7013092388547227,88.79880611011355,6,-0.975,-0.6000000000000001,0.08396196099573275,0.03512788699610114,67,63,69,67,65,65,63,69
5.208,-0.97592372657036,-0.7006013066232337,88.94065723808498,6,-0.975,-0.6000000000000001,0.0852006182526884,0.027921671183568586,67,71,68,72,72,59,70,70
5.216,-0.975911825866821,-0.6999577166425354,88.94065723808502,6,-0.975,-0.6000000000000001,0.08516971329600774,0.028101468933323215,71,67,65,69,68,65,63,59
5.224,-0.9758978587440326,-0.6992497844110463,88.79880611011355,6,-0.975,-0.6000000000000001,0.08385404114544112,0.0357557392347172,63,67,66,64,68,63,67,61
5.232,-0.9758838916212441,-0.6985418521795573,88.94065723808502,6,-0.975,-0.6000000000000001,0.08509112871341744,0.028558655502491925,65,71,73,64,71,69,68,68
5.24,-0.9758719909177052,-0.697898262198859,88.94065723808498,6,-0.975,-0.6000000000000001,0.08505885370345141,0.028746423899165707,71,77,65,69,64,70,66,62
5.248,-0.9758600902141662,-0.6972546722181606,88.94065723808498,6,-0.975,-0.6000000000000001,0.08502615149225588,0.028936677651847154,64,69,67,69,66,70,63,66
5.256,-0.9758478758092287,-0.6965467075769447,89.08250836605637,6,-0.975,-0.6000000000000001,0.08627101671202837,0.021694345375649515,76,67,68,67,59,60,69,67
5.264,-0.9758356614042912,-0.6958387429357288,88.94065723808498,6,-0.975,-0.6000000000000001,0.08496209185223944,0.02930936153049024,61,67,66,70,69,63,68,68
5.272,-0.9758237607007523,-0.6951951529550304,88.94065723808502,6,-0.975,-0.6000000000000001,0.08492802784392797,0.029507537897644154,65,68,64,65,66,73,61,61
5.28,-0.9758115462958148,-0.6944871883138145,89.08250836605642,6,-0.975,-0.6000000000000001,0.08617146471386507,0.022273515423945952,68,64,65,70,61,71,68,69
5.288,-0.9758012390073918,-0.6938435708421705,89.08250836605644,6,-0.975,-0.6000000000000001,0.08614520488933654,0.02242628889028553,64,65,69,66,63,68,60,57
5.296,-0.9757890246024543,-0.6931356062009546,88.94065723808498,6,-0.975,-0.6000000000000001,0.08483438709514282,0.030052317691088737,71,65,68,68,68,67,62,66
5.304,-0.9757768101975168,-0.6924276415597386,89.08250836605642,6,-0.975,-0.6000000000000001,0.08607636629311369,0.022826775609132044,68,68,62,68,68,64,66,71
5.312,-0.9757665029090938,-0.6917840240880946,89.08250836605637,6,-0.975,-0.6000000000000001,0.08604885027813394,0.02298685729527361,64,71,63,67,71,69,66,65
5.32,-0.9757541341629863,-0.6910116831221218,89.08250836605642,6,-0.975,-0.6000000000000001,0.08601531731450957,0.023181944169672564,71,61,61,64,63,65,71,70
5.328,-0.9757438268745633,-0.6903680656504778,89.08250836605644,6,-0.975,-0.6000000000000001,0.08598693529904272,0.02334706404242204,69,69,61,64,68,65,67,67
5.336,-0.9757335195861403,-0.6897244481788338,89.08250836605642,7,-0.975,-0.6000000000000001,0.08595814607372317,0.02351455296606364,70,68,68,67,71,72,69,70
5.344,-0.9757211508400327,-0.688952107212861,89.08250836605644,7,-0.975,-0.6000000000000001,0.08592304904024467,0.023718739230024433,67,61,67,65,72,64,62,68
5.352,-0.9757108435516098,-0.6883084897412171,89.08250836605642,7,-0.975,-0.6000000000000001,0.08589333252052737,0.023891622933791323,68,65,60,67,65,63,68,65
5.36,-0.9757005362631868,-0.6876648722695731,89.08250836605642,7,-0.975,-0.6000000000000001,0.08586317962747325,0.02406704535472337,65,72,67,70,68,69,73,67
5.368,-0.9756900746509676,-0.6869568795580501,89.22435949402781,7,-0.975,-0.6000000000000001,0.08711135348766615,0.01680546418882556,69,65,74,68,68,68,67,61
5.376,-0.9756796130387484,-0.686248886846527,89.08250836605642,7,-0.975,-0.6000000000000001,0.0858057393469637,0.024401219360776993,70,65,64,67,69,69,64,72
5.384,-0.9756691514265292,-0.6855408941350039,89.22435949402788,7,-0.975,-0.6000000000000001,0.08705296619896859,0.017145147665187155,70,68,65,70,65,63,69,65
5.392,-0.97565868981431,-0.6848329014234809,89.08250836605642,7,-0.975,-0.6000000000000001,0.08574638143564356,0.024746549690658037,69,73,66,65,71,66,76,66
5.4,-0.975648382525887,-0.6841892839518369,89.08250836605644,7,-0.975,-0.6000000000000001,0.08571386017051688,0.02493575074178289,66,65,65,69,67,67,68,66
5.408,-0.9756379209136679,-0.6834812912403139,89.22435949402784,7,-0.975,-0.6000000000000001,0.08695958156141492,0.017688437463884824,64,68,63,66,69,66,62,60
5.416,-0.9756292071035386,-0.6828376502227326,89.22435949402784,7,-0.975,-0.6000000000000001,0.08693595643986304,0.017825882849639596,68,66,66,62,70,67,68,66
5.424,-0.9756187505313836,-0.6820652810016351,89.22435949402781,7,-0.975,-0.6000000000000001,0.08690711709900267,0.017993663333679022,64,63,67,66,57,65,67,64
5.432,-0.9756100367212543,-0.6814216399840538,89.22435949402784,7,-0.975,-0.6000000000000001,0.08688266633982873,0.018135912084411565,64,61,70,70,59,68,68,66
5.44,-0.9755995751090352,-0.6807136472725307,89.08250836605644,7,-0.975,-0.6000000000000001,0.08557306038479788,0.02575489069074921,66,65,65,63,69,71,62,66
5.448,-0.975589113496816,-0.6800056545610077,89.22435949402784,7,-0.975,-0.6000000000000001,0.08681619160764523,0.018522646399739436,73,65,69,59,68,72,62,64
5.456,-0.9755803996866868,-0.6793620135434264,89.22435949402788,7,-0.975,-0.6000000000000001,0.08679036880468273,0.01867287737766921,68,62,64,69,67,62,71,67
5.464,-0.9755699431145317,-0.6785896443223289,89.22435949402784,7,-0.975,-0.6000000000000001,0.08675882309224384,0.018856402893317803,65,65,65,66,68,71,64,67
5.472,-0.9755612293044025,-0.6779460033047476,89.22435949402784,7,-0.975,-0.6000000000000001,0.08673205741252518,0.019012119305859443,65,64,62,61,67,68,63,65
5.48,-0.9755525205490253,-0.6772379868625094,89.36621062199924,7,-0.975,-0.6000000000000001,0.08798461162754695,0.011725054268571844,65,69,70,70,70,70,67,66
5.488,-0.9755438117936481,-0.6765299704202711,89.22435949402784,7,-0.975,-0.6000000000000001,0.08668339949072927,0.019295199620031678,66,65,62,67,62,67,67,66
5.496,-0.9755350979835189,-0.6758863294026899,89.22435949402781,7,-0.975,-0.6000000000000001,0.08665526757323573,0.01945886448175216,71,68,66,64,63,67,64,67
5.5040000000000004,-0.9755263892281417,-0.6751783129604516,89.36621062199927,7,-0.975,-0.6000000000000001,0.08790643810613752,0.012179849380729468,69,67,64,66,70,66,66,72
5.5120000000000005,-0.9755176804727645,-0.6744702965182133,89.22435949402788,7,-0.975,-0.6000000000000001,0.08660380363907946,0.01975826951410431,66,66,64,68,69,68,60,65
5.5200000000000005,-0.9755089717173874,-0.673762280075975,89.36621062199927,7,-0.975,-0.6000000000000001,0.0878539908213821,0.012484975314967173,62,70,67,70,66,71,66,69
5.5280000000000005,-0.9755002629620102,-0.6730542636337368,89.22435949402788,7,-0.975,-0.6000000000000001,0.08655034454732388,0.02006928190285784,66,72,63,67,70,64,61,71
5.5360000000000005,-0.975491554206633,-0.6723462471914985,89.36621062199924,7,-0.975,-0.6000000000000001,0.08779949035754471,0.012802046160909297,67,66,65,70,67,69,71,67
5.5440000000000005,-0.9754844339282083,-0.6717025865731326,89.36621062199927,7,-0.975,-0.6000000000000001,0.0877797360990276,0.012916971778380582,69,69,68,60,68,67,68,65
5.5520000000000005,-0.9754758895940986,-0.6709301938310936,89.36621062199924,7,-0.975,-0.6000000000000001,0.08775555772508188,0.013057635856090988,62,63,63,69,65,74,68,67
5.5600000000000005,-0.9754687693156738,-0.6702865332127278,89.36621062199927,7,-0.975,-0.6000000000000001,0.08773500313611195,0.013177217607397429,67,62,59,67,65,64,63,65
5.5680000000000005,-0.9754602249815642,-0.6695141404706888,89.36621062199924,7,-0.975,-0.55,0.08628159676823606,0.021632793103692816,66,68,62,73,70,67,67,67
5.5760000000000005,-0.9754531047031394,-0.668870479852323,89.36621062199927,7,-0.975,-0.55,0.08626146142401234,0.021749935787934938,71,67,67,69,67,61,73,70
5.5840000000000005,-0.9754459844247146,-0.668226819233957,89.36621062199927,7,-0.975,-0.55,0.0862411068285505,0.02186835402417508,69,63,67,65,69,64,67,63
5.5920000000000005,-0.975437440090605,-0.667454426491918,89.36621062199924,7,-0.975,-0.55,0.08621638682710732,0.02201216916293558,72,67,68,62,66,69,67,71
5.6000000000000005,-0.9754303198121802,-0.6668107658735521,89.36621062199927,7,-0.975,-0.55,0.08619553709290471,0.022133467999602585,64,65,70,67,69,64,66,65
5.6080000000000005,-0.9754231995337554,-0.6661671052551863,89.36621062199924,7,-0.975,-0.55,0.08617445630328269,0.022256111062210815,70,68,67,68,67,71,65,67
5.6160000000000005,-0.9754146551996458,-0.6653947125131472,89.36621062199927,7,-0.975,-0.55,0.08614884891862354,0.022405088787253113,71,64,68,72,70,69,69,68
5.6240000000000006,-0.975407534921221,-0.6647510518947813,89.36621062199924,7,-0.975,-0.55,0.0861272460903028,0.022530768947899737,67,68,66,62,66,67,66,68
5.632,-0.9754005790760656,-0.6640430160615651,89.50806174997071,7,-0.975,-0.55,0.08738382461478994,0.015220291427182172,64,67,63,68,67,67,65,72
5.64,-0.9753936232309102,-0.6633349802283489,89.36621062199931,7,-0.975,-0.55,0.0860868319189283,0.02276588906621657,69,60,70,67,70,67,69,68
5.648,-0.9753865029524854,-0.6626913196099831,89.36621062199924,7,-0.975,-0.55,0.08606447999943385,0.0228959272626561,68,72,69,71,66,71,64,69
5.656,-0.97537954710733,-0.6619832837767669,89.50806174997071,7,-0.975,-0.55,0.08732029229001317,0.015589907510115793,67,68,70,70,68,69,69,64
5.664,-0.9753725912621746,-0.6612752479435506,89.36621062199924,7,-0.975,-0.55,0.08602251896461323,0.023140046667710745,74,67,69,65,68,67,69,62
5.672,-0.9753656354170192,-0.6605672121103344,89.50806174997071,7,-0.975,-0.55,0.08727779553324622,0.0158371436191167,66,64,72,59,69,72,73,65
5.68,-0.9753601087139421,-0.6599235358364567,89.50806174997066,7,-0.975,-0.55,0.08726185476623365,0.015929883242337572,68,63,69,63,75,64,66,66
5.688,-0.9753534766702496,-0.6591511243078034,89.50806174997071,7,-0.975,-0.55,0.08724247766967591,0.01604261462047396,68,67,64,74,65,64,69,66
5.696,-0.9753479499671726,-0.6585074480339257,89.50806174997075,7,-0.975,-0.55,0.08722611934984952,0.016137783467495614,65,62,64,68,69,59,63,61
5.704,-0.9753413179234801,-0.6577350365052724,89.50806174997066,7,-0.975,-0.55,0.08720623134170255,0.016253487208771622,67,71,62,66,67,65,69,70
5.712,-0.975335791220403,-0.6570913602313947,89.50806174997071,7,-0.975,-0.55,0.0871894388456166,0.016351181990881033,61,59,74,69,67,68,63,62
5.72,-0.975330264517326,-0.656447683957517,89.50806174997066,7,-0.975,-0.55,0.0871724432616516,0.016450058290377045,68,72,64,66,66,66,64,77
5.728,-0.9753236324736335,-0.6556752724288637,89.50806174997071,7,-0.975,-0.55,0.08715177525966822,0.016570299851849993,67,64,63,68,70,61,62,65
5.736,-0.9753181057705564,-0.655031596154986,89.50806174997066,7,-0.975,-0.55,0.087134319707226,0.016671852139473756,69,69,72,63,66,70,67,69
5.744,-0.975311473726864,-0.6542591846263327,89.50806174997071,7,-0.975,-0.55,0.08711308853395272,0.01679537009870047,66,64,72,66,64,68,73,71
5.752,-0.9753059470237869,-0.653615508352455,89.50806174997075,7,-0.975,-0.55,0.08709515408444349,0.016899708496523447,72,71,63,63,68,70,66,64
5.76,-0.9753007441314886,-0.6529074574681171,89.6499128779421,7,-0.975,-0.55,0.08835621925512588,0.009563128726312708,70,66,68,66,63,64,61,60
5.768,-0.9752955412391903,-0.6521994065837792,89.50806174997071,7,-0.975,-0.55,0.08706374803136369,0.01708242150695627,61,62,74,63,67,66,66,66
5.776,-0.9752903383468919,-0.6514913556994413,89.6499128779421,7,-0.975,-0.55,0.08832437649744483,0.009748382381129073,69,66,72,67,69,72,70,70
5.784,-0.9752851354545936,-0.6507833048151034,89.50806174997071,7,-0.975,-0.55,0.08703145939662114,0.017270269169366696,69,67,67,68,67,67,71,65
5.792,-0.9752796087515165,-0.6501396285412256,89.50806174997066,7,-0.975,-0.55,0.08701237772424365,0.01738128183929133,62,58,71,72,66,68,66,59
5.8,-0.9752744058592182,-0.6494315776568877,89.64991287794214,7,-0.975,-0.55,0.08827230826876946,0.010051303056484606,66,68,64,65,69,69,72,63
5.808,-0.9752692029669199,-0.6487235267725499,89.50806174997066,7,-0.975,-0.55,0.08697867853531356,0.01757733577331866,70,65,63,67,68,71,69,67
5.816,-0.9752640000746216,-0.648015475888212,89.64991287794214,7,-0.975,-0.55,0.08823812393018747,0.010250179476775312,68,72,66,65,66,73,72,66
5.824,-0.9752587971823232,-0.647307425003874,89.50806174997071,7,-0.975,-0.55,0.08694399849438784,0.017779096072945366,68,62,75,64,59,70,70,70
5.832,-0.9752535942900249,-0.646599374119536,89.6499128779421,7,-0.975,-0.55,0.08820293732593981,0.010454886842347966,67,69,68,67,64,70,66,67
5.84,-0.9752483913977266,-0.6458913232351982,89.50806174997071,7,-0.975,-0.55,0.08690829414621656,0.017986815550567803,67,66,66,68,68,67,63,70
5.848,-0.9752431885054282,-0.6451832723508603,89.6499128779421,7,-0.975,-0.55,0.08816670372177099,0.01066568540655144,62,68,68,71,66,73,65,64
5.856,-0.9752392554115744,-0.6445395843668394,89.64991287794214,7,-0.975,-0.55,0.08815422126209804,0.010738305413231508,74,64,64,68,66,73,68,62
5.864,-0.9752345356989498,-0.6437671587860145,89.6499128779421,7,-0.975,-0.55,0.08813901608959909,0.010826765521045001,67,70,64,73,66,63,68,66
5.872,-0.975230602605096,-0.6431234708019937,89.64991287794214,7,-0.975,-0.55,0.08812615242526496,0.010901603286545658,61,71,68,67,62,60,67,67
5.88,-0.9752258828924714,-0.6423510452211688,89.6499128779421,7,-0.975,-0.55,0.08811047932376134,0.010992785694958098,65,63,65,67,67,64,61,66
5.888,-0.9752219497986175,-0.641707357237148,89.6499128779421,7,-0.975,-0.55,0.08809721672180461,0.011069944385466934,69,66,68,71,69,71,63,66
5.896,-0.9752172300859929,-0.6409349316563231,89.64991287794214,7,-0.975,-0.55,0.08808105375384821,0.011163976721378033,69,66,64,67,62,65,67,66
5.904,-0.9752132969921391,-0.6402912436723024,89.6499128779421,7,-0.975,-0.55,0.08806737336413356,0.011243566002536953,69,65,65,63,66,64,70,71
5.912,-0.9752085772795145,-0.6395188180914775,89.64991287794214,8,-0.975,-0.55,0.0880506971992368,0.011340583997221598,65,68,61,64,65,65,59,67
5.92,-0.9752046441856607,-0.6388751301074568,89.6499128779421,8,-0.975,-0.55,0.0880365789650721,0.011422720554135513,63,61,69,66,66,66,67,66
5.928,-0.975199924473036,-0.6381027045266319,89.64991287794214,8,-0.975,-0.55,0.08801936476735536,0.011522868696884238,67,61,68,70,68,66,70,63
5.936,-0.9751959913791822,-0.6374590165426112,89.6499128779421,8,-0.975,-0.55,0.08800478732738683,0.011607676804871849,66,66,65,68,70,64,70,71
5.944,-0.9751925414716317,-0.6367509549471,89.79176400591356,8,-0.975,-0.55,0.08927037250726555,0.004244800687095651,65,70,60,67,67,64,62,69
5.952,-0.9751890915640812,-0.6360428933515887,89.64991287794214,8,-0.975,-0.55,0.08798245510692407,0.011737600396990677,60,64,62,66,72,72,66,69
5.96,-0.9751856416565307,-0.6353348317560775,89.79176400591354,8,-0.975,-0.55,0.08924767119602084,0.004376871562342455,64,70,66,69,67,68,71,67
5.968,-0.9751821917489801,-0.6346267701605663,89.64991287794214,8,-0.975,-0.55,0.08795937547841962,0.011871872232837255,71,68,66,66,66,69,65,62
5.976,-0.9751787418414296,-0.6339187085650552,89.79176400591354,8,-0.975,-0.55,0.08922420371366592,0.00451339984042476,69,65,61,68,66,68,64,66
5.984,-0.9751752919338791,-0.633210646969544,89.64991287794214,8,-0.975,-0.55,0.08793551028237268,0.012010714315388249,71,66,67,71,65,63,64,66
5.992,-0.9751718420263286,-0.6325025853740328,89.79176400591354,8,-0.975,-0.55,0.08919993060702074,0.004654615050640132,66,67,71,67,66,67,70,69
6.0,-0.975168392118778,-0.6317945237785215,89.6499128779421,8,-0.975,-0.55,0.08791081871663016,0.012154364021948139,64,66,60,65,73,66,69,68
6.008,-0.9751649422112275,-0.6310864621830103,89.79176400591354,8,-0.975,-0.55,0.08917480966680465,0.00480076275662933,64,74,65,64,66,66,66,58
6.016,-0.975161492303677,-0.630378400587499,89.6499128779421,8,-0.975,-0.55,0.08788525710359495,0.012303075458476531,62,64,67,67,63,68,67,63
6.024,-0.9751580423961265,-0.6296703389919879,89.79176400591354,8,-0.975,-0.55,0.08914879568269199,0.004952105981405053,68,65,68,66,66,65,67,68
6.032,-0.9751545924885759,-0.6289622773964766,89.6499128779421,8,-0.975,-0.55,0.08785877863238105,0.012457120959668892,68,67,65,64,69,63,67,68
6.04,-0.9751511425810254,-0.6282542158009654,89.7917640059136,8,-0.975,-0.55,0.08912184017177117,0.00510892678711361,63,68,70,72,65,66,68,70
6.048,-0.9751476926734749,-0.6275461542054542,89.6499128779421,8,-0.975,-0.55,0.08783133307271948,0.01261679275338445,73,65,63,66,67,67,71,67
6.056,-0.9751442427659244,-0.6268380926099429,89.79176400591354,8,-0.975,-0.55,0.08909389107697441,0.005271528029498818,66,68,62,68,65,73,63,68
6.064,-0.9751407928583739,-0.6261300310144318,89.6499128779421,8,-0.975,-0.55,0.08780286645693329,0.01278240481084092,67,66,68,63,66,67,69,68
6.072,-0.9751373429508233,-0.6254219694189205,89.79176400591354,8,-0.975,-0.55,0.08906489243154353,0.005440235309961183,63,64,67,67,70,69,72,72
6.08,-0.9751338930432728,-0.6247139078234093,89.6499128779421,8,-0.975,-0.55,0.08777332072574506,0.012954294907222108,70,64,61,67,63,75,68,73
6.088,-0.9751304431357223,-0.624005846227898,89.79176400591354,8,-0.975,-0.55,0.08903478398495908,0.005615399151814415,62,63,67,66,66,66,68,67
6.096,-0.9751269932281718,-0.6232977846323868,89.64991287794217,8,-0.975,-0.55,0.087742633333028,0.013132826921143925,67,69,66,67,69,62,65,64
6.104,-0.9751235433206212,-0.6225897230368757,89.79176400591354,8,-0.975,-0.55,0.08900350078509467,0.0057973974312122145,64,65,68,66,66,69,67,64
6.112,-0.9751200934130707,-0.6218816614413645,89.64991287794217,8,-0.975,-0.55,0.08771073680383301,0.013318393405947537,70,68,68,62,66,68,65,67
6.12,-0.9751166435055202,-0.6211735998458533,89.79176400591354,8,-0.975,-0.55,0.08897097271048482,0.005986638098304242,62,65,68,73,64,65,69,69
6.128,-0.9751131935979697,-0.620465538250342,89.6499128779421,8,-0.975,-0.55,0.08767755823912969,0.013511418471000573,66,65,70,60,68,67,71,66
6.136,-0.9751097436904191,-0.6197574766548308,89.79176400591354,8,-0.975,-0.5,0.08859841971682274,0.008154063557492597,71,70,67,67,69,66,70,72
6.144,-0.9751062937828686,-0.6190494150593195,89.6499128779421,8,-0.975,-0.5,0.08730962683024561,0.015651956639843426,65,67,66,72,68,67,68,69
6.152,-0.9751028438753181,-0.6183413534638084,89.79176400591354,8,-0.975,-0.5,0.08857400906114735,0.008296078995527978,70,68,68,66,62,67,60,66
6.16,-0.9751005044147951,-0.617697657715085,89.79176400591354,8,-0.975,-0.5,0.08856621019003447,0.008341450988480714,70,65,62,68,63,63,66,68
6.168,-0.9750976970621675,-0.616925222816617,89.7917640059136,8,-0.975,-0.5,0.0885567381979316,0.008396556804786792,65,67,70,72,64,72,63,64
6.176,-0.9750953576016446,-0.6162815270678937,89.79176400591354,8,-0.975,-0.5,0.08854874874233856,0.008443037573300229,74,64,63,63,71,61,66,67
6.184,-0.975092550249017,-0.6155090921694257,89.7917640059136,8,-0.975,-0.5,0.0885390438553834,0.008499498316933973,68,71,66,65,66,66,72,69
6.192,-0.975090210788494,-0.6148653964207025,89.79176400591354,8,-0.975,-0.5,0.0885308567428883,0.008547129006690968,69,63,68,67,69,65,68,64
6.2,-0.9750874034358664,-0.6140929615222345,89.79176400591354,8,-0.975,-0.5,0.0885209102647336,0.008604995270949935,59,64,66,64,62,69,62,69
6.208,-0.9750850639753434,-0.6134492657735112,89.79176400591354,8,-0.975,-0.5,0.08851251806860097,0.0086538190889458,63,65,67,71,61,71,67,71
6.216,-0.9750822566227159,-0.6126768308750432,89.79176400591354,8,-0.975,-0.5,0.08850232086448519,0.00871314401771861,60,71,62,68,71,74,65,65
6.224,-0.9750799171621929,-0.61203313512632,89.79176400591354,8,-0.975,-0.5,0.08849371578119582,0.008763206362987887,67,63,65,69,64,69,72,70
6.232,-0.9750771098095653,-0.611260700227852,89.79176400591354,8,-0.975,-0.5,0.0884832582499597,0.00882404581355467,71,70,68,66,68,64,69,73
6.24,-0.9750754129079087,-0.6105526322611815,89.93361513388504,8,-0.975,-0.5,0.08975429233477124,0.0014294692518765917,66,70,66,71,64,61,62,68
6.248,-0.975073716006252,-0.6098445642945111,89.79176400591354,8,-0.975,-0.5,0.0884719335837408,0.008889930050957728,66,70,67,61,65,71,72,63
6.256,-0.9750720191045954,-0.6091364963278406,89.93361513388497,8,-0.975,-0.5,0.08974282119209104,0.001496205654788474,66,65,66,65,69,69,65,68
6.264,-0.9750703222029388,-0.6084284283611703,89.79176400591354,8,-0.975,-0.5,0.08846031310422245,0.008957535260376348,68,68,70,70,72,66,65,64
6.272,-0.9750686253012821,-0.6077203603944998,89.93361513388497,8,-0.975,-0.5,0.0897310484403909,0.0015646967478508693,69,71,69,64,73,66,69,61
6.28,-0.9750669283996255,-0.6070122924278295,89.79176400591354,8,-0.975,-0.5,0.08844838506756032,0.009026929764727187,68,65,66,64,63,68,65,69
6.288,-0.9750652314979689,-0.6063042244611591,89.93361513388497,8,-0.975,-0.5,0.08971896202597919,0.0016350126565991552,68,67,67,64,71,63,64,68
6.296,-0.9750635345963122,-0.6055961564944887,89.79176400591354,8,-0.975,-0.5,0.08843613709993017,0.009098185552001816,70,62,68,71,67,66,69,67
6.304,-0.9750607272436846,-0.6048237215960207,89.79176400591354,8,-0.975,-0.5,0.08842461310339776,0.009165229446161494,68,66,65,62,67,70,68,60
6.312,-0.9750583877831617,-0.6041800258472975,89.7917640059136,8,-0.975,-0.5,0.08841487923358586,0.009221858805220862,70,66,63,71,64,67,65,64
6.32,-0.975056690881505,-0.603471957880627,89.93361513388497,8,-0.975,-0.5,0.08968506039700412,0.0018322443390672571,70,68,65,60,66,63,72,69
6.328,-0.9750549939798484,-0.6027638899139566,89.79176400591354,8,-0.975,-0.5,0.08840183197326433,0.00929776468887944,62,65,63,66,69,67,71,65
6.336,-0.9750521866272208,-0.6019914550154887,89.79176400591354,8,-0.975,-0.5,0.08838972814777603,0.009368181891165285,68,68,68,71,70,68,67,68
6.344,-0.9750498471666978,-0.6013477592667653,89.79176400591354,8,-0.975,-0.5,0.0883795006875059,0.009427682843108798,61,70,67,63,67,65,63,65
6.352,-0.9750481502650412,-0.600639691300095,89.93361513388497,8,-0.975,-0.5,0.0896492506027178,0.002040577277319988,71,69,69,70,69,71,61,66
6.36,-0.9750472552896181,-0.5998672518185697,89.93361513388497,8,-0.975,-0.5,0.0896465376732208,0.00205636046135238,67,67,71,72,66,63,70,67
6.368,-0.9750455583879615,-0.5991591838518994,89.79176400591354,8,-0.975,-0.5,0.0883627953944153,0.009524870298756039,67,60,63,72,76,65,61,61
6.376,-0.9750438614863048,-0.5984511158852289,89.93361513388497,8,-0.975,-0.5,0.08963227154860363,0.0021393574100421193,67,63,65,66,68,69,66,67
6.384,-0.9750421645846482,-0.5977430479185585,89.7917640059136,8,-0.975,-0.5,0.08834832331491216,0.009609065444402765,67,70,63,68,64,66,72,69
6.392,-0.9750404676829916,-0.597034979951888,89.93361513388497,8,-0.975,-0.5,0.08961758902178776,0.0022247768885252928,56,67,68,66,66,62,64,70
6.4,-0.9750387707813349,-0.5963269119852176,89.79176400591354,8,-0.975,-0.5,0.08833342571674399,0.009695736157294021,65,64,67,64,71,66,70,65
6.408,-0.9750370738796783,-0.5956188440185473,89.93361513388497,8,-0.975,-0.5,0.08960247159175934,0.0023127265313371836,70,63,64,69,66,68,67,63
6.416,-0.9750353769780217,-0.5949107760518768,89.79176400591354,8,-0.975,-0.5,0.08831808355280345,0.009784993249008389,72,68,65,62,68,64,70,68
6.424,-0.975033680076365,-0.5942027080852065,89.93361513388497,8,-0.975,-0.5,0.08958689964501408,0.0024033204452205137,68,67,66,62,65,67,65,76
6.432,-0.9750319831747084,-0.593494640118536,89.79176400591354,8,-0.975,-0.5,0.08830227662197904,0.00987695424484869,68,74,69,64,66,61,69,67
6.44,-0.9750302862730518,-0.5927865721518657,89.93361513388497,8,-0.975,-0.5,0.08957085237066195,0.002496679703025695,72,69,66,69,66,66,66,74
6.448,-0.9750293912976287,-0.5920141326703404,89.93361513388497,8,-0.975,-0.5,0.08956724976386621,0.0025176388197725164,72,70,66,65,62,64,71,62
6.456,-0.9750286454847761,-0.5913704331024027,89.93361513388504,8,-0.975,-0.5,0.08956420106122674,0.0025353754527634997,62,61,69,60,67,62,67,71
6.464,-0.975027750509353,-0.5905979936208774,89.93361513388497,8,-0.975,-0.5,0.08956048543284427,0.002556992102448419,61,61,65,67,71,62,64,67
6.472,-0.9750270046965004,-0.5899542940529396,89.93361513388497,9,-0.975,-0.5,0.08955734033029099,0.002575289567404271,72,61,67,64,67,75,68,71
6.48,-0.9750261097210773,-0.5891818545714145,89.93361513388497,9,-0.975,-0.5,0.08955350627704903,0.0025975951849939176,68,68,70,72,74,69,69,70
6.488,-0.9750244128194206,-0.588473786604744,89.79176400591354,9,-0.975,-0.5,0.08826816411201276,0.01007541278319235,68,67,66,62,65,68,73,71
6.496,-0.975022715917764,-0.5877657186380737,89.93361513388497,9,-0.975,-0.5,0.08953600216252772,0.0026994299953415624,70,66,68,72,66,67,66,66
6.5040000000000004,-0.9750210190161074,-0.5870576506714033,89.79176400591354,9,-0.975,-0.5,0.08825037640348449,0.010178897476593505,66,63,71,66,64,65,64,61
6.5120000000000005,-0.9750193221144507,-0.5863495827047329,89.93361513388497,9,-0.975,-0.5,0.08951792391160185,0.0028046049958943,63,70,64,65,69,71,70,59
6.5200000000000005,-0.9750176252127941,-0.5856415147380625,89.79176400591354,9,-0.975,-0.5,0.08823200043290601,0.01028580453987482,62,70,69,65,73,66,73,66
6.5280000000000005,-0.9750159283111375,-0.584933446771392,89.93361513388504,9,-0.975,-0.5,0.08949924280575089,0.0029132872642319008,65,66,67,62,61,68,68,66
6.5360000000000005,-0.9750150333357144,-0.5841610072898668,89.93361513388497,9,-0.975,-0.5,0.08949464679587993,0.0029400257657994358,69,73,65,62,67,67,64,68
6.5440000000000005,-0.9750142875228618,-0.583517307721929,89.93361513388497,9,-0.975,-0.5,0.08949075184512587,0.0029626856707531957,65,70,64,60,66,69,68,66
6.5520000000000005,-0.9750133925474387,-0.5827448682404038,89.93361513388497,9,-0.975,-0.5,0.08948599791193278,0.0029903429329662945,61,72,71,68,63,68,65,70
6.5600000000000005,-0.9750126467345861,-0.5821011686724661,89.93361513388497,9,-0.975,-0.5,0.08948196796825772,0.0030137881948995027,68,67,69,70,67,68,59,63
6.5680000000000005,-0.975011751759163,-0.5813287291909409,89.93361513388497,9,-0.975,-0.5,0.08947704783000981,0.0030424123989258867,67,59,68,64,65,64,69,65
6.5760000000000005,-0.9750110059463104,-0.5806850296230032,89.93361513388497,9,-0.975,-0.5,0.08947287575183638,0.003066684565851574,66,66,66,64,66,72,69,62
6.5840000000000005,-0.9750101109708873,-0.579912590141478,89.93361513388497,9,-0.975,-0.5,0.08946778053743541,0.003096327321648884,63,65,67,67,70,68,72,66
6.5920000000000005,-0.9750092159954642,-0.5791401506599527,89.93361513388497,9,-0.975,-0.5,0.08946258586036579,0.0031265487277964965,72,68,72,67,67,70,68,65
6.6000000000000005,-0.9750084701826116,-0.578496451092015,89.93361513388504,9,-0.975,-0.5,0.0894581788660086,0.0031521875816797893,61,69,70,64,71,69,66,63
6.6080000000000005,-0.9750075752071885,-0.5777240116104897,89.93361513388497,9,-0.975,-0.5,0.0894527941177286,0.003183514777305385,74,64,64,72,70,70,66,66
6.6160000000000005,-0.9750068293943359,-0.577080312042552,89.93361513388497,9,-0.975,-0.5,0.08944822438585266,0.0032101003996949373,70,69,64,69,62,64,66,63
6.6240000000000006,-0.9750059344189128,-0.5763078725610268,89.93361513388497,9,-0.975,-0.5,0.0894426389402295,0.0032425952051333695,70,67,67,68,69,65,64,66
6.632000000000001,-0.9750051886060602,-0.575664172993089,89.93361513388497,9,-0.975,-0.5,0.08943789728735337,0.0032701810233584094,72,65,67,67,65,66,62,71
6.640000000000001,-0.9750042936306371,-0.5748917335115639,89.93361513388497,9,-0.975,-0.5,0.08943209971114117,0.003303909954537776,69,67,65,68,70,68,64,69
6.648000000000001,-0.9750035478177845,-0.5742480339436261,89.93361513388497,9,-0.975,-0.5,0.08942717624957279,0.0033325534928589917,64,67,65,69,62,69,70,68
6.656000000000001,-0.9750026528423614,-0.573475594462101,89.93361513388497,9,-0.975,-0.5,0.08942115422430345,0.0033675882157218062,63,72,66,72,71,70,67,68
6.664,-0.9750017578669383,-0.5727031549805757,89.93361513388497,9,-0.975,-0.5,0.08941500423621697,0.0034033673960776056,72,64,62,62,60,63,68,65
6.672,-0.9750010120540857,-0.5720594554126379,89.93361513388504,9,-0.975,-0.5,0.08940977852794363,0.0034337693344503872,71,69,66,65,61,69,67,62
6.68,-0.9750001170786626,-0.5712870159311126,89.93361513388497,9,-0.975,-0.5,0.08940338310560118,0.0034709763934275273,66,70,68,67,64,69,68,67
6.688,-0.97499937126581,-0.5706433163631749,89.93361513388497,9,-0.975,-0.5,0.08939794674970761,0.003502603829978579,67,71,66,68,60,70,67,69
6.696,-0.9749984762903869,-0.5698708768816497,89.93361513388497,9,-0.975,-0.4500000000000002,0.0893959814921714,0.003514037234864098,68,69,72,66,62,66,62,67
6.704,-0.9749977304775344,-0.569227177313712,89.93361513388497,9,-0.975,-0.4500000000000002,0.08939272043514321,0.0035330092956098458,62,71,63,69,66,65,69,73
6.712,-0.9749968355021112,-0.5684547378321868,89.93361513388497,9,-0.975,-0.4500000000000002,0.08938876038316815,0.003556047944114793,65,71,88,64,68,71,66,73
6.72,-0.9749960896892587,-0.5678110382642491,89.93361513388497,9,-0.975,-0.4500000000000002,0.08938542067192522,0.0035754775965330943,64,67,92,65,67,71,70,67
6.728,-0.9749951947138356,-0.5670385987827239,89.93361513388497,9,-0.975,-0.4500000000000002,0.08938136452678716,0.003599075292399112,71,67,94,66,65,66,65,67
6.736,-0.9749952508284737,-0.5663305287849474,90.07546626185639,9,-0.975,-0.4500000000000002,0.08934185544616804,-0.0038289298061455757,66,65,93,72,62,69,65,71
6.744,-0.9749953069431119,-0.565622458787171,89.93361513388497,9,-0.975,-0.4500000000000002,0.08938160574561974,0.0035976719381169975,69,66,89,66,69,69,65,67
6.752,-0.9749944119676888,-0.5648500193056457,89.93361513388497,9,-0.975,-0.4500000000000002,0.08937744664886282,0.003621868582222687,63,69,87,71,70,70,69,64
6.76,-0.9749936661548362,-0.564206319737708,89.93361513388497,9,-0.975,-0.4500000000000002,0.08937393775815429,0.0036422824808748366,67,66,90,70,63,68,68,60
6.768,-0.9749927711794131,-0.5634338802561828,89.93361513388497,9,-0.975,-0.4500000000000002,0.0893696745221859,0.0036670849823541296,62,70,90,64,70,60,67,62
6.776,-0.9749920253665605,-0.562790180688245,89.93361513388497,9,-0.975,-0.4500000000000002,0.08936607721960554,0.0036880132404266686,67,70,91,64,71,68,64,69
6.784,-0.9749911303911374,-0.5620177412067199,89.93361513388497,9,-0.975,-0.4500000000000002,0.0893617058835799,0.003713444642546193,65,65,94,63,65,68,72,68
6.792,-0.9749911865057755,-0.5613096712089434,90.07546626185639,9,-0.975,-0.4500000000000002,0.08936163373592997,-0.0037138643805592064,67,68,96,71,68,66,72,64
6.8,-0.9749912426204137,-0.560601601211167,89.93361513388497,9,-0.975,-0.4500000000000002,0.08936170634400328,0.0037134419639115457,68,66,97,68,70,71,66,61
6.808,-0.9749912987350519,-0.5598935312133905,90.07546626185639,9,-0.975,-0.4500000000000002,0.0893616332695921,-0.003713867093602996,63,71,91,69,66,62,68,69
6.816,-0.97499135484969,-0.5591854612156141,89.93361513388497,9,-0.975,-0.4500000000000002,0.08936170681637016,0.00371343921579248,73,66,100,65,64,67,66,65
6.824,-0.9749904598742669,-0.5584130217340888,89.93361513388497,9,-0.975,-0.4500000000000002,0.08935715899498216,0.003739897368130185,65,63,82,63,63,63,72,71
6.832,-0.9749897140614143,-0.557769322166151,89.93361513388497,9,-0.975,-0.4500000000000002,0.08935331934342294,0.0037622355554094433,68,61,70,66,69,67,67,63
6.84,-0.9749888190859912,-0.5569968826846259,89.93361513388497,9,-0.975,-0.4500000000000002,0.08934865077869286,0.003789396164036951,69,68,77,70,67,72,66,70
6.848,-0.9749880732731386,-0.5563531831166881,89.93361513388497,9,-0.975,-0.4500000000000002,0.08934470850477708,0.003812331383985512,71,70,67,68,71,68,63,69
6.856,-0.9749871782977155,-0.555580743635163,89.93361513388497,9,-0.975,-0.4500000000000002,0.08933991432351628,0.0038402227999649874,66,74,70,67,65,62,70,71
6.864,-0.9749872344123537,-0.5548726736373865,90.07546626185639,9,-0.975,-0.4500000000000002,0.0893835724122711,-0.003586230335331786,69,75,68,69,65,61,65,60
6.872,-0.9749872905269918,-0.5541646036396101,89.93361513388497,9,-0.975,-0.4500000000000002,0.08933961855148834,0.003841943531872615,65,73,86,74,60,63,61,68
6.88,-0.97498734664163,-0.5534565336418336,90.07546626185639,9,-0.975,-0.4500000000000002,0.08938387221923615,-0.0035844861291116636,70,65,82,67,62,65,65,62
6.888,-0.9749874027562682,-0.5527484636440572,89.93361513388497,9,-0.975,-0.4500000000000002,0.08933931462645098,0.003843711696066343,68,62,87,58,71,64,66,62
6.896,-0.9749874588709063,-0.5520403936462807,90.07546626185639,9,-0.975,-0.4500000000000002,0.08938418034778078,-0.0035826935099039225,62,70,69,69,64,68,68,62
6.904,-0.9749875149855445,-0.5513323236485043,89.93361513388504,9,-0.975,-0.4500000000000002,0.08933900220658493,0.0038455292811701014,69,68,76,70,67,65,64,65
6.912,-0.9749866200101214,-0.550559884166979,89.93361513388497,9,-0.975,-0.4500000000000002,0.08933392482413242,0.0038750682948964776,62,69,79,67,67,68,66,74
6.92,-0.9749858741972688,-0.5499161845990412,89.93361513388497,9,-0.975,-0.4500000000000002,0.08932963370283963,0.0039000330266170113,66,66,74,63,63,67,68,68
6.928,-0.9749849792218457,-0.5491437451175161,89.93361513388497,9,-0.975,-0.4500000000000002,0.08932441080561897,0.0039304186109483386,74,65,86,67,64,66,69,68
6.936,-0.9749842334089931,-0.5485000455495783,89.93361513388497,9,-0.975,-0.4500000000000002,0.0893199958164478,0.003956103976773928,69,64,97,73,69,67,65,64
6.944,-0.97498333843357,-0.5477276060680532,89.93361513388497,9,-0.975,-0.4500000000000002,0.08931462105804687,0.003987373053639054,66,68,90,63,67,70,69,63
6.952,-0.9749833945482081,-0.5470195360702766,90.07546626185639,9,-0.975,-0.4500000000000002,0.08940906216321988,-0.003437936975475342,65,67,95,72,70,66,68,65
6.96,-0.9749834506628463,-0.5463114660725003,89.93361513388497,9,-0.975,-0.4500000000000002,0.08931392926315583,0.003991397753171366,59,70,100,68,67,66,68,67
6.968,-0.9749835067774845,-0.5456033960747237,90.07546626185639,9,-0.975,-0.4500000000000002,0.08940976416803531,-0.0034338528770105903,68,65,98,67,68,67,71,64
6.976,-0.9749835628921226,-0.5448953260769474,89.93361513388504,9,-0.975,-0.4500000000000002,0.08931321682070693,0.003995542575326194,66,69,95,62,64,60,72,68
6.984,-0.9749836190067608,-0.544187256079171,90.07546626185639,9,-0.975,-0.4500000000000002,0.08941048728265096,-0.003429645966706474,59,70,99,73,67,69,64,70
6.992,-0.9749836751213989,-0.5434791860813944,89.93361513388497,9,-0.975,-0.4500000000000002,0.08931248279231278,0.003999812979419869,66,69,98,64,74,63,69,69
7.0,-0.9749827801459758,-0.5427067465998693,89.93361513388497,9,-0.975,-0.4500000000000002,0.08930675434594916,0.004033139729442858,63,71,67,63,68,72,67,66
7.008,-0.9749820343331232,-0.5420630470319315,89.93361513388497,9,-0.975,-0.4500000000000002,0.08930190721021976,0.004061339222032556,65,74,63,66,62,60,62,66
7.016,-0.9749811393577001,-0.5412906075504064,89.93361513388497,9,-0.975,-0.4500000000000002,0.08929600041835124,0.004095703544144457,68,68,70,78,69,65,67,68
7.024,-0.9749811954723383,-0.5405825375526299,90.07546626185639,9,-0.975,-0.4500000000000002,0.0894278527584912,-0.003328617723510563,69,65,66,71,72,66,65,71
7.032,-0.9749812515869765,-0.5398744675548535,89.93361513388497,10,-0.975,-0.4500000000000002,0.08929496567273082,0.00410172345014348,71,65,66,66,68,63,65,63
7.04,-0.9749813077016146,-0.539166397557077,90.07546626185639,10,-0.975,-0.4500000000000002,0.08942890387370223,-0.003322502583093856,62,62,64,69,71,69,70,59
7.048,-0.9749813638162528,-0.5384583275593006,89.93361513388504,10,-0.975,-0.4500000000000002,0.08929389779637813,0.004107936102929699,69,65,70,69,63,64,67,70
7.056,-0.9749814199308909,-0.5377502575615242,90.07546626185639,10,-0.975,-0.4500000000000002,0.08942998891533785,-0.003316190066739555,64,62,91,70,66,67,65,62
7.064,-0.9749814760455291,-0.5370421875637477,89.93361513388497,10,-0.975,-0.4500000000000002,0.08929279517222156,0.004114350910244369,65,69,90,63,63,70,65,69
7.072,-0.974980581070106,-0.5362697480822225,89.93361513388497,10,-0.975,-0.4500000000000002,0.0892864630207517,0.0041511898742057065,61,63,93,70,66,72,63,73
7.08,-0.9749798352572534,-0.5356260485142847,89.93361513388497,10,-0.975,-0.4500000000000002,0.08928109895686895,0.00418239673288623,68,65,72,71,69,61,63,71
7.088,-0.9749789402818303,-0.5348536090327596,89.93361513388497,10,-0.975,-0.4500000000000002,0.08927455465390831,0.004220469944189897,62,66,78,61,67,66,68,73
7.096,-0.9749789963964685,-0.5341455390349831,90.07546626185639,10,-0.975,-0.4500000000000002,0.08944951825409153,-0.0032025729794098456,63,67,82,68,62,68,65,68
7.104,-0.9749790525111066,-0.5334374690372067,89.93361513388497,10,-0.975,-0.4500000000000002,0.08927307609258844,0.004229071865264666,65,64,83,67,66,67,66,63
7.112,-0.9749791086257448,-0.5327293990394302,90.07546626185639,10,-0.975,-0.4500000000000002,0.08945102201854427,-0.003193824432451642,63,71,96,61,71,72,67,64
7.12,-0.9749791647403829,-0.5320213290416538,89.93361513388504,10,-0.975,-0.4500000000000002,0.089271546475044,0.004237970819413573,72,69,93,66,73,69,70,67
7.128,-0.9749792208550211,-0.5313132590438774,90.07546626185639,10,-0.975,-0.4500000000000002,0.0894525781616844,-0.003184771158642353,67,58,96,72,68,68,65,66
7.136,-0.9749792769696592,-0.5306051890461009,89.93361513388497,10,-0.975,-0.4500000000000002,0.08926996311027646,0.004247182462231436,71,69,86,66,64,67,66,64
7.144,-0.9749793330842974,-0.5298971190483245,90.07546626185639,10,-0.975,-0.4500000000000002,0.08945418946867688,-0.003175396954549381,68,67,89,68,69,67,68,76
7.152,-0.9749793891989356,-0.529189049050548,89.93361513388497,10,-0.975,-0.4500000000000002,0.08926832311479867,0.0042567235691666205,71,64,92,73,59,65,64,68
7.16,-0.9749784942235125,-0.5284166095690228,89.93361513388497,10,-0.975,-0.4500000000000002,0.0892611157605729,0.004298654256365664,68,64,84,67,68,71,65,68
7.168,-0.9749785503381506,-0.5277085395712463,90.07546626185639,10,-0.975,-0.4500000000000002,0.0894631403239672,-0.0031233229893208314,65,70,86,68,65,67,66,68
7.176,-0.9749786064527888,-0.5270004695734699,89.93361513388497,10,-0.975,-0.4500000000000002,0.0892592664372166,0.00430941318353284,69,76,90,69,68,62,69,64
7.184,-0.9749786625674269,-0.5262923995756934,90.07546626185639,10,-0.975,-0.4500000000000002,0.08946502381808095,-0.0031123652647451205,65,61,93,68,66,63,66,63
7.192,-0.9749787186820651,-0.525584329577917,89.93361513388504,10,-0.975,-0.4500000000000002,0.08925734781641181,0.004320575266913096,66,69,90,72,72,68,65,60
7.2,-0.9749787747967033,-0.5248762595801406,90.07546626185639,10,-0.975,-0.4500000000000002,0.08946697855750556,-0.0031009930517524875,64,70,100,68,65,67,64,64
7.208,-0.9749788309113414,-0.5241681895823641,89.93361513388497,10,-0.975,-0.4500000000000002,0.08925535592873694,0.004332163599665151,63,65,98,69,68,70,65,64
7.216,-0.9749788870259796,-0.5234601195845877,90.07546626185639,10,-0.975,-0.4500000000000002,0.08946900866257161,-0.00308918237923117,64,68,74,69,61,67,71,61
7.224,-0.9749789431406177,-0.5227520495868112,89.93361513388497,10,-0.975,-0.4500000000000002,0.0892532864957112,0.004344203072981445,65,63,66,71,62,68,59,72
7.232,-0.9749789992552559,-0.5220439795890348,90.07546626185639,10,-0.975,-0.4500000000000002,0.08947111857757649,-0.00307690739130706,71,65,66,63,69,67,70,64
7.24,-0.974980016662523,-0.5212715402590661,90.07546626185639,10,-0.975,-0.4500000000000002,0.08946538656902508,-0.0031102548652985904,69,67,68,64,67,60,66,69
7.248,-0.9749800727771611,-0.5205634702612897,89.93361513388497,10,-0.975,-0.4500000000000002,0.08925691253334643,0.004323107641136081,61,66,67,68,69,66,71,61
7.256,-0.9749801288917993,-0.5198554002635132,90.07546626185639,10,-0.975,-0.40000000000000013,0.08940629645872598,-0.003454027191993836,70,67,69,71,63,67,68,67
7.264,-0.9749801850064375,-0.5191473302657368,89.93361513388497,10,-0.975,-0.40000000000000013,0.08931677818249863,0.003974823412286277,65,67,67,71,67,64,70,66
7.272,-0.9749802411210756,-0.5184392602679603,90.07546626185639,10,-0.975,-0.40000000000000013,0.08940683004378587,-0.0034509229199490843,64,67,85,63,61,65,71,66
7.28,-0.9749802972357138,-0.5177311902701838,89.93361513388497,10,-0.975,-0.40000000000000013,0.08931623819823507,0.003977964913388866,66,64,86,68,68,64,66,64
7.288,-0.9749803533503519,-0.5170231202724074,90.07546626185639,10,-0.975,-0.40000000000000013,0.08940737654306544,-0.003447743516019619,67,74,87,60,69,57,66,67
7.296,-0.9749804094649901,-0.5163150502746309,89.93361513388497,10,-0.975,-0.40000000000000013,0.08931568506531544,0.00398118291027183,67,65,80,68,67,64,66,66
7.304,-0.9749804655796283,-0.5156069802768545,90.07546626185639,10,-0.975,-0.40000000000000013,0.08940793643114671,-0.0034444862191993497,64,63,87,69,67,69,66,70
7.312,-0.9749814829868954,-0.5148345409468857,90.07546626185639,10,-0.975,-0.40000000000000013,0.08940395388832549,-0.003467655714143314,70,65,84,65,64,68,70,67
7.32,-0.9749815391015335,-0.5141264709491093,89.93361513388497,10,-0.975,-0.40000000000000013,0.08931912361933805,0.003961178213871097,65,65,87,69,67,71,62,69
7.328,-0.9749815952161717,-0.5134184009513328,90.07546626185639,10,-0.975,-0.40000000000000013,0.08940448184509224,-0.0034645841861806748,62,62,92,71,65,69,65,69
7.336,-0.9749816513308098,-0.5127103309535564,89.93361513388497,10,-0.975,-0.40000000000000013,0.08931858904967852,0.003964288214084455,62,72,90,63,65,62,69,63
7.344,-0.974981707445448,-0.5120022609557799,90.07546626185639,10,-0.975,-0.40000000000000013,0.08940502315267303,-0.003461434986330447,64,64,84,66,70,69,66,67
7.352,-0.9749817635600861,-0.5112941909580034,89.93361513388497,10,-0.975,-0.40000000000000013,0.08931804087597625,0.003967477359410276,67,73,94,61,66,60,66,65
7.36,-0.9749818196747243,-0.510586120960227,90.07546626185639,10,-0.975,-0.40000000000000013,0.08940557832397011,-0.0034582051306482064,67,65,88,72,65,65,68,72
7.368,-0.9749818757893625,-0.5098780509624505,89.93361513388497,10,-0.975,-0.40000000000000013,0.0893174785722328,0.003970748709983374,64,70,85,73,68,71,62,65
7.376,-0.9749819319040006,-0.5091699809646741,90.07546626185639,10,-0.975,-0.40000000000000013,0.08940614789849886,-0.003454891480360711,74,61,88,68,66,70,72,70
7.384,-0.9749819880186388,-0.5084619109668976,89.93361513388497,10,-0.975,-0.40000000000000013,0.08931690158497871,0.003974105485758717,69,65,90,70,69,66,68,66
7.392,-0.9749810930432157,-0.5076894714853725,89.93361513388497,10,-0.975,-0.40000000000000013,0.08931200182672001,0.004002611123814059,67,62,87,67,67,62,67,68
7.4,-0.9749811491578538,-0.506981401487596,90.07546626185639,10,-0.975,-0.40000000000000013,0.08941166675614574,-0.0034227840680651767,64,69,88,62,69,66,69,67
7.408,-0.974981205272492,-0.5062733314898196,89.93361513388497,10,-0.975,-0.40000000000000013,0.08931133997696603,0.004006461609600942,68,67,99,67,62,66,67,57
7.416,-0.9749812613871301,-0.5055652614920431,90.07546626185639,10,-0.975,-0.40000000000000013,0.0894123374551191,-0.003418882099606834,61,66,106,66,66,69,60,70
7.424,-0.9749813175017683,-0.5048571914942667,89.93361513388504,10,-0.975,-0.40000000000000013,0.08931066025010055,0.004010416100206582,65,62,104,64,61,73,60,71
7.432,-0.9749813736164065,-0.5041491214964903,90.07546626185639,10,-0.975,-0.40000000000000013,0.08941302639339427,-0.003414874019191938,65,64,85,70,62,63,66,69
7.44,-0.9749814297310446,-0.5034410514987138,89.93361513388497,10,-0.975,-0.40000000000000013,0.08930996191189183,0.004014478867218063,60,68,83,65,65,66,68,66
7.448,-0.9749814858456828,-0.5027329815009374,90.07546626185639,10,-0.975,-0.40000000000000013,0.08941373432523922,-0.0034107554386673122,68,69,85,69,65,72,61,65
7.456,-0.9749815419603209,-0.5020249115031609,89.93361513388497,10,-0.975,-0.40000000000000013,0.08930924418734698,0.004018654419361445,71,67,102,64,64,72,72,70
7.464,-0.9749806469848978,-0.5012524720216357,89.93361513388497,10,-0.975,-0.40000000000000013,0.08930397451599972,0.004049312124530635,69,64,106,62,62,63,66,68
7.472,-0.974980703099536,-0.5005444020238592,90.07546626185639,10,-0.975,-0.40000000000000013,0.08941977164415531,-0.0033756317409743275,62,68,109,61,68,67,73,69
7.48,-0.9749807592141742,-0.4998363320260828,89.93361513388497,10,-0.975,-0.40000000000000013,0.08930315612882585,0.004054073308110695,66,69,103,69,65,69,64,68
7.488,-0.9749808153288123,-0.4991282620283063,90.07546626185639,10,-0.975,-0.40000000000000013,0.08942060168158808,-0.0033708027789354222,62,69,109,66,63,71,65,64
7.496,-0.9749808714434505,-0.49842019203052984,89.93361513388504,10,-0.975,-0.40000000000000013,0.08930231419057504,0.004058971506302411,64,68,105,67,65,66,66,68
7.5040000000000004,-0.9749809275580886,-0.4977121220327534,90.07546626185639,10,-0.975,-0.40000000000000013,0.08942145577845499,-0.0033658338447826175,67,67,104,67,66,65,64,67
7.5120000000000005,-0.9749809836727268,-0.4970040520349769,89.93361513388497,10,-0.975,-0.40000000000000013,0.08930144766979516,0.004064012719851018,67,62,108,64,70,68,61,67
7.5200000000000005,-0.974981039787365,-0.4962959820372005,90.07546626185639,10,-0.975,-0.40000000000000013,0.08942233499621847,-0.0033607187631776725,73,64,109,62,68,71,64,68
7.5280000000000005,-0.9749810959020031,-0.495587912039424,89.93361513388497,10,-0.975,-0.40000000000000013,0.08930055547391366,0.004069203305085978,71,66,108,64,70,68,69,66
7.5360000000000005,-0.9749811520166413,-0.4948798420416476,90.07546626185639,10,-0.975,-0.40000000000000013,0.08942324045971306,-0.003355450990098597,69,68,111,67,69,71,64,68
7.5440000000000005,-0.9749821694239084,-0.49410740271167886,90.07546626185639,10,-0.975,-0.40000000000000013,0.08941850637901848,-0.003382992755157188,65,67,118,60,70,67,66,67
7.5520000000000005,-0.9749822255385465,-0.49339933271390246,89.93361513388497,10,-0.975,-0.40000000000000013,0.08930440258620484,0.004046821713027615,64,65,116,66,63,62,70,69
7.5600000000000005,-0.9749822816531847,-0.49269126271612596,90.07546626185639,10,-0.975,-0.40000000000000013,0.08941937472813018,-0.0033779409048051426,65,63,111,70,71,74,70,68
7.5680000000000005,-0.9749823377678228,-0.4919831927183495,89.93361513388504,10,-0.975,-0.40000000000000013,0.08930352091898017,0.004051951045020097,68,67,117,62,66,71,69,70
7.5760000000000005,-0.974982393882461,-0.49127512272057305,90.07546626185639,10,-0.975,-0.40000000000000013,0.08942027002223725,-0.0033727322948244876,74,68,112,61,68,59,69,67
7.5840000000000005,-0.9749824499970992,-0.49056705272279655,89.93361513388497,10,-0.975,-0.40000000000000013,0.08930261167960375,0.00405724078528924,65,72,112,66,67,65,68,66
7.5920000000000005,-0.9749825061117373,-0.48985898272502015,90.07546626185639,11,-0.975,-0.40000000000000013,0.08942119353526529,-0.0033673595138163925,64,73,112,64,67,74,68,72
7.6000000000000005,-0.9749825622263755,-0.48915091272724365,89.93361513388497,11,-0.975,-0.40000000000000013,0.08930167355414766,0.004062698577957713,72,71,113,66,70,67,68,62
7.6080000000000005,-0.9749826183410136,-0.48844284272946725,90.07546626185639,11,-0.975,-0.40000000000000013,0.08942214662273178,-0.003361814675699737,71,68,103,73,69,67,63,64
7.6160000000000005,-0.9749836357482807,-0.4876704033994985,90.07546626185639,11,-0.975,-0.40000000000000013,0.08941705531546935,-0.00339143470068648,62,73,106,67,66,67,70,63
7.6240000000000006,-0.9749836918629189,-0.4869623334017221,89.93361513388497,11,-0.975,-0.40000000000000013,0.08930583357049447,0.004038496583894879,68,67,110,69,67,68,72,64
7.632000000000001,-0.974983747977557,-0.4862542634039456,90.07546626185639,11,-0.975,-0.40000000000000013,0.08941796464404629,-0.003386144441469785,69,67,104,63,61,66,64,76
7.640000000000001,-0.9749838040921952,-0.48554619340616917,89.93361513388504,11,-0.975,-0.40000000000000013,0.0893049092500881,0.004043874062039655,71,66,110,60,63,61,65,61
7.648000000000001,-0.9749838602068334,-0.4848381234083927,90.07546626185639,11,-0.975,-0.40000000000000013,0.08941890433012023,-0.0033806775694946722,68,68,113,65,62,66,67,68
7.656000000000001,-0.9749839163214715,-0.4841300534106162,89.93361513388497,11,-0.975,-0.40000000000000013,0.08930395381197584,0.00404943257565904,65,61,110,68,68,66,64,60
7.664000000000001,-0.9749839724361097,-0.4834219834128398,90.07546626185639,11,-0.975,-0.40000000000000013,0.08941987591970339,-0.003375025090426531,67,68,109,68,67,63,63,65
7.672000000000001,-0.9749840285507478,-0.4827139134150633,89.93361513388497,11,-0.975,-0.40000000000000013,0.08930296565786691,0.004055181423231691,67,65,112,63,69,65,63,72
7.68,-0.974984084665386,-0.4820058434172869,90.07546626185639,11,-0.975,-0.40000000000000013,0.0894208810655985,-0.0033691773886490584,68,63,104,67,66,69,74,66
7.688,-0.9749841407800242,-0.4812977734195104,89.93361513388497,11,-0.975,-0.40000000000000013,0.08930194307810344,0.004061130551143988,70,66,106,69,66,67,68,65
7.696,-0.974983245804601,-0.4805253339379852,89.93361513388497,11,-0.975,-0.40000000000000013,0.0892952469629051,0.00410008697024522,65,72,106,68,67,62,69,62
7.704,-0.9749833019192392,-0.4798172639402087,90.07546626185639,11,-0.975,-0.40000000000000013,0.08942868213262382,-0.003323792620395505,66,75,107,63,65,70,67,65
7.712,-0.9749833580338774,-0.47910919394243223,89.93361513388504,11,-0.975,-0.40000000000000013,0.08929405792020015,0.0041070045402946675,73,77,106,66,71,67,62,60
7.72,-0.9749834141485155,-0.4784011239446558,90.07546626185639,11,-0.975,-0.40000000000000013,0.08942989255744702,-0.003316750654224654,70,70,123,73,66,66,66,66
7.728,-0.9749834702631537,-0.4776930539468793,89.93361513388497,11,-0.975,-0.40000000000000013,0.08929282553125366,0.004114174288555095,63,66,110,71,68,67,71,69
7.736,-0.9749835263777918,-0.4769849839491029,90.07546626185639,11,-0.975,-0.40000000000000013,0.08943114751383648,-0.003309449613903004,66,67,111,68,65,63,68,70
7.744,-0.97498358249243,-0.4762769139513264,89.93361513388497,11,-0.975,-0.40000000000000013,0.08929154738179822,0.004121610260665153,65,66,121,67,63,72,67,66
7.752,-0.9749836386070682,-0.47556884395355,90.07546626185639,11,-0.975,-0.40000000000000013,0.08943244950532117,-0.0033018749344893026,74,62,131,66,66,66,66,68
7.76,-0.9749836947217063,-0.4748607739557735,89.93361513388497,11,-0.975,-0.40000000000000013,0.08929022087488107,0.004129327565083329,64,69,129,61,61,69,65,71
7.768,-0.9749837508363445,-0.4741527039579971,90.07546626185639,11,-0.975,-0.40000000000000013,0.08943380122667564,-0.003294010938420966,65,69,125,66,68,63,69,66
7.776,-0.9749847682436116,-0.47338026462802835,90.07546626185639,11,-0.975,-0.40000000000000013,0.08942784111621044,-0.0033286854555545364,69,67,140,69,66,63,64,71
7.784,-0.9749848243582497,-0.47267219463025195,89.93361513388497,11,-0.975,-0.40000000000000013,0.08929485400354925,0.004102373115107305,68,69,136,63,71,68,72,70
7.792,-0.9749848804728879,-0.47196412463247545,90.07546626185639,11,-0.975,-0.40000000000000013,0.08942914326044062,-0.0033211098875036704,64,72,133,69,64,62,66,66
7.8,-0.974984936587526,-0.47125605463469894,89.93361513388497,11,-0.975,-0.40000000000000013,0.08929352610662986,0.004110098506230786,66,69,132,67,67,63,64,68
7.808,-0.9749849927021642,-0.47054798463692254,90.07546626185639,11,-0.975,-0.40000000000000013,0.08943049768167022,-0.00331323018419849,65,70,129,68,67,70,65,64
7.816,-0.9749850488168024,-0.46983991463914604,89.93361513388497,11,-0.975,-0.3500000000000001,0.08933820240393713,0.003850182344360187,60,69,128,70,65,67,65,70
7.824,-0.9749851049314405,-0.46913184464136964,90.07546626185639,11,-0.975,-0.3500000000000001,0.08938527692547178,-0.0035763138794999705,67,71,119,70,65,64,64,68
7.832,-0.9749851610460787,-0.46842377464359314,89.93361513388497,11,-0.975,-0.3500000000000001,0.08933792177368433,0.0038518149849908756,69,78,115,64,67,75,73,70
7.84,-0.9749852171607168,-0.46771570464581674,90.07546626185639,11,-0.975,-0.3500000000000001,0.08938556092172148,-0.0035746616562930544,62,68,119,64,68,69,63,68
7.848,-0.974986234567984,-0.466943265315848,90.07546626185639,11,-0.975,-0.3500000000000001,0.08938150239637822,-0.003598273199631574,71,75,119,68,75,64,70,66
7.856,-0.9749862906826221,-0.4662351953180716,89.93361513388497,11,-0.975,-0.3500000000000001,0.089341716638398,0.0038297373570170823,67,72,125,68,67,66,66,60
7.864,-0.9749863467972603,-0.4655271253202951,90.07546626185639,11,-0.975,-0.3500000000000001,0.08938174550428052,-0.003596858855187346,67,73,130,70,67,68,65,65
7.872,-0.9749864029118984,-0.4648190553225186,89.93361513388497,11,-0.975,-0.3500000000000001,0.08934147054121652,0.0038311690923826802,65,106,128,70,68,64,66,69
7.88,-0.9749864590265366,-0.4641109853247422,90.07546626185639,11,-0.975,-0.3500000000000001,0.08938199464621757,-0.0035954094061518838,69,105,119,67,67,63,70,65
7.888,-0.9749865151411747,-0.4634029153269657,89.93361513388497,11,-0.975,-0.3500000000000001,0.08934121829766642,0.0038326365858714073,71,104,118,68,70,65,69,64
7.896,-0.9749865712558129,-0.4626948453291893,90.07546626185639,11,-0.975,-0.3500000000000001,0.08938225004966292,-0.003593923529137788,71,99,123,69,66,66,68,73
7.904,-0.974986627370451,-0.4619867753314128,89.93361513388497,11,-0.975,-0.3500000000000001,0.08934095967457412,0.003834141194032137,71,77,118,65,70,63,65,72
7.912,-0.9749866834850892,-0.4612787053336364,90.07546626185639,11,-0.975,-0.3500000000000001,0.08938251195366972,-0.003592399833390214,64,78,109,71,60,65,68,69
7.92,-0.9749877008923563,-0.4605062660036677,90.07546626185639,11,-0.975,-0.3500000000000001,0.08937819570657539,-0.0036175107410987275,70,84,123,71,68,61,61,68
7.928,-0.9749877570069945,-0.4597981960058913,89.93361513388497,11,-0.975,-0.3500000000000001,0.08934503756970553,0.00381041696183404,70,87,119,70,58,70,63,70
7.936,-0.9749878131216326,-0.4590901260081148,90.07546626185639,11,-0.975,-0.3500000000000001,0.08937841023397865,-0.0036162626712579185,68,103,134,70,71,64,70,66
7.944,-0.9749878692362708,-0.45838205601033827,89.93361513388497,11,-0.975,-0.3500000000000001,0.08934482024828586,0.0038116812866035845,67,99,138,61,69,70,68,66
7.952,-0.974987925350909,-0.4576739860125619,90.07546626185639,11,-0.975,-0.3500000000000001,0.08937863040435735,-0.0036149817719166597,65,108,150,62,60,65,64,73
7.96,-0.9749879814655471,-0.45696591601478537,89.93361513388497,11,-0.975,-0.3500000000000001,0.0893445971725554,0.0038129790885961246,67,109,136,66,62,70,70,66
7.968,-0.9749880375801853,-0.456257846017009,90.07546626185639,11,-0.975,-0.3500000000000001,0.08937885644333016,-0.003613666730478915,70,105,127,69,64,64,69,67
7.976,-0.9749880936948234,-0.45554977601923247,89.93361513388497,11,-0.975,-0.3500000000000001,0.08934436811090125,0.0038143117152811268,63,99,134,69,66,69,66,67
7.984,-0.9749881498094616,-0.45484170602145607,90.07546626185639,11,-0.975,-0.3500000000000001,0.08937908858870548,-0.003612316163431384,67,99,142,63,65,69,65,66
7.992,-0.9749882059240997,-0.45413363602367957,89.93361513388497,11,-0.975,-0.3500000000000001,0.08934413281911077,0.0038156805874300925,67,98,144,65,67,62,61,66
8.0,-0.9749873109486766,-0.45336119654215434,89.93361513388497,11,-0.975,-0.3500000000000001,0.0893392313868346,0.003844195964524343,70,109,149,65,69,65,66,66
8.008000000000001,-0.9749873670633148,-0.45265312654437784,90.07546626185639,11,-0.975,-0.3500000000000001,0.0893842632356172,-0.003582211288018833,61,115,139,66,70,64,72,64
8.016,-0.974987423177953,-0.4519450565466014,89.93361513388504,11,-0.975,-0.3500000000000001,0.08933891968844533,0.003846009352246327,65,104,135,64,65,71,67,67
8.024000000000001,-0.9749874792925911,-0.45123698654882494,90.07546626185639,11,-0.975,-0.3500000000000001,0.08938457927912077,-0.0035803726214465037,71,112,135,68,71,70,69,65
8.032,-0.9749875354072293,-0.45052891655104843,89.93361513388497,11,-0.975,-0.3500000000000001,0.08933859920833143,0.0038478738299712045,63,100,139,68,63,66,70,66
8.040000000000001,-0.9749875915218674,-0.44982084655327204,90.07546626185639,11,-0.975,-0.3500000000000001,0.08938490428992651,-0.0035784817852249065,70,108,131,63,72,70,65,67
8.048,-0.9749876476365056,-0.44911277655549553,89.93361513388497,11,-0.975,-0.3500000000000001,0.08933826957007106,0.003849791587632545,65,104,145,67,65,65,64,61
8.056000000000001,-0.9749877037511437,-0.44840470655771913,90.07546626185639,11,-0.975,-0.3500000000000001,0.08938523865517908,-0.0035765365270377103,69,110,133,74,70,67,68,64
8.064,-0.9749877598657819,-0.44769663655994263,89.93361513388497,11,-0.975,-0.3500000000000001,0.08933793037541363,0.003851764942158331,68,103,138,68,63,68,63,71
8.072000000000001,-0.9749878159804201,-0.44698856656216623,90.07546626185639,11,-0.975,-0.3500000000000001,0.08938558278463414,-0.003574534463023138,66,112,141,61,68,64,59,66
8.08,-0.9749888333876872,-0.4462161272321975,90.07546626185639,11,-0.975,-0.3500000000000001,0.08938065013631433,-0.0036032314476976968,61,111,142,65,70,68,74,63
8.088000000000001,-0.9749888895023253,-0.44550805723442105,89.93361513388504,11,-0.975,-0.3500000000000001,0.08934254899796433,0.0038248948853527587,71,112,138,67,71,66,60,68
8.096,-0.9749889456169635,-0.4447999872366446,90.07546626185639,11,-0.975,-0.3500000000000001,0.08938093366628444,-0.0036015819371955082,69,108,141,66,66,66,65,67
8.104000000000001,-0.9749890017316016,-0.4440919172388681,89.93361513388497,11,-0.975,-0.3500000000000001,0.08934226121651512,0.003826569129957713,63,112,141,65,66,73,66,62
8.112,-0.9749890578462398,-0.4433838472410917,90.07546626185639,11,-0.975,-0.3500000000000001,0.08938122579556022,-0.0035998823979608296,64,114,133,68,64,67,71,69
8.120000000000001,-0.974989113960878,-0.4426757772433152,89.93361513388497,11,-0.975,-0.3500000000000001,0.08934196464012949,0.003828294541428745,65,118,155,66,67,69,70,69
8.128,-0.9749891700755161,-0.4419677072455388,90.07546626185639,11,-0.975,-0.3500000000000001,0.08938152692138411,-0.0035981305189309865,64,111,148,69,68,66,67,62
8.136000000000001,-0.9749892261901543,-0.4412596372477623,89.93361513388497,11,-0.975,-0.3500000000000001,0.0893416588593751,0.003830073501746467,73,111,146,72,67,71,64,64
8.144,-0.9749892823047924,-0.4405515672499859,90.07546626185639,11,-0.975,-0.3500000000000001,0.08938183746584842,-0.0035963238444722823,64,111,137,72,67,68,71,65
8.152000000000001,-0.9749902997120595,-0.43977912792001717,90.07546626185639,12,-0.975,-0.3500000000000001,0.08937651893177734,-0.003627265821445569,66,116,147,69,63,65,69,60
8.16,-0.9749903558266977,-0.4390710579222407,89.93361513388504,12,-0.975,-0.3500000000000001,0.08934670287435716,0.0038007286120942396,68,122,136,63,73,71,65,69
8.168000000000001,-0.9749904119413358,-0.43836298792446426,90.07546626185639,12,-0.975,-0.3500000000000001,0.08937675690781349,-0.0036258813329883557,65,115,137,69,67,66,63,66
8.176,-0.974990468055974,-0.43765491792668776,89.93361513388497,12,-0.975,-0.3500000000000001,0.08934646106889613,0.003802135379242344,69,125,164,70,66,66,68,63
8.184000000000001,-0.9749905241706122,-0.43694684792891136,90.07546626185639,12,-0.975,-0.3500000000000001,0.08937700263588189,-0.003624451745035673,66,117,164,64,61,68,68,64
8.192,-0.9749905802852503,-0.43623877793113486,89.93361513388497,12,-0.975,-0.3500000000000001,0.08934621132198783,0.003803588347857767,68,119,166,72,70,68,68,71
8.2,-0.9749906363998885,-0.43553070793335846,90.07546626185639,12,-0.975,-0.3500000000000001,0.08937725650103573,-0.0036229748174387844,67,125,181,61,69,69,68,68
8.208,-0.9749906925145266,-0.43482263793558196,89.93361513388497,12,-0.975,-0.3500000000000001,0.08934595323587681,0.003805089831988128,65,125,177,67,72,71,64,60
8.216,-0.9749907486291648,-0.43411456793780556,90.07546626185639,12,-0.975,-0.3500000000000001,0.08937751891425938,-0.0036214481591876346,66,116,169,63,68,64,60,64
8.224,-0.9749917660364319,-0.43334212860783683,90.07546626185639,12,-0.975,-0.3500000000000001,0.08937174957312594,-0.0036550128253374226,64,116,152,64,64,70,68,66
8.232,-0.97499182215107,-0.4326340586100604,89.93361513388504,12,-0.975,-0.3500000000000001,0.0893515039052116,0.0037727973467942544,68,114,162,65,69,66,71,67
8.24,-0.9749918782657082,-0.43192598861228393,90.07546626185639,12,-0.975,-0.3500000000000001,0.0893719238059225,-0.0036539991800157434,61,122,159,65,63,65,64,60
8.248,-0.9749919343803464,-0.4312179186145074,89.93361513388497,12,-0.975,-0.3500000000000001,0.0893513266474549,0.003773828590620587,67,109,162,68,62,62,66,70
8.256,-0.9749919904949845,-0.43050984861673103,90.07546626185639,12,-0.975,-0.3500000000000001,0.08937210416810654,-0.0036529498753632428,65,110,162,66,66,71,73,66
8.264,-0.9749920466096227,-0.4298017786189545,89.93361513388497,12,-0.975,-0.3500000000000001,0.08935114309856591,0.0037748964347710245,69,109,158,63,68,71,66,67
8.272,-0.9749921027242608,-0.4290937086211781,90.07546626185639,12,-0.975,-0.3500000000000001,0.08937229098891057,-0.0036518629959827464,62,104,166,65,63,66,66,68
8.28,-0.974992158838899,-0.4283856386234016,89.93361513388497,12,-0.975,-0.3500000000000001,0.08935095291757127,0.0037760028629481024,65,105,187,71,70,70,66,64
8.288,-0.9749922149535372,-0.4276775686256252,90.07546626185639,12,-0.975,-0.3500000000000001,0.08937248462157592,-0.0036507364867994774,70,107,196,62,65,67,67,59
8.296,-0.9749922710681753,-0.4269694986278487,89.93361513388497,12,-0.975,-0.3500000000000001,0.08935075573840416,0.0037771500048422446,60,106,202,62,66,71,68,69
8.304,-0.9749913760927522,-0.4261970591463235,89.93361513388497,12,-0.975,-0.3500000000000001,0.08934417409198137,0.003815440471602205,70,88,183,62,67,66,66,69
8.312,-0.9749914322073904,-0.425488989148547,90.07546626185639,12,-0.975,-0.3500000000000001,0.08937932986330584,-0.003610912484705464,66,89,198,67,71,67,63,70
8.32,-0.9749914883220285,-0.4247809191507705,89.93361513388497,12,-0.975,-0.3500000000000001,0.08934384277019636,0.003817368023612877,69,92,190,63,64,64,66,68
8.328,-0.9749915444366667,-0.4240728491529941,90.07546626185639,12,-0.975,-0.3500000000000001,0.08937966748966189,-0.0036089482541872267,61,99,210,60,63,63,64,69
8.336,-0.9749916005513048,-0.4233647791552176,89.93361513388497,12,-0.975,-0.3500000000000001,0.08934349865758619,0.003819369989627842,69,65,208,71,72,65,64,62
8.344,-0.974991656665943,-0.4226567091574412,90.07546626185639,12,-0.975,-0.3500000000000001,0.08938001827725771,-0.003606907454679842,70,64,198,69,67,67,60,66
8.352,-0.9749917127805812,-0.4219486391596647,89.93361513388497,12,-0.975,-0.3500000000000001,0.08934314099887898,0.0038214507636409323,63,65,211,62,67,66,64,71
8.36,-0.9749917688952193,-0.4212405691618883,90.07546626185639,12,-0.975,-0.3500000000000001,0.08938038301096171,-0.0036047855200038725,63,66,230,66,62,70,68,72
8.368,-0.9749918250098575,-0.4205324991641118,89.93361513388497,12,-0.975,-0.3500000000000001,0.08934276897814554,0.003823615092535703,64,108,234,68,69,61,72,68
8.376,-0.9749918811244956,-0.4198244291663354,90.07546626185639,12,-0.975,-0.30000000000000004,0.08935574306031983,-0.0037481349420804833,70,112,239,62,64,67,67,65
8.384,-0.9749928985317627,-0.41905198983636666,90.07546626185639,12,-0.975,-0.30000000000000004,0.0893515629563098,-0.003772453801430764,66,108,213,71,60,62,63,71
8.392,-0.9749929546464009,-0.41834391983859015,89.93361513388497,12,-0.975,-0.30000000000000004,0.08937183736350063,0.0036545020816407528,64,115,211,70,60,67,69,62
8.4,-0.9749930107610391,-0.41763584984081376,90.07546626185639,12,-0.975,-0.30000000000000004,0.0893514412852261,-0.0037731616551024416,68,141,216,62,59,70,64,75
8.408,-0.9749930668756772,-0.41692777984303725,89.93361513388497,12,-0.975,-0.30000000000000004,0.08937196050376331,0.0036537856806322377,69,143,238,63,72,67,64,67
8.416,-0.9749931229903154,-0.41621970984526085,90.07546626185639,12,-0.975,-0.30000000000000004,0.08935131664901218,-0.003773886759202539,65,148,246,66,66,68,67,67
8.424,-0.9749931791049535,-0.41551163984748435,89.93361513388497,12,-0.975,-0.30000000000000004,0.08937208666335547,0.0036530517138768648,68,141,250,70,72,68,69,66
8.432,-0.9749932352195917,-0.41480356984970795,90.07546626185639,12,-0.975,-0.30000000000000004,0.08935118893794028,-0.0037746297521010774,66,124,258,69,69,68,63,64
8.44,-0.9749932913342299,-0.41409549985193145,89.93361513388497,12,-0.975,-0.30000000000000004,0.08937221595470382,0.003652299527302505,76,116,224,66,63,70,64,67
8.448,-0.974993347448868,-0.41338742985415505,90.07546626185639,12,-0.975,-0.30000000000000004,0.08935105803680138,-0.0037753913040572415,66,137,245,73,61,65,65,64
8.456,-0.9749943648561351,-0.4126149905241863,90.07546626185639,12,-0.975,-0.30000000000000004,0.08934660686564944,-0.0038012871681143423,70,151,249,69,64,63,69,70
8.464,-0.9749944209707733,-0.4119069205264098,89.93361513388497,12,-0.975,-0.30000000000000004,0.08937682829127783,0.00362546604082703,65,159,262,68,68,70,66,66
8.472,-0.9749944770854114,-0.4111988505286334,90.07546626185639,12,-0.975,-0.30000000000000004,0.0893464150345338,-0.0038024031963062033,64,154,263,56,66,63,69,61
8.48,-0.9749945332000496,-0.4104907805308569,89.93361513388497,12,-0.975,-0.30000000000000004,0.08937702257327924,0.0036243357539595955,66,166,267,67,65,71,64,69
8.488,-0.9749945893146877,-0.4097827105330805,90.07546626185639,12,-0.975,-0.30000000000000004,0.08934621825437446,-0.0038035480168672198,68,151,251,63,63,60,67,70
8.496,-0.9749946454293259,-0.409074640535304,89.93361513388497,12,-0.975,-0.30000000000000004,0.08937722190009238,0.0036231761175673505,66,154,251,67,67,67,61,71
8.504,-0.9749947015439641,-0.4083665705375276,90.07546626185639,12,-0.975,-0.30000000000000004,0.08934601633114825,-0.0038047227585784604,67,162,268,67,63,61,62,61
8.512,-0.9749947576586022,-0.4076585005397511,89.93361513388497,12,-0.975,-0.30000000000000004,0.08937742647079557,0.0036219859734594184,68,158,252,63,63,65,65,65
8.52,-0.9749948137732404,-0.4069504305419747,90.07546626185639,12,-0.975,-0.30000000000000004,0.08934580906055595,-0.0038059286100045053,67,195,269,71,62,74,63,65
8.528,-0.9749948698878785,-0.4062423605441982,89.93361513388497,12,-0.975,-0.30000000000000004,0.08937763649508165,0.0036207641016923198,66,196,263,69,70,66,66,68
8.536,-0.9749939749124554,-0.405469921062673,89.93361513388504,12,-0.975,-0.30000000000000004,0.08937307843394579,0.0036472818264683404,63,193,274,65,72,69,67,67
8.544,-0.9749940310270936,-0.40476185106489654,90.07546626185639,12,-0.975,-0.30000000000000004,0.08935018430586632,-0.0037804744645884006,70,199,296,68,69,65,65,65
8.552,-0.9749940871417317,-0.40405378106712003,89.93361513388497,12,-0.975,-0.30000000000000004,0.0893732337002588,0.003646378523675109,69,166,292,71,69,69,64,71
8.56,-0.9749941432563699,-0.40334571106934364,90.07546626185639,12,-0.975,-0.30000000000000004,0.08935002691913776,-0.0037813901034591257,71,173,318,63,67,72,69,70
8.568,-0.9749941993710081,-0.40263764107156713,89.93361513388497,12,-0.975,-0.30000000000000004,0.08937339325113788,0.0036454502942870892,63,176,319,68,69,59,62,67
8.576,-0.9749942554856462,-0.40192957107379074,90.07546626185639,12,-0.975,-0.30000000000000004,0.08934986515916134,-0.0037823311848546037,67,181,320,72,67,65,65,68
8.584,-0.9749943116002844,-0.40122150107601423,89.93361513388497,12,-0.975,-0.30000000000000004,0.08937355726641193,0.0036444960921018232,72,214,325,64,64,61,69,70
8.592,-0.9749943677149225,-0.40051343107823784,90.07546626185639,12,-0.975,-0.30000000000000004,0.08934969884109209,-0.0037832987841592827,69,218,318,65,63,62,67,69
8.6,-0.9749944238295607,-0.39980536108046133,89.93361513388497,12,-0.975,-0.30000000000000004,0.08937372593611703,0.003643514811534354,68,215,324,68,68,64,67,62
8.608,-0.9749935288541376,-0.3990329215989361,89.93361513388504,12,-0.975,-0.30000000000000004,0.08936884110579907,0.003671933602350963,66,204,328,67,64,76,69,65
8.616,-0.9749935849687758,-0.39832485160115966,90.07546626185639,12,-0.975,-0.30000000000000004,0.08935444710039175,-0.0037556745313200857,61,208,323,71,68,62,66,68
8.624,-0.9749936410834139,-0.39761678160338315,89.93361513388497,12,-0.975,-0.30000000000000004,0.08936894513911078,0.0036713283610771974,62,222,311,68,76,66,65,63
8.632,-0.9749936971980521,-0.39690871160560676,90.07546626185639,12,-0.975,-0.30000000000000004,0.08935434155230053,-0.0037562885852238104,66,214,326,69,67,71,66,73
8.64,-0.9749937533126902,-0.39620064160783025,89.93361513388497,12,-0.975,-0.30000000000000004,0.08936905223530787,0.0036707053006586055,68,196,327,69,71,68,75,68
8.648,-0.9749938094273284,-0.39549257161005386,90.07546626185639,12,-0.975,-0.30000000000000004,0.08935423287368569,-0.0037569208517755914,63,206,314,63,65,65,76,64
8.656,-0.9749938655419665,-0.39478450161227735,89.93361513388497,12,-0.975,-0.30000000000000004,0.08936916253167398,0.0036700636224114023,65,214,319,69,74,65,69,67
8.664,-0.9749939216566047,-0.39407643161450095,90.07546626185639,12,-0.975,-0.30000000000000004,0.08935412092317517,-0.0037575721534448547,67,204,328,65,71,70,64,70
8.672,-0.9749939777712429,-0.39336836161672445,89.93361513388497,12,-0.975,-0.30000000000000004,0.08936927617382204,0.003669402479193895,67,224,325,67,66,73,69,65
8.68,-0.974994033885881,-0.39266029161894794,90.07546626185639,12,-0.975,-0.30000000000000004,0.08935400555075455,-0.0037582433629801404,74,222,328,73,69,64,64,63
8.688,-0.9749950512931481,-0.3918878522889793,90.07546626185639,12,-0.975,-0.30000000000000004,0.08934857510691788,-0.003789836404578306,68,222,341,68,63,65,68,65
8.696,-0.9749951074077863,-0.3911797822912028,89.93361513388497,12,-0.975,-0.30000000000000004,0.0893748664310664,0.0036368796808781134,68,234,345,62,65,66,68,62
8.704,-0.9749951635224244,-0.3904717122934264,90.07546626185639,12,-0.975,-0.30000000000000004,0.08934837013572963,-0.0037910288786138224,68,226,303,65,68,61,66,65
8.712,-0.9749952196370626,-0.3897636422956499,89.93361513388497,13,-0.975,-0.30000000000000004,0.08937507462338996,0.00363566846703689,67,236,313,72,71,70,69,66
8.72,-0.9749952757517008,-0.3890555722978735,90.07546626185639,13,-0.975,-0.30000000000000004,0.08934815864573771,-0.0037922592775119224,69,223,317,69,71,66,70,68
8.728,-0.9749953318663389,-0.388347502300097,89.93361513388497,13,-0.975,-0.30000000000000004,0.08937528949002731,0.003634418423612118,60,239,289,71,64,62,68,64
8.736,-0.9749953879809771,-0.3876394323023206,90.07546626185639,13,-0.975,-0.30000000000000004,0.08934794032093567,-0.003793529439723331,68,234,268,60,68,70,65,69
8.744,-0.9749954440956152,-0.3869313623045441,89.93361513388497,13,-0.975,-0.30000000000000004,0.0893755113571586,0.0036331276529644185,61,236,272,72,66,67,67,71
8.752,-0.9749955002102534,-0.38622329230676766,90.07546626185632,13,-0.975,-0.30000000000000004,0.0893477148245575,-0.003794841324473496,57,241,357,67,69,65,68,67
8.76,-0.9749965176175205,-0.385450852976799,90.07546626185639,13,-0.975,-0.30000000000000004,0.08934181844074596,-0.003829145094964348,66,236,374,68,65,64,69,67
8.768,-0.9749965737321586,-0.38474278297902254,89.93361513388489,13,-0.975,-0.30000000000000004,0.08938168727697227,0.0035971976079351986,70,243,368,62,66,61,74,63
8.776,-0.9749966298467968,-0.3840347129812461,90.07546626185639,13,-0.975,-0.30000000000000004,0.0893414839066159,-0.003831091335640969,67,236,371,60,64,68,63,61
8.784,-0.974996685961435,-0.38332664298346963,89.93361513388489,13,-0.975,-0.30000000000000004,0.08938202747277244,0.0035952184289971267,62,248,349,61,65,65,68,70
8.792,-0.9749967420760731,-0.3826185729856932,90.07546626185639,13,-0.975,-0.30000000000000004,0.08934113790418892,-0.00383310429616457,66,247,357,64,64,65,65,70
8.8,-0.9749967981907113,-0.38191050298791673,89.93361513388489,13,-0.975,-0.30000000000000004,0.08938237943177414,0.0035931708145264807,68,266,356,66,64,64,65,66
8.808,-0.9749968543053494,-0.3812024329901403,90.07546626185639,13,-0.975,-0.30000000000000004,0.08934077983345666,-0.003835187467242207,66,265,424,69,65,70,67,66
8.816,-0.9749969104199876,-0.38049436299236383,89.93361513388489,13,-0.975,-0.30000000000000004,0.08938274377482865,0.003591051152557201,63,271,444,68,67,69,65,66
8.824,-0.9749969665346258,-0.3797862929945873,90.07546626185632,13,-0.975,-0.30000000000000004,0.08934040905181279,-0.003837344587406033,66,267,446,68,64,62,68,65
8.832,-0.9749970226492639,-0.3790782229968108,89.93361513388504,13,-0.975,-0.30000000000000004,0.08938312116726148,0.003588855572382199,65,256,453,66,66,63,65,67
8.84,-0.9749961276738408,-0.3783057835152856,89.93361513388487,13,-0.975,-0.30000000000000004,0.08937703602578036,0.0036242574904805647,63,250,500,68,68,66,65,69
8.848,-0.974996183788479,-0.37759771351750915,90.07546626185638,13,-0.975,-0.30000000000000004,0.08934616360860805,-0.0038038659330492663,58,264,479,71,70,68,63,69
8.856,-0.9749962399031171,-0.3768896435197327,89.93361513388487,13,-0.975,-0.30000000000000004,0.08937731903595085,0.003622611004050036,70,277,490,72,68,71,61,65
8.864,-0.9749962960177553,-0.37618157352195625,90.07546626185638,13,-0.975,-0.30000000000000004,0.0893458753615612,-0.0038055428863914553,69,272,639,70,68,68,63,71
8.872,-0.9749963521323934,-0.3754735035241798,89.93361513388487,13,-0.975,-0.30000000000000004,0.08937761266659087,0.0036209027302323005,65,273,695,67,67,68,62,75
8.88,-0.9749964082470316,-0.37476543352640335,90.07546626185638,13,-0.975,-0.30000000000000004,0.08934557619507877,-0.003807283366434877,66,293,726,74,62,71,67,63
8.888,-0.9749964643616698,-0.3740573635286269,89.93361513388487,13,-0.975,-0.30000000000000004,0.08937791752696073,0.003619129124494691,62,314,563,67,68,69,61,67
8.896,-0.9749965204763079,-0.37334929353085045,90.07546626185638,13,-0.975,-0.30000000000000004,0.08934526547670263,-0.003809091052671576,70,324,530,66,65,70,72,62
8.904,-0.9749965765909461,-0.37264122353307394,89.93361513388503,13,-0.975,-0.30000000000000004,0.08937823427383224,0.003617286365893646,69,321,583,65,70,68,67,67
8.912,-0.974995681615523,-0.3718687840515487,89.93361513388486,13,-0.975,-0.30000000000000004,0.08937155158667176,0.0036561646638373357,75,327,870,71,68,64,68,64
8.92,-0.9749957377301611,-0.37116071405377227,90.07546626185638,13,-0.975,-0.30000000000000004,0.08935168993614126,-0.003771715062716563,70,340,899,64,69,62,67,72
8.928,-0.9749957938447993,-0.3704526440559958,89.93361513388486,13,-0.975,-0.30000000000000004,0.08937175021395832,0.0036550090971256832,61,349,957,61,61,68,72,68
8.936,-0.9749958499594374,-0.36974457405821937,90.07546626185638,13,-0.975,-0.25,0.08933867516939183,-0.003847431906435439,60,335,926,63,68,69,68,64
8.944,-0.9749959060740756,-0.3690365040604429,89.93361513388486,13,-0.975,-0.25,0.0893848014595612,0.0035790800280401935,71,341,747,69,69,65,70,64
8.952,-0.9749959621887138,-0.36832843406266647,90.07546626185638,13,-0.975,-0.25,0.08933839997102429,-0.003849032945638653,65,345,693,64,68,67,60,64
8.96,-0.9749960183033519,-0.36762036406489,89.93361513388486,13,-0.975,-0.25,0.08938507996144117,0.003577459769780633,68,356,714,72,70,63,64,61
8.968,-0.9749960744179901,-0.36691229406711356,90.07546626185638,13,-0.975,-0.25,0.08933811810578857,-0.003850672771108732,64,349,925,65,69,68,65,68
8.976,-0.9749961305326282,-0.36620422406933706,89.93361513388501,13,-0.975,-0.25,0.08938536525133134,0.0035758000204786367,66,345,876,64,67,63,65,64
8.984,-0.9749961866472664,-0.36549615407156066,90.07546626185629,13,-0.975,-0.25,0.08933782932845104,-0.0038523528095570914,71,340,901,61,69,64,67,65
8.992,-0.9749972040545335,-0.364723714741592,90.07546626185638,13,-0.975,-0.25,0.08933337090436648,-0.0038782908694656726,75,340,901,64,69,68,69,62
9.0,-0.9749972601691717,-0.36401564474381554,89.93361513388486,13,-0.975,-0.25,0.0893901446889548,0.00354799437950426,74,337,789,67,67,66,70,67
9.008000000000001,-0.9749973162838098,-0.3633075747460391,90.07546626185638,13,-0.975,-0.25,0.08933301721774092,-0.0038803485348444244,66,297,845,69,69,67,67,70
9.016,-0.974997372398448,-0.36259950474826264,89.93361513388486,13,-0.975,-0.25,0.08939050281000933,0.003545910915663476,65,287,844,70,63,69,67,64
9.024000000000001,-0.9749974285130861,-0.3618914347504862,90.07546626185638,13,-0.975,-0.25,0.08933265457833385,-0.0038824582853946854,65,285,797,66,70,67,69,71
9.032,-0.9749974846277243,-0.36118336475270973,89.93361513388486,13,-0.975,-0.25,0.08939087005382344,0.0035437743777588784,68,264,787,60,69,66,63,65
9.040000000000001,-0.9749975407423624,-0.3604752947549333,90.07546626185638,13,-0.975,-0.25,0.08933228264185876,-0.003884622124094239,66,256,833,70,67,69,64,72
9.048,-0.9749975968570006,-0.3597672247571568,89.93361513388501,13,-0.975,-0.25,0.0893912467734848,0.0035415827116096477,64,259,710,69,66,69,68,75
9.056000000000001,-0.9749976529716388,-0.3590591547593804,90.07546626185629,13,-0.975,-0.25,0.08933190104614731,-0.0038868421579529855,66,287,748,64,72,66,64,74
9.064,-0.9749986703789059,-0.3582867154294117,90.07546626185638,13,-0.975,-0.25,0.0893271353072521,-0.003914568102956872,66,284,782,65,64,71,67,70
9.072000000000001,-0.974998726493544,-0.35757864543163526,89.93361513388486,13,-0.975,-0.25,0.08939643184379319,0.0035114171953334328,71,293,764,60,69,70,66,69
9.08,-0.9749987826081822,-0.3568705754338588,90.07546626185638,13,-0.975,-0.25,0.08932667768968937,-0.00391723041401848,64,280,671,72,71,65,57,66
9.088000000000001,-0.9749988387228203,-0.35616250543608236,89.93361513388486,13,-0.975,-0.25,0.08939689554559285,0.003508719487616218,64,329,666,64,71,66,64,66
9.096,-0.9749988948374585,-0.3554544354383059,90.07546626185638,13,-0.975,-0.25,0.0893262077815002,-0.003919964229046169,70,329,693,62,61,69,68,64
9.104000000000001,-0.9749989509520967,-0.35474636544052945,89.93361513388486,13,-0.975,-0.25,0.08939737178561596,0.0035059488354718393,66,339,765,67,72,68,64,68
9.112,-0.9749990070667348,-0.354038295442753,90.07546626185638,13,-0.975,-0.25,0.08932572508079506,-0.003922772467914948,65,321,733,67,67,71,64,71
9.120000000000001,-0.974999063181373,-0.3533302254449765,89.93361513388501,13,-0.975,-0.25,0.08939786107937264,0.0035031022397840053,62,324,783,71,67,72,69,66
9.128,-0.9749991192960111,-0.3526221554472001,90.07546626185629,13,-0.975,-0.25,0.08932522905798149,-0.003925658211668903,69,324,808,69,65,66,66,66
9.136000000000001,-0.9749991754106493,-0.3519140854494236,89.93361513388501,13,-0.975,-0.25,0.0893983639710217,0.003500176534765087,69,326,682,67,66,71,66,62
9.144,-0.9749982804352262,-0.3511416459678984,89.93361513388484,13,-0.975,-0.25,0.08939376915130669,0.0035269081122859536,71,289,677,66,64,67,62,70
9.152000000000001,-0.9749983365498643,-0.3504335759701219,90.07546626185636,13,-0.975,-0.25,0.08932934439315121,-0.003901716162157287,68,288,675,67,60,60,63,64
9.16,-0.9749983926645025,-0.3497255059723455,89.93361513388484,13,-0.975,-0.25,0.08939422497250359,0.003524256252057212,62,288,726,65,68,64,69,70
9.168000000000001,-0.9749984487791407,-0.349017435974569,90.07546626185636,13,-0.975,-0.25,0.08932888207581371,-0.0039044058154000813,62,322,730,65,71,67,67,65
9.176,-0.9749985048937788,-0.3483093659767926,89.93361513388484,13,-0.975,-0.25,0.08939469392584969,0.003521527992081274,68,335,742,70,72,67,63,68
9.184000000000001,-0.974998561008417,-0.3476012959790161,90.07546626185636,13,-0.975,-0.25,0.0893284063425464,-0.003907173519358764,67,331,583,69,72,68,60,71
9.192,-0.9749986171230551,-0.3468932259812396,89.933615133885,13,-0.975,-0.25,0.08939517658714381,0.003518719982496421,62,323,550,67,68,68,67,69
9.200000000000001,-0.9749986732376933,-0.3461851559834632,90.07546626185628,13,-0.975,-0.25,0.08932791660077916,-0.003910022721466344,65,323,583,66,69,64,66,68
9.208,-0.9749987293523315,-0.3454770859856867,89.933615133885,13,-0.975,-0.25,0.08939567356634243,0.0035158286747198897,62,329,590,63,68,67,68,60
9.216000000000001,-0.9749978343769083,-0.3447046465041615,89.93361513388484,13,-0.975,-0.25,0.08939074449664161,0.0035445048398330403,67,330,611,69,64,65,62,65
9.224,-0.9749978904915465,-0.34399657650638504,90.07546626185635,13,-0.975,-0.25,0.08933237633478161,-0.003884077040764433,62,301,616,63,67,66,70,67
9.232,-0.9749979466061847,-0.3432885065086086,89.93361513388484,13,-0.975,-0.25,0.0893911858550317,0.00354193712080364,65,302,605,68,72,61,68,66
9.24,-0.9749980027208228,-0.34258043651083214,90.07546626185635,13,-0.975,-0.25,0.08933192825066028,-0.003886683888512099,72,309,768,62,71,67,67,66
9.248,-0.974998058835461,-0.3418723665130557,89.93361513388484,13,-0.975,-0.25,0.08939164081980397,0.0035392902430513296,66,321,775,64,67,66,68,66
9.256,-0.9749981149500991,-0.34116429651527924,90.07546626185635,13,-0.975,-0.25,0.0893314662455224,-0.0038893717254511184,67,317,766,60,63,67,69,71
9.264,-0.9749981710647373,-0.34045622651750274,89.93361513388498,13,-0.975,-0.25,0.08939211003000523,0.0035365604887527278,67,327,791,65,73,62,64,67
9.272,-0.9749982271793755,-0.33974815651972634,90.07546626185626,14,-0.975,-0.25,0.08933098966038745,-0.003892144385374774,64,325,694,67,64,70,66,69
9.28,-0.9749982832940136,-0.33904008652194983,89.93361513388498,14,-0.975,-0.25,0.08939259416533281,0.0035337439035889595,61,349,786,71,63,65,62,68
9.288,-0.9749983394086518,-0.33833201652417344,90.07546626185626,14,-0.975,-0.25,0.08933049779401411,-0.0038950059479396773,68,350,769,68,64,65,63,69
9.296,-0.9749993568159189,-0.33755957719420476,90.07546626185635,14,-0.975,-0.25,0.0893245915281857,-0.003929367209674295,68,335,857,68,63,65,66,64
9.304,-0.974999412930557,-0.3368515071964283,89.93361513388484,14,-0.975,-0.25,0.0893990506072805,0.003496181846938562,65,322,805,63,69,68,61,72
9.312,-0.9749994690451952,-0.33614343719865186,90.07546626185635,14,-0.975,-0.25,0.08932398198436847,-0.0039329133918561965,68,317,865,67,66,69,67,63
9.32,-0.9749995251598333,-0.3354353672008754,89.93361513388484,14,-0.975,-0.25,0.08939967021344919,0.0034925771243687898,61,333,868,59,66,68,63,66
9.328,-0.9749995812744715,-0.33472729720309896,90.07546626185635,14,-0.975,-0.25,0.08932335206460607,-0.003936578116481959,67,325,752,62,69,68,71,65
9.336,-0.9749996373891097,-0.3340192272053225,89.93361513388484,14,-0.975,-0.25,0.08940031070648173,0.003488850886950834,66,321,748,66,67,66,64,72
9.344,-0.9749996935037478,-0.333311157207546,90.07546626185626,14,-0.975,-0.25,0.089322700729836,-0.003940367428572067,70,314,806,72,71,70,67,68
9.352,-0.974999749618386,-0.3326030872097695,89.93361513388498,14,-0.975,-0.25,0.08940097316062713,0.003484996884957292,63,321,559,69,69,69,63,65
9.36,-0.9749998057330241,-0.3318950172119931,90.07546626185626,14,-0.975,-0.25,0.08932202686912268,-0.003944287791287859,60,329,549,68,67,68,70,66
9.368,-0.9749998618476623,-0.3311869472142166,89.93361513388498,14,-0.975,-0.25,0.08940165872508228,0.0034810084326315494,68,326,558,66,67,69,76,69
9.376,-0.9749989668722392,-0.3304145077326914,89.93361513388483,14,-0.975,-0.25,0.08939591122200308,0.0035144460501317365,68,320,496,65,64,64,69,62
9.384,-0.9749990229868774,-0.3297064377349149,90.07546626185633,14,-0.975,-0.25,0.08932712444460335,-0.003914631299285708,69,328,480,65,73,72,64,64
9.392,-0.9749990791015155,-0.3289983677371385,89.93361513388483,14,-0.975,-0.25,0.08939652503812202,0.003510875012705972,67,332,502,62,73,65,66,68
9.4,-0.9749991352161537,-0.328290297739362,90.07546626185633,14,-0.975,-0.25,0.08932649957489788,-0.003918266643871071,68,315,496,69,64,73,68,73
9.408,-0.9749991913307918,-0.3275822277415856,89.93361513388483,14,-0.975,-0.25,0.08939716126271217,0.0035071736080791727,64,328,549,66,68,66,71,66
9.416,-0.97499924744543,-0.3268741577438091,90.07546626185633,14,-0.975,-0.25,0.08932585168307387,-0.003922035925713052,65,332,574,63,66,64,70,66
9.424,-0.9749993035600681,-0.3261660877460326,89.93361513388497,14,-0.975,-0.25,0.0893978211456828,0.0035033345645740788,71,335,587,60,68,68,64,67
9.432,-0.9749993596747063,-0.3254580177482562,90.07546626185625,14,-0.975,-0.25,0.08932517947294617,-0.0039259466857108904,70,334,726,67,71,67,68,69
9.44,-0.9749994157893445,-0.3247499477504797,89.93361513388497,14,-0.975,-0.25,0.0893985060316572,0.0034993500594895366,63,326,724,68,64,64,64,67
9.448,-0.9749985208139214,-0.3239775082689545,89.93361513388481,14,-0.975,-0.25,0.08939222550252779,0.0035358886968479553,60,322,706,63,70,63,69,66
9.456,-0.9749985769285595,-0.32326943827117804,90.07546626185632,14,-0.975,-0.25,0.08933081905905964,-0.00389313690366766,65,320,709,71,67,73,62,71
9.464,-0.9749986330431977,-0.3225613682734016,89.93361513388481,14,-0.975,-0.25,0.08939282183881189,0.0035324193529790993,65,311,636,63,77,71,65,70
9.472,-0.9749986891578358,-0.32185329827562514,90.07546626185632,14,-0.975,-0.25,0.08933021102651238,-0.00389667429363727,71,351,638,66,71,62,70,72
9.48,-0.974998745272474,-0.3211452282778487,89.93361513388481,14,-0.975,-0.25,0.08939344191514653,0.0035288118950946856,59,346,663,69,76,68,67,59
9.488,-0.9749988013871121,-0.32043715828007224,90.07546626185632,14,-0.975,-0.25,0.08932957854496032,-0.0039003539221511563,64,342,555,64,63,62,62,64
9.496,-0.9749988575017503,-0.31972908828229574,89.93361513388497,14,-0.975,-0.20000000000000018,0.08939761557156888,0.0035045305462890752,64,343,572,63,71,64,65,64
9.504,-0.9749989136163885,-0.31902101828451934,90.07546626185625,14,-0.975,-0.20000000000000018,0.08932551043181666,-0.003924021245051312,69,340,528,66,70,68,72,66
9.512,-0.9749989697310266,-0.31831294828674284,89.93361513388497,14,-0.975,-0.20000000000000018,0.08939804582091873,0.003502027457035873,68,339,636,67,69,69,64,69
9.52,-0.9749980747556035,-0.3175405088052176,89.9336151338848,14,-0.975,-0.20000000000000018,0.08939408996446241,0.0035250416970022957,62,345,639,70,62,65,56,65
9.528,-0.9749981308702417,-0.31683243880744116,90.0754662618563,14,-0.975,-0.20000000000000018,0.08932905340019612,-0.003903409090546095,66,333,682,66,66,66,65,61
9.536,-0.9749981869848798,-0.3161243688096647,89.9336151338848,14,-0.975,-0.20000000000000018,0.08939448532778117,0.0035227415664509376,67,348,648,73,63,60,65,66
9.544,-0.974998243099518,-0.31541629881188826,90.0754662618563,14,-0.975,-0.20000000000000018,0.08932865320053117,-0.0039057373578190724,66,343,700,69,68,70,72,69
9.552,-0.9749982992141561,-0.3147082288141118,89.9336151338848,14,-0.975,-0.20000000000000018,0.08939489045308145,0.0035203846429932018,62,313,702,67,66,66,69,66
9.56,-0.9749983553287943,-0.31400015881633536,90.0754662618563,14,-0.975,-0.20000000000000018,0.08932824305809484,-0.0039081234697910805,63,313,689,71,70,64,70,68
9.568,-0.9749984114434325,-0.31329208881855886,89.93361513388496,14,-0.975,-0.20000000000000018,0.08939530570643617,0.00351796879690336,69,313,596,65,67,70,67,71
9.576,-0.9749984675580706,-0.31258401882078246,90.07546626185623,14,-0.975,-0.20000000000000018,0.08932782259769205,-0.003910569609258729,62,282,576,66,71,68,72,68
9.584,-0.9749985236727088,-0.31187594882300596,89.93361513388496,14,-0.975,-0.20000000000000018,0.08939573147244918,0.0035154917906465855,70,293,602,66,68,71,71,66
9.592,-0.9749985797873469,-0.31116787882522956,90.07546626185623,14,-0.975,-0.20000000000000018,0.08932739142500723,-0.003913078070256981,68,281,580,66,68,65,69,65
9.6,-0.974999597194614,-0.3103954394952609,90.0754662618563,14,-0.975,-0.20000000000000018,0.0893226851651945,-0.0039404579799857675,70,289,678,67,65,73,62,75
9.608,-0.9749996533092522,-0.30968736949748443,89.9336151338848,14,-0.975,-0.20000000000000018,0.08940090634319678,0.003485385613009706,66,294,629,67,63,68,61,65
9.616,-0.9749997094238904,-0.308979299499708,90.0754662618563,14,-0.975,-0.20000000000000018,0.08932217857470744,-0.003943405203971961,72,298,667,66,65,69,70,70
9.624,-0.9749997655385285,-0.30827122950193153,89.9336151338848,14,-0.975,-0.20000000000000018,0.0894014195382779,0.0034823999650528403,64,290,799,61,65,65,66,68
9.632,-0.9749998216531667,-0.3075631595041551,90.0754662618563,14,-0.975,-0.20000000000000018,0.08932165864502396,-0.003946430032257142,66,241,831,70,67,62,72,63
9.64,-0.9749998777678048,-0.3068550895063786,89.93361513388496,14,-0.975,-0.20000000000000018,0.0894019463360083,0.0034793351800903594,68,241,817,66,69,66,66,68
9.648,-0.974999933882443,-0.3061470195086022,90.07546626185623,14,-0.975,-0.20000000000000018,0.08932112484225796,-0.003949535570864748,69,248,723,64,67,68,67,69
9.656,-0.9749999899970812,-0.3054389495108257,89.93361513388496,14,-0.975,-0.20000000000000018,0.08940248728447252,0.003476188069495568,66,254,722,67,67,64,66,65
9.664,-0.9750000461117193,-0.3047308795130493,90.0754662618563,14,-0.975,-0.20000000000000018,0.08932057660364418,-0.003952725093830489,68,242,684,67,68,71,62,66
9.672,-0.9750001022263575,-0.3040228095152728,89.93361513388496,14,-0.975,-0.20000000000000018,0.08940304296160563,0.0034729552709786837,65,258,717,70,64,66,67,63
9.68,-0.9749992072509344,-0.30325037003374755,89.93361513388479,14,-0.975,-0.20000000000000018,0.08939857698834314,0.003498937250224099,66,244,606,74,71,65,77,62
9.688,-0.9749992633655725,-0.3025423000359711,90.07546626185629,14,-0.975,-0.20000000000000018,0.08932450801108596,-0.003929853092464963,66,280,607,70,64,63,66,63
9.696,-0.9749993194802107,-0.30183423003819465,89.93361513388479,14,-0.975,-0.20000000000000018,0.0893990902300087,0.0034959513312500246,67,280,627,66,67,61,64,68
9.704,-0.9749993755948488,-0.3011261600404182,90.07546626185629,14,-0.975,-0.20000000000000018,0.08932398760695492,-0.003932880680974194,67,283,670,69,61,70,62,66
9.712,-0.974999431709487,-0.3004180900426417,89.93361513388494,14,-0.975,-0.20000000000000018,0.08939961794759416,0.0034928811947876337,61,306,722,68,69,68,61,72
9.72,-0.9749994878241252,-0.2997100200448653,90.07546626185629,14,-0.975,-0.20000000000000018,0.08932345242065638,-0.00393599426864788,68,317,705,68,69,62,69,68
9.728,-0.9749995439387633,-0.2990019500470888,89.93361513388494,14,-0.975,-0.20000000000000018,0.08940016076229453,0.003489723226871133,62,309,685,65,68,60,67,70
9.736,-0.9749996000534015,-0.2982938800493124,90.07546626185629,14,-0.975,-0.20000000000000018,0.08932290181328144,-0.003939197572507381,74,311,651,64,69,67,65,62
9.744,-0.9749996561680396,-0.2975858100515359,89.93361513388494,14,-0.975,-0.20000000000000018,0.08940071933136765,0.003486473603729223,68,329,708,67,61,66,68,71
9.752,-0.9749987611926165,-0.29681337057001067,89.93361513388477,14,-0.975,-0.20000000000000018,0.08939593788173011,0.003514290950126896,65,326,689,66,69,70,63,58
9.76,-0.9749988173072547,-0.2961053005722342,90.07546626185628,14,-0.975,-0.20000000000000018,0.08932714949228658,-0.00391448557777152,61,332,728,65,67,69,65,61
9.768,-0.9749988734218928,-0.29539723057445777,89.93361513388477,14,-0.975,-0.20000000000000018,0.0893964465781053,0.0035113314745802713,72,340,750,61,67,66,71,72
9.776,-0.974998929536531,-0.2946891605766813,90.07546626185628,14,-0.975,-0.20000000000000018,0.08932663321604153,-0.003917489151213483,67,340,713,66,67,60,67,70
9.784,-0.9749989856511692,-0.2939810905789048,89.93361513388493,14,-0.975,-0.20000000000000018,0.0893969706049122,0.0035082828101973274,68,331,599,62,68,67,63,62
9.792,-0.9749990417658073,-0.2932730205811284,90.07546626185628,14,-0.975,-0.20000000000000018,0.08932610126282078,-0.003920583929603039,66,355,612,66,64,73,69,73
9.8,-0.9749990978804455,-0.2925649505833519,89.93361513388493,14,-0.975,-0.20000000000000018,0.08939751066576339,0.003505140863525824,61,338,585,65,65,70,67,67
9.808,-0.9749991539950836,-0.2918568805855755,90.07546626185628,14,-0.975,-0.20000000000000018,0.08932555290755752,-0.003923774131207924,68,352,580,75,70,74,69,68
9.816,-0.9749992101097218,-0.291148810587799,89.93361513388493,14,-0.975,-0.20000000000000018,0.08939806750800237,0.003501901286697694,66,344,830,70,66,64,68,68
9.824,-0.9749983151342987,-0.2903763711062738,89.93361513388476,14,-0.975,-0.20000000000000018,0.08939292283774265,0.0035318317650181452,64,329,839,66,69,64,70,66
9.832,-0.9749983712489368,-0.28966830110849734,90.07546626185626,15,-0.975,-0.20000000000000018,0.08933017022039702,-0.00389691169399331,68,341,829,65,68,64,65,66
9.84,-0.974998427363575,-0.2889602311107209,89.93361513388476,15,-0.975,-0.20000000000000018,0.08939342034657838,0.003528937375937735,69,348,696,64,62,65,69,67
9.848,-0.9749984834782132,-0.28825216111294444,90.07546626185626,15,-0.975,-0.20000000000000018,0.08932966475979633,-0.003899852344567024,74,345,746,64,71,65,69,65
9.856,-0.9749985395928513,-0.287544091115168,89.93361513388476,15,-0.975,-0.20000000000000018,0.08939393395112434,0.0035259493458110747,72,328,730,66,69,70,67,64
9.864,-0.9749985957074895,-0.28683602111739154,90.07546626185626,15,-0.975,-0.20000000000000018,0.08932914281288126,-0.003902888908629887,64,338,742,69,66,71,64,66
9.872,-0.9749986518221276,-0.28612795111961503,89.93361513388491,15,-0.975,-0.20000000000000018,0.08939446444533256,0.0035228630556123353,60,331,777,65,65,63,68,67
9.88,-0.9749987079367658,-0.28541988112183864,90.07546626185626,15,-0.975,-0.20000000000000018,0.08932860355969291,-0.0039060261565093688,68,366,799,65,67,60,71,73
9.888,-0.974998764051404,-0.28471181112406213,89.93361513388491,15,-0.975,-0.20000000000000018,0.08939501267624107,0.0035196735774740695,67,372,788,61,65,61,67,62
9.896,-0.9749988201660421,-0.28400374112628574,90.07546626185626,15,-0.975,-0.20000000000000018,0.08932804612498084,-0.003909269180206287,66,370,541,64,69,68,65,64
9.904,-0.9749998375733092,-0.283231301796317,90.07546626185626,15,-0.975,-0.20000000000000018,0.08932180996270642,-0.003945549701665385,68,369,608,65,68,67,70,64
9.912,-0.9749998936879474,-0.28252323179854055,89.93361513388476,15,-0.975,-0.20000000000000018,0.08940187189400295,0.003479768266122063,66,367,553,66,64,68,63,70
9.92,-0.9749999498025855,-0.2818151618007641,90.07546626185626,15,-0.975,-0.20000000000000018,0.08932112002597067,-0.003949563590888383,63,364,536,61,68,65,69,66
9.928,-0.9750000059172237,-0.28110709180298765,89.93361513388476,15,-0.975,-0.20000000000000018,0.08940257382544016,0.0034756845945544956,68,372,583,74,59,64,68,66
9.936,-0.9750000620318618,-0.2803990218052112,90.07546626185626,15,-0.975,-0.20000000000000018,0.08932040578428724,-0.003953718880565393,64,341,536,64,68,66,61,64
9.944,-0.9750001181465,-0.2796909518074347,89.93361513388491,15,-0.975,-0.20000000000000018,0.08940330070408185,0.003471455786034471,62,351,556,67,70,68,67,62
9.952,-0.9750001742611382,-0.2789828818096583,90.07546626185626,15,-0.975,-0.20000000000000018,0.08931966593031457,-0.003958023176501069,64,348,610,63,68,64,69,68
9.96,-0.9750002303757763,-0.2782748118118818,89.93361513388491,15,-0.975,-0.20000000000000018,0.08940405388395223,0.0034670739631685885,63,344,564,67,65,69,71,69
9.968,-0.9750002864904145,-0.2775667418141054,90.07546626185626,15,-0.975,-0.20000000000000018,0.08931889906123765,-0.003962484639942421,64,345,544,64,69,60,72,73
9.976,-0.9750003426050526,-0.2768586718163289,89.93361513388491,15,-0.975,-0.20000000000000018,0.08940483481887258,0.0034625306679672,59,332,454,63,69,58,69,64
9.984,-0.9749994476296295,-0.27608623233480367,89.93361513388474,15,-0.975,-0.20000000000000018,0.08939879260497302,0.0034976828435195895,67,324,458,64,70,71,71,67
9.992,-0.9749995037442677,-0.2753781623370272,90.07546626185625,15,-0.975,-0.20000000000000018,0.08932419852880477,-0.00393165358739278,66,334,463,72,66,62,67,64
10.0,-0.9749995598589059,-0.27467009233925077,89.93361513388474,15,-0.975,-0.20000000000000018,0.08939949664740174,0.003493586890701339,66,325,461,64,66,76,68,69
10.008000000000001,-0.974999615973544,-0.2739620223414743,90.07546626185625,15,-0.975,-0.20000000000000018,0.08932348106949256,-0.003935827596475151,66,336,460,71,68,67,67,64
10.016,-0.9749996720881822,-0.2732539523436978,89.9336151338849,15,-0.975,-0.20000000000000018,0.08940022791082419,0.0034893325725608992,70,345,481,68,70,66,64,67
10.024000000000001,-0.9749997282028203,-0.2725458823459214,90.07546626185625,15,-0.975,-0.20000000000000018,0.089322735599691,-0.003940164563978943,63,352,466,73,68,62,70,68
10.032,-0.9749997843174585,-0.2718378123481449,89.9336151338849,15,-0.975,-0.20000000000000018,0.08940098800506152,0.003484910523538609,67,335,508,64,64,69,64,66
10.040000000000001,-0.9749998404320966,-0.2711297423503685,90.07546626185625,15,-0.975,-0.20000000000000018,0.08932196044639663,-0.003944674223043787,73,329,527,70,62,65,65,65
10.048,-0.9749998965467348,-0.270421672352592,89.9336151338849,15,-0.975,-0.20000000000000018,0.08940177866942906,0.003480310624708105,83,323,515,68,69,66,68,64
10.056000000000001,-0.9749990015713117,-0.2696492328710668,89.93361513388473,15,-0.975,-0.15000000000000013,0.08939823319576246,0.00350093735438306,80,315,516,70,64,70,66,61
10.064,-0.9749990576859499,-0.26894116287329034,90.07546626185625,15,-0.975,-0.15000000000000013,0.08932488898726293,-0.003927636662911738,83,323,570,66,68,61,71,70
10.072000000000001,-0.974999113800588,-0.2682330928755139,89.93361513388473,15,-0.975,-0.15000000000000013,0.08939867113331564,0.00349838953697601,78,347,583,61,63,68,66,62
10.08,-0.9749991699152262,-0.26752502287773744,90.07546626185625,15,-0.975,-0.15000000000000013,0.08932444578840562,-0.003930215089345435,97,346,577,69,62,65,74,65
10.088000000000001,-0.9749992260298643,-0.26681695287996093,89.93361513388489,15,-0.975,-0.15000000000000013,0.08939911968886483,0.0034957799465722417,94,344,653,63,70,67,69,66
10.096,-0.9749992821445025,-0.26610888288218454,90.07546626185625,15,-0.975,-0.15000000000000013,0.08932399177846118,-0.003932856412134589,90,344,690,69,66,70,67,68
10.104000000000001,-0.9749993382591406,-0.26540081288440803,89.93361513388489,15,-0.975,-0.15000000000000013,0.08939957925330294,0.0034931063090488657,93,346,653,64,75,67,65,68
10.112,-0.9749993943737788,-0.26469274288663164,90.07546626185625,15,-0.975,-0.15000000000000013,0.08932352655696789,-0.003935562961070893,89,358,783,66,63,62,67,70
10.120000000000001,-0.974999450488417,-0.26398467288885513,89.93361513388489,15,-0.975,-0.15000000000000013,0.08940005023695333,0.0034903662372414157,95,348,750,68,64,64,62,68
10.128,-0.9749985555129939,-0.2632122334073299,89.93361513388473,15,-0.975,-0.15000000000000013,0.08939595681810075,0.003514180782788313,94,348,801,66,65,70,60,69
10.136000000000001,-0.974998611627632,-0.26250416340955346,90.07546626185623,15,-0.975,-0.15000000000000013,0.08932716723795532,-0.00391438233765573,91,351,731,64,68,72,66,64
10.144,-0.9749986677422702,-0.261796093411777,89.93361513388473,15,-0.975,-0.15000000000000013,0.08939639113597776,0.003511654023803601,89,355,833,68,61,73,66,65
10.152000000000001,-0.9749987238569083,-0.26108802341400056,90.07546626185623,15,-0.975,-0.15000000000000013,0.0893267274008567,-0.003916941206170144,89,358,830,65,70,63,63,64
10.16,-0.9749987799715465,-0.26037995341622405,89.93361513388487,15,-0.975,-0.15000000000000013,0.08939683659817896,0.0035090624297688944,59,370,745,63,65,64,66,66
10.168000000000001,-0.9749988360861847,-0.25967188341844766,90.07546626185623,15,-0.975,-0.15000000000000013,0.0893262762049505,-0.003919566157548404,68,372,713,65,69,61,71,67
10.176,-0.9749988922008228,-0.25896381342067115,89.93361513388487,15,-0.975,-0.15000000000000013,0.08939729363921066,0.003506403472828934,62,337,759,64,69,71,67,70
10.184000000000001,-0.974998948315461,-0.25825574342289476,90.07546626185623,15,-0.975,-0.15000000000000013,0.0893258132044684,-0.003922259785165361,64,345,779,61,68,68,68,65
10.192,-0.9749990044300991,-0.25754767342511825,89.93361513388487,15,-0.975,-0.15000000000000013,0.08939776271646897,0.003503674491960984,69,342,761,66,71,58,65,70
10.200000000000001,-0.9749990605447373,-0.25683960342734186,90.07546626185623,15,-0.975,-0.15000000000000013,0.08932533793000771,-0.0039250248198952065,68,346,770,73,67,66,69,66
10.208,-0.9750000779520044,-0.2560671640973731,90.07546626185623,15,-0.975,-0.15000000000000013,0.0893204246675001,-0.003953609022486093,65,327,735,66,68,65,69,65
10.216000000000001,-0.9750001340666425,-0.2553590940995967,89.93361513388473,15,-0.975,-0.15000000000000013,0.08940319237115033,0.003472086041482303,62,333,709,71,62,71,64,67
10.224,-0.9750001901812807,-0.2546510241018202,90.07546626185623,15,-0.975,-0.15000000000000013,0.08931986653576546,-0.003956856101295924,67,338,998,72,71,64,63,75
10.232000000000001,-0.9750002462959189,-0.2539429541040437,89.93361513388487,15,-0.975,-0.15000000000000013,0.08940375808143501,0.0034687948724556605,68,359,963,66,74,66,68,59
10.24,-0.975000302410557,-0.2532348841062673,90.07546626185623,15,-0.975,-0.15000000000000013,0.08931929309151938,-0.003960192264686135,66,359,1008,65,66,75,70,73
10.248,-0.9750003585251952,-0.2525268141084908,89.93361513388487,15,-0.975,-0.15000000000000013,0.08940433941933673,0.0034654127856383887,66,363,979,69,70,70,68,70
10.256,-0.9750004146398333,-0.2518187441107144,90.07546626185623,15,-0.975,-0.15000000000000013,0.08931870369584233,-0.003963621229740033,64,358,964,70,71,61,68,58
10.264,-0.9750004707544715,-0.2511106741129379,89.93361513388487,15,-0.975,-0.15000000000000013,0.0894049370414904,0.003461935960883622,71,346,977,61,69,67,72,66
10.272,-0.9750005268691097,-0.2504026041151615,90.07546626185623,15,-0.975,-0.15000000000000013,0.08931809767376808,-0.003967146923251841,67,350,977,67,64,73,64,63
10.28,-0.9750005829837478,-0.249694534117385,89.93361513388487,15,-0.975,-0.15000000000000013,0.08940555164183943,0.0034583603609921187,64,339,844,69,69,68,71,65
10.288,-0.9749996880083247,-0.24892209463585976,89.93361513388471,15,-0.975,-0.15000000000000013,0.08940090985185366,0.0034853652004713798,67,356,846,65,65,66,70,66
10.296,-0.9749997441229629,-0.2482140246380833,90.07546626185622,15,-0.975,-0.15000000000000013,0.08932214709774665,-0.003943588329506697,65,356,892,65,66,68,65,70
10.304,-0.974999800237601,-0.24750595464030678,89.93361513388486,15,-0.975,-0.15000000000000013,0.08940147975788136,0.0034820496216012575,65,353,765,71,67,71,70,73
10.312,-0.9749998563522392,-0.2467978846425304,90.07546626185622,15,-0.975,-0.15000000000000013,0.08932156888412703,-0.003946952239987534,62,355,763,65,65,70,65,68
10.32,-0.9749999124668773,-0.24608981464475388,89.93361513388486,15,-0.975,-0.15000000000000013,0.08940206646208185,0.00347863631492329,66,355,730,69,69,64,61,58
10.328,-0.9749999685815155,-0.2453817446469775,90.07546626185622,15,-0.975,-0.15000000000000013,0.08932097350094445,-0.003950416038936533,65,356,733,64,60,70,69,67
10.336,-0.9750000246961537,-0.24467367464920098,89.93361513388486,15,-0.975,-0.15000000000000013,0.08940267071826352,0.0034751208949581613,70,353,703,68,70,65,71,68
10.344,-0.9750000808107918,-0.2439656046514246,90.07546626185622,15,-0.975,-0.15000000000000013,0.08932036017192005,-0.003953984242561104,62,363,705,61,64,62,65,66
10.352,-0.97500013692543,-0.24325753465364808,89.93361513388486,15,-0.975,-0.15000000000000013,0.08940329332602083,0.0034714987098536385,65,370,693,65,69,67,67,63
10.36,-0.9749992419500069,-0.24248509517212286,89.9336151338847,15,-0.975,-0.15000000000000013,0.08939830960405264,0.0035004928289699144,63,357,777,68,69,66,71,68
10.368,-0.974999298064645,-0.2417770251743464,90.0754662618562,15,-0.975,-0.15000000000000013,0.08932474756498127,-0.0039284594243953475,65,345,738,65,73,72,76,66
10.376,-0.9749993541792832,-0.24106895517656995,89.9336151338847,15,-0.975,-0.15000000000000013,0.08939887935821468,0.003497178133618384,62,345,738,71,69,63,65,65
10.384,-0.9749994102939213,-0.2403608851787935,90.0754662618562,15,-0.975,-0.15000000000000013,0.0893241689160505,-0.0039318258674136955,68,349,701,68,67,68,62,64
10.392,-0.9749994664085595,-0.23965281518101697,89.93361513388484,16,-0.975,-0.15000000000000013,0.08939946711184976,0.0034937587215775334,69,353,659,67,69,69,74,72
10.4,-0.9749995225231977,-0.2389447451832406,90.0754662618562,16,-0.975,-0.15000000000000013,0.08932357184112068,-0.003935299508549095,69,370,690,64,69,66,68,65
10.408,-0.9749995786378358,-0.23823667518546407,89.93361513388484,16,-0.975,-0.15000000000000013,0.08940007373159391,0.00349022955096312,65,362,688,59,69,63,63,75
10.416,-0.974999634752474,-0.2375286051876877,90.0754662618562,16,-0.975,-0.15000000000000013,0.0893229554458398,-0.003938885550930804,65,366,759,68,67,66,68,65
10.424,-0.9749996908671121,-0.23682053518991117,89.93361513388484,16,-0.975,-0.15000000000000013,0.08940070014063053,0.0034865852509120554,58,354,758,69,64,69,72,65
10.432,-0.974998795891689,-0.23604809570838595,89.93361513388469,16,-0.975,-0.15000000000000013,0.08939532032280346,0.0035178837623253134,66,345,784,67,71,76,70,70
10.44,-0.9749988520063272,-0.2353400257106095,90.07546626185619,16,-0.975,-0.15000000000000013,0.0893277403265946,-0.0039110482431019555,65,343,838,68,69,68,72,66
10.448,-0.9749989081209653,-0.23463195571283305,89.93361513388469,16,-0.975,-0.15000000000000013,0.08939588339233323,0.0035146079565879784,73,370,775,70,67,63,67,70
10.456,-0.9749989642356035,-0.2339238857150566,90.07546626185619,16,-0.975,-0.15000000000000013,0.08932716779518991,-0.003914379095796283,66,359,821,65,67,69,68,68
10.464,-0.9749990203502417,-0.23321581571728006,89.93361513388484,16,-0.975,-0.15000000000000013,0.08939646562613665,0.0035112206576259908,64,367,834,71,65,65,67,65
10.472,-0.9749990764648798,-0.2325077457195037,90.07546626185619,16,-0.975,-0.15000000000000013,0.08932657561024576,-0.003917824288148353,68,369,803,66,69,64,69,62
10.48,-0.974999132579518,-0.23179967572172716,89.93361513388484,16,-0.975,-0.15000000000000013,0.08939706801954383,0.003507716074843348,65,332,760,64,72,68,67,71
10.488,-0.9749991886941561,-0.2310916057239508,90.07546626185619,16,-0.975,-0.15000000000000013,0.08932596274210572,-0.0039213898104564215,65,335,795,63,70,61,66,70
10.496,-0.9749992448087943,-0.23038353572617426,89.93361513388484,16,-0.975,-0.15000000000000013,0.08939769163802867,0.0035040880095644766,63,347,864,65,61,67,63,66
10.504,-0.9749993009234325,-0.2296754657283979,90.07546626185619,16,-0.975,-0.15000000000000013,0.08932532808790943,-0.003925082078902076,70,305,877,67,61,68,65,65
10.512,-0.9750003183306996,-0.2289030263984292,90.07546626185619,16,-0.975,-0.15000000000000013,0.08931872322816112,-0.003963507595315496,72,302,877,65,69,67,67,65
10.52,-0.9750003744453377,-0.22819495640065274,89.93361513388469,16,-0.975,-0.15000000000000013,0.08940500551048364,0.0034615376244278018,63,304,776,68,65,64,70,64
10.528,-0.9750004305599759,-0.2274868864028763,90.07546626185619,16,-0.975,-0.15000000000000013,0.08931793834007565,-0.003968073889099255,67,345,820,64,60,68,68,68
10.536,-0.975000486674614,-0.22677881640509975,89.93361513388484,16,-0.975,-0.15000000000000013,0.08940580480982323,0.0034568874893661228,62,351,839,72,66,67,68,62
10.544,-0.9750005427892522,-0.2260707464073234,90.07546626185619,16,-0.975,-0.15000000000000013,0.08931712422889303,-0.003972810195970622,63,343,838,68,63,72,70,69
10.552,-0.9750005989038903,-0.22536267640954685,89.93361513388484,16,-0.975,-0.15000000000000013,0.089406634148428,0.0034520625929437276,69,339,725,62,67,57,71,63
10.56,-0.9750006550185285,-0.22465460641177049,90.07546626185619,16,-0.975,-0.15000000000000013,0.08931627923159464,-0.003977726190979691,72,490,754,65,71,66,70,65
10.568,-0.9750007111331667,-0.22394653641399395,89.93361513388484,16,-0.975,-0.15000000000000013,0.08940749525213296,0.003447052894659519,65,473,747,62,72,63,69,65
10.576,-0.9750007672478048,-0.22323846641621758,90.07546626185619,16,-0.975,-0.15000000000000013,0.08931540155653754,-0.003982832297482641,69,469,832,66,65,66,64,66
10.584,-0.975000823362443,-0.22253039641844105,89.93361513388484,16,-0.975,-0.15000000000000013,0.08940838998155778,0.003441847569866985,65,595,853,66,66,68,72,70
10.592,-0.9749999283870199,-0.22175795693691583,89.93361513388467,16,-0.975,-0.15000000000000013,0.08940202158476873,0.0034788974005477424,70,537,911,72,65,67,67,67
10.6,-0.974999984501658,-0.22104988693913938,90.07546626185618,16,-0.975,-0.15000000000000013,0.08932091612631997,-0.003950749830971212,66,598,883,71,63,69,64,68
10.608,-0.9750000406162962,-0.22034181694136284,89.93361513388483,16,-0.975,-0.15000000000000013,0.08940283395503705,0.003474171221905298,68,561,787,66,64,60,68,63
10.616,-0.9750000967309344,-0.21963374694358648,90.07546626185618,16,-0.975,-0.10000000000000009,0.08932038670016701,-0.003953829907476392,66,771,817,60,69,67,67,72
10.624,-0.9750001528455725,-0.21892567694580994,89.93361513388483,16,-0.975,-0.10000000000000009,0.08940319894372618,0.003472047803785961,68,753,848,65,61,66,64,69
10.632,-0.9750002089602107,-0.21821760694803358,90.07546626185618,16,-0.975,-0.10000000000000009,0.08931989216448669,-0.00395670699943973,68,733,870,70,72,61,66,65
10.64,-0.9750002650748488,-0.21750953695025704,89.93361513388483,16,-0.975,-0.10000000000000009,0.08940369942145107,0.0034691361424086234,67,850,922,64,67,69,66,70
10.648,-0.975000321189487,-0.21680146695248068,90.07546626185618,16,-0.975,-0.10000000000000009,0.08931938563697496,-0.003959653857050327,73,877,878,72,68,68,74,66
10.656,-0.9750003773041251,-0.21609339695470414,89.93361513388483,16,-0.975,-0.10000000000000009,0.08940421210911287,0.0034661534464976995,65,858,901,66,68,65,63,67
10.664,-0.974999482328702,-0.21532095747317892,89.93361513388466,16,-0.975,-0.10000000000000009,0.089400221418207,0.003489370345076681,65,854,889,66,62,68,68,67
10.672,-0.9749995384433402,-0.21461288747540247,90.07546626185616,16,-0.975,-0.10000000000000009,0.08932288026175123,-0.003939322954227721,69,885,864,65,66,76,65,68
10.68,-0.9749995945579784,-0.21390481747762594,89.93361513388481,16,-0.975,-0.10000000000000009,0.08940070071587058,0.003486581904301067,67,852,856,68,69,73,74,66
10.688,-0.9749996506726165,-0.21319674747984957,90.07546626185616,16,-0.975,-0.10000000000000009,0.08932239498639122,-0.003942146171831418,66,819,950,67,63,69,71,74
10.696,-0.9749997067872547,-0.21248867748207304,89.93361513388481,16,-0.975,-0.10000000000000009,0.08940119208146,0.0034837232551789823,69,807,876,70,67,70,67,62
10.704,-0.9749997629018928,-0.21178060748429667,90.07546626185616,16,-0.975,-0.10000000000000009,0.08932189741519812,-0.0039450409236923,67,819,917,69,68,71,69,67
10.712,-0.974999819016531,-0.21107253748652013,89.93361513388481,16,-0.975,-0.10000000000000009,0.08940169597656365,0.0034807917122978704,76,797,782,65,68,64,62,59
10.72,-0.9749998751311691,-0.21036446748874377,90.07546626185616,16,-0.975,-0.10000000000000009,0.08932138707485048,-0.00394800996348299,79,67,822,72,67,68,62,66
10.728,-0.9749999312458073,-0.20965639749096723,89.93361513388481,16,-0.975,-0.10000000000000009,0.08940221288661263,0.003477784451534127,86,68,830,64,68,66,65,59
10.736,-0.9749990362703842,-0.208883958009442,89.93361513388464,16,-0.975,-0.10000000000000009,0.08939797209133792,0.003502456398349673,86,68,779,67,62,73,66,63
10.744,-0.9749990923850224,-0.20817588801166556,90.07546626185615,16,-0.975,-0.10000000000000009,0.08932513013949775,-0.003926233696079695,83,68,909,69,65,70,62,65
10.752,-0.9749991484996605,-0.20746781801388903,89.9336151338848,16,-0.975,-0.10000000000000009,0.08939845045734629,0.0034996733777243882,83,71,870,68,70,63,62,70
10.76,-0.9749992046142987,-0.20675974801611266,90.07546626185615,16,-0.975,-0.10000000000000009,0.0893246454488585,-0.003929053511915859,87,66,901,68,63,60,70,69
10.768,-0.9749992607289368,-0.20605167801833613,89.9336151338848,16,-0.975,-0.10000000000000009,0.08939894159888412,0.003496816032081629,83,66,846,70,68,71,71,67
10.776,-0.974999316843575,-0.20534360802055976,90.07546626185615,16,-0.975,-0.10000000000000009,0.08932414772677252,-0.00393194914163586,94,63,835,63,73,69,65,68
10.784,-0.9749993729582132,-0.20463553802278323,89.9336151338848,16,-0.975,-0.10000000000000009,0.08939944603466554,0.0034938813436646843,95,66,779,71,65,60,63,61
10.792,-0.9749994290728513,-0.20392746802500686,90.07546626185615,16,-0.975,-0.10000000000000009,0.0893236364405315,-0.0039349236844112845,90,64,880,65,61,70,66,64
10.8,-0.9749994851874895,-0.20321939802723032,89.9336151338848,16,-0.975,-0.10000000000000009,0.08939996431187036,0.003490866129110648,84,67,850,66,74,64,69,67
10.808,-0.9749995413021276,-0.20251132802945396,90.07546626185615,16,-0.975,-0.10000000000000009,0.08932311102799023,-0.003937980410670061,95,65,887,68,61,68,63,72
10.816,-0.9750005587093947,-0.20173888869948525,90.07546626185615,16,-0.975,-0.10000000000000009,0.08931797183319412,-0.003967879034034506,97,68,910,65,70,68,65,71
10.824,-0.9750006148240329,-0.20103081870170872,89.9336151338848,16,-0.975,-0.10000000000000009,0.0894056742711902,0.0034576469323486228,89,71,726,68,65,70,66,66
10.832,-0.975000670938671,-0.20032274870393235,90.07546626185615,16,-0.975,-0.10000000000000009,0.0893173549978783,-0.003971467636435744,94,65,781,66,67,69,61,72
10.84,-0.9750007270533092,-0.19961467870615582,89.9336151338848,16,-0.975,-0.10000000000000009,0.08940629984481786,0.003454007492509792,78,67,752,66,58,72,68,61
10.848,-0.9750007831679474,-0.19890660870837945,90.07546626185615,16,-0.975,-0.10000000000000009,0.08931672049892667,-0.003975159001704531,87,63,586,72,64,67,70,72
10.856,-0.9750008392825855,-0.19819853871060292,89.9336151338848,16,-0.975,-0.10000000000000009,0.08940694346148043,0.003450263082549032,80,67,567,65,62,69,64,65
10.864,-0.9750008953972237,-0.19749046871282655,90.07546626185615,16,-0.975,-0.10000000000000009,0.08931606756659671,-0.003978957608021361,81,69,597,65,68,69,65,66
10.872,-0.9750009515118618,-0.19678239871505002,89.9336151338848,16,-0.975,-0.10000000000000009,0.08940760591320632,0.003446409094631564,67,73,584,66,67,67,68,70
10.88,-0.9750010076265,-0.19607432871727365,90.07546626185615,16,-0.975,-0.10000000000000009,0.08931539538576212,-0.0039828681975988545,73,66,782,65,66,69,68,66
10.888,-0.9750010637411382,-0.19536625871949712,89.9336151338848,16,-0.975,-0.10000000000000009,0.08940828803906828,0.003442440647230205,62,66,816,73,64,66,62,70
10.896,-0.975000168765715,-0.1945938192379719,89.93361513388463,16,-0.975,-0.10000000000000009,0.08940345620237274,0.0034705511336488026,69,67,793,72,71,73,66,69
10.904,-0.9750002248803532,-0.19388574924019544,90.07546626185614,16,-0.975,-0.10000000000000009,0.08931956850103769,-0.00395858999705756,78,65,1308,69,64,65,70,68
10.912,-0.9750002809949914,-0.1931776792424189,89.93361513388479,16,-0.975,-0.10000000000000009,0.08940409128172402,0.003466856391751705,83,65,1337,71,68,68,67,65
10.92,-0.9750003371096295,-0.19246960924464254,90.07546626185614,16,-0.975,-0.10000000000000009,0.08931892373234378,-0.003962341109265077,78,67,1309,64,63,71,61,68
10.928,-0.9750003932242677,-0.191761539246866,89.93361513388479,16,-0.975,-0.10000000000000009,0.089404745963214,0.0034630476092343257,81,65,1293,68,66,65,62,66
10.936,-0.9750004493389058,-0.19105346924908964,90.07546626185614,16,-0.975,-0.10000000000000009,0.08931825890768172,-0.003966208902365542,69,70,1525,61,62,63,70,64
10.944,-0.975000505453544,-0.1903453992513131,89.93361513388479,16,-0.975,-0.10000000000000009,0.08940542116861885,0.003459119423420365,63,68,1515,68,67,68,70,62
10.952,-0.9750005615681822,-0.18963732925353674,90.07546626185614,17,-0.975,-0.10000000000000009,0.08931757307648583,-0.003970198906525946,69,61,1544,71,69,66,63,67
10.96,-0.9750006176828203,-0.1889292592557602,89.93361513388479,17,-0.975,-0.10000000000000009,0.08940611787842813,0.003455066130052753,61,69,1652,67,63,66,63,62
10.968,-0.9749997227073972,-0.18815681977423498,89.93361513388462,17,-0.975,-0.10000000000000009,0.08940091421743038,0.0034853398025755924,68,70,1643,69,70,62,64,69
10.976,-0.9749997788220354,-0.18744874977645853,90.07546626185614,17,-0.975,-0.10000000000000009,0.08932210787091767,-0.003943816541946976,66,66,1633,64,68,68,67,70
10.984,-0.9749998349366735,-0.186740679778682,89.93361513388477,17,-0.975,-0.10000000000000009,0.0894015549250394,0.0034816123168022175,61,68,1709,66,67,66,74,64
10.992,-0.9749998910513117,-0.18603260978090563,90.07546626185614,17,-0.975,-0.10000000000000009,0.08932145665963766,-0.003947605135601107,65,73,1705,67,64,64,61,64
11.0,-0.9749999471659498,-0.1853245397831291,89.93361513388477,17,-0.975,-0.10000000000000009,0.08940221690042459,0.003477761100122656,67,72,1697,67,69,69,65,66
11.008000000000001,-0.975000003280588,-0.18461646978535273,90.07546626185614,17,-0.975,-0.10000000000000009,0.08932078365103287,-0.003951520540950382,63,64,1703,64,68,63,70,68
11.016,-0.9750000593952262,-0.1839083997875762,89.93361513388477,17,-0.975,-0.10000000000000009,0.08940290122040982,0.0034737798878294868,64,62,1678,64,67,68,63,66
11.024000000000001,-0.9750001155098643,-0.18320032978979983,90.07546626185614,17,-0.975,-0.10000000000000009,0.08932008773207648,-0.003955569233322409,68,68,1682,68,62,65,69,66
11.032,-0.9750001716245025,-0.1824922597920233,89.93361513388477,17,-0.975,-0.10000000000000009,0.08940360903576078,0.003469661985039396,65,71,1693,65,65,63,69,70
11.040000000000001,-0.9749992766490794,-0.18171982031049808,89.9336151338846,17,-0.975,-0.10000000000000009,0.08939797177258398,0.0035024582527849466,69,60,1720,67,66,69,63,66
11.048,-0.9749993327637175,-0.18101175031272163,90.07546626185612,17,-0.975,-0.10000000000000009,0.08932505078528322,-0.003926695360185972,70,67,1723,61,68,70,64,65
11.056000000000001,-0.9749993888783557,-0.1803036803149451,89.93361513388476,17,-0.975,-0.10000000000000009,0.08939861194871906,0.003498733859001568,62,62,1744,66,67,65,64,65
11.064,-0.9749994449929938,-0.17959561031716872,90.07546626185612,17,-0.975,-0.10000000000000009,0.08932439926911304,-0.003930485727619226,70,65,598,70,65,69,65,64
11.072000000000001,-0.974999501107632,-0.1788875403193922,89.93361513388476,17,-0.975,-0.10000000000000009,0.08939927510893929,0.003494875749231241,66,67,309,63,64,67,63,65
11.08,-0.9749995572222702,-0.17817947032161582,90.07546626185612,17,-0.975,-0.10000000000000009,0.0893237241498638,-0.003934413412200132,72,67,147,66,67,66,61,68
11.088000000000001,-0.9749996133369083,-0.1774714003238393,89.93361513388476,17,-0.975,-0.10000000000000009,0.08939996251366027,0.003490876590672931,61,63,124,65,62,68,63,58
11.096,-0.9749996694515465,-0.17676333032606292,90.07546626185612,17,-0.975,-0.10000000000000009,0.08932302412123755,-0.003938486013662201,65,65,118,66,74,65,68,65
11.104000000000001,-0.9749997255661846,-0.1760552603282864,89.93361513388476,17,-0.975,-0.10000000000000009,0.08940067551717128,0.0034867285043911345,69,64,106,61,68,61,65,68
11.112,-0.9749997816808228,-0.17534719033051002,90.07546626185612,17,-0.975,-0.10000000000000009,0.08932229777872937,-0.003942711703083912,70,64,79,69,63,65,69,70
11.120000000000001,-0.974999837795461,-0.1746391203327335,89.93361513388476,17,-0.975,-0.10000000000000009,0.08940141557654223,0.0034824230134966605,70,66,66,65,68,66,62,66
11.128,-0.9749989428200379,-0.1738666808512082,89.93361513388476,17,-0.975,-0.10000000000000009,0.08939515605001577,0.0035188394626641797,67,65,68,69,60,69,66,72
11.136000000000001,-0.974998998934676,-0.17315861085343184,90.07546626185612,17,-0.975,-0.10000000000000009,0.08932785970076611,-0.0039103537523237355,68,61,65,63,68,71,66,68
11.144,-0.9749990550493142,-0.1724505408556553,89.93361513388476,17,-0.975,-0.10000000000000009,0.08939581057987403,0.0035150315623044825,64,69,72,74,66,61,72,69
11.152000000000001,-0.9749991111639523,-0.17174247085787894,90.07546626185612,17,-0.975,-0.10000000000000009,0.08932719231352594,-0.0039142364538993215,67,63,73,66,68,66,64,66
11.16,-0.9749991672785905,-0.1710344008601024,89.93361513388476,17,-0.975,-0.10000000000000009,0.08939649120711322,0.0035110718335369393,67,60,69,62,64,68,66,71
11.168000000000001,-0.9749992233932286,-0.17032633086232604,90.07546626185612,17,-0.975,-0.10000000000000009,0.08932649804833678,-0.003918275525043535,63,79,62,66,64,64,68,68
11.176,-0.9749992795078668,-0.1696182608645495,89.93361513388476,17,-0.975,-0.050000000000000044,0.08939943023750484,0.0034939732478203034,64,90,65,72,64,70,66,69
11.184000000000001,-0.974999335622505,-0.16891019086677314,90.07546626185612,17,-0.975,-0.050000000000000044,0.08932368476084859,-0.003934642568201641,61,103,63,61,70,65,70,68
11.192,-0.9749993917371431,-0.1682021208689966,89.93361513388476,17,-0.975,-0.050000000000000044,0.08939988263116498,0.0034913413281920658,69,137,72,66,66,69,62,69
11.200000000000001,-0.97499849676172,-0.16742968138747133,89.93361513388476,17,-0.975,-0.050000000000000044,0.089395935123599,0.0035143069962833007,65,134,72,63,65,65,67,65
11.208,-0.9749985528763582,-0.16672161138969496,90.07546626185612,17,-0.975,-0.050000000000000044,0.0893271968611837,-0.003914209996698892,67,150,68,61,60,67,72,70
11.216000000000001,-0.9749986089909963,-0.16601354139191843,89.93361513388476,17,-0.975,-0.050000000000000044,0.08939635338787157,0.0035118736333834555,67,203,67,61,70,70,66,68
11.224,-0.9749986651056345,-0.16530547139414206,90.07546626185612,17,-0.975,-0.050000000000000044,0.08932677347552233,-0.003916673154631178,65,220,69,65,64,66,65,69
11.232000000000001,-0.9749987212202726,-0.16459740139636553,89.93361513388476,17,-0.975,-0.050000000000000044,0.0893967819895647,0.0035093801298085037,67,224,62,69,64,63,59,72
11.24,-0.9749987773349108,-0.16388933139858916,90.07546626185612,17,-0.975,-0.050000000000000044,0.0893263395608084,-0.0039191975681081015,64,296,59,69,63,64,69,60
11.248000000000001,-0.974998833449549,-0.16318126140081263,89.93361513388476,17,-0.975,-0.050000000000000044,0.08939722131670816,0.0035068242280928974,67,312,67,74,68,59,75,67
11.256,-0.9749988895641871,-0.16247319140303626,90.07546626185612,17,-0.975,-0.050000000000000044,0.08932589471933111,-0.003921785550917489,70,342,67,73,67,66,72,65
11.264,-0.9749989456788253,-0.16176512140525973,89.93361513388476,17,-0.975,-0.050000000000000044,0.08939767177699809,0.003504203556356611,65,383,64,66,64,66,71,68
11.272,-0.9749980507034022,-0.16099268192373445,89.93361513388476,17,-0.975,-0.050000000000000044,0.08939347994832376,0.003528590627038808,62,442,67,70,67,68,67,65
11.28,-0.9749981068180403,-0.16028461192595808,90.07546626185612,17,-0.975,-0.050000000000000044,0.08932965566723647,-0.0038999052429360415,68,534,64,62,71,68,61,66
11.288,-0.9749981629326785,-0.15957654192818155,89.93361513388476,17,-0.975,-0.050000000000000044,0.08939389105317148,0.003526198915984269,69,576,72,66,69,67,63,58
11.296,-0.9749982190473166,-0.15886847193040518,90.07546626185612,17,-0.975,-0.050000000000000044,0.0893292392319832,-0.003902327965032981,71,810,68,64,68,63,59,65
11.304,-0.9749982751619548,-0.15816040193262865,89.93361513388476,17,-0.975,-0.050000000000000044,0.08939431292317926,0.003523744575767207,68,1062,68,59,66,69,69,66
11.312,-0.974998331276593,-0.15745233193485228,90.07546626185612,17,-0.975,-0.050000000000000044,0.08932881182013024,-0.0039048145463984607,69,1336,70,70,62,62,69,62
11.32,-0.9749983873912311,-0.15674426193707575,89.93361513388476,17,-0.975,-0.050000000000000044,0.08939474598680026,0.0035212251137481942,67,1571,68,66,64,66,68,69
11.328,-0.9749984435058693,-0.15603619193929938,90.07546626185612,17,-0.975,-0.050000000000000044,0.08932837299189186,-0.003907367545601837,68,1780,69,68,70,66,61,68
11.336,-0.9749984996205074,-0.15532812194152285,89.93361513388476,17,-0.975,-0.050000000000000044,0.08939519069553006,0.003518637903232369,68,1930,72,67,66,58,67,72
11.344,-0.9749976046450843,-0.15455568245999757,89.93361513388476,17,-0.975,-0.050000000000000044,0.08939072246596132,0.003544633009135544,67,1956,70,63,64,67,68,67
11.352,-0.9749976607597225,-0.1538476124622212,90.07546626185612,17,-0.975,-0.050000000000000044,0.08933241929172152,-0.0038838271274184155,68,1984,71,63,74,70,64,70
11.36,-0.9749977168743607,-0.15313954246444467,89.93361513388476,17,-0.975,-0.050000000000000044,0.0893911213669602,0.0035423122971955934,68,2009,60,61,64,65,66,64
11.368,-0.9749977729889988,-0.1524314724666683,90.07546626185612,17,-0.975,-0.050000000000000044,0.08933201489462064,-0.0038861798143836612,67,1974,69,67,63,57,68,67
11.376,-0.974997829103637,-0.15172340246889177,89.93361513388476,17,-0.975,-0.050000000000000044,0.08939153137454121,0.0035399269697800042,63,1924,63,72,67,65,67,70
11.384,-0.9749978852182751,-0.1510153324711154,90.07546626185612,17,-0.975,-0.050000000000000044,0.08933159915898543,-0.0038885984662677675,66,1938,65,67,71,63,68,66
11.392,-0.9749979413329133,-0.15030726247333887,89.93361513388476,17,-0.975,-0.050000000000000044,0.08939195295911316,0.003537474290161269,66,1926,61,63,72,68,63,69
11.4,-0.9749979974475514,-0.1495991924755625,90.07546626185612,17,-0.975,-0.050000000000000044,0.08933117160116881,-0.003891085896815305,66,1925,67,61,68,60,64,68
11.408,-0.9749980535621896,-0.14889112247778596,89.93361513388476,17,-0.975,-0.050000000000000044,0.08939238661803026,0.0035349513648499364,64,1892,69,69,68,70,70,60
11.416,-0.9749981096768278,-0.14818305248000943,90.07546626185612,17,-0.975,-0.050000000000000044,0.08933073170962019,-0.003893645082106989,66,1842,65,67,71,68,67,64
11.424,-0.9749991270840949,-0.14741061315004086,90.07546626185612,17,-0.975,-0.050000000000000044,0.08932542459331813,-0.003924520633192818,75,1774,71,69,66,69,75,65
11.432,-0.974999183198733,-0.14670254315226433,89.93361513388476,17,-0.975,-0.050000000000000044,0.08939818064849102,0.0035012430620162682,65,1698,65,63,73,69,72,64
11.44,-0.9749992393133712,-0.14599447315448796,90.07546626185612,17,-0.975,-0.050000000000000044,0.08932488989104828,-0.003927631404901709,70,1624,66,66,68,66,67,70
11.448,-0.9749992954280093,-0.14528640315671143,89.93361513388476,17,-0.975,-0.050000000000000044,0.08939872326837586,0.0034980862274904823,66,1582,68,71,64,66,65,67
11.456,-0.9749993515426475,-0.14457833315893506,90.07546626185612,17,-0.975,-0.050000000000000044,0.0893243391763737,-0.0039308353330052,64,1426,74,71,65,66,62,65
11.464,-0.9749994076572857,-0.14387026316115853,89.93361513388476,17,-0.975,-0.050000000000000044,0.08939928226034052,0.003494834144065262,67,1349,67,68,65,69,67,65
11.472,-0.9749994637719238,-0.14316219316338216,90.07546626185612,17,-0.975,-0.050000000000000044,0.08932377171909053,-0.0039341366656571175,66,1265,60,69,68,64,68,72
11.48,-0.974999519886562,-0.14245412316560563,89.93361513388476,17,-0.975,-0.050000000000000044,0.08939985837670936,0.0034914824348950546,64,1013,68,64,66,72,68,67
11.488,-0.9749995760012001,-0.14174605316782926,90.07546626185612,17,-0.975,-0.050000000000000044,0.08932318674391021,-0.003937539913303478,65,899,68,67,67,66,68,68
11.496,-0.9749996321158383,-0.14103798317005273,89.93361513388476,17,-0.975,-0.050000000000000044,0.08940045241661723,0.0034880264508014847,67,910,72,68,63,59,66,65
11.504,-0.9749987371404152,-0.14026554368852745,89.93361513388476,17,-0.975,-0.050000000000000044,0.08939532183841402,0.003517874944860555,67,758,65,65,67,61,71,71
11.512,-0.9749987932550533,-0.13955747369075108,90.07546626185612,18,-0.975,-0.050000000000000044,0.08932775194705832,-0.003910980637984451,64,898,66,62,67,62,72,67
11.52,-0.9749988493696915,-0.13884940369297455,89.93361513388476,18,-0.975,-0.050000000000000044,0.08939585820466782,0.0035147544924853946,69,893,70,66,67,71,67,67
11.528,-0.9749989054843297,-0.13814133369519818,90.07546626185612,18,-0.975,-0.050000000000000044,0.0893272069972379,-0.003914151027526014,68,825,73,67,64,64,67,63
11.536,-0.9749989615989678,-0.13743326369742165,89.93361513388476,18,-0.975,-0.050000000000000044,0.08939641194576675,0.0035115329573587317,64,590,63,69,69,68,65,72
11.544,-0.974999017713606,-0.13672519369964528,90.07546626185612,18,-0.975,-0.050000000000000044,0.08932664425039218,-0.003917424955963701,70,523,72,65,66,67,73,72
