t,x,y,theta_deg,idx,target_x,target_y,v,w
0.016,-1.0,-1.0,0.0,0,-0.975,-0.7749999999999999,0.0,4.0
0.024,-0.999935635967501,-0.9999991235181265,1.5603624076857001,0,-0.975,-0.7749999999999999,0.0,4.0
0.032,-0.999935635967501,-0.9999991235181265,3.546278199285682,0,-0.975,-0.7749999999999999,0.0,4.0
0.04,-0.999935635967501,-0.9999991235181265,5.248491734942809,0,-0.975,-0.7749999999999999,0.0,4.0
0.048,-0.999935635967501,-0.9999991235181265,7.234407526542791,0,-0.975,-0.7749999999999999,0.0,4.0
0.056,-0.999935635967501,-0.9999991235181265,8.936621062199917,0,-0.975,-0.7749999999999999,0.0,4.0
0.064,-0.999935635967501,-0.9999991235181265,10.9225368537999,0,-0.975,-0.7749999999999999,0.0,4.0
0.07200000000000001,-0.999935635967501,-0.9999991235181265,12.624750389457027,0,-0.975,-0.7749999999999999,0.0,4.0
0.08,-0.999935635967501,-0.9999991235181265,14.61066618105701,0,-0.975,-0.7749999999999999,0.0,4.0
0.088,-0.999935635967501,-0.9999991235181265,16.312879716714136,0,-0.975,-0.7749999999999999,0.0,4.0
0.096,-0.999935635967501,-0.9999991235181265,18.298795508314118,0,-0.975,-0.7749999999999999,0.0,3.9936646086329146
0.10400000000000001,-0.999935635967501,-0.9999991235181265,20.001009043971244,0,-0.975,-0.7749999999999999,0.0,3.889682300940607
0.112,-0.999935635967501,-0.9999991235181265,21.703222579628374,0,-0.975,-0.7749999999999999,0.0,3.785699993248299
0.12,-0.999935635967501,-0.9999991235181265,23.4054361152855,0,-0.975,-0.7749999999999999,0.0,3.6817176855559914
0.128,-0.999935635967501,-0.9999991235181265,25.107649650942626,0,-0.975,-0.7749999999999999,0.0,3.577735377863683
0.136,-0.999935635967501,-0.9999991235181265,26.809863186599753,0,-0.975,-0.7749999999999999,0.0,3.473753070171376
0.14400000000000002,-0.999935635967501,-0.9999991235181265,28.512076722256882,0,-0.975,-0.7749999999999999,0.0,3.3697707624790683
0.152,-0.999935635967501,-0.9999991235181265,29.930588001971152,0,-0.975,-0.7749999999999999,0.0,3.283118839402145
0.16,-0.999935635967501,-0.9999991235181265,31.63280153762828,0,-0.975,-0.7749999999999999,0.0,3.1791365317098377
0.168,-0.999935635967501,-0.9999991235181265,33.05131281734255,0,-0.975,-0.7749999999999999,0.0,3.0924846086329145
0.176,-0.999935635967501,-0.9999991235181265,34.46982409705682,0,-0.975,-0.7749999999999999,0.0,3.0058326855559914
0.184,-0.999935635967501,-0.9999991235181265,35.888335376771096,0,-0.975,-0.7749999999999999,0.0,2.9191807624790687
0.192,-0.999935635967501,-0.9999991235181265,37.02314440054251,0,-0.975,-0.7749999999999999,0.0,2.8498592240175302
0.2,-0.999935635967501,-0.9999991235181265,38.44165568025679,0,-0.975,-0.7749999999999999,0.0,2.7632073009406066
0.20800000000000002,-0.999935635967501,-0.9999991235181265,39.57646470402821,0,-0.975,-0.7749999999999999,0.01680098018261008,2.693885762479068
0.216,-0.9998374292972212,-0.999915880275082,40.994975983742485,0,-0.975,-0.7749999999999999,0.019593216161306826,2.6086017676674853
0.224,-0.9997411016710183,-0.9998304696432491,42.1297850075139,0,-0.975,-0.7749999999999999,0.021819076944127408,2.54061671880282
0.232,-0.9995518672961674,-0.9996558663735924,43.26459403128532,0,-0.975,-0.7749999999999999,0.024003002228776278,2.4739125168421348
0.24,-0.9994589976630893,-0.9995667079816601,44.399403055056744,0,-0.975,-0.7749999999999999,0.026230701919794416,2.4058713017227626
0.248,-0.999276826365738,-0.9993847476320744,45.534212078828155,0,-0.975,-0.7749999999999999,0.028418373301185684,2.339052681748135
0.256,-0.9991427553164323,-0.9992457640868683,46.52716997462815,0,-0.975,-0.7749999999999999,0.030344162040805783,2.28023281189078
0.264,-0.9989674654473306,-0.9990571655391794,47.66197899839956,0,-0.975,-0.7749999999999999,0.03253541723125899,2.2133047306973386
0.272,-0.9988386470190942,-0.9989133000302947,48.65493689419956,0,-0.975,-0.7749999999999999,0.03446393734976047,2.154401435619435
0.28,-0.9986281370789037,-0.9986698395867294,49.64789478999955,0,-0.975,-0.7749999999999999,0.0363563348169922,2.0966014441401435
0.28800000000000003,-0.9984218778023596,-0.9984227676673628,50.64085268579954,0,-0.975,-0.7749999999999999,0.038250860761528546,2.038736442021068
0.296,-0.9982600724131336,-0.9982224804575429,51.4919594536281,0,-0.975,-0.7749999999999999,0.039881570966318974,1.9889292331370059
0.304,-0.9980618705936177,-0.9979688991860725,52.484917349428095,0,-0.975,-0.7749999999999999,0.04178014518947407,1.9309405833837932
0.312,-0.997828955902936,-0.9976608137510635,53.336024117256656,0,-0.975,-0.7749999999999999,0.04337997529122517,1.882076553574666
0.32,-0.9976383741435598,-0.9974014568242366,54.045279757113796,0,-0.975,-0.7749999999999999,0.04471486382119889,1.8413047035831567
0.328,-0.9974516659163539,-0.9971392975970604,55.03823765291378,0,-0.975,-0.7749999999999999,0.046619071709339904,1.7831439833247664
0.336,-0.9972327073923485,-0.9968211418912097,55.88934442074235,0,-0.975,-0.7749999999999999,0.04822575192308386,1.7340707287509298
0.34400000000000003,-0.9969823335874675,-0.9964465163369167,56.598600060599495,0,-0.975,-0.7749999999999999,0.04953521755483606,1.6940753769983083
0.352,-0.9967721196651892,-0.9961225163442001,57.449706828428056,0,-0.975,-0.7749999999999999,0.05114605326858831,1.6448751998993516
0.36,-0.9966006340403559,-0.9958501560993487,58.15896246828519,0,-0.975,-0.7749999999999999,0.05249021700367452,1.603820054888823
0.368,-0.996365292547024,-0.9954659091349933,58.86821810814232,0,-0.975,-0.7749999999999999,0.05380690396919292,1.5636041400476421
0.376,-0.9961347254974158,-0.9950787784287262,59.577473747999456,0,-0.975,-0.7749999999999999,0.0551258238567044,1.5233200244852019
0.384,-0.9959089682222138,-0.9946888233020854,60.28672938785659,0,-0.975,-0.7749999999999999,0.05644700126562722,1.4829669568550283
0.392,-0.9956880553150802,-0.9942961035094064,60.995985027713736,0,-0.975,-0.7749999999999999,0.05777046081009039,1.4425441853613314
0.4,-0.995472020627356,-0.993900679228665,61.70524066757087,0,-0.975,-0.7749999999999999,0.05909622711464449,1.4020509578900144
0.40800000000000003,-0.9952301738101332,-0.9934460431999571,62.272645179456575,0,-0.975,-0.7749999999999999,0.06012737112863911,1.3705564562037504
0.41600000000000004,-0.9950230028334364,-0.9930459038061024,62.981900819313715,0,-0.975,-0.7749999999999999,0.061457234675437136,1.3299380855894687
0.424,-0.9947913453770751,-0.9925859922662251,63.54930533119942,0,-0.975,-0.7749999999999999,0.062493109972800866,1.298299075076092
0.432,-0.9945642537449654,-0.9921238091940278,64.11670984308512,0,-0.975,-0.7749999999999999,0.06353104794529443,1.2665970637359893
0.44,-0.9943700663236348,-0.9917172103825478,64.82596548294225,0,-0.975,-0.7749999999999999,0.06486691840966768,1.2257952222649366
0.448,-0.9941255859704048,-0.991191993659866,65.25151886685654,0,-0.975,-0.7749999999999999,0.06561414315961214,1.2029725410218228
0.456,-0.9939123236345259,-0.9907232688176659,65.81892337874224,0,-0.975,-0.7749999999999999,0.06665839687194061,1.1710776263857885
0.464,-0.9937037134982768,-0.9902524550406222,66.38632789062794,0,-0.975,-0.7749999999999999,0.06770479754427158,1.1391171365880877
0.47200000000000003,-0.9934997760200809,-0.9897795985015038,66.95373240251365,0,-0.975,-0.7749999999999999,0.06875336650374606,1.107090420228266
0.48,-0.9932749644797497,-0.9892456668389907,67.37928578642794,0,-0.975,-0.7749999999999999,0.069509526049809,1.0839948411671938
0.488,-0.9930792520017963,-0.988769347169469,67.94669029831365,0,-0.975,-0.7749999999999999,0.07056179799850842,1.0518550234376256
0.496,-0.9928637269987067,-0.9882315998106254,68.37224368222793,0,-0.975,-0.7749999999999999,0.07132216440194636,1.0286309532299318
0.504,-0.9926522019186708,-0.9876922665283074,68.79779706614222,0,-0.975,-0.7749999999999999,0.07208427054069992,1.0053537458308388
0.512,-0.9924446884303946,-0.9871513770746448,69.2233504500565,0,-0.975,-0.7749999999999999,0.07284813351396485,0.9820228789751322
0.52,-0.9922411979812863,-0.9866089612876127,69.64890383397078,0,-0.975,-0.7749999999999999,0.07361377057483673,0.9586378256969961
0.528,-0.9920417417968245,-0.9860650490893859,70.07445721788507,0,-0.975,-0.7749999999999999,0.07438119913120561,0.9351980543026839
0.536,-0.9918253688506535,-0.9854588045527793,70.64186172977078,0,-0.975,-0.7749999999999999,0.07542543319121911,0.9033037399124528
0.544,-0.9916353683537511,-0.9849115175530463,71.06741511368506,0,-0.975,-0.7749999999999999,0.07619720576296092,0.8797312881188649
0.552,-0.9914494379290739,-0.9843628344695825,71.49296849759935,0,-0.975,-0.7749999999999999,0.07697082847534191,0.8561023269951644
0.56,-0.9912466258699267,-0.9837519196157244,71.77667075354219,0,-0.975,-0.7749999999999999,0.07745376694900524,0.8413518107076977
0.5680000000000001,-0.9910675015806835,-0.9832009770253367,72.20222413745648,0,-0.975,-0.7749999999999999,0.07823033319771608,0.8176329443829334
0.5760000000000001,-0.9908722672882266,-0.9825875984627436,72.48592639339934,0,-0.975,-0.7749999999999999,0.07871657465895512,0.8027815440808566
0.584,-0.9906815940902153,-0.981972786766726,73.05333090528504,0,-0.975,-0.7749999999999999,0.0797723013216238,0.7705362081177016
0.592,-0.9904954925050687,-0.9813565758531534,73.3370331612279,0,-0.975,-0.7749999999999999,0.0802627263263871,0.7555570287500518
0.6,-0.990312444380883,-0.9807394510082216,73.62073541717075,0,-0.975,-0.7749999999999999,0.08075441137454735,0.7405393635469111
0.608,-0.9901324542055738,-0.9801214273624019,73.90443767311359,0,-0.975,-0.7749999999999999,0.08124736921207083,0.7254828232048929
0.616,-0.989973908817495,-0.9795642141098505,74.3299910570279,0,-0.975,-0.7749999999999999,0.08203304360731457,0.7014857643750606
0.624,-0.9897851947011809,-0.9788817552413436,74.75554444094216,0,-0.975,-0.7749999999999999,0.08280657294892316,0.6778596550993166
0.632,-0.989617479699449,-0.9782602881318405,75.03924669688502,0,-0.975,-0.7749999999999999,0.08330519171134046,0.6626302116456143
0.64,-0.9894355331689483,-0.9775759939078851,75.18109782485644,0,-0.975,-0.7749999999999999,0.0835141920735694,0.6562466588427914
0.648,-0.9892724385781902,-0.9769532982804189,75.46480008079931,0,-0.975,-0.7749999999999999,0.08401456970851261,0.6409634936848646
0.656,-0.989097277477023,-0.9762672358098392,75.89035346471357,0,-0.975,-0.7749999999999999,0.08479390888604212,0.617159933068934
0.664,-0.9889419034385842,-0.9756425690201191,76.17405572065643,0,-0.975,-0.7749999999999999,0.08529787299941319,0.6017672251610505
0.672,-0.988789624353847,-0.9750171405507068,76.45775797659928,0,-0.975,-0.7749999999999999,0.08580323060537445,0.5863319554440151
0.68,-0.9886246733971505,-0.9743285519167715,76.5996091045707,0,-0.975,-0.7749999999999999,0.08601971288748052,0.5797198804027967
0.6880000000000001,-0.9884631340217344,-0.9736391549664662,77.025162488485,0,-0.975,-0.7749999999999999,0.08680511873445261,0.5557310239131605
0.6960000000000001,-0.9883050101881696,-0.9729489666022071,77.16701361645642,0,-0.975,-0.7749999999999999,0.08702465627359013,0.5490256313562283
0.704,-0.9881635923441485,-0.9723209931287288,77.45071587239926,0,-0.975,-0.7749999999999999,0.08753470365201822,0.5334471206904405
0.712,-0.9879976243181867,-0.9715665939187886,77.73441812834213,0,-0.975,-0.7749999999999999,0.0880349895947644,0.5181667561113025
0.72,-0.9878624321765644,-0.970937250789134,78.01812038428497,0,-0.975,-0.7749999999999999,0.08854790271323483,0.5025007163968361
0.728,-0.9877162927191128,-0.9702444258589562,78.1599715122564,0,-0.975,-0.7749999999999999,0.08877277866963093,0.4956322711633906
0.736,-0.987559675762372,-0.9694880300085834,78.44367376819928,0,-0.975,-0.7749999999999999,0.08927719627216295,0.48022571221729093
0.744,-0.987418686112408,-0.9687941387753898,78.5855248961707,0,-0.975,-0.7749999999999999,0.0895042614701813,0.47329040040359316
0.752,-0.9872928571925614,-0.9681628569263475,78.86922715211355,0,-0.975,-0.7749999999999999,0.09002122386991597,0.45750068243092634
0.76,-0.9871456153040649,-0.9674045803410094,79.15292940805641,0,-0.975,-0.7749999999999999,0.09052991101450183,0.4419637177436405
0.768,-0.9870260440847755,-0.966772083373809,79.43663166399926,0,-0.975,-0.7749999999999999,0.09104991231802995,0.42608118173649145
0.776,-0.9868971004068601,-0.966075853057875,79.5784827919707,0,-0.975,-0.7749999999999999,0.09128266777483106,0.4189720708584569
0.784,-0.9867592561490529,-0.9653158119312315,79.86218504791356,0,-0.975,-0.7749999999999999,0.09179577718724159,0.40330003568676653
0.792,-0.9866354870969409,-0.9646186431233813,80.00403617588498,0,-0.975,-0.7749999999999999,0.09203089914558514,0.3961186441323108
0.8,-0.9865134444514657,-0.9639211700288569,80.14588730385641,0,-0.975,-0.7749999999999999,0.09226671449614407,0.38891607411781426
0.808,-0.9863831335755775,-0.9631598011109037,80.42958955979928,0,-0.975,-0.7749999999999999,0.0927832041238256,0.3731407961457902
0.8160000000000001,-0.9862547080708697,-0.962398111907002,80.42958955979928,0,-0.975,-0.7749999999999999,0.09273303320720769,0.3746731795923106
0.8240000000000001,-0.9861378490912656,-0.9616997516104602,80.5714406877707,0,-0.975,-0.7749999999999999,0.09297091745337167,0.3674074187574849
0.8320000000000001,-0.9860131966788829,-0.9609374358427581,80.85514294371357,0,-0.975,-0.7749999999999999,0.09348969873202548,0.3515621462896087
0.84,-0.985901527811634,-0.9602382268689975,80.99699407168501,0,-0.975,-0.7749999999999999,0.09373009146309937,0.34421976814318267
0.848,-0.985791590364913,-0.95953874357205,81.13884519965643,0,-0.975,-0.7749999999999999,0.09397123545914421,0.3368544439139849
0.856,-0.9856637113121487,-0.958711762360677,81.28069632762785,0,-0.975,-0.7749999999999999,0.0942055054243156,0.32969907501013157
0.864,-0.9855572387174286,-0.958011743281313,81.42254745559927,0,-0.975,-0.7749999999999999,0.09444812038664685,0.3222888226723879
0.872,-0.9854439235487493,-0.9572476600226644,81.70624971154214,0,-0.975,-0.7749999999999999,0.09497213357656303,0.30628375056853496
0.88,-0.9853325004192377,-0.9564832985637918,81.70624971154214,0,-0.975,-0.7749999999999999,0.09492957574719643,0.3075836054971962
0.888,-0.9852312299705694,-0.9557825079951291,81.84810083951356,0,-0.975,-0.7749999999999999,0.09517450149192704,0.3001027743274116
0.896,-0.9851135975272485,-0.9549540071898317,81.989951967485,0,-0.975,-0.7749999999999999,0.09541329794093842,0.29280915184210277
0.904,-0.9850157982973134,-0.954252723769577,82.13180309545643,0,-0.975,-0.7749999999999999,0.0956597921540418,0.28528041453201114
0.912,-0.9849022696328694,-0.9534236506615524,82.27365422342787,0,-0.975,-0.7749999999999999,0.09590046648506943,0.27792943540444404
0.92,-0.9848079440194781,-0.9527218915835504,82.41550535139929,0,-0.975,-0.7749999999999999,0.09614857052770734,0.2703515286492495
0.928,-0.984705991098122,-0.9519562094331596,82.41550535139929,0,-0.975,-0.7749999999999999,0.0961100290724839,0.2715287104105275
0.936,-0.9846059341395944,-0.9511902772177188,82.69920760734216,0,-0.975,-0.7749999999999999,0.09663979399606526,0.2553479615989037
0.9440000000000001,-0.9845077737571876,-0.9504240996319556,82.69920760734216,0,-0.975,-0.7749999999999999,0.09660306828499048,0.25646968461108804
0.9520000000000001,-0.9844115105525687,-0.9496576813721024,82.98290986328503,0,-0.975,-0.7749999999999999,0.09713467318441402,0.24023273693540848
0.96,-0.9843171451157764,-0.9488910271358661,82.98290986328503,0,-0.975,-0.7749999999999999,0.09709981210760789,0.24129750793475924
0.968,-0.9842159440859227,-0.9480603591350039,83.12476099125644,0,-0.975,-0.7749999999999999,0.09734608166591213,0.23377563231503684
0.976,-0.9841320528570942,-0.947357276361338,83.26661211922786,0,-0.975,-0.7749999999999999,0.09759898849647056,0.2260510327504881
0.984,-0.9840414846795381,-0.9465901642712142,83.26661211922786,0,-0.975,-0.7749999999999999,0.09756574096497042,0.22706652081295453
0.992,-0.9839443979580397,-0.9457590053546353,83.4084632471993,0,-0.975,-0.7749999999999999,0.09781377954861817,0.21949061338884046
1.0,-0.98386398908479,-0.9450555158110011,83.55031437517073,0,-0.975,-0.7749999999999999,0.0980682089650037,0.21171950908659376
1.008,-0.9837710190519882,-0.9442238863567964,83.69216550314216,1,-0.975,-0.7749999999999999,0.09831839967976991,0.2040778685580643
1.016,-0.9836861508976565,-0.9434561227538688,83.69216550314216,1,-0.975,-0.7749999999999999,0.09828781980100265,0.20501187780442567
1.024,-0.9835952400702922,-0.94262426567626,83.83401663111358,1,-0.975,-0.7749999999999999,0.09853878279258411,0.1973466494228611
1.032,-0.9835122729796201,-0.9418562943125586,83.83401663111358,1,-0.975,-0.7749999999999999,0.09850892608256216,0.1982585707368295
1.04,-0.9834370913094932,-0.9411522269568482,83.975867759085,1,-0.975,-0.7749999999999999,0.09876561929767418,0.1904183226371686
1.048,-0.9833503005520733,-0.9403199299302246,84.11771888705644,1,-0.975,-0.7749999999999999,0.09901853639608806,0.18269340945882118
1.056,-0.9832711371026877,-0.9395515571679006,84.11771888705644,1,-0.975,-0.7749999999999999,0.09899050626984483,0.18354954094603582
1.064,-0.983186407184521,-0.938719047818363,84.25957001502788,1,-0.975,-0.7749999999999999,0.09924426801122663,0.1757988296162991
1.072,-0.9831091462894481,-0.9379504814206506,84.25957001502788,1,-0.975,-0.7749999999999999,0.09921702908733723,0.1766307952027969
1.08,-0.9830264777298808,-0.937117764851007,84.4014211429993,1,-0.975,-0.7749999999999999,0.0994716607080159,0.1688535149218654
1.088,-0.982951119862686,-0.9363490095287803,84.4014211429993,1,-0.975,-0.7749999999999999,0.099445236743478,0.16966058899144487
1.096,-0.98287766548527,-0.9355800699940714,84.68512339894214,1,-0.975,-0.7749999999999999,0.09998732520059027,0.15310343926753067
1.104,-0.9828061150478663,-0.9348109509600413,84.68512339894214,1,-0.975,-0.7749999999999999,0.09996313320143133,0.1538423418339664
1.112,-0.9827296335538089,-0.9339776433594719,84.82697452691357,1,-0.975,-0.7749999999999999,0.10022110780963238,0.14596295580957777
1.12,-0.982659987494981,-0.9332083495403821,84.82697452691357,1,-0.975,-0.7749999999999999,0.10019780929399538,0.14667456847479
1.1280000000000001,-0.982590341436153,-0.9324390557212924,84.82697452691357,1,-0.975,-0.7749999999999999,0.10017428262602074,0.14739314965660688
1.1360000000000001,-0.9825159232516993,-0.931605561324237,84.96882565488501,1,-0.975,-0.7749999999999999,0.10043299273006984,0.13949129918989767
1.1440000000000001,-0.9824481819983377,-0.9308360974354203,84.96882565488501,1,-0.975,-0.7749999999999999,0.10041038703095938,0.14018175097848506
1.1520000000000001,-0.9823758275796288,-0.9300024213507248,85.11067678285643,1,-0.975,-0.7749999999999999,0.10067011036173938,0.13224895326235941
1.16,-0.9823099915469489,-0.9292327921085561,85.11067678285643,1,-0.975,-0.7749999999999999,0.1006484545597831,0.13291039209337907
1.168,-0.9822397013374761,-0.9283989394461797,85.25252791082787,1,-0.975,-0.7749999999999999,0.10090922310954455,0.12494566998015044
1.176,-0.9821694111280033,-0.9275650867838032,85.11067678285643,1,-0.975,-0.7749999999999999,0.10060233601625186,0.13431900284735687
1.184,-0.9820991209185305,-0.9267312341214268,85.25252791082785,1,-0.975,-0.7749999999999999,0.10086259815795143,0.12636974808819534
1.192,-0.9820351905100696,-0.9259614442432951,85.25252791082788,1,-0.975,-0.7749999999999999,0.10084145543265251,0.12701551588448923
1.2,-0.9819669649406718,-0.9251274201142794,85.39437903879929,1,-0.975,-0.7749999999999999,0.1011027972949543,0.11903328293618412
1.208,-0.9819049405482869,-0.9243574743185579,85.39437903879929,1,-0.975,-0.6500000000000001,0.09867215283789636,0.1932730931979536
1.216,-0.981838780037148,-0.9235232838349956,85.53623016677072,1,-0.975,-0.6500000000000001,0.09893694491910808,0.1851854793098362
1.224,-0.9817845457663101,-0.9228172939138447,85.67808129474216,1,-0.975,-0.6500000000000001,0.09920529086796613,0.17698931871140433
1.232,-0.9817263345349146,-0.9220470504418572,85.67808129474214,1,-0.975,-0.6500000000000001,0.09918884962826495,0.17749148780172086
1.24,-0.981664305344212,-0.921212542589527,85.81993242271356,1,-0.975,-0.6500000000000001,0.09945507201342224,0.16936018776558326
1.248,-0.9816080012343574,-0.9204421573606879,85.81993242271356,1,-0.975,-0.6500000000000001,0.09943924542975288,0.16984358325573512
1.256,-0.9815480382805096,-0.9196074984960816,85.961783550685,1,-0.975,-0.6500000000000001,0.09970613967247946,0.16169176249789297
1.264,-0.981493641637308,-0.9188369762324133,85.961783550685,1,-0.975,-0.6500000000000001,0.09969093885004572,0.1621560451987324
1.272,-0.9814357452878537,-0.9180021714715142,86.10363467865643,1,-0.975,-0.6500000000000001,0.09995851712444194,0.15398333188244928
1.28,-0.9813832564447256,-0.9172315168958792,86.10363467865643,1,-0.975,-0.6500000000000001,0.09994395343523817,0.15442815445617486
1.288,-0.9813274270545365,-0.9163965713555647,86.24548580662784,1,-0.975,-0.6500000000000001,0.100212228208717,0.1462341677859913
1.296,-0.9812768463332084,-0.9156257891916365,86.24548580662787,1,-0.975,-0.6500000000000001,0.10019831329951628,0.14665917450216134
1.304,-0.9812230842444869,-0.914790707989647,86.38733693459929,1,-0.975,-0.6500000000000001,0.10046729734161068,0.1384435244548884
1.312,-0.98117441195499,-0.9140198029618809,86.38733693459929,1,-0.975,-0.6500000000000001,0.10045404314223894,0.13884835093770542
1.32,-0.9811257396654931,-0.9132488979341148,86.38733693459929,1,-0.975,-0.6500000000000001,0.10044071124263708,0.13925555063900175
1.328,-0.9810740452077701,-0.9124136861890222,86.52918806257071,1,-0.975,-0.6500000000000001,0.10071033400850135,0.13102039188433734
1.336,-0.9810272816484377,-0.9116426630226266,86.52918806257071,1,-0.975,-0.6500000000000001,0.10069767606849093,0.13140700666131522
1.344,-0.9809776551385707,-0.910807325853803,86.67103919054213,1,-0.975,-0.6500000000000001,0.10096803572942845,0.12314934072742889
1.352,-0.9809328005960368,-0.9100361892747107,86.67103919054213,1,-0.975,-0.6500000000000001,0.10095606432729831,0.1235149863981182
1.36,-0.9808852423382081,-0.9092007318022968,86.81289031851357,1,-0.975,-0.6500000000000001,0.10122717467755575,0.11523439196372043
1.368,-0.9808422970874054,-0.9084294865371356,86.81289031851357,1,-0.975,-0.6500000000000001,0.10121590270365485,0.11557867481481698
1.3760000000000001,-0.98079680737312,-0.9075939138820097,86.954741446485,1,-0.975,-0.6500000000000001,0.10148777788072236,0.10727472007484362
1.3840000000000001,-0.9807557716772787,-0.9068225646580736,86.954741446485,1,-0.975,-0.6500000000000001,0.10147721854710579,0.10759723656708853
1.3920000000000001,-0.9807078966987971,-0.9059226572301482,86.95474144648497,1,-0.975,-0.6500000000000001,0.10146481882043241,0.10797596466648483
1.4000000000000001,-0.9806668610029557,-0.9051513080062121,86.954741446485,1,-0.975,-0.6500000000000001,0.1014541208189223,0.10830271652852075
1.408,-0.9806234401110396,-0.9043156252899585,87.09659257445642,1,-0.975,-0.6500000000000001,0.10172662671297542,0.09997949763446456
1.416,-0.9805843142216849,-0.9035441768351786,87.09659257445642,1,-0.975,-0.6500000000000001,0.10171665792701846,0.10028397687487123
1.424,-0.9805429624182835,-0.9027083891800559,87.23844370242784,1,-0.975,-0.6500000000000001,0.10198996136042385,0.0919363985274958
1.432,-0.9805057465752348,-0.9019368462229718,87.23844370242783,1,-0.975,-0.6500000000000001,0.10198073582644389,0.09221817642810426
1.44,-0.9804664641138111,-0.9011009587518822,87.38029483039927,1,-0.975,-0.6500000000000001,0.1022548521983472,0.08384576828726997
1.448,-0.9804271816523874,-0.9002650712807927,87.23844370242784,1,-0.975,-0.6500000000000001,0.10196149998923151,0.09280570164213797
1.456,-0.9803878991909637,-0.8994291838097032,87.38029483039928,1,-0.975,-0.6500000000000001,0.10223548757852491,0.08443722694228739
1.464,-0.980352593622333,-0.8986575510794333,87.38029483039928,1,-0.975,-0.6500000000000001,0.1022269026056908,0.08469944001604936
1.472,-0.980315380743666,-0.8978215689158908,87.5221459583707,1,-0.975,-0.6500000000000001,0.10250172285240626,0.07630553324247558
1.48,-0.980278167864999,-0.8969855867523483,87.38029483039928,1,-0.975,-0.6500000000000001,0.10220907843080755,0.08524384845783639
1.488,-0.980240954986332,-0.8961496045888058,87.5221459583707,1,-0.975,-0.6500000000000001,0.10248377775155458,0.07685363515778754
1.496,-0.9802075599085223,-0.8953778868150192,87.5221459583707,1,-0.975,-0.6500000000000001,0.10247585920179689,0.0770954934969833
1.504,-0.9801724168407058,-0.8945418150831179,87.66399708634212,1,-0.975,-0.6500000000000001,0.10275141179029249,0.0686792186166113
1.512,-0.9801372737728893,-0.8937057433512167,87.5221459583707,1,-0.975,-0.6500000000000001,0.10245950392464215,0.07759503701072967
1.52,-0.9801021307050728,-0.8928696716193154,87.66399708634214,1,-0.975,-0.6500000000000001,0.10273494405070674,0.06918219709984297
1.528,-0.9800706463227767,-0.8920978735322023,87.66399708634214,1,-0.975,-0.6500000000000001,0.10272771919467688,0.06940286776982385
1.536,-0.9800375732812177,-0.8912617173565855,87.80584821431356,1,-0.975,-0.6500000000000001,0.10300403414646904,0.06096330782761472
1.544,-0.9800045002396586,-0.8904255611809688,87.66399708634214,1,-0.975,-0.6500000000000001,0.10271289318289169,0.0698557025308585
1.552,-0.9799714271980995,-0.8895894050053521,87.80584821431357,1,-0.975,-0.6500000000000001,0.10298910478938088,0.0614192990913045
1.56,-0.9799418537042985,-0.8888175313355949,87.80584821431357,1,-0.975,-0.6500000000000001,0.10298260240351831,0.06161790316574478
1.568,-0.9799108508917159,-0.8879812958414236,87.94769934228499,1,-0.975,-0.6500000000000001,0.10325971140209557,0.053154090444608726
1.576,-0.9798798480791333,-0.8871450603472523,87.80584821431357,1,-0.975,-0.6500000000000001,0.10296936937386568,0.062022083056286426
1.584,-0.9798488452665507,-0.8863088248530809,87.94769934228498,1,-0.975,-0.6500000000000001,0.10324638484866386,0.05356112685643022
1.592,-0.9798211828425135,-0.8855368803318254,87.94769934228498,1,-0.975,-0.6500000000000001,0.10324063532038599,0.05373673620447906
1.6,-0.9797889100144702,-0.8846362783903606,87.94769934228498,1,-0.975,-0.6500000000000001,0.10323387970754129,0.053943074656957024
1.608,-0.979761247590433,-0.8838643338691051,87.94769934228498,1,-0.975,-0.6500000000000001,0.10322804775660115,0.054121201461967076
1.616,-0.9797323151968563,-0.8830280241820263,88.08955047025641,1,-0.975,-0.6500000000000001,0.10350589767899555,0.04563475851062949
1.624,-0.9797033828032796,-0.8821917144949475,87.94769934228498,1,-0.975,-0.6500000000000001,0.10321630091928422,0.054479988190751054
1.6320000000000001,-0.9796744504097029,-0.8813554048078687,88.08955047025643,1,-0.975,-0.6500000000000001,0.10349406604382243,0.04599613524254442
1.6400000000000001,-0.9796486992249844,-0.8805833941666948,88.08955047025643,1,-0.975,-0.6500000000000001,0.10348902242901377,0.046150183690618185
1.6480000000000001,-0.9796186561761462,-0.8796827150853254,88.08955047025643,1,-0.975,-0.6500000000000001,0.10348309534783666,0.04633121608337143
1.6560000000000001,-0.9795929049914277,-0.8789107044441515,88.08955047025643,1,-0.975,-0.6500000000000001,0.10347797785959625,0.04648752086701924
1.6640000000000001,-0.9795628619425895,-0.878010025362782,88.08955047025643,1,-0.975,-0.6500000000000001,0.10347196364583834,0.04667121457300948
1.672,-0.979537110757871,-0.8772380147216082,88.08955047025643,1,-0.975,-0.6500000000000001,0.10346677064926858,0.046829825627336834
1.68,-0.9795102489606393,-0.8764016359677237,88.23140159822786,1,-0.975,-0.6500000000000001,0.10374533133618911,0.038321673608920914
1.688,-0.9794833871634077,-0.8755652572138392,88.08955047025643,1,-0.975,-0.6500000000000001,0.10345644937283906,0.047145071076567846
1.696,-0.979456525366176,-0.8747288784599546,88.23140159822786,1,-0.975,-0.6500000000000001,0.10373493335708552,0.0386392618080158
1.704,-0.9794326855786162,-0.8739568064308478,88.23140159822786,1,-0.975,-0.6500000000000001,0.10373057101195679,0.0387725020578239
1.712,-0.9794048724931298,-0.8730560557302233,88.23140159822782,1,-0.975,-0.6500000000000001,0.10372544343261178,0.03892911505672203
1.72,-0.97938103270557,-0.8722839837011165,88.23140159822786,1,-0.975,-0.6500000000000001,0.10372101528173816,0.03906436522863199
1.728,-0.9793562416693309,-0.8714475410069514,88.37325272619925,1,-0.975,-0.6500000000000001,0.10400042141825125,0.030530390421878995
1.736,-0.9793314506330918,-0.8706110983127863,88.23140159822782,1,-0.975,-0.6500000000000001,0.10371239045916289,0.039327795443474534
1.744,-0.9793066595968527,-0.8697746556186211,88.37325272619925,1,-0.975,-0.6500000000000001,0.10399173105615138,0.030795822427587383
1.752,-0.9792818685606136,-0.868938212924456,88.23140159822783,1,-0.975,-0.6500000000000001,0.10370363380766516,0.039595252143623694
1.76,-0.9792570775243745,-0.8681017702302909,88.37325272619925,1,-0.975,-0.6500000000000001,0.10398290735389945,0.03106532707648279
1.768,-0.9792351492800978,-0.8673296415456127,88.37325272619925,1,-0.975,-0.6500000000000001,0.10397929310417027,0.031175718052568913
1.776,-0.9792095663284416,-0.8664288247468214,88.37325272619928,1,-0.975,-0.6500000000000001,0.10397504388025686,0.03130550321147041
1.784,-0.9791876380841649,-0.8656566960621431,88.37325272619928,1,-0.975,-0.6500000000000001,0.10397137342928424,0.03141761075685435
1.792,-0.9791620551325086,-0.8647558792633518,88.37325272619928,1,-0.975,-0.6500000000000001,0.10396705787241751,0.03154942194052157
1.8,-0.9791401268882319,-0.8639837505786736,88.37325272619928,1,-0.975,-0.6500000000000001,0.10396332989908497,0.03166328640641103
1.808,-0.9791145439365757,-0.8630829337798823,88.37325272619928,1,-0.975,-0.6500000000000001,0.10395894644384882,0.031797171427759174
1.816,-0.979092615692299,-0.8623108050952041,88.37325272619928,1,-0.975,-0.6500000000000001,0.10395515958530703,0.0319128344400168
1.824,-0.9790698955690074,-0.8614743035876755,88.5151038541707,1,-0.975,-0.6500000000000001,0.10423528938475744,0.02335675660663472
1.832,-0.9790471754457157,-0.860637802080147,88.37325272619928,1,-0.975,-0.6500000000000001,0.10394798629354027,0.03213193016920479
1.84,-0.9790244553224241,-0.8598013005726184,88.5151038541707,1,-0.975,-0.6500000000000001,0.10422805899593383,0.02357759626618472
1.848,-0.9790017351991325,-0.8589647990650898,88.37325272619928,1,-0.975,-0.6500000000000001,0.10394069812323685,0.032354534663626255
1.856,-0.9789790150758408,-0.8581282975575613,88.5151038541707,1,-0.975,-0.6500000000000001,0.10422071234874504,0.023801986835431777
1.864,-0.9789589985092548,-0.8573561169500205,88.5151038541707,1,-0.975,-0.6500000000000001,0.10421780990903223,0.023890636811757626
1.872,-0.9789356458482378,-0.8564552395745562,88.5151038541707,1,-0.975,-0.6500000000000001,0.10421439628508186,0.023994900022135446
1.8800000000000001,-0.9789156292816518,-0.8556830589670154,88.5151038541707,1,-0.975,-0.6500000000000001,0.10421144651833193,0.024084995520551877
1.8880000000000001,-0.9788922766206347,-0.8547821815915511,88.51510385417069,1,-0.975,-0.6500000000000001,0.10420797700410618,0.024190965802248995
1.8960000000000001,-0.9788722600540487,-0.8540100009840103,88.5151038541707,1,-0.975,-0.6500000000000001,0.10420497874325946,0.02428254246856476
1.9040000000000001,-0.9788489073930317,-0.853109123608546,88.51510385417069,1,-0.975,-0.6500000000000001,0.1042014519548441,0.024390262090835835
1.9120000000000001,-0.9788288908264456,-0.8523369430010052,88.51510385417069,1,-0.975,-0.6500000000000001,0.10419840399415146,0.02448335675256208
1.92,-0.9788055381654286,-0.8514360656255409,88.51510385417069,1,-0.975,-0.6500000000000001,0.10419481850156295,0.024592869391768968
1.928,-0.9787855215988426,-0.850663885018,88.51510385417069,1,-0.975,-0.6500000000000001,0.10419171959496958,0.024687520107484984
1.936,-0.9787648725277598,-0.8498273298243856,88.65695498214211,1,-0.975,-0.6500000000000001,0.10447263157898891,0.016107551805952358
1.944,-0.978744223456677,-0.8489907746307711,88.51510385417069,1,-0.975,-0.6500000000000001,0.1041861155879804,0.0248586847607003
1.952,-0.9787235743855942,-0.8481542194371566,88.65695498214211,1,-0.975,-0.6500000000000001,0.10446698034852019,0.016280158818271717
1.96,-0.9787029253145114,-0.8473176642435422,88.51510385417069,1,-0.975,-0.6500000000000001,0.1041804165346012,0.025032752440699357
1.968,-0.9786822762434286,-0.8464811090499277,88.65695498214211,1,-0.975,-0.6500000000000001,0.1044612328626114,0.01645570578570721
1.976,-0.9786616271723458,-0.8456445538563132,88.51510385417069,1,-0.975,-0.6500000000000001,0.10417461999613806,0.0252097976331499
1.984,-0.978640978101263,-0.8448079986626987,88.65695498214211,2,-0.975,-0.6500000000000001,0.10445538664094065,0.01663426846538041
1.992,-0.9786198558740237,-0.8439070662324264,88.65695498214214,2,-0.975,-0.6500000000000001,0.10445285600947886,0.016711562204915098
2.0,-0.9786017511078184,-0.8431348384350501,88.65695498214211,2,-0.975,-0.6500000000000001,0.10445066810372015,0.0167783879835377
2.008,-0.9785831732155116,-0.8422982346829563,88.79880611011355,2,-0.975,-0.6500000000000001,0.10473259746724053,0.00816734559344312
2.016,-0.9785645953232047,-0.8414616309308625,88.65695498214212,2,-0.975,-0.6500000000000001,0.10444710682430756,0.016887161073370405
2.024,-0.9785460174308979,-0.8406250271787686,88.79880611011356,2,-0.975,-0.6500000000000001,0.10472900499467498,0.00827707142391676
2.032,-0.978527439538591,-0.8397884234266748,88.65695498214212,2,-0.975,-0.6500000000000001,0.10444348274695607,0.01699785221709904
2.04,-0.9785088616462841,-0.838951819674581,88.79880611011356,2,-0.975,-0.6500000000000001,0.10472534889362987,0.008388740675706496
2.048,-0.9784902837539773,-0.8381152159224872,88.65695498214212,2,-0.975,-0.6500000000000001,0.10443979419587363,0.017110512598878302
2.056,-0.9784717058616704,-0.8372786121703933,88.79880611011352,2,-0.975,-0.6500000000000001,0.10472162745856442,0.008502405441591534
2.064,-0.9784531279693636,-0.8364420084182995,88.65695498214212,2,-0.975,-0.6500000000000001,0.1044360394351077,0.01722519524036148
2.072,-0.9784345500770567,-0.8356054046662057,88.79880611011352,2,-0.975,-0.6500000000000001,0.10471783892243346,0.008618119692894388
2.08,-0.9784159721847498,-0.8347688009141119,88.6569549821421,2,-0.975,-0.6500000000000001,0.10443221666582087,0.017341955083909788
2.088,-0.978397394292443,-0.833932197162018,88.79880611011352,2,-0.975,-0.6500000000000001,0.10471398145388944,0.00873593936494399
2.096,-0.9783788164001361,-0.8330955934099242,88.6569549821421,2,-0.975,-0.6500000000000001,0.10442832402341787,0.017460849080346508
2.104,-0.9783602385078293,-0.8322589896578304,88.79880611011352,2,-0.975,-0.6500000000000001,0.10471005315433086,0.008855922447221887
2.112,-0.9783416606155224,-0.8314223859057366,88.6569549821421,2,-0.975,-0.6500000000000001,0.10442435957451233,0.017581936281596322
2.12,-0.9783230827232156,-0.8305857821536428,88.79880611011353,2,-0.975,-0.6500000000000001,0.10470605205478653,0.008978129078532016
2.128,-0.9783045048309087,-0.8297491784015489,88.6569549821421,2,-0.975,-0.6500000000000001,0.10442032131372546,0.01770527793847021
2.136,-0.9782859269386018,-0.8289125746494551,88.79880611011353,2,-0.975,-0.6500000000000001,0.10470197611262452,0.00910262164751574
2.144,-0.978267349046295,-0.8280759708973613,88.6569549821421,2,-0.975,-0.6500000000000001,0.10441620716030339,0.017830937603978247
2.152,-0.9782487711539881,-0.8272393671452675,88.79880611011353,2,-0.975,-0.6500000000000001,0.10469782320807543,0.009229464898845574
2.16,-0.9782301932616813,-0.8264027633931736,88.6569549821421,2,-0.975,-0.6500000000000001,0.10441201495454228,0.017958981242520045
2.168,-0.9782116153693744,-0.8255661596410798,88.79880611011353,2,-0.975,-0.6500000000000001,0.10469359114055624,0.009358726045504806
2.176,-0.978195422514522,-0.8247938893871843,88.79880611011353,2,-0.975,-0.6500000000000001,0.10469223730239452,0.009400076679061509
2.184,-0.9781765308505275,-0.8238929074243063,88.79880611011353,2,-0.975,-0.6500000000000001,0.10469064262555672,0.009448783311380216
2.192,-0.978160337995675,-0.8231206371704108,88.79880611011353,2,-0.975,-0.6500000000000001,0.10468926254795698,0.009490935382965193
2.2,-0.9781414463316805,-0.8222196552075328,88.79880611011353,2,-0.975,-0.6500000000000001,0.10468763681332331,0.009540590621677336
2.208,-0.9781249397320214,-0.821383008024864,88.94065723808497,2,-0.975,-0.6500000000000001,0.10497050665051252,0.0009008230979959952
2.216,-0.9781084331323623,-0.8205463608421951,88.79880611011355,2,-0.975,-0.6500000000000001,0.10468596380841941,0.009591689648633883
2.224,-0.9780919265327032,-0.8197097136595263,88.94065723808494,2,-0.975,-0.6500000000000001,0.1049688171900194,0.0009524247323242641
2.232,-0.978075419933044,-0.8188730664768574,88.79880611011355,2,-0.975,-0.6500000000000001,0.1046842576483515,0.009643801342448133
2.24,-0.9780589133333849,-0.8180364192941886,88.94065723808494,2,-0.975,-0.6500000000000001,0.10496709408154352,0.0010050540858017598
2.248,-0.9780424067337258,-0.8171997721115197,88.7988061101135,2,-0.975,-0.6500000000000001,0.10468251733766615,0.009696956107515198
2.2560000000000002,-0.9780259001340667,-0.8163631249288509,88.94065723808494,2,-0.975,-0.6500000000000001,0.10496533630975445,0.0010587421699332913
2.2640000000000002,-0.9780093935344075,-0.815526477746182,88.7988061101135,2,-0.975,-0.6500000000000001,0.10468074184065736,0.009751185577674848
2.2720000000000002,-0.9779928869347484,-0.8146898305635132,88.94065723808494,2,-0.975,-0.6500000000000001,0.10496354281805641,0.0011135212565999142
2.2800000000000002,-0.9779763803350893,-0.8138531833808443,88.7988061101135,2,-0.975,-0.6500000000000001,0.1046789300793105,0.009806522679010388
2.2880000000000003,-0.9779598737354301,-0.8130165361981755,88.94065723808494,2,-0.975,-0.6500000000000001,0.10496171250647056,0.0011694249427431913
2.2960000000000003,-0.977943367135771,-0.8121798890155066,88.79880611011352,2,-0.975,-0.6500000000000001,0.1046770809311201,0.009863001696499896
2.3040000000000003,-0.9779268605361119,-0.8113432418328378,88.94065723808494,2,-0.975,-0.6500000000000001,0.10495984422938513,0.0012264882190836657
2.312,-0.9779103539364528,-0.8105065946501689,88.79880611011352,2,-0.975,-0.6500000000000001,0.10467519322677046,0.009920658344859444
2.32,-0.9778938473367936,-0.8096699474675001,88.94065723808495,2,-0.975,-0.6500000000000001,0.10495793679316441,0.001284747543149445
2.328,-0.9778773407371345,-0.8088333002848312,88.79880611011352,2,-0.975,-0.6500000000000001,0.10467326574767014,0.009979529843846424
2.336,-0.9778608341374754,-0.8079966531021624,88.94065723808495,2,-0.975,-0.6500000000000001,0.10495598895360544,0.0013442409169576175
2.344,-0.9778443275378162,-0.8071600059194936,88.79880611011352,2,-0.975,-0.6500000000000001,0.10467129722332842,0.010039654998391323
2.352,-0.9778254358738218,-0.8062590239566155,88.79880611011352,2,-0.975,-0.6500000000000001,0.10466940183487691,0.010097546344286834
2.36,-0.9778092430189693,-0.80548675370272,88.79880611011352,2,-0.975,-0.6500000000000001,0.10466775973214683,0.010147701518054884
2.368,-0.9777927364193102,-0.8046501065200512,88.94065723808495,2,-0.975,-0.6500000000000001,0.1049504319629883,0.0015139695368080464
2.376,-0.9777762298196511,-0.8038134593373824,88.79880611011352,2,-0.975,-0.6500000000000001,0.10466568847624408,0.01021096442957481
2.384,-0.9777597232199919,-0.8029768121547135,88.94065723808495,2,-0.975,-0.6500000000000001,0.10494833811182455,0.0015779225813025155
2.392,-0.9777430622350374,-0.8020757861817359,88.94065723808492,2,-0.975,-0.6500000000000001,0.10494803202044586,0.0015872716104504692
2.4,-0.9777265556353782,-0.8012391389990671,88.79880611011353,2,-0.975,-0.6500000000000001,0.10466325753319651,0.010285213359765177
2.408,-0.9777100490357191,-0.8004024918163982,88.94065723808492,2,-0.975,-0.6500000000000001,0.10494587562841654,0.0016531348569823745
2.416,-0.97769354243606,-0.7995658446337294,88.7988061101135,2,-0.975,-0.55,0.10383434092199878,0.03560303051704439
2.424,-0.9776770358364009,-0.7987291974510605,88.94065723808492,2,-0.975,-0.55,0.104114598983512,0.02704303514188533
2.432,-0.9776627549921542,-0.7979568894742225,88.94065723808492,2,-0.975,-0.55,0.10411184095195966,0.02712727442194418
2.44,-0.9776460940071996,-0.7970558635012448,88.94065723808492,2,-0.975,-0.55,0.10410860145283551,0.027226219292149963
2.448,-0.9776318131629529,-0.7962835555244068,88.94065723808492,2,-0.975,-0.55,0.10410580587179058,0.02731160545619571
2.456,-0.9776151521779983,-0.7953825295514291,88.94065723808492,2,-0.975,-0.55,0.10410252211752824,0.02741190202267807
2.464,-0.9776008713337516,-0.794610221574591,88.94065723808492,2,-0.975,-0.55,0.10409968821492126,0.027498458652229996
2.472,-0.9775864361279164,-0.7937735360895176,89.08250836605636,2,-0.975,-0.55,0.1043807870418052,0.018912783560148028
2.48,-0.9775720009220812,-0.7929368506044442,88.94065723808492,2,-0.975,-0.55,0.10409446342288081,0.027658040843946186
2.488,-0.977557565716246,-0.7921001651193708,89.08250836605636,2,-0.975,-0.55,0.10437552619597298,0.01907346695226908
2.496,-0.9775431305104108,-0.7912634796342973,88.94065723808492,2,-0.975,-0.55,0.1040891661487843,0.027819836874084618
2.504,-0.9775286953045755,-0.7904267941492239,89.08250836605636,2,-0.975,-0.55,0.10437019211393579,0.019236387216979844
2.512,-0.9775142600987403,-0.7895901086641505,88.94065723808492,2,-0.975,-0.55,0.10408379487383536,0.027983893131640285
2.52,-0.9774998248929051,-0.788753423179077,89.08250836605636,2,-0.975,-0.55,0.10436478325571683,0.019401591390195594
2.528,-0.9774853896870699,-0.7879167376940036,88.94065723808492,2,-0.975,-0.55,0.10407834803650634,0.02815025731076104
2.536,-0.9774709544812347,-0.7870800522089302,89.08250836605636,2,-0.975,-0.55,0.1043592980378594,0.019569127835847633
2.544,-0.9774585857351271,-0.7863077112429574,89.08250836605636,2,-0.975,-0.55,0.10435720384271464,0.019633091386644153
2.552,-0.9774441555313349,-0.7854066467826558,89.0825083660564,2,-0.975,-0.55,0.10435474324616514,0.019708246031510116
2.56,-0.9774317867852274,-0.784634305816683,89.08250836605636,2,-0.975,-0.55,0.10435261912060555,0.019773123754806443
2.568,-0.9774173565814351,-0.7837332413563816,89.08250836605636,2,-0.975,-0.55,0.10435012323086865,0.01984935636873908
2.576,-0.9774049878353276,-0.7829609003904088,89.0825083660564,2,-0.975,-0.55,0.10434796852863332,0.01991516800345039
2.584,-0.9773905576315354,-0.7820598359301072,89.08250836605636,2,-0.975,-0.55,0.10434543658090109,0.01999250194617796
2.592,-0.9773781888854278,-0.7812874949641344,89.08250836605636,2,-0.975,-0.55,0.10434325063698856,0.020059267803618996
2.6,-0.9773637586816356,-0.7803864305038328,89.08250836605636,2,-0.975,-0.55,0.10434068184419479,0.02013772711471118
2.608,-0.9773513899355281,-0.77961408953786,89.08250836605636,2,-0.975,-0.55,0.10433846397417947,0.020205468099471435
2.616,-0.9773390262119963,-0.7787773708787873,89.2243594940278,2,-0.975,-0.55,0.10462026545951796,0.011598331526178509
2.624,-0.9773266624884646,-0.7779406522197145,89.08250836605636,2,-0.975,-0.55,0.10433464847771964,0.02032200580716015
2.632,-0.9773142987649328,-0.7771039335606418,89.2243594940278,2,-0.975,-0.55,0.10461642189830388,0.011715726423007333
2.64,-0.9773019350414011,-0.776267214901569,89.08250836605636,2,-0.975,-0.55,0.10433077654096536,0.02044026738554472
2.648,-0.9772895713178693,-0.7754304962424963,89.2243594940278,2,-0.975,-0.55,0.10461252127061774,0.011834864316037863
2.656,-0.9772773719836884,-0.7745293988178825,89.2243594940278,2,-0.975,-0.55,0.10461096615374953,0.011882362657843815
2.664,-0.9772669154115333,-0.773757029596785,89.2243594940278,2,-0.975,-0.55,0.10460962322697426,0.011923380022066943
2.672,-0.9772547160773524,-0.7728559321721713,89.2243594940278,2,-0.975,-0.55,0.10460804471366059,0.011971592967634614
2.68,-0.9772442595051973,-0.7720835629510738,89.2243594940278,2,-0.975,-0.55,0.10460668150654567,0.012013229759582966
2.688,-0.9772320601710164,-0.7711824655264601,89.2243594940278,2,-0.975,-0.55,0.10460507906479584,0.012062173557643496
2.696,-0.9772216035988613,-0.7704100963053626,89.2243594940278,2,-0.975,-0.55,0.10460369511445139,0.012104443915484153
2.704,-0.9772094042646804,-0.7695089988807489,89.2243594940278,2,-0.975,-0.55,0.10460206819602295,0.01215413531114995
2.712,-0.9771989476925254,-0.7687366296596514,89.2243594940278,2,-0.975,-0.55,0.10460066302536418,0.01219705380660907
2.72,-0.9771867483583444,-0.7678355322350376,89.2243594940278,2,-0.975,-0.55,0.10459901106513768,0.012247510060471643
2.728,-0.9771762917861894,-0.7670631630139402,89.2243594940278,2,-0.975,-0.55,0.10459758418233658,0.012291091715580627
2.736,-0.9771640924520084,-0.7661620655893264,89.22435949402775,2,-0.975,-0.55,0.10459590659766102,0.012342330623702158
2.744,-0.9771536358798534,-0.765389696368229,89.2243594940278,2,-0.975,-0.55,0.10459445749557249,0.01238659092832639
2.7520000000000002,-0.9771414365456724,-0.7644885989436152,89.2243594940278,2,-0.975,-0.55,0.1045927536855805,0.012438630843156107
2.7600000000000002,-0.9771309799735174,-0.7637162297225177,89.2243594940278,2,-0.975,-0.55,0.1045912818411411,0.012483585773359951
2.7680000000000002,-0.9771187806393364,-0.762815132297904,89.2243594940278,2,-0.975,-0.55,0.10458955118603085,0.012536445625667803
2.7760000000000002,-0.9771083240671814,-0.7620427630768065,89.2243594940278,2,-0.975,-0.55,0.10458805605962977,0.012582111662924333
2.7840000000000003,-0.9770980319017356,-0.7612060163723431,89.36621062199923,2,-0.975,-0.55,0.10487068824659164,0.003949602752379989
2.7920000000000003,-0.9770877397362898,-0.7603692696678797,89.2243594940278,2,-0.975,-0.55,0.10458590740903828,0.012647738460693003
2.8000000000000003,-0.977077447570844,-0.7595325229634162,89.36621062199923,2,-0.975,-0.55,0.10486852246875601,0.00401575267205212
2.8080000000000003,-0.9770671554053982,-0.7586957762589528,89.2243594940278,2,-0.975,-0.55,0.10458372429835254,0.012714417782146215
2.816,-0.9770568632399524,-0.7578590295544894,89.36621062199923,2,-0.975,-0.55,0.10486632181630998,0.004082967776083968
2.824,-0.9770465710745067,-0.7570222828500259,89.2243594940278,2,-0.975,-0.55,0.10458150589186524,0.012782175152510343
2.832,-0.9770362789090609,-0.7561855361455625,89.36621062199923,2,-0.975,-0.55,0.10486408544006129,0.004151274001576776
2.84,-0.9770259867436151,-0.7553487894410991,89.2243594940278,2,-0.975,-0.55,0.10457925132662606,0.0128510369291035
2.848,-0.9770156945781693,-0.7545120427366356,89.36621062199923,2,-0.975,-0.55,0.10486181246302188,0.00422069813460646
2.856,-0.9770057261883746,-0.7536109178709234,89.36621062199923,2,-0.975,-0.55,0.10486120087610902,0.004239377993866866
2.864,-0.9769971818542649,-0.7528385251288843,89.36621062199923,2,-0.975,-0.55,0.10486067233365236,0.004255521404550988
2.872,-0.9769872134644702,-0.751937400263172,89.36621062199923,2,-0.975,-0.55,0.1048600505904977,0.004274511468564279
2.88,-0.9769786691303605,-0.7511650075211329,89.36621062199923,2,-0.975,-0.55,0.10485951323428769,0.00429092408002596
2.888,-0.9769687007405657,-0.7502638826554207,89.36621062199923,2,-0.975,-0.55,0.10485888107978675,0.004310232140515846
2.896,-0.9769601564064561,-0.7494914899133815,89.36621062199923,2,-0.975,-0.55,0.10485833468750916,0.004326920742955376
2.904,-0.9769501880166613,-0.7485903650476693,89.36621062199919,2,-0.975,-0.55,0.10485769185794155,0.004346554854802287
2.912,-0.9769398958512155,-0.7477536183432059,89.2243594940278,2,-0.975,-0.55,0.10457278721876641,0.013048471868474467
2.92,-0.9769296036857698,-0.7469168716387424,89.36621062199919,2,-0.975,-0.55,0.10485527687280051,0.004420316378473621
2.928,-0.9769210593516601,-0.7461444788967033,89.36621062199919,2,-0.975,-0.55,0.10485470696360923,0.004437723264167914
2.936,-0.9769110909618653,-0.7452433540309911,89.36621062199919,2,-0.975,-0.55,0.10485403637037896,0.004458205368835012
2.944,-0.9769007987964196,-0.7444066073265276,89.2243594940278,2,-0.975,-0.55,0.10456909529593107,0.013161235234585233
2.952,-0.9768905066309738,-0.7435698606220642,89.36621062199923,2,-0.975,-0.55,0.10485154802299301,0.004534207614766861
2.96,-0.9768819622968641,-0.7427974678800251,89.36621062199923,2,-0.975,-0.55,0.10485095328099985,0.00455237297523281
2.968,-0.9768719939070694,-0.7418963430143128,89.36621062199923,2,-0.975,-0.55,0.10485025336409913,0.004573750720446856
2.976,-0.9768634495729597,-0.7411239502722737,89.36621062199923,2,-0.975,-0.55,0.10484964818216962,0.004592234950622998
2.984,-0.976853481183165,-0.7402228254065615,89.36621062199923,2,-0.975,-0.55,0.10484893592494939,0.0046139896094475885
2.992,-0.9768431890177192,-0.739386078702098,89.2243594940278,2,-0.975,-0.55,0.10456393947411127,0.013318710850788507
3.0,-0.9768328968522734,-0.7385493319976346,89.36621062199923,2,-0.975,-0.55,0.10484633604808032,0.004693398329593257
3.008,-0.9768243525181637,-0.7377769392555955,89.36621062199923,2,-0.975,-0.55,0.1048457039654276,0.0047127041956041005
3.016,-0.976814384128369,-0.7368758143898833,89.36621062199923,2,-0.975,-0.55,0.10484495993171937,0.004735429412024095
3.024,-0.9768040919629232,-0.7360390676854198,89.2243594940278,2,-0.975,-0.55,0.1045599223134448,0.013441408041158455
3.032,-0.9767937997974774,-0.7352023209809564,89.36621062199923,2,-0.975,-0.55,0.10484227714037829,0.004817370610604388
3.04,-0.9767852554633677,-0.7344299282389173,89.36621062199923,2,-0.975,-0.55,0.10484161658760902,0.004837546046841612
3.048,-0.976775287073573,-0.733528803373205,89.36621062199923,2,-0.975,-0.55,0.10484083891544861,0.0048612986913169065
3.056,-0.9767653186837782,-0.7326276785074928,89.36621062199923,2,-0.975,-0.55,0.10484005356877588,0.004885285740432011
3.064,-0.9767567743496686,-0.7318552857654537,89.36621062199923,2,-0.975,-0.55,0.10483937421971969,0.00490603527658362
3.072,-0.9767468059598738,-0.7309541608997414,89.36621062199919,2,-0.975,-0.55,0.10483857431576307,0.004930466952633439
3.08,-0.9767382616257642,-0.7301817681577023,89.36621062199923,2,-0.975,-0.55,0.1048378823156043,0.004951602894724183
3.088,-0.9767282932359694,-0.72928064329199,89.36621062199919,2,-0.975,-0.55,0.1048370674458264,0.004976491675773186
3.096,-0.9767197489018598,-0.7285082505499509,89.36621062199919,2,-0.975,-0.55,0.10483636243785521,0.004998024918886013
3.104,-0.976709780512065,-0.7276071256842387,89.36621062199919,2,-0.975,-0.55,0.1048355321782874,0.0050233837543189885
3.112,-0.9767012361779553,-0.7268347329421996,89.36621062199919,2,-0.975,-0.55,0.10483481379225658,0.00504532560701032
3.12,-0.9766912677881606,-0.7259336080764873,89.36621062199923,2,-0.975,-0.55,0.10483396770276342,0.005071167939999177
3.128,-0.9766827234540509,-0.7251612153344482,89.36621062199923,2,-0.975,-0.55,0.10483323555423993,0.005093530144109405
3.136,-0.9766727550642562,-0.724260090468736,89.36621062199923,2,-0.975,-0.55,0.10483237317774101,0.0051198699353809385
3.144,-0.9766642107301465,-0.7234876977266969,89.36621062199923,2,-0.975,-0.55,0.10483162686741986,0.005142664686985765
3.152,-0.9766542423403518,-0.7225865728609846,89.36621062199923,2,-0.975,-0.55,0.10483074772906685,0.005169516439956445
3.16,-0.9766456980062421,-0.7218141801189455,89.36621062199923,2,-0.975,-0.55,0.10482998684204518,0.0051927564115430425
3.168,-0.9766357296164474,-0.7209130552532332,89.36621062199923,2,-0.975,-0.55,0.10482909044834969,0.005220135198959142
3.176,-0.9766271852823377,-0.7201406625111941,89.36621062199923,2,-0.975,-0.55,0.10482831455335744,0.005243833562921907
3.184,-0.976617216892543,-0.7192395376454819,89.36621062199923,3,-0.975,-0.55,0.10482740039126737,0.005271755055067162
3.192,-0.9766086725584333,-0.7184671449034428,89.36621062199923,3,-0.975,-0.55,0.10482660903985233,0.005295925508599253
3.2,-0.9765987041686386,-0.7175660200377305,89.36621062199923,3,-0.975,-0.55,0.1048256765757727,0.005324406003205274
3.208,-0.9765901598345289,-0.7167936272956914,89.36621062199923,3,-0.975,-0.55,0.10482486930143607,0.005349062794701709
3.216,-0.9765801914447342,-0.7158925024299791,89.36621062199919,3,-0.975,-0.55,0.10482391798019043,0.005378119248667602
3.224,-0.9765716471106245,-0.71512010968794,89.36621062199923,3,-0.975,-0.55,0.10482309429747005,0.005403277205726974
3.232,-0.9765616787208298,-0.7142189848222278,89.36621062199919,3,-0.975,-0.55,0.10482212354119841,0.005432927268782638
3.24,-0.9765534581765551,-0.7133822152011541,89.50806174997065,3,-0.975,-0.55,0.10489435870882809,-0.0032266296247635
3.248,-0.9765452376322805,-0.7125454455800804,89.36621062199919,3,-0.975,-0.55,0.10482175262961284,0.005444256118485758
3.2560000000000002,-0.9765370170880059,-0.7117086759590067,89.50806174997065,3,-0.975,-0.55,0.10489473344919652,-0.0032151838315424004
3.2640000000000002,-0.9765287965437313,-0.710871906337933,89.36621062199919,3,-0.975,-0.55,0.10482137400086892,0.005455820675378087
3.2720000000000002,-0.9765205759994566,-0.7100351367168592,89.50806174997065,3,-0.975,-0.55,0.10489511602715171,-0.0032034986528560734
3.2800000000000002,-0.976512355455182,-0.7091983670957855,89.36621062199919,3,-0.975,-0.55,0.10482098741159092,0.005467628372947786
3.2880000000000003,-0.9765041349109074,-0.7083615974747118,89.50806174997065,3,-0.975,-0.55,0.10489550669117342,-0.0031915664993219517
3.2960000000000003,-0.9764959143666327,-0.7075248278536381,89.36621062199923,3,-0.975,-0.55,0.10482059260806068,0.005479686960575214
3.3040000000000003,-0.9764876938223581,-0.7066880582325644,89.5080617499707,3,-0.975,-0.55,0.10489590570035708,-0.003179379457321718
3.3120000000000003,-0.9764794732780835,-0.7058512886114907,89.36621062199923,3,-0.975,-0.55,0.10482018932566199,0.00549200452050136
3.3200000000000003,-0.9764712527338089,-0.705014518990417,89.5080617499707,3,-0.975,-0.55,0.10489631332498717,-0.003166929271483432
3.3280000000000003,-0.9764630321895342,-0.7041777493693433,89.36621062199923,3,-0.975,-0.55,0.10481977728828966,0.005504589485881172
3.336,-0.9764548116452596,-0.7033409797482696,89.50806174997062,3,-0.975,-0.55,0.10489672984714758,-0.003154207326046876
3.344,-0.976446591100985,-0.7025042101271959,89.36621062199923,3,-0.975,-0.55,0.1048193562077188,0.005517450660042278
3.352,-0.9764383705567103,-0.7016674405061222,89.50806174997062,3,-0.975,-0.55,0.10489715556137212,-0.0031412046249877923
3.36,-0.9764301500124357,-0.7008306708850485,89.36621062199923,3,-0.975,-0.55,0.10481892578293239,0.00553059723702598
3.368,-0.9764219294681611,-0.6999939012639748,89.50806174997062,3,-0.975,-0.55,0.10489759077534004,-0.0031279117707789794
3.376,-0.9764137089238865,-0.699157131642901,89.36621062199923,3,-0.975,-0.42500000000000004,0.1043233147684123,0.020668174258944738
3.384,-0.9764054883796118,-0.6983203620218273,89.50806174997062,3,-0.975,-0.42500000000000004,0.10460537957963326,0.012052994854256371
3.392,-0.9763972678353372,-0.6974835924007536,89.36621062199923,3,-0.975,-0.42500000000000004,0.1043200298218707,0.020768507241525014
3.4,-0.9763890472910626,-0.6966468227796799,89.50806174997062,3,-0.975,-0.42500000000000004,0.10460207442595583,0.01215394502867828
3.408,-0.9763808267467879,-0.6958100531586062,89.36621062199923,3,-0.975,-0.42500000000000004,0.10431670427402882,0.020870080320253614
3.416,-0.9763726062025133,-0.6949732835375325,89.50806174997062,3,-0.975,-0.42500000000000004,0.10459872829460562,0.012256146794892842
3.424,-0.9763643856582387,-0.6941365139164588,89.36621062199923,3,-0.975,-0.42500000000000004,0.10431333736747529,0.020972916628944183
3.432,-0.9763561651139641,-0.6932997442953851,89.50806174997062,3,-0.975,-0.42500000000000004,0.10459534041876607,0.012359623573978573
3.44,-0.9763479445696894,-0.6924629746743114,89.36621062199923,3,-0.975,-0.42500000000000004,0.1043099283258419,0.021077039880414206
3.448,-0.9763397240254148,-0.6916262050532377,89.50806174997062,3,-0.975,-0.42500000000000004,0.10459191001236802,0.012464399375051505
3.456,-0.9763330919817224,-0.6908537935245844,89.50806174997065,3,-0.975,-0.42500000000000004,0.10459072432155424,0.012500614240121053
3.464,-0.9763253545974144,-0.6899526467411556,89.50806174997062,3,-0.975,-0.42500000000000004,0.10458933227787434,0.012543131794825912
3.472,-0.9763192057246982,-0.6891158593323926,89.64991287794209,3,-0.975,-0.42500000000000004,0.10487218284167561,0.0039039529432809417
3.48,-0.976313056851982,-0.6882790719236296,89.50806174997062,3,-0.975,-0.42500000000000004,0.10458762347961216,0.012595324067699143
3.488,-0.9763069079792658,-0.6874422845148666,89.64991287794209,3,-0.975,-0.42500000000000004,0.10487046316366842,0.003956477519055257
3.496,-0.9763007591065496,-0.6866054971061035,89.50806174997065,3,-0.975,-0.42500000000000004,0.10458589281762276,0.012648184130118922
3.504,-0.9762946102338333,-0.6857687096973405,89.64991287794204,3,-0.975,-0.42500000000000004,0.10486872141212346,0.004009676292674902
3.512,-0.9762884613611171,-0.6849319222885775,89.50806174997065,3,-0.975,-0.42500000000000004,0.1045841398695921,0.012701724880933908
3.52,-0.9762823124884009,-0.6840951348798144,89.64991287794204,3,-0.975,-0.42500000000000004,0.10486695715929743,0.004063562328815773
3.528,-0.9762761636156847,-0.6832583474710514,89.50806174997065,3,-0.975,-0.42500000000000004,0.10458236420225957,0.012755959553336194
3.536,-0.9762700147429685,-0.6824215600622884,89.64991287794204,3,-0.975,-0.42500000000000004,0.10486516996632306,0.004118149031915542
3.544,-0.9762638658702523,-0.6815847726535254,89.50806174997065,3,-0.975,-0.42500000000000004,0.10458056537106057,0.012810901725778812
3.552,-0.976257716997536,-0.6807479852447623,89.64991287794204,3,-0.975,-0.42500000000000004,0.1048633593828456,0.004173450157276881
3.56,-0.9762515681248198,-0.6799111978359993,89.50806174997065,3,-0.975,-0.42500000000000004,0.10457874291975564,0.012866565333303548
3.568,-0.9762454192521036,-0.6790744104272363,89.64991287794204,3,-0.975,-0.42500000000000004,0.10486152494664439,0.004229479822627669
3.576,-0.9762392703793874,-0.6782376230184732,89.50806174997065,3,-0.975,-0.42500000000000004,0.1045768963800445,0.012922964679328075
3.584,-0.9762331215066712,-0.6774008356097102,89.64991287794204,3,-0.975,-0.42500000000000004,0.10485966618323929,0.004286252520138145
3.592,-0.976226972633955,-0.6765640482009472,89.50806174997065,3,-0.975,-0.42500000000000004,0.104575025271165,0.012980114447896263
3.6,-0.9762208237612388,-0.6757272607921841,89.64991287794204,3,-0.975,-0.42500000000000004,0.10485778260548183,0.004343783128912149
3.608,-0.9762146748885225,-0.6748904733834211,89.50806174997065,3,-0.975,-0.42500000000000004,0.10457312909947582,0.013038029716425092
3.616,-0.9762085260158063,-0.6740536859746581,89.64991287794204,3,-0.975,-0.42500000000000004,0.10485587371312928,0.004402086927993599
3.624,-0.9762023771430901,-0.6732168985658951,89.50806174997065,3,-0.975,-0.42500000000000004,0.10457120735802218,0.013096725968966829
3.632,-0.9761962282703739,-0.672380111157132,89.64991287794204,3,-0.975,-0.42500000000000004,0.10485393899240189,0.004461179609892896
3.64,-0.9761900793976577,-0.671543323748369,89.50806174997065,3,-0.975,-0.42500000000000004,0.10456925952608406,0.013156219110008971
3.648,-0.9761839305249415,-0.670706536339606,89.64991287794204,3,-0.975,-0.42500000000000004,0.10485197791552181,0.004521077294666664
3.656,-0.9761777816522252,-0.669869748930843,89.50806174997065,3,-0.975,-0.42500000000000004,0.10456728506870584,0.013216525478842334
3.664,-0.976171632779509,-0.6690329615220799,89.64991287794204,3,-0.975,-0.42500000000000004,0.10484998994023309,0.004581796544580352
3.672,-0.9761661264481136,-0.6681317983444508,89.64991287794204,3,-0.975,-0.42500000000000004,0.10484943392710329,0.004598778999229114
3.68,-0.976161406735489,-0.6673593727636259,89.64991287794209,3,-0.975,-0.42500000000000004,0.10484895405340512,0.004613435907276254
3.688,-0.9761559004040936,-0.6664582095859968,89.64991287794204,3,-0.975,-0.42500000000000004,0.10484839032029665,0.0046306541552557645
3.696,-0.976151180691469,-0.6656857840051719,89.64991287794209,3,-0.975,-0.42500000000000004,0.10484790376057813,0.004645515276172851
3.704,-0.9761456743600736,-0.6647846208275427,89.64991287794204,3,-0.975,-0.42500000000000004,0.10484733214558523,0.004662974262612973
3.712,-0.976140954647449,-0.6640121952467178,89.64991287794209,3,-0.975,-0.42500000000000004,0.10484683875913338,0.004678043894234207
3.72,-0.9761354483160536,-0.6631110320690887,89.64991287794204,3,-0.975,-0.42500000000000004,0.10484625909579105,0.004695748703518742
3.728,-0.976130728603429,-0.6623386064882638,89.64991287794209,3,-0.975,-0.42500000000000004,0.10484575873791649,0.004711031265129951
3.736,-0.9761252222720336,-0.6614374433106347,89.64991287794204,3,-0.975,-0.42500000000000004,0.10484517085503883,0.004728987125834695
3.744,-0.976120502559409,-0.6606650177298098,89.64991287794209,3,-0.975,-0.42500000000000004,0.10484466337693422,0.004744487162497424
3.7520000000000002,-0.9761149962280136,-0.6597638545521807,89.64991287794204,3,-0.975,-0.42500000000000004,0.10484406709844592,0.004762699452537268
3.7600000000000002,-0.976110276515389,-0.6589914289713558,89.64991287794209,3,-0.975,-0.42500000000000004,0.10484355234703846,0.004778421639593189
3.7680000000000002,-0.9761047701839936,-0.6580902657937266,89.64991287794204,3,-0.975,-0.42500000000000004,0.10484294749179897,0.004796895891590713
3.7760000000000002,-0.9761000504713689,-0.6573178402129017,89.64991287794209,3,-0.975,-0.42500000000000004,0.10484242530959657,0.0048128450393634115
3.7840000000000003,-0.9760945441399735,-0.6564166770352726,89.64991287794204,3,-0.975,-0.42500000000000004,0.10484181169121666,0.00483158694625374
3.7920000000000003,-0.9760898244273489,-0.6556442514544477,89.64991287794209,3,-0.975,-0.42500000000000004,0.10484128191614708,0.004847768004957231
3.8000000000000003,-0.9760843180959535,-0.6547430882768186,89.64991287794204,3,-0.975,-0.42500000000000004,0.10484065934279735,0.00486678342583613
3.8080000000000003,-0.9760795983833289,-0.6539706626959937,89.64991287794209,3,-0.975,-0.42500000000000004,0.10484012180804063,0.004883201490696321
3.8160000000000003,-0.9760740920519335,-0.6530694995183646,89.64991287794204,3,-0.975,-0.42500000000000004,0.10483949008225156,0.004902496456927086
3.8240000000000003,-0.9760693723393089,-0.6522970739375397,89.64991287794209,3,-0.975,-0.42500000000000004,0.10483894461606487,0.0049191567735301645
3.8320000000000003,-0.9760638660079135,-0.6513959107599105,89.64991287794204,3,-0.975,-0.42500000000000004,0.10483830353451801,0.004938737495121748
3.84,-0.9760591462952889,-0.6506234851790856,89.64991287794209,3,-0.975,-0.42500000000000004,0.10483774996005271,0.004955645465001934
3.848,-0.9760536399638935,-0.6497223220014565,89.64991287794209,3,-0.975,-0.42500000000000004,0.10483709931336253,0.0049755183372707235
3.856,-0.9760495628004248,-0.6488855219340341,89.79176400591345,3,-0.975,-0.42500000000000004,0.10487927710611503,-0.0036872709664497183
3.864,-0.976045485636956,-0.6480487218666118,89.64991287794209,3,-0.975,-0.42500000000000004,0.10483694137219668,0.004980342375665914
3.872,-0.9760414084734873,-0.6472119217991894,89.79176400591348,3,-0.975,-0.42500000000000004,0.10487943623460054,-0.0036824106634391063
3.88,-0.9760373313100186,-0.646375121731767,89.64991287794209,3,-0.975,-0.42500000000000004,0.10483678104295224,0.0049852393537702655
3.888,-0.9760332541465498,-0.6455383216643447,89.79176400591348,3,-0.975,-0.42500000000000004,0.10487959777824638,-0.0036774765935547737
3.896,-0.9760291769830811,-0.6447015215969223,89.64991287794209,3,-0.975,-0.42500000000000004,0.10483661827105492,0.004990210938461637
3.904,-0.9760236706516857,-0.6438003584192932,89.64991287794204,3,-0.975,-0.42500000000000004,0.10483594535312055,0.0050107640471751536
3.912,-0.9760189509390611,-0.6430279328384683,89.64991287794209,3,-0.975,-0.42500000000000004,0.10483536413885775,0.005028516226629809
3.92,-0.9760134446076657,-0.6421267696608391,89.64991287794204,3,-0.975,-0.42500000000000004,0.10483468082892576,0.005049386740847872
3.928,-0.9760087248950411,-0.6413543440800142,89.64991287794209,3,-0.975,-0.42500000000000004,0.10483409060408506,0.005067414132743252
3.936,-0.9760032185636457,-0.6404531809023851,89.64991287794204,3,-0.975,-0.42500000000000004,0.10483339665955493,0.00508860946227796
3.944,-0.9759984988510211,-0.6396807553215602,89.64991287794209,3,-0.975,-0.42500000000000004,0.10483279721296358,0.005106918516518677
3.952,-0.9759929925196257,-0.6387795921439311,89.64991287794204,3,-0.975,-0.42500000000000004,0.10483209238362416,0.005128446303634182
3.96,-0.9759882728070011,-0.6380071665631062,89.64991287794209,3,-0.975,-0.42500000000000004,0.10483148349745884,0.005147043673254802
3.968,-0.9759827664756057,-0.6371060033854771,89.64991287794204,3,-0.975,-0.42500000000000004,0.10483076752518776,0.005168911801850973
3.976,-0.975978046762981,-0.6363335778046522,89.64991287794209,3,-0.975,-0.42500000000000004,0.10483014897471045,0.00518780435108368
3.984,-0.9759725404315857,-0.635432414627023,89.64991287794204,3,-0.975,-0.42500000000000004,0.10482942159315883,0.005210020956323502
3.992,-0.975967820718961,-0.6346599890461981,89.64991287794213,3,-0.975,-0.42500000000000004,0.10482879314644054,0.005229215769036455
4.0,-0.9759623143875656,-0.633758825868569,89.64991287794204,3,-0.975,-0.42500000000000004,0.10482805408070257,0.005251789247439742
4.008,-0.975957594674941,-0.6329864002877441,89.64991287794213,3,-0.975,-0.42500000000000004,0.10482741549833306,0.005271293636002872
4.016,-0.9759520883435456,-0.632085237110115,89.64991287794204,3,-0.975,-0.42500000000000004,0.10482666446459991,0.005294232656017917
4.024,-0.975947368630921,-0.6313128115292901,89.64991287794204,3,-0.975,-0.42500000000000004,0.10482601549938367,0.005314054170587612
4.032,-0.9759418622995256,-0.630411648351661,89.64991287794204,3,-0.975,-0.42500000000000004,0.10482525220457987,0.005337367683694415
4.04,-0.9759377851360569,-0.6295748482842387,89.79176400591348,3,-0.975,-0.42500000000000004,0.10489118010133032,-0.003323714666076727
4.048,-0.9759337079725882,-0.6287380482168163,89.64991287794204,3,-0.975,-0.42500000000000004,0.10482498197551793,0.005345621360709041
4.056,-0.9759296308091194,-0.6279012481493941,89.79176400591348,3,-0.975,-0.42500000000000004,0.10489145255477993,-0.003315393049007298
4.064,-0.9759255536456507,-0.6270644480819717,89.64991287794204,3,-0.975,-0.42500000000000004,0.10482470727010201,0.005354011760175693
4.072,-0.975921476482182,-0.6262276480145494,89.79176400591348,3,-0.975,-0.42500000000000004,0.10489172954019864,-0.0033069330108184136
4.08,-0.9759173993187132,-0.6253908479471271,89.64991287794204,3,-0.975,-0.42500000000000004,0.10482442797617673,0.00536254230768507
4.088,-0.9759133221552445,-0.6245540478797048,89.79176400591348,3,-0.975,-0.42500000000000004,0.1048920111716114,-0.0032983310688162737
4.096,-0.9759092449917758,-0.6237172478122824,89.64991287794204,3,-0.975,-0.42500000000000004,0.10482414397780841,0.0053712165442308946
4.104,-0.975905167828307,-0.6228804477448602,89.79176400591348,3,-0.975,-0.42500000000000004,0.10489229756690074,-0.003289583622483994
4.112,-0.9759010906648383,-0.6220436476774378,89.64991287794213,3,-0.975,-0.42500000000000004,0.1048238551551248,0.005380038131102104
4.12,-0.9758970135013696,-0.6212068476100154,89.79176400591348,3,-0.975,-0.42500000000000004,0.10489258884797119,-0.003280686948460399
4.128,-0.9758929363379009,-0.6203700475425931,89.64991287794213,3,-0.975,-0.42500000000000004,0.10482356138414566,0.005389010855059495
4.136,-0.9758888591744321,-0.6195332474751707,89.79176400591348,4,-0.975,-0.42500000000000004,0.10489288514092229,-0.0032716371952522527
4.144,-0.9758847820109634,-0.6186964474077483,89.64991287794213,4,-0.975,-0.42500000000000004,0.10482326253660636,0.005398138633723737
4.152,-0.9758807048474947,-0.617859647340326,89.79176400591348,4,-0.975,-0.42500000000000004,0.10489318657623083,-0.0032624303776752623
4.16,-0.9758766276840259,-0.6170228472729036,89.64991287794213,4,-0.975,-0.42500000000000004,0.10482295847977044,0.005407425521298359
4.168,-0.9758725505205572,-0.6161860472054812,89.79176400591348,4,-0.975,-0.42500000000000004,0.10489349328894207,-0.0032530623710044226
4.176,-0.9758684733570885,-0.6153492471380588,89.64991287794213,4,-0.975,-0.42500000000000004,0.10482264907623325,0.005416875714570946
4.184,-0.9758643961936198,-0.6145124470706365,89.79176400591348,4,-0.975,-0.42500000000000004,0.10489380541887176,-0.003243528904811943
4.192,-0.975860319030151,-0.6136756470032142,89.64991287794204,4,-0.975,-0.42500000000000004,0.10482233418371469,0.00542649355923841
4.2,-0.9758562418666823,-0.6128388469357918,89.79176400591348,4,-0.975,-0.42500000000000004,0.1048941231108186,-0.0032338255564733354
4.208,-0.9758521647032136,-0.6120020468683696,89.64991287794204,4,-0.975,-0.42500000000000004,0.10482201365484176,0.005436283556554011
4.216,-0.9758480875397448,-0.6111652468009472,89.79176400591348,4,-0.975,-0.42500000000000004,0.10489444651478805,-0.0032239477443315456
4.224,-0.9758440103762761,-0.6103284467335249,89.64991287794204,4,-0.975,-0.42500000000000004,0.10482168733691752,0.005446250370380046
4.232,-0.9758399332128074,-0.6094916466661026,89.79176400591348,4,-0.975,-0.42500000000000004,0.10489477578622874,-0.0032138907204787293
4.24,-0.9758358560493386,-0.6086548465986803,89.64991287794204,4,-0.975,-0.42500000000000004,0.10482135507167926,0.005456398834575493
4.248,-0.9758317788858699,-0.6078180465312579,89.79176400591348,4,-0.975,-0.42500000000000004,0.10489511108628148,-0.0032036495631494466
4.256,-0.9758277017224012,-0.6069812464638357,89.64991287794204,4,-0.975,-0.42500000000000004,0.10482101669504239,0.005466733960819647
4.264,-0.9758236245589325,-0.6061444463964133,89.79176400591348,4,-0.975,-0.42500000000000004,0.10489545258204218,-0.003193219168689532
4.272,-0.9758195473954637,-0.605307646328991,89.64991287794204,4,-0.975,-0.42500000000000004,0.10482067203683026,0.005477260946862406
4.28,-0.975815470231995,-0.6044708462615687,89.79176400591348,4,-0.975,-0.42500000000000004,0.10489580044683956,-0.0031825942430734333
4.288,-0.9758121949872628,-0.6035696722133561,89.79176400591348,4,-0.975,-0.42500000000000004,0.1048952745928806,-0.003198655538268702
4.296,-0.9758081178237941,-0.6027328721459337,89.64991287794213,4,-0.975,-0.42500000000000004,0.1048208483559775,0.005471875584968311
4.304,-0.9758040406603253,-0.6018960720785114,89.79176400591348,4,-0.975,-0.42500000000000004,0.10489562583700539,-0.0031879273969710464
4.312,-0.9757999634968566,-0.601059272011089,89.64991287794213,4,-0.975,-0.42500000000000004,0.10482049378081966,0.0054827054668811215
4.32,-0.9757958863333879,-0.6002224719436666,89.79176400591348,4,-0.975,-0.42500000000000004,0.10489598379080718,-0.003176994320251092
4.328,-0.9757918091699191,-0.5993856718762443,89.64991287794213,4,-0.975,-0.42500000000000004,0.10482013239985123,0.005493743220448821
4.336,-0.9757877320064504,-0.5985488718088219,89.79176400591348,4,-0.975,-0.42500000000000004,0.10489634864839847,-0.0031658503792804105
4.344,-0.9757836548429817,-0.5977120717413995,89.64991287794213,4,-0.975,-0.42500000000000004,0.10481976401522465,0.005504994888582471
4.352,-0.975779577679513,-0.5968752716739771,89.79176400591348,4,-0.975,-0.42500000000000004,0.10489672061145225,-0.0031544894143079594
4.36,-0.9757755005160442,-0.5960384716065549,89.64991287794204,4,-0.975,-0.42500000000000004,0.10481938842134839,0.005516466750716709
4.368,-0.9757714233525755,-0.5952016715391325,89.79176400591348,4,-0.975,-0.42500000000000004,0.10489709988957374,-0.003142905023306608
4.376,-0.9757673461891068,-0.5943648714717102,89.64991287794204,4,-0.975,-0.42500000000000004,0.10481900540450517,0.005528165334474866
4.384,-0.975763269025638,-0.5935280714042879,89.79176400591348,4,-0.975,-0.42500000000000004,0.10489748670069429,-0.003131090549941984
4.392,-0.9757591918621693,-0.5926912713368656,89.64991287794204,4,-0.975,-0.42500000000000004,0.10481861474244543,0.005540097428084034
4.4,-0.9757551146987006,-0.5918544712694432,89.79176400591348,4,-0.975,-0.42500000000000004,0.10489788127148898,-0.003119039070817786
4.408,-0.9757510375352318,-0.591017671202021,89.64991287794204,4,-0.975,-0.42500000000000004,0.10481821620395777,0.005552270093493461
4.416,-0.9757469603717631,-0.5901808711345986,89.79176400591348,4,-0.975,-0.42500000000000004,0.10489828383781943,-0.003106743381950938
4.424,-0.9757428832082944,-0.5893440710671763,89.64991287794204,4,-0.975,-0.42500000000000004,0.10481780954841272,0.005564690680313622
4.432,-0.9757388060448257,-0.588507270999754,89.79176400591348,4,-0.975,-0.42500000000000004,0.1048986946452041,-0.0030941959844066336
4.44,-0.9757347288813569,-0.5876704709323317,89.64991287794204,4,-0.975,-0.42500000000000004,0.10481739452527808,0.005577366840613274
4.448,-0.9757306517178882,-0.5868336708649093,89.79176400591348,4,-0.975,-0.42500000000000004,0.10489911394931754,-0.003081389069049756
4.456,-0.9757265745544195,-0.5859968707974871,89.64991287794204,4,-0.975,-0.42500000000000004,0.10481697087360431,0.005590306544643653
4.464,-0.9757224973909507,-0.5851600707300647,89.79176400591356,4,-0.975,-0.42500000000000004,0.10489954201652094,-0.003068314500341174
4.472,-0.975718420227482,-0.5843232706626423,89.64991287794204,4,-0.975,-0.42500000000000004,0.10481653832147726,0.005603518097549664
4.48,-0.9757143430640133,-0.58348647059522,89.79176400591356,4,-0.975,-0.42500000000000004,0.1048999791244269,-0.00305496379908643
4.488,-0.9757102659005445,-0.5826496705277976,89.64991287794204,4,-0.975,-0.42500000000000004,0.10481609658543642,0.005617010157140334
4.496,-0.9757061887370758,-0.5818128704603752,89.79176400591356,4,-0.975,-0.42500000000000004,0.10490042556249901,-0.00304132812412361
4.5040000000000004,-0.9757021115736071,-0.5809760703929528,89.64991287794204,4,-0.975,-0.42500000000000004,0.1048156453698551,0.0056307917528179985
4.5120000000000005,-0.9756980344101384,-0.5801392703255305,89.79176400591356,4,-0.975,-0.42500000000000004,0.10490088163269161,-0.0030273982527817545
4.5200000000000005,-0.9756947591654062,-0.5792380962773178,89.79176400591348,4,-0.975,-0.42500000000000004,0.10490030251135221,-0.0030450865075288824
4.5280000000000005,-0.9756919518127786,-0.5784656613788499,89.79176400591348,4,-0.975,-0.42500000000000004,0.1048998007083108,-0.003060413209249657
4.5360000000000005,-0.9756886765680464,-0.5775644873306373,89.79176400591348,4,-0.975,-0.42500000000000004,0.10489920884930216,-0.0030784905139640273
4.5440000000000005,-0.9756858692154188,-0.5767920524321694,89.79176400591348,4,-0.975,-0.42500000000000004,0.1048986959481957,-0.0030941561867928735
4.5520000000000005,-0.9756825939706866,-0.5758908783839567,89.79176400591348,4,-0.975,-0.42500000000000004,0.10489809092660414,-0.003112635519725182
4.5600000000000005,-0.9756785168072178,-0.5750540783165344,89.64991287794204,4,-0.975,-0.42500000000000004,0.10481798407396825,0.005559360100560684
4.5680000000000005,-0.9756744396437491,-0.5742172782491121,89.79176400591348,4,-0.975,-0.30000000000000004,0.10486536632231981,0.004112151679279252
4.5760000000000005,-0.9756703624802804,-0.5733804781816898,89.64991287794204,4,-0.975,-0.30000000000000004,0.10458081775748286,0.01280319302118049
4.5840000000000005,-0.9756662853168117,-0.5725436781142674,89.79176400591348,4,-0.975,-0.30000000000000004,0.10486366850759912,0.0041640084789673635
4.5920000000000005,-0.9756622081533429,-0.5717068780468452,89.64991287794204,4,-0.975,-0.30000000000000004,0.10457910950088056,0.012855368749993934
4.6000000000000005,-0.9756581309898742,-0.5708700779794228,89.79176400591348,4,-0.975,-0.30000000000000004,0.10486194971248865,0.004216506088196126
4.6080000000000005,-0.9756553236372466,-0.5700976430809549,89.79176400591348,4,-0.975,-0.30000000000000004,0.10486155490998976,0.004228564644322308
4.616,-0.9756520483925144,-0.5691964690327422,89.79176400591348,4,-0.975,-0.30000000000000004,0.10486109144347285,0.004242720423534907
4.624,-0.9756479712290457,-0.56835966896532,89.64991287794204,4,-0.975,-0.30000000000000004,0.10457651371472676,0.012934652526351176
4.632,-0.9756438940655769,-0.5675228688978976,89.79176400591356,4,-0.975,-0.30000000000000004,0.10485933502095116,0.004296367296639625
4.64,-0.9756410867129494,-0.5667504339994296,89.79176400591348,4,-0.975,-0.30000000000000004,0.10485892769297141,0.004308808421808252
4.648,-0.9756378114682172,-0.5658492599512169,89.79176400591356,4,-0.975,-0.30000000000000004,0.10485844948534484,0.004323414442593765
4.656,-0.9756337343047484,-0.5650124598837946,89.64991287794204,4,-0.975,-0.30000000000000004,0.10457385235672738,0.013015939080762262
4.664,-0.9756296571412797,-0.5641756598163722,89.79176400591356,4,-0.975,-0.30000000000000004,0.10485665407078353,0.004378252259776616
4.672,-0.9756268497886521,-0.5634032249179042,89.79176400591348,4,-0.975,-0.30000000000000004,0.10485623370468052,0.0043910916117592125
4.68,-0.9756235745439199,-0.5625020508696915,89.79176400591356,4,-0.975,-0.30000000000000004,0.1048557401507825,0.0044061663577329435
4.688,-0.9756194973804512,-0.5616652508022691,89.64991287794204,4,-0.975,-0.30000000000000004,0.10457112291049846,0.013099305271801254
4.696,-0.9756154202169824,-0.5608284507348469,89.79176400591348,4,-0.975,-0.30000000000000004,0.10485390431108807,0.004462238890344472
4.704,-0.9756126128643549,-0.5600560158363789,89.79176400591348,4,-0.975,-0.30000000000000004,0.10485347036684765,0.0044754929629335916
4.712,-0.9756093376196227,-0.5591548417881663,89.79176400591348,4,-0.975,-0.30000000000000004,0.10485296082910217,0.004491055907747121
4.72,-0.9756052604561539,-0.558318041720744,89.64991287794204,4,-0.975,-0.30000000000000004,0.10456832272922942,0.013184831941697062
4.728,-0.9756011832926852,-0.5574812416533217,89.79176400591348,4,-0.975,-0.30000000000000004,0.10485108305832223,0.004548409152485554
4.736,-0.9755991778634546,-0.5566444340563476,89.93361513388491,4,-0.975,-0.30000000000000004,0.10486523772433097,-0.004116079481333191
4.744,-0.9755971724342241,-0.5558076264593734,89.79176400591348,4,-0.975,-0.30000000000000004,0.10485103683040062,0.004549821104002705
4.752,-0.9755938971894919,-0.5549064524111608,89.79176400591348,4,-0.975,-0.30000000000000004,0.10485051019709749,0.004565906202910862
4.76,-0.9755910898368643,-0.5541340175126929,89.79176400591348,4,-0.975,-0.30000000000000004,0.10485005582440313,0.0045797842271193545
4.768,-0.9755878145921321,-0.5532328434644802,89.79176400591348,4,-0.975,-0.30000000000000004,0.10484952221948948,0.004596082261752898
4.776,-0.9755850072395045,-0.5524604085660123,89.79176400591348,4,-0.975,-0.30000000000000004,0.10484906181180825,0.00461014461414655
4.784,-0.9755817319947723,-0.5515592345177996,89.79176400591348,4,-0.975,-0.30000000000000004,0.1048485210959261,0.004626659840953784
4.792,-0.9755789246421447,-0.5507867996193317,89.79176400591348,4,-0.975,-0.30000000000000004,0.10484805453221936,0.00464091021844637
4.8,-0.9755756493974125,-0.5498856255711191,89.79176400591356,4,-0.975,-0.30000000000000004,0.10484750656227171,0.00465764700807636
4.808,-0.9755728420447849,-0.5491131906726511,89.79176400591348,4,-0.975,-0.30000000000000004,0.10484703371824217,0.004672089207112817
4.816,-0.9755695668000527,-0.5482120166244384,89.79176400591356,4,-0.975,-0.30000000000000004,0.10484647834726632,0.004689052048285625
4.824,-0.9755667594474251,-0.5474395817259704,89.79176400591348,4,-0.975,-0.30000000000000004,0.10484599909524808,0.004703689968199366
4.832,-0.9755634842026929,-0.5465384076777577,89.79176400591356,4,-0.975,-0.30000000000000004,0.10484543617228467,0.004720883471706072
4.84,-0.9755606768500653,-0.5457659727792897,89.79176400591348,4,-0.975,-0.30000000000000004,0.1048449503811278,0.004735721118243386
4.848,-0.9755574016053331,-0.5448647987310771,89.79176400591356,4,-0.975,-0.30000000000000004,0.10484437975108393,0.004753150021127195
4.856,-0.9755545942527055,-0.5440923638326091,89.79176400591348,4,-0.975,-0.30000000000000004,0.10484388728603503,0.0047681915100975525
4.864,-0.9755513190079733,-0.5431911897843965,89.79176400591348,4,-0.975,-0.30000000000000004,0.10484330878954151,0.004785860680012854
4.872,-0.9755485116553457,-0.5424187548859285,89.79176400591348,4,-0.975,-0.30000000000000004,0.10484280951211916,0.0048011102410892015
4.88,-0.9755452364106135,-0.541517580837716,89.79176400591348,4,-0.975,-0.30000000000000004,0.10484222298538277,0.004819024680816075
4.888,-0.9755424290579859,-0.5407451459392479,89.79176400591348,4,-0.975,-0.30000000000000004,0.10484171675324735,0.004834486661515425
4.896,-0.9755391538132537,-0.5398439718910354,89.79176400591348,4,-0.975,-0.30000000000000004,0.10484112202789556,0.004852651513699513
4.904,-0.9755363464606261,-0.5390715369925674,89.79176400591348,4,-0.975,-0.30000000000000004,0.10484060869471439,0.004868330383499542
4.912,-0.9755330712158939,-0.5381703629443548,89.79176400591348,4,-0.975,-0.30000000000000004,0.1048400055976345,0.004886750935567563
4.92,-0.9755310657866634,-0.5373335553473807,89.93361513388491,4,-0.975,-0.30000000000000004,0.10487635611729833,-0.003776487492914371
4.928,-0.9755290603574328,-0.5364967477504066,89.79176400591348,4,-0.975,-0.30000000000000004,0.10483987720318061,0.004890672521000505
4.936,-0.9755270549282022,-0.5356599401534324,89.93361513388491,4,-0.975,-0.30000000000000004,0.10487648542197973,-0.0037725381061637364
4.944,-0.9755250494989717,-0.5348231325564583,89.79176400591348,4,-0.975,-0.30000000000000004,0.10483974697855791,0.004894650005758283
4.952,-0.9755230440697411,-0.5339863249594842,89.93361513388491,4,-0.975,-0.30000000000000004,0.10487661657639623,-0.003768532222469977
4.96,-0.9755210386405105,-0.53314951736251,89.79176400591348,4,-0.975,-0.30000000000000004,0.10483961488435392,0.0048986845936277446
4.968,-0.97551903321128,-0.5323127097655359,89.93361513388491,4,-0.975,-0.30000000000000004,0.10487674962052512,-0.0037644686207957134
4.976,-0.9755170277820494,-0.5314759021685618,89.79176400591348,4,-0.975,-0.30000000000000004,0.10483948088001636,0.004902777523206892
4.984,-0.9755150223528188,-0.5306390945715876,89.93361513388491,4,-0.975,-0.30000000000000004,0.10487688459550408,-0.003760346044662132
4.992,-0.9755130169235883,-0.5298022869746135,89.79176400591348,4,-0.975,-0.30000000000000004,0.10483934492381158,0.004906930069177862
5.0,-0.9755110114943577,-0.5289654793776394,89.93361513388498,4,-0.975,-0.30000000000000004,0.10487702154367344,-0.0037561632008573653
5.008,-0.9755090060651271,-0.5281286717806652,89.79176400591348,4,-0.975,-0.30000000000000004,0.1048392069727812,0.004911143543629648
5.016,-0.9755070006358966,-0.5272918641836911,89.93361513388498,4,-0.975,-0.30000000000000004,0.10487716050862099,-0.003751918758067907
5.024,-0.975504995206666,-0.526455056586717,89.79176400591348,4,-0.975,-0.30000000000000004,0.104839066982697,0.004915419297435998
5.032,-0.9755029897774354,-0.5256182489897429,89.93361513388491,4,-0.975,-0.30000000000000004,0.1048773015352276,-0.003747611345485957
5.04,-0.9755009843482049,-0.5247814413927687,89.79176400591348,4,-0.975,-0.30000000000000004,0.10483892490801346,0.004919758721706358
5.048,-0.9754989789189743,-0.5239446337957946,89.93361513388491,4,-0.975,-0.30000000000000004,0.10487744466971542,-0.0037432395513359307
5.056,-0.9754969734897437,-0.5231078261988205,89.79176400591348,4,-0.975,-0.30000000000000004,0.10483878070181851,0.00492416324928735
5.064,-0.9754949680605132,-0.5222710186018463,89.93361513388491,4,-0.975,-0.30000000000000004,0.10487758995969923,-0.0037388019213077106
5.072,-0.9754929626312826,-0.5214342110048722,89.79176400591348,4,-0.975,-0.30000000000000004,0.10483863431578182,0.00492863435634583
5.08,-0.975490957202052,-0.5205974034078981,89.93361513388491,4,-0.975,-0.30000000000000004,0.10487773745423859,-0.0037342969569619244
5.088,-0.9754889517728215,-0.5197605958109239,89.79176400591348,4,-0.975,-0.30000000000000004,0.10483848570010074,0.004933173564017235
5.096,-0.9754869463435909,-0.5189237882139498,89.93361513388491,4,-0.975,-0.30000000000000004,0.10487788720389332,-0.0037297231140365206
5.104,-0.9754849409143603,-0.5180869806169757,89.79176400591348,4,-0.975,-0.30000000000000004,0.10483833480344389,0.0049377824401285455
5.112,-0.9754816656696281,-0.5171858065687631,89.79176400591348,4,-0.975,-0.30000000000000004,0.104837663999778,0.004958270972186041
5.12,-0.9754788583170005,-0.5164133716702951,89.79176400591348,4,-0.975,-0.30000000000000004,0.10483708457869077,0.00497596838220915
5.128,-0.9754755830722683,-0.5155121976220826,89.79176400591348,4,-0.975,-0.30000000000000004,0.10483640333784193,0.004996775699879219
5.136,-0.9754727757196408,-0.5147397627236145,89.79176400591348,4,-0.975,-0.30000000000000004,0.10483581486621968,0.005014749542764152
5.144,-0.9754695004749085,-0.513838588675402,89.79176400591348,4,-0.975,-0.30000000000000004,0.1048351229426874,0.005035883144432152
5.152,-0.975467495045678,-0.5130017810784279,89.93361513388491,4,-0.975,-0.30000000000000004,0.10488126526202829,-0.003626546199673397
5.16,-0.9754654896164474,-0.5121649734814537,89.79176400591348,4,-0.975,-0.30000000000000004,0.10483494130779163,0.005041430866626229
5.168,-0.9754634841872168,-0.5113281658844796,89.93361513388498,4,-0.975,-0.30000000000000004,0.10488144833255804,-0.003620954628535178
5.176,-0.9754614787579863,-0.5104913582875055,89.79176400591348,4,-0.975,-0.30000000000000004,0.10483475678453918,0.005047066808653633
5.184,-0.9754594733287557,-0.5096545506905313,89.93361513388498,4,-0.975,-0.30000000000000004,0.10488163432589366,-0.003615273785371964
5.192,-0.9754574678995251,-0.5088177430935572,89.79176400591348,4,-0.975,-0.30000000000000004,0.10483456930348199,0.005052793091686603
5.2,-0.9754554624702946,-0.5079809354965831,89.93361513388491,4,-0.975,-0.30000000000000004,0.10488182331259428,-0.003609501515076996
5.208,-0.975453457041064,-0.5071441278996089,89.79176400591348,4,-0.975,-0.30000000000000004,0.1048343787929275,0.005058611905449539
5.216,-0.9754514516118334,-0.5063073203026348,89.93361513388491,4,-0.975,-0.30000000000000004,0.10488201536550841,-0.0036036355926204466
5.224,-0.9754494461826029,-0.5054705127056607,89.79176400591348,4,-0.975,-0.30000000000000004,0.10483418517884734,0.005064525511008999
5.232,-0.9754474407533723,-0.5046337051086865,89.93361513388491,4,-0.975,-0.30000000000000004,0.10488221055986806,-0.003597673720170058
5.24,-0.9754454353241417,-0.5037968975117124,89.79176400591348,4,-0.975,-0.30000000000000004,0.10483398838478142,0.00507053624370668
5.248,-0.9754434298949112,-0.5029600899147383,89.93361513388491,4,-0.975,-0.30000000000000004,0.10488240897338671,-0.003591613524103754
5.256,-0.9754414244656806,-0.5021232823177642,89.79176400591348,4,-0.975,-0.30000000000000004,0.10483378833173722,0.00507664651623152
5.264,-0.97543941903645,-0.50128647472079,89.93361513388491,4,-0.975,-0.30000000000000004,0.10488261068636237,-0.003585452551857493
5.272,-0.9754374136072195,-0.5004496671238159,89.79176400591348,4,-0.975,-0.30000000000000004,0.10483358493808413,0.005082858821848779
5.28,-0.9754354081779889,-0.4996128595268418,89.93361513388491,4,-0.975,-0.30000000000000004,0.10488281578178603,-0.0035791882686161403
5.288,-0.9754334027487583,-0.4987760519298677,89.79176400591348,4,-0.975,-0.30000000000000004,0.10483337811944232,0.005089175737793106
5.296,-0.9754313973195278,-0.4979392443328936,89.93361513388491,4,-0.975,-0.30000000000000004,0.10488302434545552,-0.003572818053834137
5.304,-0.9754293918902972,-0.4971024367359195,89.79176400591348,4,-0.975,-0.30000000000000004,0.10483316778856602,0.005095599928835681
5.312,-0.9754273864610666,-0.4962656291389454,89.93361513388491,4,-0.975,-0.30000000000000004,0.10488323646609517,-0.003566339197580537
5.32,-0.9754253810318361,-0.49542882154197126,89.79176400591348,4,-0.975,-0.30000000000000004,0.10483295385522093,0.0051021341510262275
5.328,-0.9754233756026055,-0.4945920139449972,89.93361513388491,5,-0.975,-0.30000000000000004,0.10488345223548164,-0.0035597488966975233
5.336,-0.9754213701733749,-0.49375520634802306,89.79176400591356,5,-0.975,-0.30000000000000004,0.10483273622605509,0.005108781255637851
5.344,-0.9754193647441444,-0.4929183987510489,89.93361513388491,5,-0.975,-0.30000000000000004,0.10488367174857634,-0.0035530442507537563
5.352,-0.9754173593149138,-0.4920815911540748,89.79176400591356,5,-0.975,-0.30000000000000004,0.10483251480446261,0.005115544193329491
5.36,-0.9754153538856832,-0.49124478355710066,89.93361513388491,5,-0.975,-0.30000000000000004,0.10488389510366476,-0.003546222257788668
5.368,-0.9754133484564527,-0.49040797596012653,89.79176400591356,5,-0.975,-0.30000000000000004,0.10483228949044153,0.005122426018487114
5.376,-0.9754113430272221,-0.4895711683631524,89.93361513388491,5,-0.975,-0.30000000000000004,0.10488412240250328,-0.003539279809832151
5.384,-0.9754093375979915,-0.4887343607661783,89.79176400591348,5,-0.975,-0.30000000000000004,0.10483206018044254,0.0051294298938446845
5.392,-0.975407332168761,-0.4878975531692042,89.93361513388491,5,-0.975,-0.30000000000000004,0.10488435375047357,-0.003532213688183349
5.4,-0.9754062880307675,-0.48699637377409144,89.93361513388491,5,-0.975,-0.30000000000000004,0.1048837964251021,-0.0035492362229732066
5.408,-0.9754053930553443,-0.48622393429256616,89.93361513388491,5,-0.975,-0.30000000000000004,0.1048833144244309,-0.0035639580957143036
5.416,-0.9754043489173508,-0.4853227548974534,89.93361513388491,5,-0.975,-0.30000000000000004,0.10488274701198018,-0.0035812887228076073
5.424,-0.9754023434881203,-0.4844859473004793,89.79176400591348,5,-0.975,-0.30000000000000004,0.10483343915761459,0.005087311432911079
5.432,-0.9754003380588897,-0.4836491397035052,89.93361513388491,5,-0.975,-0.30000000000000004,0.10488297117769593,-0.003574441970640274
5.44,-0.9753983326296591,-0.4828123321065311,89.79176400591348,5,-0.975,-0.30000000000000004,0.10483321294435392,0.005094220723779297
5.448,-0.9753963272004286,-0.481975524509557,89.93361513388491,5,-0.975,-0.30000000000000004,0.10488319946668404,-0.0035674692802852848
5.456,-0.975394321771198,-0.48113871691258286,89.79176400591348,5,-0.975,-0.30000000000000004,0.1048329825509363,0.005101257690275695
5.464,-0.9753923163419674,-0.4803019093156088,89.93361513388491,5,-0.975,-0.30000000000000004,0.10488343199376485,-0.003560367144754939
5.472,-0.9753903109127369,-0.47946510171863466,89.79176400591348,5,-0.975,-0.30000000000000004,0.1048327478604146,0.005108425904348124
5.48,-0.9753883054835063,-0.4786282941216606,89.93361513388491,5,-0.975,-0.30000000000000004,0.10488366887806182,-0.0035531319256304483
5.488,-0.9753863000542757,-0.47779148652468645,89.79176400591348,5,-0.975,-0.30000000000000004,0.10483250875143821,0.005115729072439068
5.496,-0.9753842946250452,-0.47695467892771237,89.93361513388491,5,-0.975,-0.30000000000000004,0.104883910243205,-0.0035457598468462415
5.5040000000000004,-0.9753822891958146,-0.47611787133073824,89.79176400591356,5,-0.975,-0.30000000000000004,0.104832265098044,0.005123171041873874
5.5120000000000005,-0.975380283766584,-0.4752810637337641,89.93361513388491,5,-0.975,-0.30000000000000004,0.10488415621754625,-0.003538246988118332
5.5200000000000005,-0.9753782783373535,-0.47444425613679,89.79176400591356,5,-0.975,-0.30000000000000004,0.10483201676943431,0.005130755807639109
5.5280000000000005,-0.9753762729081229,-0.47360744853981585,89.93361513388491,5,-0.975,-0.30000000000000004,0.10488440693438679,-0.0035305892779926573
5.5360000000000005,-0.9753742674788923,-0.4727706409428417,89.79176400591356,5,-0.975,-0.30000000000000004,0.10483176362974404,0.005138487519498969
5.5440000000000005,-0.9753722620496618,-0.4719338333458676,89.93361513388491,5,-0.975,-0.30000000000000004,0.10488466253221805,-0.003522782486488518
5.5520000000000005,-0.9753702566204312,-0.4710970257488935,89.79176400591348,5,-0.975,-0.30000000000000004,0.10483150553779165,0.005146370489597429
5.5600000000000005,-0.9753682511912006,-0.4702602181519194,89.93361513388491,5,-0.975,-0.30000000000000004,0.10488492315497688,-0.003514822217306035
5.5680000000000005,-0.9753662457619701,-0.4694234105549453,89.79176400591348,5,-0.975,-0.30000000000000004,0.10483124234681761,0.005154409200449739
5.5760000000000005,-0.9753642403327395,-0.46858660295797117,89.93361513388491,5,-0.975,-0.30000000000000004,0.10488518895231569,-0.0035067038995719724
5.5840000000000005,-0.9753622349035089,-0.4677497953609971,89.79176400591348,5,-0.975,-0.30000000000000004,0.10483097390420512,0.005162608313470929
5.5920000000000005,-0.9753602294742784,-0.46691298776402296,89.93361513388491,5,-0.975,-0.30000000000000004,0.10488546007988914,-0.0034984227790850753
5.6000000000000005,-0.9753582240450478,-0.4660761801670489,89.79176400591348,5,-0.975,-0.30000000000000004,0.10483070005118557,0.005170972677972174
5.6080000000000005,-0.9753562186158172,-0.46523937257007475,89.93361513388491,5,-0.975,-0.30000000000000004,0.104885736699658,-0.003489973909035271
5.6160000000000005,-0.9753542131865867,-0.4644025649731007,89.79176400591348,5,-0.975,-0.30000000000000004,0.10483042062252536,0.005179507340726031
5.6240000000000006,-0.9753522077573561,-0.46356575737612654,89.93361513388491,5,-0.975,-0.30000000000000004,0.10488601898021183,-0.0034813521401477754
5.632,-0.9753502023281255,-0.46272894977915247,89.79176400591348,5,-0.975,-0.30000000000000004,0.10483013544619334,0.0051882175561254185
5.64,-0.975348196898895,-0.46189214218217833,89.93361513388491,5,-0.975,-0.30000000000000004,0.1048863070971116,-0.003472552110217131
5.648,-0.9753471527609014,-0.4609909627870656,89.93361513388491,5,-0.975,-0.30000000000000004,0.10488567067930626,-0.003491990385929844
5.656,-0.9753462577854783,-0.4602185233055403,89.93361513388491,5,-0.975,-0.30000000000000004,0.10488511948012055,-0.003508825807023608
5.664,-0.9753452136474848,-0.45931734391042756,89.93361513388491,5,-0.975,-0.30000000000000004,0.1048844696590528,-0.0035286734620902935
5.672,-0.9753443186720617,-0.4585449044289023,89.93361513388491,5,-0.975,-0.30000000000000004,0.10488390678993183,-0.0035458653210732605
5.68,-0.9753432745340682,-0.45764372503378953,89.93361513388491,5,-0.975,-0.30000000000000004,0.10488324313767988,-0.003566135425621564
5.688,-0.9753412691048376,-0.4568069174368154,89.79176400591356,5,-0.975,-0.30000000000000004,0.10483292068956504,0.005103147138340369
5.696,-0.9753392636756071,-0.45597010983984126,89.93361513388491,5,-0.975,-0.30000000000000004,0.10488351240828067,-0.0035579110231367395
5.704,-0.9753372582463765,-0.45513330224286713,89.79176400591356,5,-0.975,-0.30000000000000004,0.10483264852175841,0.005111460030941761
5.712,-0.975335252817146,-0.454296494645893,89.93361513388491,5,-0.975,-0.30000000000000004,0.10488378752030497,-0.0035495082045241535
5.72,-0.9753332473879154,-0.4534596870489189,89.79176400591348,5,-0.975,-0.30000000000000004,0.10483237041748181,0.005119954242700286
5.728,-0.9753312419586848,-0.4526228794519448,89.93361513388491,5,-0.975,-0.30000000000000004,0.10488406866591865,-0.003540921100410933
5.736,-0.9753292365294542,-0.4517860718549707,89.79176400591348,5,-0.975,-0.30000000000000004,0.10483208618036632,0.005128635771363355
5.744,-0.9753272311002237,-0.4509492642579966,89.93361513388491,5,-0.975,-0.30000000000000004,0.10488435604580985,-0.0035321435811258572
5.752,-0.9753252256709931,-0.4501124566610225,89.79176400591348,5,-0.975,-0.30000000000000004,0.10483179560528526,0.005137510882168517
5.76,-0.9753232202417625,-0.4492756490640484,89.93361513388491,5,-0.975,-0.17500000000000004,0.1049977293289235,-6.935370140070951e-05
5.768,-0.975321214812532,-0.4484388414670743,89.79176400591348,5,-0.975,-0.17500000000000004,0.10471814125485153,0.00860888547466565
5.776,-0.9753192093833014,-0.44760203387010017,89.93361513388491,5,-0.975,-0.17500000000000004,0.10499858627200284,-4.317986448632016e-05
5.784,-0.9753172039540708,-0.4467652262731261,89.79176400591348,5,-0.975,-0.17500000000000004,0.10471727904251642,0.008635220251838605
5.792,-0.9753151985248403,-0.44592841867615196,89.93361513388491,5,-0.975,-0.17500000000000004,0.10499945380234384,-1.668265806642477e-05
5.8,-0.9753131930956097,-0.4450916110791779,89.79176400591348,5,-0.975,-0.17500000000000004,0.10471640614481617,0.008661881394917859
5.808,-0.9753111876663791,-0.44425480348220375,89.93361513388491,5,-0.975,-0.17500000000000004,0.10499966788263064,1.0143947796970032e-05
5.816,-0.9753091822371486,-0.4434179958852297,89.79176400591348,5,-0.975,-0.17500000000000004,0.10471552236187733,0.008688875008690866
5.824,-0.975307176807918,-0.44258118828825554,89.93361513388491,5,-0.975,-0.17500000000000004,0.10499877858055849,3.7306133903403094e-05
5.832,-0.9753051713786874,-0.44174438069128147,89.79176400591348,5,-0.975,-0.17500000000000004,0.10471462748881025,0.008716207351154415
5.84,-0.9753031659494569,-0.44090757309430734,89.93361513388491,5,-0.975,-0.17500000000000004,0.10499787808398306,6.481023665616537e-05
5.848,-0.9753011605202263,-0.44007076549733326,89.79176400591348,5,-0.975,-0.17500000000000004,0.10471372131555085,0.008743884838352423
5.856,-0.9752991550909957,-0.43923395790035913,89.93361513388498,5,-0.975,-0.17500000000000004,0.1049969661801917,9.266275299180116e-05
5.864,-0.9752981109530022,-0.4383327785052463,89.93361513388491,5,-0.975,-0.17500000000000004,0.10499695579783053,9.29798641686741e-05
5.872,-0.9752972159775791,-0.4375603390237211,89.93361513388498,5,-0.975,-0.17500000000000004,0.10499694684193875,9.325340631671786e-05
5.88,-0.9752961718395856,-0.4366591596286083,89.93361513388491,5,-0.975,-0.17500000000000004,0.10499693632656731,9.357458006087338e-05
5.888,-0.9752952768641625,-0.4358867201470831,89.93361513388491,5,-0.975,-0.17500000000000004,0.10499692725557132,9.385163786734818e-05
5.896,-0.975294232726169,-0.43498554075197027,89.93361513388491,5,-0.975,-0.17500000000000004,0.10499691660461728,9.417695274616111e-05
5.904,-0.9752933377507459,-0.43421310127044505,89.93361513388491,5,-0.975,-0.17500000000000004,0.10499690741628383,9.445759442128221e-05
5.912,-0.9752922936127524,-0.43331192187533224,89.93361513388491,5,-0.975,-0.17500000000000004,0.10499689662710777,9.478713105148806e-05
5.92,-0.9752913986373293,-0.432539482393807,89.93361513388491,5,-0.975,-0.17500000000000004,0.10499688731914533,9.507142658593537e-05
5.928,-0.9752903544993358,-0.4316383029986942,89.93361513388491,5,-0.975,-0.17500000000000004,0.10499687638903905,9.540526768492263e-05
5.936,-0.9752894595239127,-0.430865863517169,89.93361513388491,5,-0.975,-0.17500000000000004,0.10499686695909603,9.569328890424166e-05
5.944,-0.9752884153859191,-0.4299646841220562,89.93361513388491,5,-0.975,-0.17500000000000004,0.10499685588528004,9.603151936621313e-05
5.952,-0.9752864099566886,-0.4291278765250821,89.79176400591348,5,-0.975,-0.17500000000000004,0.10471267617931773,0.008775806708052003
5.96,-0.975284404527458,-0.428291068928108,89.93361513388491,5,-0.975,-0.17500000000000004,0.10499589783049601,0.00012529363755897635
5.968,-0.9752823990982274,-0.4274542613311339,89.79176400591348,5,-0.975,-0.17500000000000004,0.10471171178367247,0.008805262496829556
5.976,-0.9752803936689969,-0.42661745373415977,89.93361513388491,5,-0.975,-0.17500000000000004,0.1049949270308302,0.0001549450260139862
5.984,-0.9752783882397663,-0.4257806461371857,89.79176400591348,5,-0.975,-0.17500000000000004,0.10471073451598507,0.008835111439762233
5.992,-0.9752763828105357,-0.42494383854021156,89.93361513388491,5,-0.975,-0.17500000000000004,0.1049939432302645,0.00018499350435952078
6.0,-0.9752743773813052,-0.4241070309432375,89.79176400591348,5,-0.975,-0.17500000000000004,0.10470974411681438,0.008865361461027566
6.008,-0.9752723719520746,-0.42327022334626335,89.93361513388491,5,-0.975,-0.17500000000000004,0.1049929461658775,0.00021544710307253018
6.016,-0.975270366522844,-0.4224334157492893,89.79176400591348,5,-0.975,-0.17500000000000004,0.10470874031970008,0.00889602069919404
6.024,-0.9752683610936135,-0.42159660815231514,89.93361513388498,5,-0.975,-0.17500000000000004,0.10499193556761022,0.0002463140706354672
6.032,-0.9752663556643829,-0.420759800555341,89.79176400591348,5,-0.975,-0.17500000000000004,0.10470772285092338,0.008927097514526361
6.04,-0.9752643502351523,-0.4199229929583669,89.93361513388498,5,-0.975,-0.17500000000000004,0.1049909111580218,0.00027760288099776265
6.048,-0.9752633060971588,-0.4190218135632541,89.93361513388491,5,-0.975,-0.17500000000000004,0.10499087759267062,0.00027862807630996134
6.056,-0.9752624111217357,-0.41824937408172885,89.93361513388491,5,-0.975,-0.17500000000000004,0.10499084862442251,0.00027951286109884066
6.064,-0.9752613669837422,-0.41734819468661605,89.93361513388491,5,-0.975,-0.17500000000000004,0.10499081459474122,0.0002805522385674886
6.072,-0.9752604720083191,-0.4165757552050908,89.93361513388491,5,-0.975,-0.17500000000000004,0.10499078522436708,0.0002814493055969258
6.08,-0.9752594278703256,-0.415674575809978,89.93361513388491,5,-0.975,-0.17500000000000004,0.10499075072065334,0.00028250316156253064
6.088,-0.9752585328949025,-0.4149021363284528,89.93361513388491,5,-0.975,-0.17500000000000004,0.10499072093972144,0.0002834127683657428
6.096,-0.975257488756909,-0.41400095693334,89.93361513388491,5,-0.975,-0.17500000000000004,0.10499068595200096,0.00028448140747583395
6.104,-0.9752565937814859,-0.41322851745181477,89.93361513388491,5,-0.975,-0.17500000000000004,0.10499065575184216,0.0002854038188361274
6.112,-0.9752555496434924,-0.41232733805670196,89.93361513388491,5,-0.975,-0.17500000000000004,0.1049906202698588,0.00028648755434679263
6.12,-0.9752546546680693,-0.41155489857517674,89.93361513388491,5,-0.975,-0.17500000000000004,0.10499058964155818,0.0002874230425548019
6.128,-0.9752536105300758,-0.41065371918006394,89.93361513388491,5,-0.975,-0.17500000000000004,0.10499055365476397,0.0002885221966353324
6.136,-0.9752527155546526,-0.4098812796985387,89.93361513388491,5,-0.975,-0.17500000000000004,0.10499052258915204,0.00028947104175713884
6.144,-0.9752516714166591,-0.4089801003034259,89.93361513388491,5,-0.975,-0.17500000000000004,0.10499048608669674,0.00029058594580944064
6.152,-0.975250776441236,-0.4082076608219007,89.93361513388491,5,-0.975,-0.17500000000000004,0.10499045457434025,0.0002915484359671261
6.16,-0.9752497323032425,-0.4073064814267879,89.93361513388491,5,-0.975,-0.17500000000000004,0.10499041754506043,0.00029267943095911964
6.168,-0.9752488373278194,-0.40653404194526266,89.93361513388491,5,-0.975,-0.17500000000000004,0.10499038557625291,0.00029365586261986815
6.176,-0.9752477931898259,-0.40563286255014985,89.93361513388491,5,-0.975,-0.17500000000000004,0.10499034800866051,0.00029480329943365474
6.184,-0.9752457877605953,-0.4047960549531758,89.79176400591348,5,-0.975,-0.17500000000000004,0.10470609404953095,0.00897684642205454
6.192,-0.9752437823313648,-0.40395924735620165,89.93361513388498,5,-0.975,-0.17500000000000004,0.1049892405695165,0.0003286281032587324
6.2,-0.9752417769021342,-0.4031224397592275,89.79176400591348,5,-0.975,-0.17500000000000004,0.10470497850046578,0.009010918929325262
6.208,-0.9752397714729036,-0.4022856321622534,89.93361513388498,5,-0.975,-0.17500000000000004,0.1049881168211177,0.00036295104492423125
6.216,-0.9752387273349101,-0.4013844527671406,89.93361513388491,5,-0.975,-0.17500000000000004,0.10498806951717492,0.000364395861637612
6.224,-0.975237832359487,-0.40061201328561535,89.93361513388491,5,-0.975,-0.17500000000000004,0.1049880286701611,0.00036564346267919934
6.232,-0.9752367882214935,-0.39971083389050255,89.93361513388491,5,-0.975,-0.17500000000000004,0.10498798066038419,0.0003671098378695837
6.24,-0.9752358932460704,-0.3989383944089773,89.93361513388491,5,-0.975,-0.17500000000000004,0.10498793920160013,0.00036837612436946277
6.248,-0.9752348491080769,-0.3980372150138645,89.93361513388491,5,-0.975,-0.17500000000000004,0.10498789047007231,0.00036986454418685977
6.256,-0.9752339541326538,-0.3972647755323393,89.93361513388491,5,-0.975,-0.17500000000000004,0.10498784838567059,0.00037114993909126426
6.264,-0.9752329099946603,-0.3963635961372265,89.93361513388491,5,-0.975,-0.17500000000000004,0.10498779891599307,0.0003726609044081286
6.272,-0.9752320150192372,-0.39559115665570127,89.93361513388491,5,-0.975,-0.17500000000000004,0.10498775619170508,0.00037396584352600293
6.28,-0.9752309708812437,-0.39468997726058846,89.93361513388491,5,-0.975,-0.17500000000000004,0.10498770596697853,0.0003754998705037816
6.288,-0.9752300759058206,-0.39391753777906324,89.93361513388491,5,-0.975,-0.17500000000000004,0.10498766258809848,0.0003768248029979438
6.296,-0.975229031767827,-0.39301635838395044,89.93361513388491,5,-0.975,-0.17500000000000004,0.10498761159090372,0.00037838242367460584
6.304,-0.9752281367924039,-0.3922439189024252,89.93361513388491,5,-0.975,-0.17500000000000004,0.10498756754227175,0.0003797278125777792
6.312,-0.9752270926544104,-0.3913427395073124,89.93361513388491,5,-0.975,-0.17500000000000004,0.10498751575464957,0.0003813095754856555
6.32,-0.9752261976789873,-0.3905703000257872,89.93361513388491,5,-0.975,-0.17500000000000004,0.104987471020634,0.00038267589823981485
6.328,-0.9752251535409938,-0.3896691206306744,89.93361513388491,5,-0.975,-0.17500000000000004,0.10498741842406419,0.00038428236904675117
6.336,-0.9752242585655707,-0.38889668114914916,89.93361513388491,5,-0.975,-0.17500000000000004,0.10498737298854315,0.000385670118065784
6.344,-0.9752232144275772,-0.38799550175403635,89.93361513388491,5,-0.975,-0.17500000000000004,0.10498731956392238,0.00038730188025049017
6.352,-0.9752223194521541,-0.38722306227251113,89.93361513388498,5,-0.975,-0.17500000000000004,0.10498727341026443,0.0003887115635131666
6.36,-0.9752212753141606,-0.3863218828773984,89.93361513388498,5,-0.975,-0.17500000000000004,0.10498721913788304,0.0003903692190724284
6.368,-0.9752203803387375,-0.3855494433958731,89.93361513388498,5,-0.975,-0.17500000000000004,0.10498717224892645,0.0003918013607542292
6.376,-0.975219336200744,-0.38464826400076035,89.93361513388498,5,-0.975,-0.17500000000000004,0.10498711710844431,0.0003934855309419838
6.384,-0.9752182920627505,-0.38374708460564755,89.93361513388491,5,-0.975,-0.17500000000000004,0.10498706149186943,0.00039518424255535756
6.392,-0.9752173970873274,-0.3829746451241223,89.93361513388498,5,-0.975,-0.17500000000000004,0.10498701343689759,0.0003966519981459804
6.4,-0.9752163529493338,-0.3820734657290095,89.93361513388491,5,-0.975,-0.17500000000000004,0.10498695691963929,0.00039837821956889563
6.408,-0.9752154579739107,-0.3813010262474843,89.93361513388498,5,-0.975,-0.17500000000000004,0.10498690808327803,0.00039986984134177117
6.416,-0.9752144138359172,-0.3803998468523715,89.93361513388491,5,-0.975,-0.17500000000000004,0.10498685064327859,0.00040162424628853444
6.424,-0.9752135188604941,-0.37962740737084627,89.93361513388498,5,-0.975,-0.17500000000000004,0.10498680100631325,0.0004031403211216533
6.432,-0.9752124747225006,-0.37872622797573346,89.93361513388491,5,-0.975,-0.17500000000000004,0.10498674262078882,0.0004049236054858296
6.44,-0.9752115797470775,-0.37795378849420824,89.93361513388498,5,-0.975,-0.17500000000000004,0.10498669216336962,0.00040646473965577634
6.448,-0.975210535609084,-0.37705260909909544,89.93361513388491,5,-0.975,-0.17500000000000004,0.10498663280877996,0.0004082776224334505
6.456,-0.9752096406336609,-0.3762801696175702,89.93361513388498,5,-0.975,-0.17500000000000004,0.10498658151039546,0.00040984444242675444
6.464,-0.9752085964956674,-0.3753789902224574,89.93361513388491,5,-0.975,-0.17500000000000004,0.10498652116241237,0.00041168766667942775
6.472,-0.9752077015202443,-0.3746065507409322,89.93361513388498,5,-0.975,-0.17500000000000004,0.10498646900186163,0.0004132808200419946
6.48,-0.9752066573822508,-0.3737053713458194,89.93361513388491,5,-0.975,-0.17500000000000004,0.10498640763533582,0.00041515515391310487
6.488,-0.9752057624068277,-0.37293293186429416,89.93361513388498,5,-0.975,-0.17500000000000004,0.10498635459069922,0.0004167753101416149
6.496,-0.9752047182688341,-0.37203175246918135,89.93361513388491,5,-0.975,-0.17500000000000004,0.10498629217962507,0.00041868154792512607
6.5040000000000004,-0.975203823293411,-0.37125931298765613,89.93361513388498,5,-0.975,-0.17500000000000004,0.10498623822823368,0.0004203293994027302
6.5120000000000005,-0.9752027791554175,-0.3703581335925433,89.93361513388491,5,-0.975,-0.17500000000000004,0.1049861747457128,0.00042226836266456846
6.5200000000000005,-0.9752018841799944,-0.3695856941110181,89.93361513388498,6,-0.975,-0.17500000000000004,0.10498611986411592,0.00042394462565253926
6.5280000000000005,-0.9752008400420009,-0.36868451471590535,89.93361513388498,6,-0.975,-0.17500000000000004,0.1049860552823185,0.00042591716440565364
6.5360000000000005,-0.9751999450665778,-0.3679120752343801,89.93361513388498,6,-0.975,-0.17500000000000004,0.1049859994462496,0.00042762258008166576
6.5440000000000005,-0.9751989009285843,-0.3670108958392673,89.93361513388498,6,-0.975,-0.17500000000000004,0.10498593373637326,0.00042962957404502067
6.5520000000000005,-0.975198967245884,-0.36617408584189515,90.07546626185635,6,-0.975,-0.17500000000000004,0.10472980466632882,-0.008252646843151523
6.5600000000000005,-0.9751990335631836,-0.36533727584452297,89.93361513388498,6,-0.975,-0.17500000000000004,0.10498705733732039,0.0003953111360349703
6.5680000000000005,-0.9751979894251901,-0.36443609644941016,89.93361513388491,6,-0.975,-0.17500000000000004,0.10498699576688791,0.00039719169787977293
6.5760000000000005,-0.975197094449767,-0.36366365696788494,89.93361513388498,6,-0.975,-0.17500000000000004,0.10498694252407233,0.0003988179071410247
6.5840000000000005,-0.9751960503117735,-0.36276247757277214,89.93361513388491,6,-0.975,-0.17500000000000004,0.10498687985377794,0.0004007320623563571
6.5920000000000005,-0.9751951553363504,-0.3619900380912469,89.93361513388498,6,-0.975,-0.17500000000000004,0.10498682565559558,0.00040238745163512224
6.6000000000000005,-0.9751941111983569,-0.3610888586961341,89.93361513388491,6,-0.975,-0.17500000000000004,0.10498676185570285,0.0004043361084685726
6.6080000000000005,-0.9751932162229338,-0.3603164192146089,89.93361513388498,6,-0.975,-0.17500000000000004,0.10498670667620705,0.000406021470261253
6.6160000000000005,-0.9751921720849402,-0.3594152398194961,89.93361513388491,6,-0.975,-0.17500000000000004,0.1049866417158977,0.00040800557000353344
6.6240000000000006,-0.9751912771095171,-0.35864280033797086,89.93361513388498,6,-0.975,-0.17500000000000004,0.10498658552819358,0.0004097217257664765
6.632000000000001,-0.9751902329715236,-0.35774162094285805,89.93361513388491,6,-0.975,-0.17500000000000004,0.10498651937551809,0.0004117422442598828
6.640000000000001,-0.9751893379961005,-0.35696918146133283,89.93361513388498,6,-0.975,-0.17500000000000004,0.10498646215171895,0.00041349004574453563
6.648000000000001,-0.975188293858107,-0.35606800206622,89.93361513388491,6,-0.975,-0.17500000000000004,0.10498639477354405,0.00041554799498777495
6.656000000000001,-0.9751873988826839,-0.3552955625846948,89.93361513388498,6,-0.975,-0.17500000000000004,0.10498633648472512,0.00041732832565044564
6.664,-0.9751863547446904,-0.354394383189582,89.93361513388491,6,-0.975,-0.17500000000000004,0.10498626784667846,0.0004194247554866193
6.672,-0.9751854597692673,-0.3536219437080568,89.93361513388498,6,-0.975,-0.17500000000000004,0.10498620846282826,0.0004212385319767309
6.68,-0.9751844156312738,-0.35272076431294397,89.93361513388491,6,-0.975,-0.17500000000000004,0.10498613852923995,0.00042337453188079355
6.688,-0.9751835206558507,-0.35194832483141875,89.93361513388498,6,-0.975,-0.17500000000000004,0.10498607801920867,0.00042522270561384806
6.696,-0.9751824765178572,-0.351047145436306,89.93361513388498,6,-0.975,-0.17500000000000004,0.10498600675304959,0.00042739940657643416
6.704,-0.9751815815424341,-0.3502747059547807,89.93361513388498,6,-0.975,-0.17500000000000004,0.10498594508449453,0.0004292829654048981
6.712,-0.9751805374044406,-0.34937352655966797,89.93361513388498,6,-0.975,-0.17500000000000004,0.10498587244731057,0.00043150154193893897
6.72,-0.9751796424290174,-0.3486010870781427,89.93361513388498,6,-0.975,-0.17500000000000004,0.10498580958663889,0.0004334215118977357
6.728,-0.9751785982910239,-0.34769990768302994,89.93361513388498,6,-0.975,-0.17500000000000004,0.10498573553848213,0.0004356831841437758
6.736,-0.9751786646083236,-0.34686309768565776,90.07546626185635,6,-0.975,-0.17500000000000004,0.10472994098019263,-0.008248483373107351
6.744,-0.9751787309256232,-0.3460262876882856,89.93361513388498,6,-0.975,-0.17500000000000004,0.10498698406839456,0.0003975490080264654
6.752,-0.9751776867876297,-0.3451251082931728,89.93361513388491,6,-0.975,-0.17500000000000004,0.10498691512095368,0.00039965488777093944
6.76,-0.9751767918122066,-0.34435266881164756,89.93361513388498,6,-0.975,-0.17500000000000004,0.10498685543911641,0.00040147776575782945
6.768,-0.9751757476742131,-0.34345148941653475,89.93361513388491,6,-0.975,-0.17500000000000004,0.10498678511852166,0.00040362558610074206
6.776,-0.97517485269879,-0.3426790499350095,89.93361513388498,6,-0.975,-0.17500000000000004,0.10498672424211843,0.0004054849500293445
6.784,-0.9751738085607965,-0.3417778705398967,89.93361513388491,6,-0.975,-0.17500000000000004,0.10498665250693591,0.00040767597649715714
6.792,-0.9751729135853734,-0.3410054310583715,89.93361513388498,6,-0.975,-0.17500000000000004,0.10498659039973954,0.0004095729328621456
6.8,-0.9751718694473799,-0.3401042516632587,89.93361513388491,6,-0.975,-0.17500000000000004,0.10498651720685148,0.00041180848241195717
6.808,-0.9751709744719568,-0.33933181218173347,89.93361513388498,6,-0.975,-0.17500000000000004,0.10498645383115496,0.0004137441829097366
6.816,-0.9751699303339633,-0.33843063278662067,89.93361513388491,6,-0.975,-0.17500000000000004,0.10498637913567331,0.00041602562656928305
6.824,-0.9751690353585402,-0.33765819330509544,89.93361513388498,6,-0.975,-0.17500000000000004,0.10498631445221349,0.0004180012704240177
6.832,-0.9751679912205466,-0.33675701390998264,89.93361513388491,6,-0.975,-0.17500000000000004,0.10498623820738802,0.0004203300360972051
6.84,-0.9751670962451235,-0.3359845744284574,89.93361513388498,6,-0.975,-0.17500000000000004,0.10498617217526442,0.0004223468725430557
6.848,-0.97516605210713,-0.3350833950333446,89.93361513388491,6,-0.975,-0.17500000000000004,0.10498609433238523,0.00042472444798957726
6.856,-0.9751651571317069,-0.3343109555518194,89.93361513388498,6,-0.975,-0.17500000000000004,0.10498602690897396,0.0004267837788990425
6.864,-0.9751641129937134,-0.33340977615670664,89.93361513388498,6,-0.975,-0.17500000000000004,0.10498594741726784,0.00042921171489895826
6.872,-0.9751632180182903,-0.33263733667518136,89.93361513388498,6,-0.975,-0.17500000000000004,0.10498587855812955,0.0004313148975946257
6.88,-0.9751621738802968,-0.3317361572800686,89.93361513388498,6,-0.975,-0.17500000000000004,0.10498579736464901,0.00043379481133598574
6.888,-0.9751612789048737,-0.33096371779854333,89.93361513388498,6,-0.975,-0.17500000000000004,0.10498572702343173,0.0004359432615584913
6.896,-0.9751602347668802,-0.3300625384034306,89.93361513388498,6,-0.975,-0.17500000000000004,0.104985644072938,0.0004384768402138084
6.904,-0.9751593397914571,-0.32929009892190536,89.93361513388483,6,-0.975,-0.17500000000000004,0.10498557220127229,0.00044067203532371924
6.912,-0.9751582956534636,-0.32838891952679256,89.93361513388498,6,-0.975,-0.17500000000000004,0.1049854874361101,0.000443261039873577
6.92,-0.9751583619707632,-0.3275521095294204,90.07546626185635,6,-0.975,-0.17500000000000004,0.10473011180495835,-0.008243265827547086
6.928,-0.9751584282880629,-0.3267152995320482,89.93361513388498,6,-0.975,-0.17500000000000004,0.10498689214748864,0.0004003565723302849
6.936,-0.9751573841500694,-0.3258141201369354,89.93361513388491,6,-0.975,-0.17500000000000004,0.10498681382240825,0.0004027488757750719
6.944,-0.9751564891746463,-0.32504168065541017,89.93361513388498,6,-0.975,-0.17500000000000004,0.10498674593776851,0.00040482229410643283
6.952,-0.9751554450366527,-0.32414050126029736,89.93361513388491,6,-0.975,-0.050000000000000044,0.10493220675647538,0.002070626792693875
6.96,-0.9751545500612296,-0.32336806177877214,89.93361513388498,6,-0.975,-0.050000000000000044,0.10493201519714974,0.002076477639348373
6.968,-0.9751535059232361,-0.32246688238365934,89.93361513388491,6,-0.975,-0.050000000000000044,0.10493179033851438,0.0020833455555409053
6.976,-0.975152610947813,-0.3216944429021341,89.93361513388498,6,-0.975,-0.050000000000000044,0.10493159641530088,0.002089268603041261
6.984,-0.9751515668098195,-0.3207932635070213,89.93361513388491,6,-0.975,-0.050000000000000044,0.10493136877326734,0.002096221533293474
6.992,-0.9751506718343964,-0.3200208240254961,89.93361513388498,6,-0.975,-0.050000000000000044,0.10493117244213802,0.002102218126397215
7.0,-0.9751496276964029,-0.3191196446303833,89.93361513388491,6,-0.975,-0.050000000000000044,0.10493094196470333,0.0021092576590491245
7.008,-0.9751487327209798,-0.31834720514885806,89.93361513388498,6,-0.975,-0.050000000000000044,0.10493074318053006,0.002115329176117231
7.016,-0.9751476885829863,-0.31744602575374525,89.93361513388491,6,-0.975,-0.050000000000000044,0.10493050981438783,0.0021224569393202275
7.024,-0.9751467936075632,-0.31667358627222003,89.93361513388498,6,-0.975,-0.050000000000000044,0.10493030853090762,0.002128604793374067
7.032,-0.9751457494695697,-0.3157724068771073,89.93361513388498,6,-0.975,-0.050000000000000044,0.10493007222140684,0.0021358224563483574
7.04,-0.9751448544941466,-0.314999967395582,89.93361513388498,6,-0.975,-0.050000000000000044,0.10492986839118597,0.0021420480961693578
7.048,-0.975143810356153,-0.31409878800046925,89.93361513388498,6,-0.975,-0.050000000000000044,0.10492962908228803,0.0021493573705165803
7.056,-0.97514291538073,-0.313326348518944,89.93361513388498,6,-0.975,-0.050000000000000044,0.10492942265668508,0.0021556622817723308
7.064,-0.9751418712427364,-0.3124251691238312,89.93361513388498,6,-0.975,-0.050000000000000044,0.10492918029091988,0.0021630649228169263
7.072,-0.9751409762673133,-0.311652729642306,89.93361513388483,6,-0.975,-0.050000000000000044,0.10492897122004632,0.002169450629265768
7.08,-0.9751399321293198,-0.3107515502471932,89.93361513388498,6,-0.975,-0.050000000000000044,0.10492872573846644,0.002176948437453863
7.088,-0.9751399984466195,-0.309914740249821,90.07546626185635,6,-0.975,-0.050000000000000044,0.10478734477948108,-0.0064951840968172645
7.096,-0.9751400647639191,-0.30907793025244884,89.93361513388498,6,-0.975,-0.050000000000000044,0.1049291816585456,0.0021630231510665343
7.104,-0.9751401310812188,-0.30824112025507666,90.07546626185635,6,-0.975,-0.050000000000000044,0.10478688590941321,-0.006509199485482564
7.112,-0.9751401973985184,-0.3074043102577045,89.93361513388498,6,-0.975,-0.050000000000000044,0.1049296435073266,0.002148916782785504
7.12,-0.9751402637158181,-0.3065675002603323,90.07546626185635,6,-0.975,-0.050000000000000044,0.10478642105282049,-0.006523397722144385
7.128,-0.9751403300331177,-0.3057306902629601,89.93361513388498,6,-0.975,-0.050000000000000044,0.10493011140120988,0.0021346257773624533
7.136,-0.9751403963504174,-0.30489388026558795,90.07546626185635,6,-0.975,-0.050000000000000044,0.10478595009178135,-0.006537782408512549
7.144,-0.975140462667717,-0.30405707026821577,89.93361513388498,6,-0.975,-0.050000000000000044,0.10493058545966308,0.0021201464858660035
7.152,-0.9751394185297235,-0.303155890873103,89.93361513388498,6,-0.975,-0.050000000000000044,0.1049303383590251,0.0021276937453698075
7.16,-0.9751385235543004,-0.30238345139157774,89.93361513388498,6,-0.975,-0.050000000000000044,0.10493012515397443,0.0021342057230728795
7.168,-0.9751374794163069,-0.301482271996465,89.93361513388498,6,-0.975,-0.050000000000000044,0.10492987475938428,0.0021418535906204683
7.176,-0.9751365844408838,-0.3007098325149397,89.93361513388498,6,-0.975,-0.050000000000000044,0.10492965870272267,0.0021484526658237524
7.184,-0.9751355403028903,-0.29980865311982696,89.93361513388498,6,-0.975,-0.050000000000000044,0.10492940494787403,0.0021562031666264585
7.192,-0.9751346453274672,-0.2990362136383017,89.93361513388498,6,-0.975,-0.050000000000000044,0.10492918598200617,0.0021628910984780036
7.2,-0.9751336011894737,-0.29813503424318893,89.93361513388498,6,-0.975,-0.050000000000000044,0.104928928798801,0.00217074631247216
7.208,-0.9751327062140506,-0.29736259476166366,89.93361513388498,6,-0.975,-0.050000000000000044,0.10492870686457002,0.0021775249078156422
7.216,-0.9751316620760571,-0.2964614153665509,89.93361513388498,6,-0.975,-0.050000000000000044,0.10492844618305777,0.0021854869715192127
7.224,-0.975130767100634,-0.29568897588502563,89.93361513388498,6,-0.975,-0.050000000000000044,0.10492822121969202,0.002192358086519741
7.232,-0.9751297229626404,-0.2947877964899129,89.93361513388498,6,-0.975,-0.050000000000000044,0.10492795696800608,0.002200429194973652
7.24,-0.9751288279872173,-0.29401535700838766,89.93361513388483,6,-0.975,-0.050000000000000044,0.10492772891306322,0.002207394736822854
7.248,-0.9751277838492238,-0.29311417761327485,89.93361513388498,6,-0.975,-0.050000000000000044,0.10492746101735528,0.002215577145595282
7.256,-0.9751268888738007,-0.29234173813174963,89.93361513388483,6,-0.975,-0.050000000000000044,0.10492722980666558,0.0022226390742474678
7.264,-0.9751258447358072,-0.2914405587366368,89.93361513388498,6,-0.975,-0.050000000000000044,0.10492695819103574,0.00223093510156791
7.272,-0.9751249497603841,-0.2906681192551116,89.93361513388483,6,-0.975,-0.050000000000000044,0.10492672375864083,0.002238095431606024
7.28,-0.9751239056223906,-0.2897669398599988,89.93361513388498,6,-0.975,-0.050000000000000044,0.10492644834506704,0.0022465074605242386
7.288,-0.9751230106469675,-0.2889945003784736,89.93361513388483,6,-0.975,-0.050000000000000044,0.1049262106231575,0.0022537682630685563
7.296,-0.975121966508974,-0.28809332098336077,89.93361513388498,6,-0.975,-0.050000000000000044,0.10492593133142038,0.0022622987437448394
7.304,-0.9751220328262736,-0.2872565109859886,90.07546626185635,6,-0.975,-0.050000000000000044,0.10479012734215243,-0.006410195556365461
7.312,-0.9751220991435733,-0.2864197009886164,89.93361513388498,6,-0.975,-0.050000000000000044,0.10492641116477378,0.002247643067958771
7.32,-0.9751221654608729,-0.28558289099124423,90.07546626185635,6,-0.975,-0.050000000000000044,0.1047896441059957,-0.00642495516486452
7.328,-0.9751222317781726,-0.28474608099387205,89.93361513388498,6,-0.975,-0.050000000000000044,0.10492689784005987,0.002232778417230463
7.336,-0.9751222980954722,-0.2839092709964999,90.07546626185635,6,-0.975,-0.050000000000000044,0.10478915395473522,-0.006439925983189209
7.344,-0.9751223644127719,-0.2830724609991277,89.93361513388498,6,-0.975,-0.050000000000000044,0.10492739150466794,0.002217700289810831
7.352,-0.9751224307300715,-0.2822356510017555,90.07546626185635,6,-0.975,-0.050000000000000044,0.1047886567388687,-0.006455112577625987
7.36,-0.9751224970473712,-0.28139884100438334,89.93361513388498,6,-0.975,-0.050000000000000044,0.10492789231025122,0.0022024040537149685
7.368,-0.9751225633646708,-0.28056203100701116,90.07546626185635,6,-0.975,-0.050000000000000044,0.10478815230455306,-0.006470519647044925
7.376,-0.9751226296819705,-0.279725221009639,89.93361513388498,6,-0.975,-0.050000000000000044,0.10492840041288234,0.0021868849419752756
7.384,-0.9751226959992702,-0.2788884110122668,90.07546626185635,6,-0.975,-0.050000000000000044,0.10478764049344554,-0.006486152027749936
7.392,-0.9751227623165698,-0.2780516010148946,89.93361513388498,6,-0.975,-0.050000000000000044,0.10492891597321549,0.002171138047689425
7.4,-0.9751217181785763,-0.2771504216197819,89.93361513388498,6,-0.975,-0.050000000000000044,0.1049286339596956,0.0021797516604897815
7.408,-0.9751208232031532,-0.27637798213825665,89.93361513388483,6,-0.975,-0.050000000000000044,0.10492839044673413,0.0021871893406499865
7.416,-0.9751197790651597,-0.27547680274314384,89.93361513388498,6,-0.975,-0.050000000000000044,0.1049281042395366,0.002195931042045296
7.424,-0.9751188840897366,-0.2747043632616186,89.93361513388483,6,-0.975,-0.050000000000000044,0.10492785709191083,0.0022034797367093124
7.432,-0.9751178399517431,-0.2738031838665058,89.93361513388498,6,-0.975,-0.050000000000000044,0.10492756659679187,0.0022123524052112264
7.44,-0.97511694497632,-0.2730307443849806,89.93361513388483,6,-0.975,-0.050000000000000044,0.10492731573251397,0.002220014618554811
7.448,-0.9751159008383264,-0.2721295649898678,89.93361513388498,6,-0.975,-0.050000000000000044,0.10492702085238496,0.002229021219567251
7.456,-0.9751150058629033,-0.27135712550834257,89.93361513388483,6,-0.975,-0.050000000000000044,0.10492676618698253,0.002236799531653122
7.464,-0.9751139617249098,-0.27045594611322976,89.93361513388498,6,-0.975,-0.050000000000000044,0.10492646682180148,0.0022459431207845215
7.472,-0.9751130667494867,-0.26968350663170454,89.93361513388483,6,-0.975,-0.050000000000000044,0.10492620826822276,0.002253840190457268
7.48,-0.9751120226114932,-0.26878232723659173,89.93361513388498,6,-0.975,-0.050000000000000044,0.10492590431488114,0.0022631239169789152
7.488,-0.9751111276360701,-0.2680098877550665,89.93361513388483,6,-0.975,-0.050000000000000044,0.10492564178339572,0.0022711424848974593
7.496,-0.9751100834980766,-0.2671087083599537,89.93361513388498,6,-0.975,-0.050000000000000044,0.1049253331356001,0.0022805695953572735
7.5040000000000004,-0.9751091885226535,-0.2663362688784285,89.93361513388483,6,-0.975,-0.050000000000000044,0.10492506653369518,0.0022887124871648905
7.5120000000000005,-0.97510814438466,-0.2654350894833157,89.93361513388498,6,-0.975,-0.050000000000000044,0.10492475308184328,0.0022982863291737265
7.5200000000000005,-0.9751082107019596,-0.2645982794859435,90.07546626185635,6,-0.975,-0.050000000000000044,0.10479128494410854,-0.006374838616632128
7.5280000000000005,-0.9751082770192593,-0.2637614694885713,89.93361513388498,6,-0.975,-0.050000000000000044,0.10492527455148563,0.0022823589453091486
7.5360000000000005,-0.9751083433365589,-0.26292465949119914,90.07546626185635,6,-0.975,-0.050000000000000044,0.10479075938362876,-0.006390890948015482
7.5440000000000005,-0.9751084096538586,-0.26208784949382696,89.93361513388498,6,-0.975,-0.050000000000000044,0.10492580425113042,0.0022661801903248735
7.5520000000000005,-0.9751084759711582,-0.2612510394964548,90.07546626185635,6,-0.975,-0.050000000000000044,0.10479022549572711,-0.006407197626026262
7.5600000000000005,-0.9751085422884579,-0.26041422949908266,89.93361513388484,6,-0.975,-0.050000000000000044,0.10492634237715984,0.002249744066067816
7.5680000000000005,-0.9751086086057575,-0.2595774195017104,90.07546626185635,6,-0.975,-0.050000000000000044,0.10478968308090311,-0.00642376474405959
7.5760000000000005,-0.9751086749230572,-0.2587406095043383,89.93361513388484,6,-0.975,-0.050000000000000044,0.10492688913225516,0.0022330443819905677
7.5840000000000005,-0.9751087412403568,-0.25790379950696607,90.07546626185635,6,-0.975,-0.050000000000000044,0.10478913193323233,-0.006440598591719193
7.5920000000000005,-0.9751088075576565,-0.25706698950959395,89.93361513388484,6,-0.975,-0.050000000000000044,0.10492744472564934,0.0022160747474365694
7.6000000000000005,-0.9751088738749562,-0.2562301795122217,90.07546626185635,6,-0.975,-0.050000000000000044,0.10478857184010584,-0.006457705662775481
7.6080000000000005,-0.9751089401922558,-0.2553933695148496,89.93361513388484,6,-0.975,-0.050000000000000044,0.10492800937339539,0.002198828563442667
7.6160000000000005,-0.9751090065095555,-0.25455655951747735,90.07546626185635,6,-0.975,-0.050000000000000044,0.1047880025819567,-0.0064750926635192
7.6240000000000006,-0.9751090728268551,-0.25371974952010523,89.93361513388484,6,-0.975,-0.050000000000000044,0.10492858329864593,0.002181299014198168
7.632000000000001,-0.9751080286888616,-0.2528185701249924,89.933615133885,6,-0.975,-0.050000000000000044,0.10492826597420411,0.002190991137735243
7.640000000000001,-0.9751071337134385,-0.2520461306434672,89.93361513388484,6,-0.975,-0.050000000000000044,0.10492799172881583,0.0021993674864571044
7.648000000000001,-0.975106089575445,-0.2511449512483544,89.933615133885,6,-0.975,-0.050000000000000044,0.10492766911370643,0.0022092212042397197
7.656000000000001,-0.9751051946000219,-0.2503725117668292,89.93361513388484,6,-0.975,-0.050000000000000044,0.10492739027676427,0.0022177377939941456
7.664000000000001,-0.9751041504620284,-0.24947133237171634,89.933615133885,6,-0.975,-0.050000000000000044,0.10492706223756065,0.0022277571813069663
7.672000000000001,-0.9751032554866053,-0.24869889289019112,89.93361513388484,6,-0.975,-0.050000000000000044,0.10492677869278062,0.0022364175637867856
7.68,-0.9751022113486117,-0.2477977134950783,89.933615133885,6,-0.975,-0.050000000000000044,0.10492644509153162,0.002246606834108378
7.688,-0.9751013163731886,-0.24702527401355306,89.93361513388484,6,-0.975,-0.050000000000000044,0.10492615671866963,0.0022554146819598886
7.696,-0.9751002722351951,-0.24612409461844023,89.933615133885,6,-0.975,-0.050000000000000044,0.10492581741270611,0.002265778192871437
7.704,-0.975099377259772,-0.245351655136915,89.93361513388484,6,-0.975,-0.050000000000000044,0.10492552408738799,0.0022747373048873643
7.712,-0.9750983331217785,-0.24445047574180218,89.933615133885,7,-0.975,-0.050000000000000044,0.10492517892911933,0.00228527956428759
7.72,-0.9750974381463554,-0.24367803626027695,89.93361513388484,7,-0.975,-0.050000000000000044,0.1049248805226621,0.0022943938708658296
7.728,-0.9750963940083619,-0.2427768568651642,89.93361513388484,7,-0.975,-0.050000000000000044,0.10492452935936186,0.0023051195435185297
7.736,-0.9750954990329388,-0.24200441738363893,89.93361513388484,7,-0.975,-0.050000000000000044,0.10492422573858567,0.0023143931124068873
7.744,-0.9750944548949453,-0.24110323798852618,89.93361513388484,7,-0.975,-0.050000000000000044,0.10492386841216726,0.0023253070267915676
7.752,-0.9750945212122449,-0.24026642799115394,90.07546626185635,7,-0.975,-0.050000000000000044,0.10479214029110011,-0.006348713529444883
7.76,-0.9750945875295446,-0.23942961799378185,89.93361513388484,7,-0.975,-0.050000000000000044,0.10492444904743531,0.0023075725317256435
7.768,-0.9750946538468442,-0.2385928079964096,90.07546626185635,7,-0.975,-0.050000000000000044,0.10479155451446126,-0.006366605058746201
7.776,-0.9750947201641439,-0.23775599799903752,89.93361513388484,7,-0.975,-0.050000000000000044,0.10492504003403721,0.002289521873158673
7.784,-0.9750947864814435,-0.23691918800166528,90.07546626185635,7,-0.975,-0.050000000000000044,0.10479095824807852,-0.0063848169790423626
7.792,-0.9750948527987432,-0.2360823780042932,89.93361513388484,7,-0.975,-0.050000000000000044,0.10492564165127174,0.00227114652039484
7.8,-0.9750949191160428,-0.23524556800692095,90.07546626185635,7,-0.975,-0.050000000000000044,0.10479035120763996,-0.006403357974146817
7.808,-0.9750949854333425,-0.23440875800954886,89.93361513388484,7,-0.975,-0.050000000000000044,0.10492625418857687,0.002252437633054827
7.816,-0.9750950517506421,-0.23357194801217662,90.07546626185635,7,-0.975,-0.050000000000000044,0.10478973309846551,-0.006422237044550916
7.824,-0.9750951180679418,-0.23273513801480453,89.93361513388484,7,-0.975,-0.050000000000000044,0.10492687794599408,0.002233386046892716
7.832,-0.9750951843852415,-0.2318983280174323,90.07546626185635,7,-0.975,-0.050000000000000044,0.10478910361502985,-0.00644146352199404
7.84,-0.9750952507025411,-0.2310615180200602,89.93361513388484,7,-0.975,-0.050000000000000044,0.1049275132346584,0.0022139822588295166
7.848,-0.9750953170198408,-0.23022470802268796,90.07546626185635,7,-0.975,-0.050000000000000044,0.10478846244045882,-0.006461047084847404
7.856,-0.9750953833371404,-0.22938789802531587,89.93361513388484,7,-0.975,-0.050000000000000044,0.10492816037731605,0.002194216411144256
7.864,-0.9750943391991469,-0.22848671863020303,89.933615133885,7,-0.975,-0.050000000000000044,0.10492779765891148,0.002205295014374387
7.872,-0.9750934442237238,-0.2277142791486778,89.93361513388484,7,-0.975,-0.050000000000000044,0.10492748382951474,0.0022148803878342394
7.88,-0.9750924000857303,-0.22681309975356498,89.933615133885,7,-0.975,-0.050000000000000044,0.10492711422958545,0.0022261691752762935
7.888,-0.9750915051103072,-0.22604066027203976,89.93361513388484,7,-0.975,-0.050000000000000044,0.10492679441782676,0.00223593726958371
7.896,-0.9750904609723137,-0.225139480876927,89.93361513388484,7,-0.975,-0.050000000000000044,0.10492641773866271,0.0022474422799474425
7.904,-0.9750895659968906,-0.22436704139540173,89.93361513388484,7,-0.975,-0.050000000000000044,0.10492609177183955,0.0022573983700013844
7.912,-0.975088521858897,-0.22346586200028898,89.93361513388484,7,-0.975,-0.050000000000000044,0.10492570780808444,0.0022691258755374033
7.92,-0.975087626883474,-0.2226934225187637,89.93361513388484,7,-0.975,-0.050000000000000044,0.10492537550678144,0.002279275441267714
7.928,-0.9750865827454804,-0.22179224312365095,89.93361513388484,7,-0.975,-0.050000000000000044,0.1049249840450584,0.0022912319592025554
7.936,-0.9750856877700573,-0.22101980364212567,89.93361513388484,7,-0.975,-0.050000000000000044,0.10492464522281912,0.002301580695597605
7.944,-0.9750846436320638,-0.22011862424701292,89.93361513388484,7,-0.975,-0.050000000000000044,0.10492424604133566,0.0023137730001967505
7.952,-0.9750837486566407,-0.21934618476548765,89.93361513388484,7,-0.975,-0.050000000000000044,0.10492390050431338,0.0023243268279675706
7.96,-0.9750827045186472,-0.2184450053703749,89.93361513388484,7,-0.975,-0.050000000000000044,0.1049234933724423,0.0023367619633375414
7.968,-0.9750818095432241,-0.21767256588884962,89.93361513388484,7,-0.975,-0.050000000000000044,0.10492314091903016,0.002347527040216124
7.976,-0.9750807654052306,-0.21677138649373687,89.93361513388484,7,-0.975,-0.050000000000000044,0.10492272559686534,0.0023602123338728465
7.984,-0.9750808317225302,-0.21593457649636463,90.07546626185635,7,-0.975,-0.050000000000000044,0.10479324648607279,-0.006314926726670889
7.992,-0.9750808980398299,-0.21509776649899254,89.93361513388484,7,-0.975,-0.050000000000000044,0.10492338022037606,0.002340217996532723
8.0,-0.9750809643571295,-0.2142609565016203,90.07546626185635,7,-0.975,-0.050000000000000044,0.10479258520956204,-0.006335124268333603
8.008000000000001,-0.9750810306744292,-0.2134241465042482,89.93361513388484,7,-0.975,-0.050000000000000044,0.10492404825182815,0.0023198141369273895
8.016,-0.9750810969917288,-0.21258733650687597,90.07546626185635,7,-0.975,-0.050000000000000044,0.10479191031913396,-0.006355737623438994
8.024000000000001,-0.9750811633090285,-0.21175052650950388,89.93361513388484,7,-0.975,-0.050000000000000044,0.10492473010741421,0.0022989880431779634
8.032,-0.9750812296263281,-0.21091371651213164,90.07546626185635,7,-0.975,-0.050000000000000044,0.10479122139000481,-0.006376779766268048
8.040000000000001,-0.9750812959436278,-0.21007690651475955,89.93361513388484,7,-0.975,-0.050000000000000044,0.10492542622073213,0.0022777264717895873
8.048,-0.9750813622609275,-0.20924009651738731,90.07546626185635,7,-0.975,-0.050000000000000044,0.10479051797953272,-0.0063982642165472114
8.056000000000001,-0.9750814285782271,-0.20840328652001522,89.93361513388484,7,-0.975,-0.050000000000000044,0.10492613704370465,0.002256015619568119
8.064,-0.9750814948955268,-0.20756647652264312,90.07546626185635,7,-0.975,-0.050000000000000044,0.10478979962626951,-0.006420205068409124
8.072000000000001,-0.9750815612128264,-0.2067296665252709,89.93361513388484,7,-0.975,-0.050000000000000044,0.10492686304755774,0.002233841093735367
8.08,-0.9750816275301261,-0.2058928565278988,90.07546626185635,7,-0.975,-0.050000000000000044,0.10478906584895116,-0.0064426170212270595
8.088000000000001,-0.9750816938474257,-0.20505604653052656,89.93361513388484,7,-0.975,-0.050000000000000044,0.10492760472386228,0.002211187880113874
8.096,-0.9750806497094322,-0.2041548671354138,89.93361513388484,7,-0.975,-0.050000000000000044,0.10492718150555665,0.0022241143476678937
8.104000000000001,-0.9750797547340091,-0.20338242765388853,89.93361513388484,7,-0.975,-0.050000000000000044,0.10492681478879955,0.0022353150736268423
8.112,-0.9750787105960156,-0.20248124825877578,89.93361513388484,7,-0.975,-0.050000000000000044,0.1049263822566941,0.0022485260150081343
8.120000000000001,-0.9750778156205925,-0.2017088087772505,89.93361513388484,7,-0.975,-0.050000000000000044,0.1049260074249443,0.0022599745993139297
8.128,-0.975076771482599,-0.20080762938213775,89.93361513388484,7,-0.975,-0.050000000000000044,0.10492556526816628,0.0022734795095905595
8.136000000000001,-0.9750758765071759,-0.20003518990061248,89.93361513388484,7,-0.975,-0.050000000000000044,0.10492518204905012,0.002285184271424323
8.144,-0.9750748323691824,-0.19913401050549973,89.93361513388484,7,-0.975,0.07499999999999996,0.1048985111643699,0.0030998000875804843
8.152000000000001,-0.9750739373937592,-0.19836157102397445,89.93361513388484,7,-0.975,0.07499999999999996,0.104898224386595,0.003108559216269624
8.16,-0.9750728932557657,-0.1974603916288617,89.93361513388484,7,-0.975,0.07499999999999996,0.10489788775736461,0.003118840971019776
8.168000000000001,-0.9750719982803426,-0.19668795214733642,89.93361513388484,7,-0.975,0.07499999999999996,0.10489759744059911,0.0031277081920256795
8.176,-0.9750709541423491,-0.19578677275222367,89.93361513388484,7,-0.975,0.07499999999999996,0.10489725664432577,0.0031381172218600817
8.184000000000001,-0.975070059166926,-0.1950143332706984,89.93361513388484,7,-0.975,0.07499999999999996,0.10489696272265354,0.003147094548475615
8.192,-0.9750690150289325,-0.19411315387558564,89.93361513388484,7,-0.975,0.07499999999999996,0.1048966176814815,0.0031576332313637545
8.2,-0.9750681200535094,-0.19334071439406036,89.93361513388484,7,-0.975,0.07499999999999996,0.1048963200873393,0.003166722727190985
8.208,-0.9750670759155159,-0.19243953499894761,89.93361513388484,7,-0.975,0.07499999999999996,0.10489597072146115,0.003177393500710224
8.216,-0.9750671422328155,-0.19160272500157538,90.07546626185635,7,-0.975,0.07499999999999996,0.10482020830775433,-0.005491424745483696
8.224,-0.9750672085501152,-0.19076591500420328,89.93361513388484,7,-0.975,0.07499999999999996,0.10489620889873254,0.0031701187899290106
8.232,-0.9750672748674148,-0.1899291050068312,90.07546626185635,7,-0.975,0.07499999999999996,0.1048199686282221,-0.005498745340210998
8.24,-0.9750673411847145,-0.18909229500945895,89.93361513388484,7,-0.975,0.07499999999999996,0.10489645009478347,0.0031627518757738615
8.248,-0.9750674075020141,-0.18825548501208686,90.07546626185635,7,-0.975,0.07499999999999996,0.10481972590121359,-0.005506159014804446
8.256,-0.9750674738193138,-0.18741867501471463,89.93361513388484,7,-0.975,0.07499999999999996,0.10489669436737231,0.003155290994115156
8.264,-0.9750675401366135,-0.18658186501734253,90.07546626185635,7,-0.975,0.07499999999999996,0.10481948006823487,-0.0055136675558596915
8.272,-0.9750676064539131,-0.1857450550199703,89.93361513388484,7,-0.975,0.07499999999999996,0.10489694177574031,0.003147734335532948
8.28,-0.9750676727712128,-0.1849082450225982,90.07546626185635,7,-0.975,0.07499999999999996,0.10481923106928538,-0.005521272795989352
8.288,-0.9750677390885124,-0.18407143502522597,89.93361513388484,7,-0.975,0.07499999999999996,0.10489719238065949,0.0031400800438504683
8.296,-0.9750678054058121,-0.18323462502785387,90.07546626185635,7,-0.975,0.07499999999999996,0.10481897884280912,-0.005528976615314374
8.304,-0.9750678717231117,-0.18239781503048164,89.93361513388484,7,-0.975,0.07499999999999996,0.10489744624448255,0.0031323262146132347
8.312,-0.9750679380404114,-0.18156100503310954,90.07546626185635,7,-0.975,0.07499999999999996,0.10481872332564386,-0.00553678094301524
8.32,-0.975068004357711,-0.1807241950357373,89.93361513388484,7,-0.975,0.07499999999999996,0.10489770343119441,0.0031244708935129757
8.328,-0.9750680706750107,-0.1798873850383652,90.07546626185635,7,-0.975,0.07499999999999996,0.10481846445296852,-0.005544687758939126
8.336,-0.9750681369923103,-0.17905057504099298,89.93361513388484,7,-0.975,0.07499999999999996,0.10489796400646606,0.0031165120747439494
8.344,-0.97506820330961,-0.17821376504362088,90.07546626185635,7,-0.975,0.07499999999999996,0.10481820215824822,-0.005552699095279334
8.352,-0.9750682696269096,-0.17737695504624865,89.93361513388484,7,-0.975,0.07499999999999996,0.1048982280377105,0.003108447699292416
8.36,-0.9750672254889161,-0.1764757756511359,89.93361513388484,7,-0.975,0.07499999999999996,0.10489786333124365,0.0031195870244298263
8.368,-0.975066330513493,-0.17570333616961062,89.93361513388484,7,-0.975,0.07499999999999996,0.104897548638841,0.003129198756905094
8.376,-0.9750652863754995,-0.17480215677449787,89.93361513388484,7,-0.975,0.07499999999999996,0.10489717903794012,0.0031404875740228544
8.384,-0.9750643914000764,-0.1740297172929726,89.93361513388484,7,-0.975,0.07499999999999996,0.10489686010808912,0.003150228731992777
8.392,-0.9750633472620829,-0.17312853789785984,89.93361513388484,7,-0.975,0.07499999999999996,0.10489648551356245,0.0031616700707306493
8.4,-0.9750624522866598,-0.17235609841633462,89.933615133885,7,-0.975,0.07499999999999996,0.10489616226009542,0.003171543286037526
8.408,-0.9750614081486663,-0.17145491902122179,89.93361513388484,7,-0.975,0.07499999999999996,0.10489578257005239,0.0031831402584666657
8.416,-0.9750605131732432,-0.17068247953969656,89.933615133885,7,-0.975,0.07499999999999996,0.1048954549044487,0.0031931482348187545
8.424,-0.9750594690352496,-0.16978130014458373,89.93361513388484,7,-0.975,0.07499999999999996,0.10489507001420838,0.0032049040382355893
8.432,-0.9750585740598265,-0.1690088606630585,89.933615133885,7,-0.975,0.07499999999999996,0.10489473784551472,0.003215049553644267
8.44,-0.975057529921833,-0.16810768126794567,89.93361513388484,7,-0.975,0.07499999999999996,0.1048943476475088,0.0032269674735361242
8.448,-0.9750575962391327,-0.16727087127057358,90.07546626185635,7,-0.975,0.07499999999999996,0.10482182506502548,-0.005442043704706467
8.456,-0.9750576625564323,-0.16643406127320134,89.93361513388484,7,-0.975,0.07499999999999996,0.10489459857727222,0.00321930326005071
8.464,-0.975057728873732,-0.16559725127582925,90.07546626185635,7,-0.975,0.07499999999999996,0.10482157239278264,-0.005449761139196596
8.472,-0.9750577951910316,-0.16476044127845701,89.93361513388484,7,-0.975,0.07499999999999996,0.10489485301020765,0.003211532048265187
8.48,-0.9750578615083313,-0.16392363128108492,90.07546626185635,7,-0.975,0.07499999999999996,0.10482131618068664,-0.00545758669234908
8.488,-0.9750579278256309,-0.16308682128371269,89.93361513388484,7,-0.975,0.07499999999999996,0.10489511102019129,0.0032036515817596145
8.496,-0.9750579941429306,-0.1622500112863406,90.07546626185635,7,-0.975,0.07499999999999996,0.10482105635382453,-0.0054655226522498665
8.504,-0.9750580604602302,-0.16141320128896836,89.93361513388484,7,-0.975,0.07499999999999996,0.10489537268319116,0.003195659540222495
8.512,-0.9750581267775299,-0.16057639129159626,90.07546626185635,7,-0.975,0.07499999999999996,0.10482079283515443,-0.0054735713720087675
8.52,-0.9750581930948296,-0.15973958129422403,89.93361513388484,7,-0.975,0.07499999999999996,0.10489563807734188,0.003187553537167487
8.528,-0.9750582594121292,-0.15890277129685193,90.07546626185635,7,-0.975,0.07499999999999996,0.1048205255454296,-0.005481735272080068
8.536,-0.9750583257294289,-0.1580659612994797,89.93361513388484,7,-0.975,0.07499999999999996,0.10489590728302235,0.0031793311175615235
8.544,-0.9750583920467285,-0.1572291513021076,90.07546626185635,7,-0.975,0.07499999999999996,0.10482025440311876,-0.005490016842695011
8.552,-0.9750584583640282,-0.15639234130473537,89.93361513388484,7,-0.975,0.07499999999999996,0.10489618038293691,0.0031709897553433564
8.56,-0.9750585246813278,-0.15555553130736327,90.07546626185635,7,-0.975,0.07499999999999996,0.10481997932432327,-0.005498418646391445
8.568,-0.9750585909986275,-0.1547187213099911,89.93361513388498,7,-0.975,0.07499999999999996,0.10489645746220039,0.0031625268508294058
8.576,-0.9750586573159271,-0.1538819113126189,90.07546626185635,7,-0.975,0.07499999999999996,0.10481970022269058,-0.005506943320658486
8.584,-0.9750587236332268,-0.15304510131524673,89.93361513388498,7,-0.975,0.07499999999999996,0.10489673860842534,0.003153939728045785
8.592,-0.9750587899505264,-0.15220829131787456,90.07546626185635,7,-0.975,0.07499999999999996,0.10481941700932382,-0.0055155935806954215
8.6,-0.9750588562678261,-0.15137148132050238,89.93361513388498,7,-0.975,0.07499999999999996,0.10489702391181618,0.0031452256318551526
8.608,-0.9750589225851257,-0.1505346713231302,90.07546626185635,7,-0.975,0.07499999999999996,0.10481912959268751,-0.005524372222295737
8.616,-0.9750589889024254,-0.14969786132575802,89.93361513388498,7,-0.975,0.07499999999999996,0.10489731346526458,0.003136381725043935
8.624,-0.9750579447644319,-0.14879668193064519,89.93361513388483,7,-0.975,0.07499999999999996,0.10489689996925043,0.0031490112421027616
8.632,-0.9750570497890088,-0.14802424244911996,89.93361513388498,7,-0.975,0.07499999999999996,0.10489654288441759,0.0031599177776761023
8.64,-0.9750560056510152,-0.14712306305400713,89.93361513388483,7,-0.975,0.07499999999999996,0.10489612314651837,0.00317273794226558
8.648,-0.9750551106755921,-0.1463506235724819,89.93361513388498,7,-0.975,0.07499999999999996,0.10489576065093617,0.0031838097397740572
8.656,-0.9750540665375986,-0.14544944417736907,89.93361513388483,7,-0.975,0.07499999999999996,0.10489533452874193,0.0031968249015584815
8.664,-0.9750531715621755,-0.14467700469584385,89.93361513388498,7,-0.975,0.07499999999999996,0.10489496649849199,0.0032080657458728457
8.672,-0.975052127424182,-0.14377582530073102,89.93361513388483,7,-0.975,0.07499999999999996,0.10489453384522746,0.0032212803878477474
8.68,-0.9750512324487589,-0.1430033858192058,89.93361513388498,7,-0.975,0.07499999999999996,0.1048941601525783,0.003232694180304918
8.688,-0.9750501883107654,-0.14210220642409296,89.93361513388483,7,-0.975,0.07499999999999996,0.10489372081693439,0.003246112923943389
8.696,-0.975050254628065,-0.14126539642672087,90.07546626185633,7,-0.975,0.07499999999999996,0.10482243928624975,-0.005423283384982658
8.704,-0.9750503209453647,-0.14042858642934863,89.93361513388483,7,-0.975,0.07499999999999996,0.10489399716798337,0.003237672261475088
8.712,-0.9750503872626644,-0.13959177643197654,90.07546626185633,7,-0.975,0.07499999999999996,0.10482216078408477,-0.005431789749550275
8.72,-0.975050453579964,-0.1387549664346043,89.93361513388483,7,-0.975,0.07499999999999996,0.10489427784647902,0.003229099424669757
8.728,-0.9750505198972637,-0.1379181564372322,90.07546626185633,7,-0.975,0.07499999999999996,0.10482187790364818,-0.005440429840814165
8.736,-0.9750505862145633,-0.13708134643986003,89.93361513388497,7,-0.975,0.07499999999999996,0.10489456295487053,0.0032203912843953297
8.744,-0.975050652531863,-0.13624453644248785,90.07546626185633,7,-0.975,0.07499999999999996,0.10482159054087727,-0.005449206837188969
8.752,-0.9750507188491626,-0.13540772644511567,89.93361513388497,7,-0.975,0.07499999999999996,0.10489485259886577,0.003211544611987805
8.76,-0.9750507851664623,-0.1345709164477435,90.07546626185633,7,-0.975,0.07499999999999996,0.10482129858838514,-0.0054581240186216675
8.768,-0.9750508514837619,-0.13373410645037132,89.93361513388497,7,-0.975,0.07499999999999996,0.10489514688756384,0.0032025560752061426
8.776,-0.9750509178010616,-0.13289729645299914,90.07546626185633,7,-0.975,0.07499999999999996,0.10482100193532691,-0.005467184770675537
8.784,-0.9750509841183612,-0.13206048645562696,89.93361513388497,7,-0.975,0.07499999999999996,0.10489544593359071,0.003193422234083809
8.792,-0.9750510504356609,-0.13122367645825478,90.07546626185633,7,-0.975,0.07499999999999996,0.10482070046725946,-0.005476392588816936
8.8,-0.9750511167529605,-0.1303868664608826,89.93361513388497,7,-0.975,0.07499999999999996,0.10489574985324343,0.0031841395365316267
8.808,-0.9750511830702602,-0.12955005646351042,90.07546626185633,7,-0.975,0.07499999999999996,0.10482039406599426,-0.005485751082909607
8.816,-0.9750512493875598,-0.12871324646613824,89.93361513388497,7,-0.975,0.07499999999999996,0.10489605876664079,0.0031747043137284603
8.824,-0.9750513157048595,-0.12787643646876606,90.07546626185633,7,-0.975,0.07499999999999996,0.10482008260944266,-0.0054952639819390026
8.832,-0.9750513820221591,-0.12703962647139388,89.93361513388497,7,-0.975,0.07499999999999996,0.10489637279788164,0.00316511277529119
8.84,-0.9750514483394588,-0.1262028164740217,90.07546626185633,7,-0.975,0.07499999999999996,0.10481976597145398,-0.005504935138957334
8.848,-0.9750515146567584,-0.12536600647664953,89.93361513388497,7,-0.975,0.07499999999999996,0.10489669207521117,0.003155361004193668
8.856,-0.9750515809740581,-0.12452919647927735,90.07546626185633,7,-0.975,0.07499999999999996,0.10481944402164495,-0.0055147685362967325
8.864,-0.9750516472913577,-0.12369238648190517,89.93361513388497,7,-0.975,0.07499999999999996,0.10489701673119546,0.0031454449514346505
8.872,-0.9750506031533642,-0.12279120708679234,89.93361513388481,7,-0.975,0.07499999999999996,0.10489654751697668,0.003159776284210603
8.88,-0.9750497081779411,-0.12201876760526713,89.93361513388497,7,-0.975,0.07499999999999996,0.10489614191692395,0.0031721646328518593
8.888,-0.9750486640399476,-0.1211175882101543,89.93361513388481,7,-0.975,0.07499999999999996,0.10489566467868884,0.0031867410452599554
8.896,-0.9750477690645245,-0.12034514872862909,89.93361513388497,7,-0.975,0.07499999999999996,0.1048952521127126,0.0031993421559275426
8.904,-0.975046724926531,-0.11944396933351634,89.93361513388497,8,-0.975,0.07499999999999996,0.10489476664285971,0.003214169988793869
8.912,-0.9750458299511079,-0.11867152985199106,89.93361513388497,8,-0.975,0.07499999999999996,0.10489434692995325,0.0032269893900225277
8.92,-0.9750447858131144,-0.11777035045687831,89.93361513388497,8,-0.975,0.07499999999999996,0.10489385301365661,0.0032420752048326618
8.928,-0.9750438908376913,-0.11699791097535303,89.93361513388497,8,-0.975,0.07499999999999996,0.10489342596648796,0.0032551186183527037
8.936,-0.9750428466996978,-0.11609673158024028,89.93361513388497,8,-0.975,0.07499999999999996,0.10489292338138113,0.0032704692069024377
8.944,-0.9750429130169974,-0.1152599215828681,90.07546626185633,8,-0.975,0.07499999999999996,0.10482322141582462,-0.005399394596529938
8.952,-0.9750429793342971,-0.11442311158549592,89.93361513388497,8,-0.975,0.07499999999999996,0.10489323062642347,0.0032610849411036646
8.96,-0.9750430456515967,-0.11358630158812374,90.07546626185633,8,-0.975,0.07499999999999996,0.1048229114501149,-0.005408861960385369
8.968,-0.9750431119688964,-0.11274949159075157,89.93361513388497,8,-0.975,0.07499999999999996,0.1048935433490989,0.0032515333705231964
8.976,-0.975043178286196,-0.11191268159337939,90.07546626185633,8,-0.975,0.07499999999999996,0.10482259593352689,-0.005418498866169741
8.984,-0.9750432446034957,-0.11107587159600721,89.93361513388497,8,-0.975,0.07499999999999996,0.10489386169720955,0.003241809980801036
8.992,-0.9750433109207953,-0.11023906159863503,90.07546626185633,8,-0.975,0.07499999999999996,0.1048222747156054,-0.005428309909275564
9.0,-0.975043377238095,-0.10940225160126285,89.93361513388497,8,-0.975,0.07499999999999996,0.10489418582392347,0.0032319100936858414
9.008000000000001,-0.9750434435553946,-0.10856544160389067,90.07546626185633,8,-0.975,0.07499999999999996,0.10482194764040827,-0.005438299852685957
9.016,-0.9750435098726943,-0.1077286316065185,89.93361513388497,8,-0.975,0.07499999999999996,0.10489451588802007,0.0032218288595361466
9.024000000000001,-0.9750435761899939,-0.10689182160914631,90.07546626185633,8,-0.975,0.07499999999999996,0.10482161454625388,-0.005448473634684037
9.032,-0.9750436425072936,-0.10605501161177414,89.93361513388497,8,-0.975,0.07499999999999996,0.10489485205414971,0.0032115612493933687
9.040000000000001,-0.9750437088245932,-0.10521820161440196,90.07546626185633,8,-0.975,0.07499999999999996,0.10482127526545475,-0.005458836376992849
9.048,-0.9750437751418929,-0.10438139161702978,89.93361513388497,8,-0.975,0.07499999999999996,0.10489519449310737,0.0032011020466211626
9.056000000000001,-0.9750438414591925,-0.1035445816196576,90.07546626185633,8,-0.975,0.07499999999999996,0.10482092962403601,-0.005469393393372268
9.064,-0.9750439077764922,-0.10270777162228542,89.93361513388497,8,-0.975,0.07499999999999996,0.1048955433821222,0.0031904458380637157
9.072000000000001,-0.9750439740937918,-0.10187096162491324,90.07546626185633,8,-0.975,0.07499999999999996,0.10482057744143791,-0.005480150198706291
9.08,-0.9750440404110915,-0.10103415162754106,89.93361513388497,8,-0.975,0.07499999999999996,0.10489589890516321,0.0031795870047074404
9.088000000000001,-0.9750441067283911,-0.10019734163016888,90.07546626185633,8,-0.975,0.07499999999999996,0.10482021853020129,-0.005491112518608676
9.096,-0.9750441730456908,-0.0993605316327967,89.93361513388497,8,-0.975,0.07499999999999996,0.10489626125326276,0.0031685197118002106
9.104000000000001,-0.9750442393629905,-0.09852372163542453,90.07546626185633,8,-0.975,0.07499999999999996,0.10481985269563492,-0.005502286299585046
9.112,-0.9750443056802901,-0.09768691163805235,89.93361513388497,8,-0.975,0.07499999999999996,0.10489663062485896,0.003157237898395504
9.120000000000001,-0.9750443719975898,-0.09685010164068017,90.07546626185633,8,-0.975,0.07499999999999996,0.10481947973546334,-0.005513677719787946
9.128,-0.9750444383148894,-0.09601329164330799,89.93361513388497,8,-0.975,0.07499999999999996,0.10489700722615794,0.003145735266284922
9.136000000000001,-0.9750433941768959,-0.09511211224819524,89.93361513388497,8,-0.975,0.07499999999999996,0.10489646161531822,0.00316240000106327
9.144,-0.9750424992014728,-0.09433967276666996,89.93361513388497,8,-0.975,0.07499999999999996,0.10489598932683934,0.0031768252317709855
9.152000000000001,-0.9750414550634793,-0.09343849337155721,89.93361513388497,8,-0.975,0.07499999999999996,0.10489543284879892,0.0031938218863070134
9.16,-0.9750405600880562,-0.09266605389003194,89.93361513388497,8,-0.975,0.07499999999999996,0.1048949511064615,0.003208535868691631
9.168000000000001,-0.9750395159500627,-0.09176487449491919,89.93361513388497,8,-0.975,0.07499999999999996,0.10489438343328544,0.0032258744591870943
9.176,-0.9750386209746396,-0.09099243501339391,89.93361513388497,8,-0.975,0.07499999999999996,0.10489389195036314,0.003240885950807182
9.184000000000001,-0.975037576836646,-0.09009125561828116,89.93361513388497,8,-0.975,0.07499999999999996,0.10489331274078802,0.00325857690056075
9.192,-0.9750366818612229,-0.08931881613675588,89.93361513388497,8,-0.975,0.07499999999999996,0.1048928112188413,0.0032738950167332526
9.200000000000001,-0.9750356377232294,-0.08841763674164313,89.93361513388497,8,-0.975,0.07499999999999996,0.10489222011759088,0.003291949177039788
9.208,-0.9750357040405291,-0.08758082674427095,90.07546626185633,8,-0.975,0.07499999999999996,0.10482390226041335,-0.00537859938193641
9.216000000000001,-0.9750357703578287,-0.08674401674689877,89.93361513388497,8,-0.975,0.07499999999999996,0.10489257266426866,0.003281181251524989
9.224,-0.9750358366751284,-0.0859072067495266,90.07546626185633,8,-0.975,0.07499999999999996,0.10482354605628176,-0.005389479018021115
9.232,-0.975035902992428,-0.08507039675215441,89.93361513388497,8,-0.975,0.07499999999999996,0.10489293258306696,0.00327018815740221
9.24,-0.9750359693097277,-0.08423358675478224,90.07546626185633,8,-0.975,0.07499999999999996,0.10482318236440429,-0.005400587354289167
9.248,-0.9750360356270273,-0.08339677675741006,89.93361513388497,8,-0.975,0.07499999999999996,0.10489330010766722,0.003258962757278216
9.256,-0.975036101944327,-0.08255996676003788,90.07546626185633,8,-0.975,0.07499999999999996,0.10482281094617388,-0.005411931678578785
9.264,-0.9750361682616266,-0.0817231567626657,89.93361513388497,8,-0.975,0.07499999999999996,0.10489367548173256,0.003247497608886096
9.272,-0.9750362345789263,-0.08088634676529352,90.07546626185633,8,-0.975,0.07499999999999996,0.10482243155273661,-0.0054235195916998435
9.28,-0.975036300896226,-0.08004953676792134,89.93361513388497,8,-0.975,0.07499999999999996,0.10489405895944673,0.003235784948625864
9.288,-0.9750363672135256,-0.07921272677054916,90.07546626185633,8,-0.975,0.07499999999999996,0.10482204392443559,-0.005435359024421715
9.296,-0.9750364335308253,-0.07837591677317698,89.93361513388497,8,-0.975,0.07499999999999996,0.10489445080608786,0.003223816674037261
9.304,-0.9750364998481249,-0.0775391067758048,90.07546626185633,8,-0.975,0.07499999999999996,0.10482164779021841,-0.005447458255568582
9.312,-0.9750365661654246,-0.07670229677843263,89.93361513388497,8,-0.975,0.07499999999999996,0.10489485129864057,0.00321158432510682
9.32,-0.9750366324827242,-0.07586548678106045,90.07546626185633,8,-0.975,0.07499999999999996,0.10482124286700502,-0.005459825931328654
9.328,-0.9750366988000239,-0.07502867678368827,89.93361513388497,8,-0.975,0.07499999999999996,0.10489526072644893,0.0031990790643229294
9.336,-0.9750367651173235,-0.07419186678631609,90.07546626185633,8,-0.975,0.17500000000000004,0.10483216093701843,-0.00512635245935833
9.344,-0.9750368314346232,-0.07335505678894391,89.93361513388497,8,-0.975,0.17500000000000004,0.10488422437104399,0.0035361653579870644
9.352,-0.9750368977519228,-0.07251824679157173,90.07546626185633,8,-0.975,0.17500000000000004,0.1048319852169352,-0.00513171952388336
9.36,-0.9750369640692225,-0.07168143679419955,89.93361513388497,8,-0.975,0.17500000000000004,0.10488440128129857,0.0035307619417468405
9.368,-0.9750370303865221,-0.07084462679682738,90.07546626185633,8,-0.975,0.17500000000000004,0.1048318071043764,-0.005137159662416346
9.376,-0.9750370967038218,-0.0700078167994552,89.93361513388497,8,-0.975,0.17500000000000004,0.10488458060845995,0.0035252847052889003
9.384,-0.9750371630211214,-0.06917100680208302,90.07546626185633,8,-0.975,0.17500000000000004,0.10483162655014579,-0.005142674377570766
9.392,-0.9750372293384211,-0.06833419680471084,89.93361513388497,8,-0.975,0.17500000000000004,0.10488476240239764,0.0035197321254369918
9.4,-0.9750361852004276,-0.06743301740959809,89.93361513388497,8,-0.975,0.17500000000000004,0.10488433403747995,0.0035328157873104615
9.408,-0.9750352902250045,-0.06666057792807281,89.93361513388497,8,-0.975,0.17500000000000004,0.10488396432471697,0.0035441080210614206
9.416,-0.975034246087011,-0.06575939853296006,89.93361513388497,8,-0.975,0.17500000000000004,0.10488352999479442,0.0035573738736415237
9.424,-0.9750333511115878,-0.06498695905143478,89.93361513388497,8,-0.975,0.17500000000000004,0.1048831551157809,0.003568823901535789
9.432,-0.9750323069735943,-0.06408577965632203,89.93361513388497,8,-0.975,0.17500000000000004,0.10488271469538576,0.003582275777015087
9.44,-0.9750314119981712,-0.06331334017479676,89.93361513388497,8,-0.975,0.17500000000000004,0.10488233454107283,0.0035938869297611475
9.448,-0.9750303678601777,-0.062412160779684,89.93361513388497,8,-0.975,0.17500000000000004,0.10488188790119382,0.0036075287685651825
9.456,-0.9750304341774774,-0.06157535078231183,90.07546626185633,8,-0.975,0.17500000000000004,0.1048343258736054,-0.005060228234163965
9.464,-0.975030500494777,-0.060738540784939656,89.93361513388497,8,-0.975,0.17500000000000004,0.10488205643584762,0.00360238117049283
9.472,-0.9750305668120767,-0.059901730787567484,90.07546626185633,8,-0.975,0.17500000000000004,0.10483415614030521,-0.005065412442806672
9.48,-0.9750306331293763,-0.05906492079019531,89.93361513388497,8,-0.975,0.17500000000000004,0.10488222738062732,0.0035971599593148653
9.488,-0.975030699446676,-0.05822811079282314,90.07546626185633,8,-0.975,0.17500000000000004,0.10483398397102904,-0.005070671054101305
9.496,-0.9750307657639756,-0.05739130079545097,89.93361513388497,8,-0.975,0.17500000000000004,0.10488240078760412,0.0035918635446053893
9.504,-0.9750308320812753,-0.056554490798078796,90.07546626185633,8,-0.975,0.17500000000000004,0.10483380931295697,-0.005076005681341589
9.512,-0.9750308983985749,-0.055717680800706625,89.93361513388497,8,-0.975,0.17500000000000004,0.10488257671036012,0.003586490289792521
9.52,-0.9750309647158746,-0.05488087080333445,90.07546626185633,8,-0.975,0.17500000000000004,0.10483363211173084,-0.005081417984801884
9.528,-0.9750310310331742,-0.05404406080596228,89.93361513388497,8,-0.975,0.17500000000000004,0.10488275520404361,0.0035810385104688702
9.536,-0.9750310973504739,-0.05320725080859011,90.07546626185633,8,-0.975,0.17500000000000004,0.10483345231139794,-0.0050869096734609265
9.544,-0.9750311636677735,-0.05237044081121794,89.93361513388497,8,-0.975,0.17500000000000004,0.10488293632542653,0.003575506472632828
9.552,-0.9750312299850732,-0.051533630813845765,90.07546626185633,8,-0.975,0.17500000000000004,0.10483326985435204,-0.005092482506801721
9.56,-0.9750312963023728,-0.050696820816473594,89.93361513388497,8,-0.975,0.17500000000000004,0.10488312013296476,0.0035698923908513702
9.568,-0.9750313626196725,-0.04986001081910142,90.07546626185633,8,-0.975,0.17500000000000004,0.1048330846812718,-0.005098138296689925
9.576,-0.9750314289369721,-0.04902320082172925,89.93361513388497,8,-0.975,0.17500000000000004,0.10488330668686109,0.0035641944263358205
9.584,-0.9750314952542718,-0.04818639082435708,90.07546626185633,8,-0.975,0.17500000000000004,0.10483289673105665,-0.005103878909336945
9.592,-0.9750315615715714,-0.047349580826984906,89.93361513388497,8,-0.975,0.17500000000000004,0.10488349604913075,0.003558410684937563
9.6,-0.9750316278888711,-0.046512770829612735,90.07546626185633,8,-0.975,0.17500000000000004,0.10483270594075941,-0.005109706267355518
9.608,-0.9750316942061708,-0.04567596083224056,89.93361513388497,8,-0.975,0.17500000000000004,0.10488368828367045,0.0035525392150435042
9.616,-0.9750317605234704,-0.04483915083486839,90.07546626185633,8,-0.975,0.17500000000000004,0.10483251224551601,-0.005115622351905436
9.624,-0.97503182684077,-0.04400234083749629,89.93361513388483,8,-0.975,0.17500000000000004,0.10488388345632961,0.0035465780053969276
9.632,-0.9750318931580697,-0.04316553084012404,90.07546626185633,8,-0.975,0.17500000000000004,0.10483231557847209,-0.005121629204937195
9.64,-0.9750319594753694,-0.04232872084275194,89.93361513388483,8,-0.975,0.17500000000000004,0.10488408163498716,0.0035405249827543672
9.648,-0.975032025792669,-0.04149191084537969,90.07546626185633,8,-0.975,0.17500000000000004,0.1048321158707059,-0.005127728931545227
9.656,-0.9750320921099687,-0.04065510084800759,89.93361513388483,8,-0.975,0.17500000000000004,0.10488428288962807,0.0035343780095463684
9.664,-0.9750310479719752,-0.03975392145289476,89.93361513388498,8,-0.975,0.17500000000000004,0.10488379730163076,0.0035492094509288474
9.672,-0.975030152996552,-0.03898148197136955,89.93361513388483,8,-0.975,0.17500000000000004,0.10488337782796742,0.003562021544892713
9.68,-0.9750291088585585,-0.038080302576256726,89.93361513388498,8,-0.975,0.17500000000000004,0.10488288459819196,0.003577086391105988
9.688,-0.9750282138831354,-0.03730786309473152,89.93361513388483,8,-0.975,0.17500000000000004,0.10488245849713673,0.0035901009072361045
9.696,-0.9750271697451419,-0.03640668369961869,89.93361513388498,8,-0.975,0.17500000000000004,0.10488195744376334,0.003605404711650495
9.704,-0.9750262747697188,-0.03563424421809348,89.93361513388483,8,-0.975,0.17500000000000004,0.10488152455700403,0.003618626485317411
9.712,-0.9750252306317253,-0.03473306482298066,89.93361513388498,8,-0.975,0.17500000000000004,0.10488101549239877,0.003634174978884963
9.72,-0.975025296949025,-0.033896254825608485,90.07546626185635,8,-0.975,0.17500000000000004,0.10483519065108704,-0.005033815109048545
9.728,-0.9750253632663246,-0.03305944482823631,89.93361513388498,8,-0.975,0.17500000000000004,0.10488119943037222,0.0036285569131867534
9.736,-0.9750254295836243,-0.03222263483086414,90.07546626185635,8,-0.975,0.17500000000000004,0.10483500523052616,-0.005039478457802726
9.744,-0.9750254959009239,-0.03138582483349197,89.93361513388498,8,-0.975,0.17500000000000004,0.10488138635151817,0.0036228477316692107
9.752,-0.9750255622182236,-0.030549014836119794,90.07546626185635,8,-0.975,0.17500000000000004,0.10483481679050492,-0.005045234030725987
9.76,-0.9750256285355232,-0.02971220483874762,89.93361513388498,8,-0.975,0.17500000000000004,0.10488157632900327,0.003617045199584945
9.768,-0.9750256948528229,-0.028875394841375444,90.07546626185635,8,-0.975,0.17500000000000004,0.1048346252566628,-0.005051084099030656
9.776,-0.9750257611701225,-0.02803858484400327,89.93361513388498,8,-0.975,0.17500000000000004,0.10488176943840646,0.003611147008505955
9.784,-0.9750258274874222,-0.027201774846631093,90.07546626185635,8,-0.975,0.17500000000000004,0.10483443055217728,-0.005057031009126689
9.792,-0.9750258938047218,-0.02636496484925899,89.93361513388484,8,-0.975,0.17500000000000004,0.1048819657578191,0.003605150773267841
9.8,-0.9750259601220215,-0.025528154851886743,90.07546626185635,8,-0.975,0.17500000000000004,0.10483423259766125,-0.0050630771857559384
9.808,-0.9750260264393211,-0.02469134485451464,89.93361513388484,8,-0.975,0.17500000000000004,0.10488216536795136,0.003599054028718185
9.816,-0.9750260927566208,-0.023854534857142392,90.07546626185635,8,-0.975,0.17500000000000004,0.10483403131105501,-0.005069225135289623
9.824,-0.9750261590739204,-0.02301772485977029,89.93361513388484,8,-0.975,0.17500000000000004,0.1048823683522412,0.0035928542263903305
9.832,-0.9750262253912201,-0.02218091486239804,90.07546626185635,8,-0.975,0.17500000000000004,0.10483382660751275,-0.005075477449194454
9.84,-0.9750262917085197,-0.02134410486502594,89.93361513388484,8,-0.975,0.17500000000000004,0.1048825747969716,0.0035865487309191257
9.848,-0.9750263580258194,-0.02050729486765369,90.07546626185635,8,-0.975,0.17500000000000004,0.1048336183992836,-0.005081836807669715
9.856,-0.975026424343119,-0.01967048487028159,89.93361513388484,8,-0.975,0.17500000000000004,0.10488278479139289,0.0035801348163105873
9.864,-0.9750264906604187,-0.01883367487290934,90.07546626185635,8,-0.975,0.17500000000000004,0.10483340659558585,-0.00508830598348331
9.872,-0.9750265569777183,-0.017996864875537238,89.93361513388484,8,-0.975,0.17500000000000004,0.10488299842785104,0.0035736096620156976
9.88,-0.975026623295018,-0.01716005487816499,90.07546626185635,8,-0.975,0.17500000000000004,0.10483319110247516,-0.005094887846002871
9.888,-0.9750266896123176,-0.016323244880792887,89.93361513388484,8,-0.975,0.17500000000000004,0.1048832158019234,0.0035669703487912754
9.896,-0.9750267559296173,-0.015486434883420639,90.07546626185635,8,-0.975,0.17500000000000004,0.1048329718227057,-0.005101585365432815
9.904,-0.975026822246917,-0.014649624886048537,89.93361513388484,8,-0.975,0.17500000000000004,0.10488343701256103,0.0035602138543486817
9.912,-0.9750268885642166,-0.013812814888676288,90.07546626185635,8,-0.975,0.17500000000000004,0.10483274865558362,-0.005108401617292313
9.92,-0.9750269548815163,-0.012976004891304186,89.93361513388484,8,-0.975,0.17500000000000004,0.104883662162239,0.0035533370487654814
9.928,-0.9750259107435227,-0.012074825496191356,89.933615133885,8,-0.975,0.17500000000000004,0.10488310173774966,0.00357045424072433
9.936,-0.9750250157680996,-0.011302386014666148,89.93361513388484,8,-0.975,0.17500000000000004,0.10488261705862548,0.0035852579221563605
9.944,-0.9750239716301061,-0.010401206619553318,89.933615133885,8,-0.975,0.17500000000000004,0.10488204649524252,0.0036026847889983893
9.952,-0.975023076654683,-0.00962876713802811,89.93361513388484,8,-0.975,0.17500000000000004,0.10488155300774382,0.0036177575069202828
9.96,-0.9750220325166895,-0.008727587742915353,89.93361513388484,8,-0.975,0.17500000000000004,0.10488097202781582,0.0036355025290258913
9.968,-0.9750211375412664,-0.007955148261390071,89.93361513388484,8,-0.975,0.17500000000000004,0.10488046948962235,0.003650851684688594
9.976,-0.9750200934032729,-0.007053968866277315,89.93361513388484,8,-0.975,0.17500000000000004,0.10487987780526734,0.003668923654911671
9.984,-0.9750201597205725,-0.006217158868905068,90.07546626185635,8,-0.975,0.17500000000000004,0.10483631960067315,-0.004999333306156983
9.992,-0.9750202260378722,-0.0053803488715329665,89.93361513388484,8,-0.975,0.17500000000000004,0.10488007941246576,0.0036627659134471635
10.0,-0.9750202923551718,-0.004543538874160719,90.07546626185635,8,-0.975,0.17500000000000004,0.10483611611852675,-0.005005548314648611
10.008000000000001,-0.9750203586724715,-0.0037067288767886177,89.93361513388484,8,-0.975,0.17500000000000004,0.104880284795838,0.0036564928353173265
10.016,-0.9750204249897712,-0.0028699188794163704,90.07546626185635,8,-0.975,0.17500000000000004,0.10483590880715749,-0.005011880280096803
10.024000000000001,-0.9750204913070708,-0.002033108882044269,89.93361513388484,8,-0.975,0.17500000000000004,0.10488049406248057,0.003650101149444085
10.032,-0.9750205576243705,-0.0011962988846720216,90.07546626185635,8,-0.975,0.17500000000000004,0.10483569755744843,-0.0050183325352889385
10.040000000000001,-0.9750206239416701,-0.00035948888729992,89.93361513388484,8,-0.975,0.17500000000000004,0.10488070732357854,0.003643587459873588
10.048,-0.9750206902589698,0.0004773211100723273,90.07546626185635,8,-0.975,0.17500000000000004,0.10483548225609716,-0.005024908540849915
10.056000000000001,-0.9750207565762694,0.0013141311074444289,89.93361513388484,8,-0.975,0.17500000000000004,0.10488092469460245,0.003636948239758686
10.064,-0.9750208228935691,0.002150941104816676,90.07546626185635,8,-0.975,0.17500000000000004,0.10483526278541294,-0.005031611891439969
10.072000000000001,-0.9750208892108687,0.0029877511021887777,89.93361513388484,8,-0.975,0.17500000000000004,0.10488114629551679,0.0036301798249924744
10.08,-0.9750209555281684,0.003824561099561025,90.07546626185635,8,-0.975,0.17500000000000004,0.10483503902310232,-0.005038446322299106
10.088000000000001,-0.975021021845468,0.0046613710969331265,89.93361513388484,8,-0.975,0.17500000000000004,0.10488137225100078,0.0036232784074649036
10.096,-0.9750210881627677,0.005498181094305374,90.07546626185635,9,-0.975,0.17500000000000004,0.10483481084204185,-0.00504541571619177
10.104000000000001,-0.9750211544800673,0.006334991091677475,89.93361513388484,9,-0.975,0.17500000000000004,0.1048816026906823,0.0036162400279183817
10.112,-0.975021220797367,0.007171801089049723,90.07546626185635,9,-0.975,0.17500000000000004,0.10483457811003728,-0.005052524110761847
10.120000000000001,-0.9750212871146666,0.008008611086421823,89.93361513388484,9,-0.975,0.17500000000000004,0.1048818377493858,0.003609060568372846
10.128,-0.9750213534319663,0.008845421083793926,90.07546626185635,9,-0.975,0.17500000000000004,0.10483434068956819,-0.0050597757063322035
10.136000000000001,-0.9750214197492659,0.009682231081166174,89.93361513388484,9,-0.975,0.17500000000000004,0.10488207756739543,0.003601735744093836
10.144,-0.9750214860665656,0.010519041078538276,90.07546626185635,9,-0.975,0.17500000000000004,0.10483409843751693,-0.005067174874182179
10.152000000000001,-0.9750215523838652,0.011355851075910525,89.93361513388484,9,-0.975,0.17500000000000004,0.10488232229073417,0.0035942610950632226
10.16,-0.9750216187011649,0.012192661073282627,90.07546626185635,9,-0.975,0.17500000000000004,0.10483385120488102,-0.005074726165333332
10.168000000000001,-0.9750216850184645,0.013029471070654875,89.93361513388484,9,-0.975,0.17500000000000004,0.1048825720714604,0.0035866319769222166
10.176,-0.9750217513357642,0.013866281068026978,90.07546626185635,9,-0.975,0.17500000000000004,0.10483359883646752,-0.005082434319884643
10.184000000000001,-0.9750218176530638,0.014703091065399226,89.93361513388484,9,-0.975,0.17500000000000004,0.10488282706798284,0.003578843551350963
10.192,-0.9750207735150703,0.015604270460511983,89.93361513388484,9,-0.975,0.17500000000000004,0.10488216460429026,0.0035990773534192444
10.200000000000001,-0.9750198785396472,0.016376709942037264,89.93361513388484,9,-0.975,0.17500000000000004,0.10488159078719013,0.0036166035993966394
10.208,-0.9750188344016537,0.01727788933715002,89.93361513388484,9,-0.975,0.17500000000000004,0.10488091423021155,0.0036372678563905136
10.216000000000001,-0.9750179394262306,0.018050328818675302,89.93361513388484,9,-0.975,0.17500000000000004,0.10488032814045317,0.003655168949383558
10.224,-0.9750168952882371,0.01895150821378806,89.93361513388484,9,-0.975,0.17500000000000004,0.10487963703562472,0.0036762775451659735
10.232000000000001,-0.9750169616055367,0.019788318211160307,90.07546626185635,9,-0.975,0.17500000000000004,0.10483654485690773,-0.004992453245987738
10.24,-0.9750170279228364,0.02062512820853241,89.93361513388484,9,-0.975,0.17500000000000004,0.10487986999465168,0.003669162216591415
10.248,-0.975017094240136,0.021461938205904658,90.07546626185635,9,-0.975,0.17500000000000004,0.10483630936538908,-0.004999645925118922
10.256,-0.9750171605574357,0.02229874820327676,89.93361513388484,9,-0.975,0.17500000000000004,0.10488010806018395,0.003661890918687405
10.264,-0.9750172268747354,0.02313555820064901,90.07546626185635,9,-0.975,0.17500000000000004,0.10483606868340849,-0.005006997137889324
10.272,-0.975017293192035,0.02397236819802111,89.93361513388484,9,-0.975,0.17500000000000004,0.10488035140198548,0.003654458466309518
10.28,-0.9750173595093347,0.02480917819539336,90.07546626185635,9,-0.975,0.17500000000000004,0.10483582263744941,-0.005014512184059127
10.288,-0.9750174258266343,0.02564598819276546,89.93361513388484,9,-0.975,0.29999999999999993,0.10487450864735487,0.00383291525126761
10.296,-0.975017492143934,0.026482798190137564,90.07546626185635,9,-0.975,0.29999999999999993,0.10484173904491952,-0.004833805801134017
10.304,-0.9750175584612336,0.027319608187509812,89.93361513388484,9,-0.975,0.29999999999999993,0.1048746090581209,0.00382984837894218
10.312,-0.9750176247785333,0.028156418184881914,90.07546626185635,9,-0.975,0.29999999999999993,0.10484163801691475,-0.004836891525944131
10.32,-0.9750176910958329,0.028993228182254163,89.93361513388484,9,-0.975,0.29999999999999993,0.1048747107090734,0.003826743627276863
10.328,-0.9750177574131326,0.029830038179626265,90.07546626185635,9,-0.975,0.29999999999999993,0.104841535737235,-0.004840015480991
10.336,-0.9750178237304322,0.030666848176998513,89.93361513388484,9,-0.975,0.29999999999999993,0.10487481362333168,0.0038236002901320676
10.344,-0.9750178900477319,0.03150365817437061,90.07546626185635,9,-0.975,0.29999999999999993,0.10484143218247409,-0.004843178381175095
10.352,-0.9750179563650315,0.03234046817174286,89.93361513388484,9,-0.975,0.29999999999999993,0.10487491782459331,0.003820417643706553
10.36,-0.9750180226823312,0.03317727816911496,90.07546626185635,9,-0.975,0.29999999999999993,0.1048413273286385,-0.004846380959337537
10.368,-0.9750180889996308,0.03401408816648721,89.93361513388484,9,-0.975,0.29999999999999993,0.10487502333715233,0.003817194945981761
10.376,-0.9750181553169305,0.03485089816385931,90.07546626185635,9,-0.975,0.29999999999999993,0.10484122115112904,-0.004849623966818094
10.384,-0.9750182216342301,0.03568770816123156,89.93361513388484,9,-0.975,0.29999999999999993,0.10487513018591801,0.0038139314361467225
10.392,-0.9750182879515298,0.036524518158603664,90.07546626185635,9,-0.975,0.29999999999999993,0.10484111362472137,-0.004852908174049708
10.4,-0.9750183542688294,0.03736132815597591,89.93361513388484,9,-0.975,0.29999999999999993,0.10487523839643464,0.003810626333995759
10.408,-0.9750184205861291,0.038198138153348014,90.07546626185635,9,-0.975,0.29999999999999993,0.10484100472354622,-0.004856234371164669
10.416,-0.9750184869034287,0.03903494815072026,89.93361513388484,9,-0.975,0.29999999999999993,0.10487534799490175,0.003807278839309869
10.424,-0.9750185532207284,0.039871758148092365,90.07546626185635,9,-0.975,0.29999999999999993,0.10484089442106853,-0.004859603368630339
10.432,-0.975018619538028,0.04070856814546461,89.93361513388484,9,-0.975,0.29999999999999993,0.10487545900819528,0.0038038881312101314
10.44,-0.9750186858553277,0.041545378142836716,90.07546626185635,9,-0.975,0.29999999999999993,0.10484078269006597,-0.004863015997905063
10.448,-0.9750187521726273,0.042382188140208964,89.93361513388484,9,-0.975,0.29999999999999993,0.10487557146388958,0.003800453367486245
10.456,-0.9750177080346338,0.04328336753532172,89.93361513388484,9,-0.975,0.29999999999999993,0.10487513466910618,0.003813794504956002
10.464,-0.9750168130592107,0.04405580701684693,89.933615133885,9,-0.975,0.29999999999999993,0.10487475782540563,0.003825304540801321
10.472,-0.9750157689212172,0.044956986411959755,89.93361513388484,9,-0.975,0.29999999999999993,0.10487431528938514,0.0038388210343800466
10.48,-0.9750148739457941,0.045729425893484964,89.933615133885,9,-0.975,0.29999999999999993,0.10487393347611985,0.0038504828569417837
10.488,-0.9750138298078006,0.04663060528859779,89.93361513388484,9,-0.975,0.29999999999999993,0.10487348508491968,0.0038641781868068437
10.496,-0.9750138961251003,0.04746741528596989,90.07546626185635,9,-0.975,0.29999999999999993,0.1048427618399677,-0.0048025663040971445
10.504,-0.9750139624423999,0.04830422528334214,89.93361513388484,9,-0.975,0.29999999999999993,0.10487358706117465,0.0038610634993427873
10.512,-0.9750140287596996,0.04914103528071424,90.07546626185635,9,-0.975,0.29999999999999993,0.10484265918449953,-0.004805701736947943
10.52,-0.9750140950769992,0.04997784527808649,89.93361513388484,9,-0.975,0.29999999999999993,0.1048736904026646,0.0038579071131491505
10.528,-0.9750141613942989,0.050814655275458594,90.07546626185635,9,-0.975,0.29999999999999993,0.10484255515008797,-0.004808879287228174
10.536,-0.9750142277115985,0.05165146527283084,89.93361513388484,9,-0.975,0.29999999999999993,0.10487379513699048,0.0038547081852027256
10.544,-0.9750142940288982,0.052488275270202944,90.07546626185635,9,-0.975,0.29999999999999993,0.10484244970876065,-0.004812099809304415
10.552,-0.9750143603461978,0.05332508526757519,89.93361513388484,9,-0.975,0.29999999999999993,0.10487390129250232,0.0038514658496016096
10.56,-0.9750144266634975,0.054161895264947295,90.07546626185635,9,-0.975,0.29999999999999993,0.10484234283178352,-0.0048153641808089676
10.568,-0.9750144929807971,0.05499870526231954,89.93361513388484,9,-0.975,0.29999999999999993,0.10487400889832475,0.0038481792167841524
10.576,-0.9750145592980968,0.055835515259691645,90.07546626185635,9,-0.975,0.29999999999999993,0.10484223448963476,-0.004818673303434884
10.584,-0.9750146256153964,0.056672325257063894,89.93361513388484,9,-0.975,0.29999999999999993,0.10487411798438369,0.0038448473727152876
10.592,-0.9750146919326961,0.057509135254435996,90.07546626185635,9,-0.975,0.29999999999999993,0.10484212465197738,-0.004822028103771414
10.6,-0.9750147582499957,0.058345945251808244,89.93361513388484,9,-0.975,0.29999999999999993,0.1048742285814341,0.003841469378037865
10.608,-0.9750148245672954,0.05918275524918035,90.07546626185635,9,-0.975,0.29999999999999993,0.10484201328763118,-0.004825429534165093
10.616,-0.975014890884595,0.060019565246552595,89.93361513388484,9,-0.975,0.29999999999999993,0.10487434072108887,0.003838044267192142
10.624,-0.9750149572018947,0.0608563752439247,90.07546626185635,9,-0.975,0.29999999999999993,0.10484190036454308,-0.004828878573620465
10.632,-0.9750150235191943,0.06169318524129687,89.93361513388498,9,-0.975,0.29999999999999993,0.10487445443584928,0.0038345710474816386
10.64,-0.975015089836494,0.06252999523866905,90.07546626185635,9,-0.975,0.29999999999999993,0.10484178584975637,-0.004832376228743551
10.648,-0.9750151561537936,0.06336680523604123,89.93361513388498,9,-0.975,0.29999999999999993,0.10487456975913512,0.0038310486981576472
10.656,-0.9750152224710933,0.0642036152334134,90.07546626185635,9,-0.975,0.29999999999999993,0.10484166970937872,-0.004835923534716402
10.664,-0.9750152887883929,0.06504042523078558,89.93361513388498,9,-0.975,0.29999999999999993,0.1048746867253194,0.003827476169356858
10.672,-0.9750153551056926,0.06587723522815776,90.07546626185635,9,-0.975,0.29999999999999993,0.10484155190854866,-0.004839521556322168
10.68,-0.9750154214229922,0.06671404522552994,89.93361513388498,9,-0.975,0.29999999999999993,0.10487480536976108,0.00382385238110039
10.688,-0.9750154877402919,0.06755085522290212,90.07546626185635,9,-0.975,0.29999999999999993,0.10484143241140068,-0.004843171389010581
10.696,-0.9750155540575915,0.0683876652202743,89.93361513388498,9,-0.975,0.29999999999999993,0.10487492572884125,0.0038201762221917743
10.704,-0.9750156203748912,0.06922447521764648,90.07546626185635,9,-0.975,0.29999999999999993,0.10484131118102889,-0.004846874160006953
10.712,-0.9750156866921909,0.07006128521501866,89.93361513388498,9,-0.975,0.29999999999999993,0.10487504784000008,0.003816446549085417
10.72,-0.9750146425541973,0.07096246461013149,89.93361513388483,9,-0.975,0.29999999999999993,0.10487455619846679,0.003831462885202197
10.728,-0.9750137475787742,0.0717349040916567,89.93361513388498,9,-0.975,0.29999999999999993,0.10487413170172072,0.0038444284004974794
10.736,-0.9750127034407807,0.07263608348676953,89.93361513388483,9,-0.975,0.29999999999999993,0.1048736328100238,0.003859666180260902
10.744,-0.9750118084653576,0.07340852296829474,89.93361513388498,9,-0.975,0.29999999999999993,0.10487320203013076,0.0038728236033597208
10.752,-0.9750107643273641,0.07430970236340757,89.93361513388483,9,-0.975,0.29999999999999993,0.10487269572670388,0.00388828776153316
10.76,-0.9750108306446638,0.07514651236077967,90.07546626185633,9,-0.975,0.29999999999999993,0.1048435478800856,-0.004778558074904682
10.768,-0.9750108969619634,0.07598332235815192,89.93361513388483,9,-0.975,0.29999999999999993,0.10487280440569634,0.003884968350602148
10.776,-0.9750109632792631,0.07682013235552401,90.07546626185633,9,-0.975,0.29999999999999993,0.10484343838762875,-0.004781902331691623
10.784,-0.9750110295965627,0.07765694235289619,89.93361513388497,9,-0.975,0.29999999999999993,0.10487291472078544,0.003881598967942934
10.792,-0.9750110959138624,0.07849375235026837,90.07546626185633,9,-0.975,0.29999999999999993,0.10484332724060218,-0.00478529712443454
10.8,-0.975011162231162,0.07933056234764055,89.93361513388497,9,-0.975,0.29999999999999993,0.10487302670919647,0.0038781784765737903
10.808,-0.9750112285484617,0.08016737234501273,90.07546626185633,9,-0.975,0.29999999999999993,0.10484321440121641,-0.004788743607347823
10.816,-0.9750112948657613,0.0810041823423849,89.93361513388497,9,-0.975,0.29999999999999993,0.10487314040929355,0.0038747057047298084
10.824,-0.975011361183061,0.08184099233975708,90.07546626185633,9,-0.975,0.29999999999999993,0.10484309983052231,-0.004792242970064753
10.832,-0.9750114275003606,0.08267780233712926,89.93361513388497,9,-0.975,0.29999999999999993,0.10487325586062227,0.0038711794445588366
10.84,-0.9750114938176603,0.08351461233450144,90.07546626185633,9,-0.975,0.29999999999999993,0.10484298348836638,-0.004795796439004518
10.848,-0.9750115601349599,0.08435142233187362,89.93361513388497,9,-0.975,0.29999999999999993,0.10487337310395588,0.003867598450713272
10.856,-0.9750116264522596,0.0851882323292458,90.07546626185633,9,-0.975,0.29999999999999993,0.1048428653333437,-0.0047994052788084
10.864,-0.9750116927695592,0.08602504232661798,89.93361513388497,9,-0.975,0.29999999999999993,0.10487349218134322,0.0038639614388843446
10.872,-0.9750117590868589,0.08686185232399016,90.07546626185633,9,-0.975,0.29999999999999993,0.10484274532274884,-0.004803070793838904
10.88,-0.9750118254041585,0.08769866232136234,89.93361513388497,9,-0.975,0.29999999999999993,0.10487361313615907,0.003860267084264124
10.888,-0.9750118917214582,0.08853547231873451,90.07546626185633,9,-0.975,0.29999999999999993,0.10484262341252445,-0.004806794329751951
10.896,-0.9750119580387578,0.0893722823161067,89.93361513388497,9,-0.975,0.29999999999999993,0.1048737360131569,0.0038565140199368075
10.904,-0.9750120243560575,0.09020909231347887,90.07546626185633,9,-0.975,0.29999999999999993,0.10484249955720733,-0.004810577275142115
10.912,-0.9750120906733571,0.09104590231085105,89.93361513388497,9,-0.975,0.29999999999999993,0.10487386085852383,0.0038527008351961767
10.92,-0.9750121569906568,0.09188271230822323,90.07546626185633,9,-0.975,0.29999999999999993,0.10484237370987179,-0.00481442106327179
10.928,-0.9750122233079564,0.09271952230559541,89.93361513388497,9,-0.975,0.29999999999999993,0.10487398771993882,0.003848826073772127
10.936,-0.9750122896252561,0.09355633230296759,90.07546626185633,9,-0.975,0.29999999999999993,0.10484224582207052,-0.004818327173881198
10.944,-0.9750123559425558,0.09439314230033977,89.93361513388497,9,-0.975,0.29999999999999993,0.10487411664663317,0.003844888231979482
10.952,-0.9750124222598554,0.09522995229771195,90.07546626185633,9,-0.975,0.29999999999999993,0.1048421158437723,-0.004822297135086195
10.96,-0.9750124885771551,0.09606676229508412,89.93361513388497,9,-0.975,0.29999999999999993,0.10487424768945429,0.003840885756772771
10.968,-0.9750125548944547,0.0969035722924563,90.07546626185633,9,-0.975,0.29999999999999993,0.1048419837232968,-0.004826332525373233
10.976,-0.9750126212117544,0.09774038228982848,89.93361513388497,9,-0.975,0.29999999999999993,0.10487438090093257,0.003836817043702312
10.984,-0.9750115770737608,0.09864156168494123,89.93361513388497,9,-0.975,0.29999999999999993,0.10487381869257528,0.003853988720806667
10.992,-0.9750106820983377,0.09941400116646651,89.93361513388497,9,-0.975,0.29999999999999993,0.10487333277895296,0.0038688301078391163
11.0,-0.9750096379603442,0.10031518056157926,89.93361513388497,9,-0.975,0.29999999999999993,0.10487276112837282,0.0038862901812292128
11.008000000000001,-0.9750087429849211,0.10108762004310454,89.93361513388497,9,-0.975,0.29999999999999993,0.10487226701949062,0.0039013818782298593
11.016,-0.9750076988469276,0.10198879943821729,89.93361513388497,9,-0.975,0.29999999999999993,0.10487168568680277,0.003919137674771922
11.024000000000001,-0.9750077651642273,0.10282560943558947,90.07546626185633,9,-0.975,0.29999999999999993,0.10484455460688329,-0.0047478093546510225
11.032,-0.9750078314815269,0.10366241943296164,89.93361513388497,9,-0.975,0.29999999999999993,0.10487180107726342,0.003915613273710705
11.040000000000001,-0.9750078977988266,0.10449922943033382,90.07546626185633,9,-0.975,0.29999999999999993,0.10484443823069774,-0.0047513638629663735
11.048,-0.9750079641161262,0.105336039427706,89.93361513388497,10,-0.975,0.29999999999999993,0.10487191845185896,0.003912028270697032
11.056000000000001,-0.9750080304334259,0.10617284942507818,90.07546626185633,10,-0.975,0.29999999999999993,0.1048443198447885,-0.004754979754799105
11.064,-0.9750080967507255,0.10700965942245036,89.93361513388497,10,-0.975,0.29999999999999993,0.10487203786220896,0.0039083810891026305
11.072000000000001,-0.9750081630680252,0.10784646941982254,90.07546626185633,10,-0.975,0.29999999999999993,0.10484419939664259,-0.004758658634065771
11.08,-0.9750082293853248,0.10868327941719472,89.93361513388497,10,-0.975,0.29999999999999993,0.10487215936173908,0.0039046700971320236
11.088000000000001,-0.9750082957026245,0.1095200894145669,90.07546626185633,10,-0.975,0.29999999999999993,0.1048440768319016,-0.004762402161050838
11.096,-0.9750083620199241,0.11035689941193907,89.93361513388497,10,-0.975,0.29999999999999993,0.10487228300576107,0.003900893605384592
11.104000000000001,-0.9750084283372238,0.11119370940931125,90.07546626185633,10,-0.975,0.29999999999999993,0.10484395209427962,-0.004766212054909124
11.112,-0.9750084946545234,0.11203051940668343,89.93361513388497,10,-0.975,0.29999999999999993,0.1048724088515565,0.0038970498642946216
11.120000000000001,-0.9750085609718231,0.11286732940405561,90.07546626185633,10,-0.975,0.29999999999999993,0.10484382512547717,-0.004770090096296475
11.128,-0.9750086272891227,0.11370413940142779,89.93361513388497,10,-0.975,0.29999999999999993,0.10487253695846539,0.0038931370614236904
11.136000000000001,-0.9750086936064224,0.11454094939879997,90.07546626185633,10,-0.975,0.29999999999999993,0.10484369586509046,-0.004774038130142655
11.144,-0.975008759923722,0.11537775939617215,89.93361513388497,10,-0.975,0.29999999999999993,0.10487266738797944,0.0038891533186155005
11.152000000000001,-0.9750088262410217,0.11621456939354433,90.07546626185633,10,-0.975,0.29999999999999993,0.10484356425051526,-0.004778058068583557
11.16,-0.9750088925583213,0.1170513793909165,89.93361513388497,10,-0.975,0.29999999999999993,0.1048728002038404,0.0038850966889882876
11.168000000000001,-0.975008958875621,0.11788818938828868,90.07546626185633,10,-0.975,0.29999999999999993,0.10484343021684624,-0.004782151894041853
11.176,-0.9750090251929207,0.11872499938566086,89.93361513388497,10,-0.975,0.29999999999999993,0.10487293547214413,0.0038809651537593526
11.184000000000001,-0.9750090915102203,0.11956180938303304,90.07546626185633,10,-0.975,0.29999999999999993,0.10484329369676978,-0.004786321662492599
11.192,-0.97500915782752,0.12039861938040522,89.93361513388497,10,-0.975,0.29999999999999993,0.10487307326145003,0.0038767566189009672
11.200000000000001,-0.9750092241448196,0.1212354293777774,90.07546626185633,10,-0.975,0.29999999999999993,0.1048431546204516,-0.004790569506904485
11.208,-0.9750092904621193,0.12207223937514958,89.93361513388497,10,-0.975,0.29999999999999993,0.1048732136428971,0.003872468911595761
11.216000000000001,-0.9750093567794189,0.12290904937252176,90.07546626185633,10,-0.975,0.29999999999999993,0.10484301291541744,-0.004794897640876927
11.224,-0.9750094230967186,0.12374585936989393,89.93361513388497,10,-0.975,0.29999999999999993,0.10487335669032631,0.0038680997765001557
11.232000000000001,-0.9750094894140182,0.12458266936726611,90.07546626185633,10,-0.975,0.29999999999999993,0.10484286850642723,-0.004799308362486986
11.24,-0.9750095557313179,0.1254194793646383,89.93361513388497,10,-0.975,0.29999999999999993,0.10487350248041012,0.003863646871786308
11.248000000000001,-0.9750096220486175,0.12625628936201047,90.07546626185633,10,-0.975,0.29999999999999993,0.1048427213153418,-0.004803804058360117
11.256,-0.9750096883659172,0.12709309935938265,89.93361513388497,10,-0.975,0.29999999999999993,0.1048736510927896,0.003859107764957126
11.264,-0.9750086442279237,0.1279942787544954,89.93361513388497,10,-0.975,0.29999999999999993,0.10487298912012873,0.0038793265693151113
11.272,-0.9750077492525006,0.12876671823602068,89.93361513388497,10,-0.975,0.29999999999999993,0.10487241616922306,0.00389682635888855
11.28,-0.975006705114507,0.12966789763113343,89.93361513388497,10,-0.975,0.29999999999999993,0.10487174115863393,0.00391744338410438
11.288,-0.9750067714318067,0.1305047076285056,90.07546626185633,10,-0.975,0.29999999999999993,0.10484448947936305,-0.004749798561559437
11.296,-0.9750068377491063,0.13134151762587779,89.93361513388497,10,-0.975,0.29999999999999993,0.1048718760366567,0.003913323769328847
11.304,-0.975006904066406,0.13217832762324996,90.07546626185633,10,-0.975,0.29999999999999993,0.10484435325957482,-0.004753959158228183
11.312,-0.9750069703837057,0.13301513762062214,89.93361513388497,10,-0.975,0.29999999999999993,0.10487201361833237,0.0039091215761747344
11.32,-0.9750070367010053,0.13385194761799432,90.07546626185633,10,-0.975,0.29999999999999993,0.1048442142954853,-0.0047582035748111595
11.328,-0.975007103018305,0.1346887576153665,89.93361513388497,10,-0.975,0.29999999999999993,0.10487215398577676,0.0039048342965571914
11.336,-0.9750071693356046,0.13552556761273868,90.07546626185633,10,-0.975,0.29999999999999993,0.10484407250331998,-0.004762534370052918
11.344,-0.9750072356529043,0.13636237761011086,89.93361513388497,10,-0.975,0.29999999999999993,0.104872297224465,0.0039004593197865534
11.352,-0.9750073019702039,0.13719918760748304,90.07546626185633,10,-0.975,0.29999999999999993,0.10484392779585963,-0.004766954207914842
11.36,-0.9750073682875036,0.13803599760485522,89.93361513388497,10,-0.975,0.29999999999999993,0.10487244342340528,0.0038959939272626976
11.368,-0.9750074346048032,0.1388728076022274,90.07546626185633,10,-0.975,0.29999999999999993,0.10484378008226114,-0.004771465863040891
11.376,-0.9750075009221029,0.13970961759959957,89.93361513388497,10,-0.975,0.29999999999999993,0.10487259267532306,0.0038914352868476554
11.384,-0.9750075672394025,0.14054642759697175,90.07546626185633,10,-0.975,0.29999999999999993,0.10484362926786754,-0.0047760722265645095
11.392,-0.9750076335567022,0.14138323759434393,89.93361513388497,10,-0.975,0.29999999999999993,0.10487274507685744,0.0038867804468675216
11.4,-0.9750076998740018,0.1422200475917161,90.07546626185633,10,-0.975,0.29999999999999993,0.10484347525400557,-0.0047807763122885705
11.408,-0.9750077661913015,0.1430568575890883,89.93361513388497,10,-0.975,0.29999999999999993,0.10487290072876963,0.0038820263297467683
11.416,-0.9750078325086011,0.14389366758646047,90.07546626185633,10,-0.975,0.29999999999999993,0.10484331793777049,-0.004785581263259342
11.424,-0.9750078988259008,0.14473047758383265,89.93361513388497,10,-0.975,0.29999999999999993,0.10487305973616516,0.0038771697252190096
11.432,-0.9750079651432004,0.14556728758120482,90.07546626185633,10,-0.975,0.29999999999999993,0.10484315721179671,-0.004790490358771771
11.44,-0.9750080314605001,0.146404097578577,89.93361513388497,10,-0.975,0.29999999999999993,0.10487322220873072,0.0038722072830963405
11.448,-0.9750080977777997,0.14724090757594918,90.07546626185633,10,-0.975,0.29999999999999993,0.10484299296401361,-0.004795507021829404
11.456,-0.9750081640950994,0.14807771757332136,89.93361513388497,10,-0.975,0.29999999999999993,0.10487338826098619,0.003867135505566943
11.464,-0.975008230412399,0.14891452757069354,90.07546626185633,10,-0.975,0.29999999999999993,0.10484282507738465,-0.004800634827108685
11.472,-0.9750082967296987,0.14975133756806572,89.93361513388497,10,-0.975,0.29999999999999993,0.10487355801255409,0.003861950738968888
11.48,-0.9750083630469983,0.1505881475654379,90.07546626185633,10,-0.975,0.42499999999999993,0.10484557515412649,-0.004716638512910599
11.488,-0.975008429364298,0.15142495756281008,89.93361513388497,10,-0.975,0.42499999999999993,0.10487076105035739,0.0039473790878942205
11.496,-0.9750084956815976,0.15226176756018225,90.07546626185633,10,-0.975,0.42499999999999993,0.10484549799726621,-0.0047189951351021
11.504,-0.9750085619988973,0.15309857755755443,89.93361513388497,10,-0.975,0.42499999999999993,0.10487083868141077,0.003945007982298798
11.512,-0.975008628316197,0.1539353875549266,90.07546626185633,10,-0.975,0.42499999999999993,0.10484541988763484,-0.004721380858031088
11.52,-0.9750086946334966,0.1547721975522987,89.93361513388483,10,-0.975,0.42499999999999993,0.10487091727405902,0.003942607506459028
11.528,-0.9750076504955031,0.15567337694741154,89.93361513388498,10,-0.975,0.42499999999999993,0.1048704853570621,0.003955799660419145
11.536,-0.97500675552008,0.15644581642893676,89.93361513388483,10,-0.975,0.42499999999999993,0.10487011283533028,0.003967177689241375
11.544,-0.9750057113820865,0.1573469958240496,89.93361513388498,10,-0.975,0.42499999999999993,0.10486967550906065,0.00398053506003515
11.552,-0.9750057776993861,0.15818380582142177,90.07546626185635,10,-0.975,0.42499999999999993,0.1048465860842482,-0.0046857614094304445
11.56,-0.9750058440166858,0.15902061581879395,89.93361513388498,10,-0.975,0.42499999999999993,0.10486974803802857,0.003978319788771723
11.568,-0.9750059103339854,0.15985742581616613,90.07546626185635,10,-0.975,0.42499999999999993,0.1048465130981844,-0.0046879906418931805
11.576,-0.9750059766512851,0.1606942358135383,89.93361513388498,10,-0.975,0.42499999999999993,0.10486982148552303,0.003976076462711808
11.584,-0.9750060429685847,0.1615310458109105,90.07546626185635,10,-0.975,0.42499999999999993,0.10484643918486951,-0.004690248195628355
11.592,-0.9750061092858844,0.16236785580828267,89.93361513388498,10,-0.975,0.42499999999999993,0.10486989586910393,0.003973804545518211
11.6,-0.975006175603184,0.16320466580565485,90.07546626185635,10,-0.975,0.42499999999999993,0.1048463643265202,-0.004692534613797372
11.608,-0.9750062419204837,0.16404147580302703,89.93361513388498,10,-0.975,0.42499999999999993,0.10486997120678167,0.00397150348709574
11.616,-0.9750063082377833,0.1648782858003992,90.07546626185635,10,-0.975,0.42499999999999993,0.10484628850489545,-0.0046948504535403454
11.624,-0.975006374555083,0.16571509579777138,89.93361513388498,10,-0.975,0.42499999999999993,0.10487004751703159,0.003969172723145897
11.632,-0.9750064408723826,0.16655190579514356,90.07546626185635,10,-0.975,0.42499999999999993,0.10484621170128176,-0.004697196286429173
11.64,-0.9750065071896823,0.16738871579251574,89.93361513388498,10,-0.975,0.42499999999999993,0.10487012481880918,0.003966811674706805
11.648,-0.9750065735069819,0.16822552578988792,90.07546626185635,10,-0.975,0.42499999999999993,0.10484613389647769,-0.004699572698937726
11.656,-0.9750066398242816,0.1690623357872601,89.93361513388498,10,-0.975,0.42499999999999993,0.10487020313156577,0.003964419747671366
11.664,-0.9750067061415812,0.16989914578463228,90.07546626185635,10,-0.975,0.42499999999999993,0.10484605507077799,-0.004701980292929121
11.672,-0.9750067724588809,0.17073595578200437,89.93361513388484,10,-0.975,0.42499999999999993,0.10487028247526446,0.003961996332301543
11.68,-0.9750068387761806,0.1715727657793766,90.07546626185635,10,-0.975,0.42499999999999993,0.10484597520395683,-0.0047044196861655285
11.688,-0.9750069050934802,0.1724095757767487,89.93361513388484,10,-0.975,0.42499999999999993,0.10487036287039844,0.003959540802668027
11.696,-0.9750069714107799,0.17324638577412094,90.07546626185635,10,-0.975,0.42499999999999993,0.10484589427525055,-0.00470689151283743
11.704,-0.9750070377280795,0.17408319577149303,89.93361513388484,10,-0.975,0.42499999999999993,0.10487044433800663,0.003957052516173842
11.712,-0.9750071040453792,0.17492000576886527,90.07546626185635,10,-0.975,0.42499999999999993,0.10484581226333962,-0.004709396424112278
11.72,-0.9750071703626788,0.17575681576623736,89.93361513388484,10,-0.975,0.42499999999999993,0.10487052689969342,0.0039545308129504955
11.728,-0.9750072366799785,0.1765936257636096,90.07546626185635,10,-0.975,0.42499999999999993,0.1048457291463301,-0.004711935088703378
11.736,-0.9750073029972781,0.1774304357609817,89.93361513388484,10,-0.975,0.42499999999999993,0.1048706105776474,0.003951975015285991
11.744,-0.9750073693145778,0.17826724575835393,90.07546626185635,10,-0.975,0.42499999999999993,0.10484564490173384,-0.004714508193471412
11.752,-0.9750074356318774,0.17910405575572602,89.93361513388484,10,-0.975,0.42499999999999993,0.10487069539466119,0.00394938442701942
11.76,-0.9750075019491771,0.17994086575309826,90.07546626185635,10,-0.975,0.42499999999999993,0.10484555950644849,-0.004717116444038383
11.768,-0.9750075682664767,0.18077767575047035,89.93361513388484,10,-0.975,0.42499999999999993,0.10487078137415227,0.003946758332904476
11.776,-0.9750076345837764,0.18161448574784259,90.07546626185635,10,-0.975,0.42499999999999993,0.10484547293673611,-0.004719760565436548
11.784,-0.975007700901076,0.18245129574521468,89.93361513388484,10,-0.975,0.42499999999999993,0.10487086854018436,0.0039440959979566426
11.792,-0.9750066567630825,0.18335247514032751,89.933615133885,10,-0.975,0.42499999999999993,0.10487038696825739,0.003958804775450853
11.8,-0.9750057617876594,0.18412491462185274,89.93361513388484,10,-0.975,0.42499999999999993,0.10486997132431983,0.003971499897096886
11.808,-0.9750047176496659,0.18502609401696557,89.933615133885,10,-0.975,0.42499999999999993,0.10486948302449317,0.0039864141665931765
11.816,-0.9750047839669655,0.18586290401433775,90.07546626185636,10,-0.975,0.42499999999999993,0.10484677505808013,-0.004679989532187624
11.824,-0.9750048502842652,0.18669971401170993,89.933615133885,10,-0.975,0.42499999999999993,0.10486956262600991,0.003983982876619051
11.832,-0.9750049166015649,0.1875365240090821,90.07546626185636,10,-0.975,0.42499999999999993,0.10484669489652107,-0.004682437927681082
11.84,-0.9750049829188645,0.1883733340064542,89.93361513388484,10,-0.975,0.42499999999999993,0.10486964335354218,0.003981517194457385
11.848,-0.9750050492361642,0.18921014400382644,90.07546626185636,10,-0.975,0.42499999999999993,0.10484661359699968,-0.00468492108025631
11.856,-0.9750051155534638,0.19004695400119853,89.93361513388484,10,-0.975,0.42499999999999993,0.10486972523115318,0.003979016385139977
11.864,-0.9750051818707635,0.19088376399857077,90.07546626185636,10,-0.975,0.42499999999999993,0.10484653113511119,-0.004687439735314048
11.872,-0.9750052481880631,0.19172057399594286,89.93361513388484,10,-0.975,0.42499999999999993,0.10486980828359567,0.003976479692636925
11.88,-0.9750053145053628,0.1925573839933151,90.07546626185636,10,-0.975,0.42499999999999993,0.10484644748574798,-0.004689994659723196
11.888,-0.9750053808226624,0.1933941939906872,89.93361513388484,10,-0.975,0.42499999999999993,0.10486989253633819,0.003973906339055366
11.896,-0.9750054471399621,0.19423100398805943,90.07546626185636,10,-0.975,0.42499999999999993,0.10484636262307406,-0.004692586642598751
11.904,-0.9750055134572617,0.19506781398543152,89.93361513388484,10,-0.975,0.42499999999999993,0.1048699780155908,0.003971295523855334
11.912,-0.9750055797745614,0.19590462398280376,90.07546626185636,10,-0.975,0.42499999999999993,0.1048462765204985,-0.004695216496115484
11.92,-0.975005646091861,0.19674143398017585,89.93361513388484,10,-0.975,0.42499999999999993,0.10487006474833228,0.003968646423015865
11.928,-0.9750057124091607,0.19757824397754808,90.07546626185636,10,-0.975,0.42499999999999993,0.10484618915064761,-0.0046978850563542665
11.936,-0.9750057787264603,0.19841505397492018,89.93361513388484,10,-0.975,0.42499999999999993,0.10487015276233849,0.003965958188172359
11.944,-0.97500584504376,0.19925186397229241,90.07546626185636,10,-0.975,0.42499999999999993,0.10484610048533591,-0.004700593184191915
11.952,-0.9750059113610596,0.2000886739696645,89.93361513388484,10,-0.975,0.42499999999999993,0.10487024208621205,0.003963229945707302
11.96,-0.9750059776783593,0.20092548396703674,90.07546626185636,10,-0.975,0.42499999999999993,0.10484601049553592,-0.0047033417662221124
11.968,-0.9750060439956589,0.20176229396440884,89.93361513388484,10,-0.975,0.42499999999999993,0.1048703327494133,0.003960460795806031
11.976,-0.9750061103129586,0.20259910396178107,90.07546626185636,10,-0.975,0.42499999999999993,0.10484591915134633,-0.004706131715728423
11.984,-0.9750061766302582,0.20343591395915317,89.93361513388484,10,-0.975,0.42499999999999993,0.10487042478229272,0.0039576498114658465
11.992,-0.9750062429475579,0.2042727239565254,90.07546626185636,10,-0.975,0.42499999999999993,0.10484582642195901,-0.004708963973692248
12.0,-0.9750063092648575,0.2051095339538975,89.93361513388484,10,-0.975,0.42499999999999993,0.10487051821612478,0.0039547960374616276
12.008000000000001,-0.9750063755821572,0.2059463439512696,90.07546626185636,10,-0.975,0.42499999999999993,0.10484573227562428,-0.0047118395098521
12.016,-0.9750064418994568,0.20678315394864183,89.93361513388484,10,-0.975,0.42499999999999993,0.10487061308314345,0.003951898489264027
12.024000000000001,-0.9750065082167565,0.20761996394601392,90.07546626185636,10,-0.975,0.42499999999999993,0.10484563667961468,-0.004714759323811046
12.032,-0.9750065745340561,0.20845677394338616,89.93361513388484,10,-0.975,0.42499999999999993,0.10487070941657917,0.003948956151906381
12.040000000000001,-0.9750066408513558,0.20929358394075825,90.07546626185636,10,-0.975,0.42499999999999993,0.10484553960018705,-0.004717724446194671
12.048,-0.9750067071686555,0.2101303939381305,89.93361513388484,10,-0.975,0.42499999999999993,0.1048708072506977,0.003945967978800313
12.056000000000001,-0.9750056630306619,0.21103157333324324,89.93361513388484,10,-0.975,0.42499999999999993,0.1048702631241697,0.003962587377857152
12.064,-0.9750047680552388,0.21180401281476852,89.93361513388484,10,-0.975,0.42499999999999993,0.10486979306874201,0.003976944403896953
12.072000000000001,-0.9750037239172453,0.21270519220988127,89.93361513388484,10,-0.975,0.42499999999999993,0.10486924034746606,0.003993826314591664
12.08,-0.975003790234545,0.2135420022072535,90.07546626185636,10,-0.975,0.42499999999999993,0.10484701350391418,-0.004672706618626954
12.088000000000001,-0.9750038565518446,0.2143788122046256,89.93361513388484,10,-0.975,0.42499999999999993,0.10486932848159575,0.00399113441078558
12.096,-0.9750039228691443,0.21521562220199783,90.07546626185636,10,-0.975,0.42499999999999993,0.10484692466805834,-0.004675419955438963
12.104000000000001,-0.9750039891864439,0.21605243219936993,89.93361513388484,10,-0.975,0.42499999999999993,0.10486941802759199,0.00398839938396911
12.112,-0.9750040555037436,0.21688924219674216,90.07546626185636,10,-0.975,0.42499999999999993,0.10484683440337235,-0.004678176933384348
12.120000000000001,-0.9750041218210432,0.21772605219411426,89.93361513388484,10,-0.975,0.42499999999999993,0.10486950901965485,0.003985620189561279
12.128,-0.9750041881383429,0.2185628621914865,90.07546626185636,10,-0.975,0.42499999999999993,0.1048467426751049,-0.004680978613881948
12.136000000000001,-0.9750042544556425,0.21939967218885859,89.93361513388484,10,-0.975,0.42499999999999993,0.10486960149309801,0.003982795748967316
12.144,-0.9750043207729422,0.22023648218623082,90.07546626185636,10,-0.975,0.42499999999999993,0.10484664944736856,-0.004683826093049848
12.152000000000001,-0.9750043870902418,0.22107329218360292,89.93361513388484,10,-0.975,0.42499999999999993,0.10486969548439437,0.003979924948185221
12.16,-0.9750044534075415,0.22191010218097515,90.07546626185636,10,-0.975,0.42499999999999993,0.10484655468309294,-0.004686720503140007
12.168000000000001,-0.9750045197248411,0.22274691217834724,89.93361513388484,10,-0.975,0.42499999999999993,0.10486979103122408,0.0039770066363408185
12.176,-0.9750045860421408,0.22358372217571934,90.07546626185636,10,-0.975,0.42499999999999993,0.10484645834397553,-0.0046896630140350615
12.184000000000001,-0.9750046523594404,0.22442053217309157,89.93361513388484,10,-0.975,0.42499999999999993,0.1048698881725249,0.003974039624147441
12.192,-0.9750047186767401,0.22525734217046367,90.07546626185636,10,-0.975,0.42499999999999993,0.10484636039043008,-0.0046926548348290575
12.200000000000001,-0.9750047849940398,0.2260941521678359,89.93361513388484,10,-0.975,0.42499999999999993,0.10486998694854514,0.003971022682290992
12.208,-0.9750048513113394,0.226930962165208,90.07546626185636,10,-0.975,0.42499999999999993,0.10484626078153242,-0.004695697215478911
12.216000000000001,-0.9750049176286391,0.22776777216258023,89.93361513388484,10,-0.975,0.42499999999999993,0.1048700874008991,0.003967954539734198
12.224,-0.9750049839459387,0.22860458215995233,90.07546626185636,10,-0.975,0.42499999999999993,0.10484615947496333,-0.004698791448551454
12.232000000000001,-0.9750050502632384,0.22944139215732456,89.93361513388484,10,-0.975,0.42499999999999993,0.10487018957262582,0.003964833881925256
12.24,-0.975005116580538,0.23027820215469666,90.07546626185636,11,-0.975,0.42499999999999993,0.10484605642694873,-0.004701938871050525
12.248000000000001,-0.9750051828978377,0.2311150121520689,89.93361513388484,11,-0.975,0.42499999999999993,0.10487029350825026,0.0039616593489264496
12.256,-0.9750052492151373,0.231951822149441,90.07546626185636,11,-0.975,0.42499999999999993,0.10484595159219658,-0.004705140866342771
12.264000000000001,-0.975005315532437,0.23278863214681322,89.93361513388484,11,-0.975,0.42499999999999993,0.10487039925384817,0.003958429533433949
12.272,-0.9750053818497366,0.23362544214418532,90.07546626185636,11,-0.975,0.42499999999999993,0.10484584492383041,-0.004708398866188346
12.280000000000001,-0.9750054481670363,0.23446225214155755,89.93361513388484,11,-0.975,0.42499999999999993,0.10487050685711416,0.003955142978698145
12.288,-0.9750055144843359,0.23529906213892965,90.07546626185636,11,-0.975,0.42499999999999993,0.10484573637331948,-0.004711714352874208
12.296,-0.9750055808016356,0.23613587213630188,89.93361513388484,11,-0.975,0.42499999999999993,0.10487061636743343,0.003951798176335175
12.304,-0.9750056471189352,0.23697268213367398,90.07546626185636,11,-0.975,0.42499999999999993,0.10484562589040528,-0.004715088861459327
12.312,-0.9750057134362349,0.2378094921310462,89.93361513388484,11,-0.975,0.42499999999999993,0.10487072783595733,0.003948393564014885
12.32,-0.9750046692982414,0.23871067152615896,89.93361513388484,11,-0.975,0.42499999999999993,0.1048701024782678,0.0039674940277136805
12.328,-0.9750037743228183,0.23948311100768424,89.93361513388484,11,-0.975,0.42499999999999993,0.10486956162174133,0.00398401355025757
12.336,-0.9750027301848248,0.240384290402797,89.93361513388484,11,-0.975,0.42499999999999993,0.1048689249021871,0.004003461042364932
12.344,-0.9750027965021244,0.2412211004001691,90.07546626185636,11,-0.975,0.42499999999999993,0.10484732377481269,-0.0046632299333108085
12.352,-0.975002862819424,0.24205791039754132,89.93361513388484,11,-0.975,0.42499999999999993,0.10486902348518456,0.0040004499960536455
12.36,-0.9750029291367237,0.24289472039491342,90.07546626185636,11,-0.975,0.42499999999999993,0.10484722428786096,-0.004666268589334277
12.368,-0.9750029954540234,0.24373153039228565,89.93361513388484,11,-0.975,0.42499999999999993,0.10486912388858106,0.003997383348817497
12.376,-0.975003061771323,0.24456834038965775,90.07546626185636,11,-0.975,0.42499999999999993,0.10484712295529795,-0.0046693636163464
12.384,-0.9750031280886227,0.24540515038702998,89.93361513388484,11,-0.975,0.42499999999999993,0.10486922616326881,0.003994259546243217
12.392,-0.9750031944059223,0.24624196038440208,90.07546626185636,11,-0.975,0.42499999999999993,0.10484701972528514,-0.004672516597664433
12.4,-0.975003260723222,0.2470787703817743,89.93361513388484,11,-0.975,0.42499999999999993,0.10486933036205479,0.003991076975432662
12.408,-0.9750033270405216,0.2479155803791464,90.07546626185636,11,-0.975,0.42499999999999993,0.10484691454402431,-0.0046757291764621955
12.416,-0.9750033933578213,0.24875239037651864,89.93361513388484,11,-0.975,0.42499999999999993,0.1048694365397518,0.003987833962223686
12.424,-0.9750034596751209,0.24958920037389073,90.07546626185636,11,-0.975,0.42499999999999993,0.104846807355664,-0.0046790030586245646
12.432,-0.9750035259924206,0.250426010371263,89.93361513388484,11,-0.975,0.42499999999999993,0.10486954475327463,0.0039845287682532815
12.44,-0.9750035923097202,0.2512628203686351,90.07546626185636,11,-0.975,0.42499999999999993,0.10484669810220075,-0.0046823400157675055
12.448,-0.9750036586270199,0.25209963036600735,89.93361513388484,11,-0.975,0.42499999999999993,0.10486965506174167,0.003981159587853611
12.456,-0.9750037249443195,0.2529364403633795,90.07546626185636,11,-0.975,0.42499999999999993,0.10484658672337425,-0.004685741888436068
12.464,-0.9750037912616192,0.2537732503607517,89.93361513388484,11,-0.975,0.42499999999999993,0.10486976752658274,0.003977724544757644
12.472,-0.9750038575789188,0.25461006035812384,90.07546626185636,11,-0.975,0.42499999999999993,0.10484647315655672,-0.004689210589488124
12.48,-0.9750039238962185,0.25544687035549607,89.93361513388484,11,-0.975,0.42499999999999993,0.10486988221165298,0.003974221688619829
12.488,-0.9750039902135181,0.2562836803528682,90.07546626185636,11,-0.975,0.42499999999999993,0.10484635733663533,-0.004692748107681721
12.496,-0.9750040565308178,0.2571204903502404,89.93361513388484,11,-0.975,0.42499999999999993,0.10486999918335402,0.003970648991319159
12.504,-0.9750041228481174,0.25795730034761255,90.07546626185636,11,-0.975,0.42499999999999993,0.10484623919588776,-0.004696356511476929
12.512,-0.9750041891654171,0.25879411034498473,89.933615133885,11,-0.975,0.42499999999999993,0.10487011851076224,0.003967004343036873
12.52,-0.9750042554827167,0.2596309203423569,90.07546626185636,11,-0.975,0.42499999999999993,0.10484611866385013,-0.004700037953070835
12.528,-0.9750043218000164,0.2604677303397291,89.933615133885,11,-0.975,0.42499999999999993,0.10487024026576362,0.003963285548140627
12.536,-0.975004388117316,0.26130454033710127,90.07546626185636,11,-0.975,0.42499999999999993,0.10484599566717694,-0.004703794672674233
12.544,-0.9750044544346157,0.26214135033447344,89.933615133885,11,-0.975,0.42499999999999993,0.1048703645232002,0.00395949032071119
12.552,-0.9750045207519153,0.2629781603318456,90.07546626185636,11,-0.975,0.42499999999999993,0.10484587012949206,-0.004707629003062652
12.56,-0.975004587069215,0.2638149703292178,89.933615133885,11,-0.975,0.42499999999999993,0.10487049136102189,0.003955616279902818
12.568,-0.9750046533865147,0.26465178032659,90.07546626185636,11,-0.975,0.42499999999999993,0.10484574197123082,-0.004711543374401716
12.576,-0.9750047197038143,0.26548859032396216,89.933615133885,11,-0.975,0.42499999999999993,0.10487062086045025,0.003951660944945368
12.584,-0.9750036755658208,0.26638976971907496,89.93361513388484,11,-0.975,0.42499999999999993,0.10486988576367867,0.003974113198169094
12.592,-0.9750027805903977,0.2671622092006002,89.933615133885,11,-0.975,0.42499999999999993,0.10486924899970385,0.003993562047027055
12.6,-0.9750017364524042,0.268063388595713,89.93361513388484,11,-0.975,0.42499999999999993,0.10486849818598443,0.004016494347104493
12.608,-0.9750018027697038,0.2689001985930851,90.07546626185635,11,-0.975,0.42499999999999993,0.10484774407812116,-0.004650392499278788
12.616,-0.9750018690870035,0.26973700859045746,89.93361513388498,11,-0.975,0.42499999999999993,0.10486860974392029,0.00401308700385139
12.624,-0.9750019354043031,0.2705738185878296,90.07546626185649,11,-0.975,0.42499999999999993,0.10484763131439787,-0.00465383667121344
12.632,-0.9750020017216028,0.27141062858520176,89.93361513388483,11,-0.975,0.42499999999999993,0.10486872373308612,0.004009605402904626
12.64,-0.9750020680389024,0.2722474385825739,90.07546626185633,11,-0.975,0.42499999999999993,0.10484751607970356,-0.004657356314662464
12.648,-0.9750021343562021,0.27308424857994623,89.93361513388497,11,-0.975,0.42499999999999993,0.10486884023383611,0.0040060470899849765
12.656,-0.9750022006735017,0.27392105857731835,90.07546626185649,11,-0.975,0.42499999999999993,0.10484739829191837,-0.004660953937835055
12.664,-0.9750022669908014,0.27475786857469053,89.93361513388481,11,-0.975,0.42499999999999993,0.10486895933010217,0.004002409501538073
12.672,-0.975002333308101,0.27559467857206266,90.07546626185632,11,-0.975,0.5499999999999999,0.10484809308770193,-0.004639732608244018
12.68,-0.9750023996254007,0.2764314885694349,89.93361513388513,11,-0.975,0.5499999999999999,0.10486823541567379,0.004024520209524596
12.688,-0.9750024659427003,0.27726829856680707,90.07546626185649,11,-0.975,0.5499999999999999,0.10484803138031061,-0.004641617353259075
12.696,-0.97500253226,0.2781051085641792,89.93361513388497,11,-0.975,0.5499999999999999,0.1048682975023168,0.004022623880926114
12.704,-0.9750025985772997,0.27894191856155137,90.07546626185633,11,-0.975,0.5499999999999999,0.10484796891090818,-0.0046435253725789485
12.712,-0.9750026648945993,0.2797787285589235,89.93361513388483,11,-0.975,0.5499999999999999,0.10486836035802914,0.0040207040624412604
12.72,-0.975002731211899,0.28061553855629584,90.07546626185649,11,-0.975,0.5499999999999999,0.10484790566529077,-0.0046454571000362765
12.728,-0.9750027975291986,0.28145234855366796,89.93361513388498,11,-0.975,0.5499999999999999,0.10486842399719026,0.004018760314875802
12.736,-0.9750028638464983,0.28228915855104014,90.07546626185635,11,-0.975,0.5499999999999999,0.10484784162890191,-0.004647412980232746
12.744,-0.9750029301637979,0.28312596854841227,89.93361513388484,11,-0.975,0.5499999999999999,0.10486848843453833,0.004016792188076823
12.752,-0.9750029964810976,0.2839627785457846,90.0754662618565,11,-0.975,0.5499999999999999,0.10484777678681627,-0.004649393469037255
12.76,-0.9750030627983972,0.28479958854315673,89.933615133885,11,-0.975,0.5499999999999999,0.10486855368518619,0.004014799220449339
12.768,-0.9750031291156969,0.2856363985405289,90.07546626185636,11,-0.975,0.5499999999999999,0.10484771112373313,-0.00465139903378331
12.776,-0.9750031954329965,0.28647320853790104,89.93361513388484,11,-0.975,0.5499999999999999,0.10486861976462801,0.004012780938751126
12.784,-0.9750032617502962,0.2873100185352734,90.07546626185652,11,-0.975,0.5499999999999999,0.10484764462395932,-0.004653430153792049
12.792,-0.9750033280675958,0.2881468285326455,89.93361513388501,11,-0.975,0.5499999999999999,0.10486868668875662,0.004010736857562702
12.8,-0.9750033943848955,0.2889836385300177,90.07546626185638,11,-0.975,0.5499999999999999,0.10484757727140166,-0.004655487320600726
12.808,-0.9750034607021951,0.2898204485273898,89.93361513388486,11,-0.975,0.5499999999999999,0.10486875447387124,0.004008666479053402
12.816,-0.9750035270194948,0.29065725852476215,90.07546626185653,11,-0.975,0.5499999999999999,0.10484750904954902,-0.004657571038513719
12.824,-0.9750035933367944,0.2914940685221343,89.93361513388503,11,-0.975,0.5499999999999999,0.10486882313669571,0.004006569292421824
12.832,-0.9750036596540941,0.29233087851950645,90.07546626185638,11,-0.975,0.5499999999999999,0.10484743994146388,-0.0046596818248582075
12.84,-0.9750037259713937,0.2931676885168786,89.93361513388487,11,-0.975,0.5499999999999999,0.10486889269438732,0.004004444773629268
12.848,-0.9750026818334002,0.2940688679119915,89.9336151338852,11,-0.975,0.5499999999999999,0.10486843104185307,0.004018545147894015
12.856,-0.9750017868579771,0.2948413073935167,89.93361513388503,11,-0.975,0.5499999999999999,0.10486803274421817,0.004030710456874975
12.864,-0.9750007427199836,0.29574248678862947,89.93361513388503,11,-0.975,0.5499999999999999,0.10486756500494168,0.004044996740102391
12.872,-0.9750008090372833,0.29657929678600164,90.07546626185638,11,-0.975,0.5499999999999999,0.10484870164649344,-0.0046211452376873074
12.88,-0.9750008753545829,0.29741610678337377,89.93361513388487,11,-0.975,0.5499999999999999,0.1048676273962053,0.004043091107397089
12.888,-0.9750009416718826,0.2982529167807461,90.07546626185655,11,-0.975,0.5499999999999999,0.10484863884113556,-0.004623063518182535
12.896,-0.9750010079891822,0.29908972677811824,89.93361513388504,11,-0.975,0.5499999999999999,0.10486769061979309,0.004041160052796089
12.904,-0.9750010743064819,0.2999265367754904,90.07546626185639,11,-0.975,0.5499999999999999,0.10484857519512694,-0.004625007474893139
12.912,-0.9750011406237815,0.30076334677286254,89.93361513388489,11,-0.975,0.5499999999999999,0.10486775469247094,0.0040392030642156795
12.92,-0.9750012069410812,0.3016001567702349,90.07546626185656,11,-0.975,0.5499999999999999,0.10484851069147436,-0.004626977626848272
12.928,-0.9750012732583808,0.302436966767607,89.93361513388506,11,-0.975,0.5499999999999999,0.10486781963146062,0.004037219615645515
12.936,-0.9750013395756805,0.3032737767649792,90.0754662618564,11,-0.975,0.5499999999999999,0.1048484453127261,-0.004628974507079885
12.944,-0.9750014058929801,0.3041105867623513,89.9336151338849,11,-0.975,0.5499999999999999,0.10486788545445024,0.004035209166833863
12.952,-0.9750014722102798,0.30494739675972365,90.07546626185658,11,-0.975,0.5499999999999999,0.10484837904095115,-0.004630998663259223
12.96,-0.9750015385275794,0.3057842067570958,89.93361513388507,11,-0.975,0.5499999999999999,0.10486795217961534,0.004033171162640237
12.968,-0.9750016048448791,0.30662101675446796,90.07546626185642,11,-0.975,0.5499999999999999,0.10484831185772783,-0.004633050658044979
12.976,-0.9750016711621787,0.3074578267518401,89.93361513388491,11,-0.975,0.5499999999999999,0.10486801982563053,0.004031105032681004
12.984,-0.9750017374794784,0.3082946367492124,90.07546626185659,11,-0.975,0.5499999999999999,0.10484824374412166,-0.00463513106975788
12.992,-0.975001803796778,0.30913144674658455,89.93361513388508,11,-0.975,0.5499999999999999,0.1048680884116921,0.004029010190639282
13.0,-0.9750018701140777,0.3099682567439567,90.07546626185643,11,-0.975,0.5499999999999999,0.10484817468067266,-0.004637240492769257
13.008000000000001,-0.9750019364313773,0.31080506674132885,89.93361513388493,11,-0.975,0.5499999999999999,0.10486815795753086,0.004026886033870913
13.016,-0.975002002748677,0.3116418767387012,90.0754662618566,11,-0.975,0.5499999999999999,0.10484810464737168,-0.004639379538223022
13.024000000000001,-0.9750020690659766,0.3124786867360733,89.93361513388508,11,-0.975,0.5499999999999999,0.10486822848343649,0.0040247319426638395
13.032,-0.9750021353832763,0.3133154967334455,90.07546626185645,11,-0.975,0.5499999999999999,0.10484803362364628,-0.0046415488344700995
13.040000000000001,-0.9750022017005759,0.3141523067308176,89.93361513388494,11,-0.975,0.5499999999999999,0.10486830001027192,0.004022547279795895
13.048,-0.9750022680178756,0.3149891167281898,90.07546626185629,11,-0.975,0.5499999999999999,0.10484796158833601,-0.004643749027818389
13.056000000000001,-0.9750023343351752,0.31582592672556203,89.9336151338851,11,-0.975,0.5499999999999999,0.10486837255949906,0.004020331389749887
13.064,-0.9750024006524749,0.3166627367229342,90.07546626185646,11,-0.975,0.5499999999999999,0.10484788851967335,-0.004645980783119508
13.072000000000001,-0.9750024669697746,0.31749954672030634,89.93361513388496,11,-0.975,0.5499999999999999,0.10486844615319522,0.004018083598213096
13.08,-0.9750025332870742,0.3183363567176785,90.0754662618563,11,-0.975,0.5499999999999999,0.10484781439526365,-0.004648244784378863
13.088000000000001,-0.9750025996043739,0.31917316671505075,89.93361513388511,11,-0.975,0.5499999999999999,0.10486852081408063,0.0040158032112356246
13.096,-0.9750026659216735,0.3200099767124229,90.07546626185648,11,-0.975,0.5499999999999999,0.10484773919205789,-0.004650541735588764
13.104000000000001,-0.9750027322389732,0.32084678670979505,89.93361513388497,11,-0.975,0.5499999999999999,0.10486859656553664,0.0040134895146747285
13.112,-0.9750016881009796,0.3217479661049078,89.93361513388497,11,-0.975,0.5499999999999999,0.1048680777613048,0.004029335488207719
13.120000000000001,-0.9750007931255565,0.32252040558643313,89.93361513388513,11,-0.975,0.5499999999999999,0.10486762980028333,0.004043017679012162
13.128,-0.974999748987563,0.3234215849815459,89.93361513388513,11,-0.975,0.5499999999999999,0.10486710331875577,0.004059098142198847
13.136000000000001,-0.9749998153048627,0.32425839497891806,90.07546626185649,11,-0.975,0.5499999999999999,0.10484916123172801,-0.004607108005498128
13.144,-0.9749998816221623,0.3250952049762902,89.93361513388497,11,-0.975,0.5499999999999999,0.1048671699529111,0.0040570629177411055
13.152000000000001,-0.974999947939462,0.32593201497366253,90.07546626185665,11,-0.975,0.5499999999999999,0.10484909410078735,-0.004609158403400593
13.16,-0.9750000142567616,0.32676882497103465,89.93361513388514,11,-0.975,0.5499999999999999,0.10486723758621289,0.004054997176090258
13.168000000000001,-0.9750000805740613,0.32760563496840683,90.07546626185649,11,-0.975,0.5499999999999999,0.10484902595946484,-0.004611239661661104
13.176,-0.9750001468913609,0.32844244496577896,89.93361513388498,11,-0.975,0.5499999999999999,0.10486730624130226,0.00405290022571414
13.184000000000001,-0.9750002132086606,0.3292792549631513,90.07546626185666,11,-0.975,0.5499999999999999,0.10484895678477547,-0.004613352482315869
13.192,-0.9750002795259602,0.3301160649605234,89.93361513388516,11,-0.975,0.5499999999999999,0.10486737594151208,0.004050771353950489
13.200000000000001,-0.9750003458432599,0.3309528749578956,90.0754662618565,11,-0.975,0.5499999999999999,0.1048488865530344,-0.004615497588778328
13.208,-0.9750004121605595,0.3317896849552677,89.933615133885,11,-0.975,0.5499999999999999,0.10486744671088856,0.00404860982634947
13.216000000000001,-0.9750004784778592,0.3326264949526399,90.07546626185636,11,-0.975,0.5499999999999999,0.10484881523982528,-0.004617675726802051
13.224,-0.9750005447951589,0.33346330495001214,89.93361513388517,11,-0.975,0.5499999999999999,0.10486751857422384,0.00404641488567814
13.232000000000001,-0.9750006111124585,0.3343001149473843,90.07546626185652,11,-0.975,0.5499999999999999,0.10484874281997411,-0.00461988766528354
13.24,-0.9750006774297582,0.33513692494475644,89.93361513388501,11,-0.975,0.5499999999999999,0.10486759155707998,0.004044185751188367
13.248000000000001,-0.9750007437470578,0.3359737349421286,90.07546626185638,11,-0.975,0.5499999999999999,0.10484866926752137,-0.00462213419711166
13.256,-0.9750008100643575,0.33681054493950086,89.93361513388518,11,-0.975,0.5499999999999999,0.10486766568582426,0.004041921617536581
13.264000000000001,-0.9750008763816571,0.33764735493687303,90.07546626185653,11,-0.975,0.5499999999999999,0.10484859455568657,-0.00462441614025022
13.272,-0.9750009426989568,0.33848416493424516,89.93361513388503,11,-0.975,0.5499999999999999,0.10486774098765594,0.004039621653969316
13.280000000000001,-0.9750010090162564,0.33932097493161734,90.07546626185638,11,-0.975,0.5499999999999999,0.10484851865684082,-0.00462673433857419
13.288,-0.9750010753335561,0.34015778492898957,89.9336151338852,11,-0.975,0.5499999999999999,0.10486781749064457,0.004037285003150482
13.296000000000001,-0.9750011416508557,0.34099459492636175,90.07546626185655,11,-0.975,0.5499999999999999,0.10484844154246775,-0.004629089663068076
13.304,-0.9750012079681554,0.3418314049237339,89.93361513388504,11,-0.975,0.5499999999999999,0.10486789522375983,0.004034910780252088
13.312000000000001,-0.975001274285455,0.34266821492110605,90.07546626185639,11,-0.975,0.5499999999999999,0.10484836318313275,-0.004631483012760063
13.32,-0.9750013406027547,0.3435050249184783,89.93361513388521,11,-0.975,0.5499999999999999,0.10486797421691316,0.0040324980716812675
13.328,-0.9750014069200543,0.34434183491585046,90.07546626185656,11,-0.975,0.5499999999999999,0.10484828354844049,-0.004633915316022974
13.336,-0.975001473237354,0.3451786449132226,89.93361513388506,11,-0.975,0.5499999999999999,0.10486805450099097,0.004030045934065307
13.344,-0.9750015395546536,0.34601545491059477,90.0754662618564,11,-0.975,0.5499999999999999,0.10484820260700072,-0.004636387531617213
13.352,-0.9750016058719533,0.346852264907967,89.93361513388521,11,-0.975,0.5499999999999999,0.1048681361079002,0.00402755339286287
13.36,-0.9750016721892529,0.3476890749053392,90.07546626185658,11,-0.975,0.5499999999999999,0.10484812032638188,-0.004638900650108301
13.368,-0.9750017385065526,0.3485258849027113,89.93361513388507,11,-0.975,0.5499999999999999,0.10486821907060535,0.004025019441230904
13.376,-0.9750006943685591,0.34942706429782405,89.93361513388507,11,-0.975,0.5499999999999999,0.10486762697520947,0.004043103965982842
13.384,-0.9750007606858587,0.35026387429519623,90.07546626185642,11,-0.975,0.5499999999999999,0.10484863105959903,-0.004623301191690965
13.392,-0.9750008270031584,0.35110068429256847,89.93361513388523,11,-0.975,0.5499999999999999,0.10486770672783721,0.004040668060585784
13.4,-0.975000893320458,0.3519374942899406,90.07546626185673,11,-0.975,0.5499999999999999,0.10484855063447625,-0.004625757637279904
13.408,-0.9750009596377577,0.3527743042873128,89.9336151338849,11,-0.975,0.5499999999999999,0.10486778783399542,0.00403819081395329
13.416,-0.9750010259550573,0.35361111428468495,90.0754662618564,11,-0.975,0.5499999999999999,0.10484846883859401,-0.004628255950334559
13.424,-0.975001092272357,0.3544479242820572,89.93361513388521,11,-0.975,0.5499999999999999,0.10486787032843871,0.004035671164565491
13.432,-0.9750011585896566,0.3552847342794293,90.07546626185673,12,-0.975,0.5499999999999999,0.1048483856366037,-0.004630797210515958
13.44,-0.9750012249069563,0.35612154427680154,89.93361513388489,12,-0.975,0.5499999999999999,0.10486795424711681,0.0040331080144010425
13.448,-0.9750012912242559,0.35695835427417366,90.07546626185639,12,-0.975,0.5499999999999999,0.1048483009919362,-0.00463338253476453
13.456,-0.9750013575415556,0.3577951642715459,89.93361513388521,12,-0.975,0.5499999999999999,0.10486803962723687,0.00403050022703233
13.464,-0.9750014238588552,0.358631974268918,90.07546626185672,12,-0.975,0.5499999999999999,0.10484821486673786,-0.004636013079254652
13.472,-0.9750014901761549,0.35946878426629025,89.93361513388487,12,-0.975,0.5499999999999999,0.104868126507308,0.00402784662626543
13.48,-0.9750015564934545,0.3603055942636624,90.07546626185638,12,-0.975,0.5499999999999999,0.1048481272218244,-0.004638690040801308
13.488,-0.9750016228107542,0.3611424042610346,89.9336151338852,12,-0.975,0.5499999999999999,0.10486821492720967,0.00402514599405035
13.496,-0.9750016891280539,0.36197921425840673,90.0754662618567,12,-0.975,0.5499999999999999,0.10484803801661108,-0.004641414658995703
13.504,-0.9750017554453535,0.36281602425577897,89.93361513388486,12,-0.975,0.5499999999999999,0.10486830492824233,0.004022397068937589
13.512,-0.9750018217626532,0.3636528342531511,90.07546626185638,12,-0.975,0.5499999999999999,0.10484794720906043,-0.0046441882177984395
13.52,-0.9750018880799528,0.3644896442505233,89.93361513388518,12,-0.975,0.5499999999999999,0.10486839655320211,0.004019598543793301
13.528,-0.9750019543972525,0.36532645424789545,90.07546626185669,12,-0.975,0.5499999999999999,0.10484785475560594,-0.004647012047873322
13.536,-0.9750020207145521,0.3661632642452676,89.93361513388518,12,-0.975,0.5499999999999999,0.10486848984643896,0.004016749064025826
13.544,-0.9750020870318518,0.3670000742426398,90.07546626185638,12,-0.975,0.5499999999999999,0.10484776061109247,-0.004649887528405894
13.552,-0.9750021533491514,0.36783688424001204,89.93361513388518,12,-0.975,0.5499999999999999,0.10486858485393533,0.004013847225181166
13.56,-0.9750022196664511,0.36867369423738416,90.07546626185669,12,-0.975,0.5499999999999999,0.10484766472869264,-0.004652816089656397
13.568,-0.9750022859837507,0.3695105042347563,89.93361513388518,12,-0.975,0.5499999999999999,0.10486868162337849,0.004010891570733532
13.576,-0.9750023523010504,0.3703473142321285,90.07546626185638,12,-0.975,0.5499999999999999,0.10484756705983929,-0.004655799215024681
13.584,-0.97500241861835,0.37118412422950076,89.93361513388518,12,-0.975,0.5499999999999999,0.10486878020424109,0.004007880589627977
13.592,-0.9750024849356497,0.3720209342268729,90.07546626185669,12,-0.975,0.5499999999999999,0.10484746755413331,-0.004658838443864276
13.6,-0.9750025512529493,0.372857744224245,89.93361513388518,12,-0.975,0.5499999999999999,0.10486888064786536,0.004004812713704897
13.608,-0.975002617570249,0.37369455422161724,90.07546626185638,12,-0.975,0.5499999999999999,0.10484736615926699,-0.004661935373822423
13.616,-0.9750026838875486,0.37453136421898947,89.93361513388518,12,-0.975,0.5499999999999999,0.10486898300755235,0.004001686314976105
13.624,-0.9750027502048483,0.3753681742163616,90.07546626185669,12,-0.975,0.5499999999999999,0.1048472628209223,-0.00466509166394946
13.632,-0.9750028165221479,0.3762049842137337,89.93361513388518,12,-0.975,0.5499999999999999,0.10486908733865628,0.00399849970274313
13.64,-0.9750017723841544,0.37710616360884663,89.93361513388486,12,-0.975,0.5499999999999999,0.10486840497860778,0.0040193412044216
13.648,-0.9750008774087313,0.3778786030903719,89.93361513388518,12,-0.975,0.5499999999999999,0.10486781441149816,0.004037379050325751
13.656,-0.9749998332707378,0.37877978248548466,89.93361513388518,12,-0.975,0.5499999999999999,0.10486711868184688,0.0040586289032832346
13.664,-0.9749998995880375,0.3796165924828568,90.07546626185669,12,-0.975,0.5499999999999999,0.1048491350084689,-0.004607908949369354
13.672,-0.9749999659053371,0.380453402480229,89.93361513388484,12,-0.975,0.5499999999999999,0.10486720722418974,0.004055924531315203
13.68,-0.9750000322226368,0.38129021247760114,90.07546626185636,12,-0.975,0.5499999999999999,0.104849045589933,-0.004610640083131057
13.688,-0.9750000985399364,0.3821270224749734,89.93361513388517,12,-0.975,0.5499999999999999,0.10486729753199062,0.004053166236500538
13.696,-0.9750001648572361,0.3829638324723455,90.07546626185668,12,-0.975,0.5499999999999999,0.10484895437953652,-0.004613425946159322
13.704,-0.9750002311745357,0.3838006424697176,89.93361513388517,12,-0.975,0.5499999999999999,0.10486738965858176,0.00405035238989826
13.712,-0.9750002974918354,0.38463745246708986,90.07546626185636,12,-0.975,0.5499999999999999,0.10484886132287635,-0.004616268200103301
13.72,-0.975000363809135,0.3854742624644621,89.93361513388517,12,-0.975,0.5499999999999999,0.10486748365946817,0.0040474812962052464
13.728,-0.9750004301264347,0.3863110724618342,90.07546626185668,12,-0.975,0.5499999999999999,0.10484876636331908,-0.004619168574732213
13.736,-0.9750004964437343,0.38714788245920634,89.93361513388517,12,-0.975,0.5499999999999999,0.10486757959243584,0.004044551190447886
13.744,-0.975000562761034,0.3879846924565786,90.07546626185636,12,-0.975,0.5499999999999999,0.10484866944189646,-0.004622128871127895
13.752,-0.9750006290783336,0.3888215024539508,89.93361513388517,12,-0.975,0.5499999999999999,0.1048676775176709,0.004041560234345765
13.76,-0.9750006953956333,0.38965831245132293,90.07546626185668,12,-0.975,0.5499999999999999,0.10484857049717301,-0.004625150965730685
13.768,-0.9750007617129329,0.39049512244869505,89.93361513388517,12,-0.975,0.5499999999999999,0.10486777749788553,0.004038506512464735
13.776,-0.9750008280302326,0.3913319324460673,90.07546626185636,12,-0.975,0.5499999999999999,0.10484846946512641,-0.004628236813991271
13.784,-0.9750008943475322,0.3921687424434395,89.93361513388517,12,-0.975,0.5499999999999999,0.10486787959845184,0.004035388028126752
13.792,-0.9750009606648319,0.39300555244081165,90.07546626185668,12,-0.975,0.5499999999999999,0.1048483662789991,-0.004631388454903074
13.8,-0.9750010269821315,0.39384236243818377,89.93361513388517,12,-0.975,0.5499999999999999,0.10486798388754444,0.004032202699057019
13.808,-0.9750010932994312,0.394679172435556,90.07546626185636,12,-0.975,0.5499999999999999,0.10484826086916148,-0.004634608015181784
13.816,-0.9750011596167308,0.39551598243292824,89.93361513388517,12,-0.975,0.5499999999999999,0.10486809043629229,0.004028948352745143
13.824,-0.9750012259340305,0.39635279243030036,90.07546626185668,12,-0.975,0.5499999999999999,0.10484815316294481,-0.004637897714366623
13.832,-0.9750012922513301,0.3971896024276725,89.93361513388517,12,-0.975,0.5499999999999999,0.10486819931894044,0.0040256227215055285
13.84,-0.9750013585686298,0.3980264124250447,90.07546626185636,12,-0.975,0.5499999999999999,0.10484804308448464,-0.004641259869606063
13.848,-0.9750014248859294,0.39886322242241695,89.93361513388517,12,-0.975,0.5499999999999999,0.10486831061302251,0.004022223437207484
13.856,-0.9750014912032291,0.3997000324197891,90.07546626185668,12,-0.975,0.5499999999999999,0.10484793055453215,-0.0046446969014181105
13.864,-0.9750015575205287,0.4005368424171612,89.93361513388517,12,-1.0,0.6499999999999999,0.09342233701151126,0.3536195929619762
13.872,-0.9750025749277959,0.40130928174712993,90.21731738982788,12,-1.0,0.6499999999999999,0.09395489453988529,0.33735354889075897
13.88,-0.9750061370632469,0.40201734278693596,90.35916851779939,12,-1.0,0.6499999999999999,0.0942076681574172,0.3296330180865683
13.888,-0.9750124185669041,0.40285412921059,90.5010196457709,12,-1.0,0.6499999999999999,0.09445554354638795,0.3220620951602162
13.896,-0.9750194866358328,0.40356216393240923,90.64287077374209,12,-1.0,0.6499999999999999,0.09470955004306601,0.3143039082053618
13.904,-0.9750281533942824,0.404334555310467,90.6428707737424,12,-1.0,0.6499999999999999,0.09467740315149388,0.3152857791342386
13.912,-0.9750387323870252,0.40510692286449335,90.92657302968512,12,-1.0,0.6499999999999999,0.09521334654576226,0.29891631967421817
13.92,-0.9750510590043859,0.40581488556082995,91.06842415765662,12,-1.0,0.6499999999999999,0.09546925919655332,0.29109991255504997
13.928,-0.9750676982126301,0.4066515301166893,91.21027528562782,12,-1.0,0.6499999999999999,0.09572087963694252,0.28341460354235815
13.936,-0.9750835301690765,0.4073594230987529,91.35212641359932,12,-1.0,0.6499999999999999,0.09597808523788366,0.2755587055081191
13.944,-0.9751017573333576,0.4081316480168192,91.35212641359932,12,-1.0,0.6499999999999999,0.09594945356723701,0.2764332101235978
13.952,-0.9751218962905159,0.4089038254420295,91.63582866954235,12,-1.0,0.6499999999999999,0.0964889458769793,0.259955355208762
13.96,-0.9751439469171111,0.40967595064137663,91.63582866954204,12,-1.0,0.6499999999999999,0.09646176014822208,0.26078569604240537
13.968,-0.9751679090779855,0.4104480188821728,91.91953092548506,12,-1.0,0.6499999999999999,0.09700271249789658,0.24426324674552102
13.976,-0.9751937826262645,0.4112200254320801,91.91953092548506,12,-1.0,0.6499999999999999,0.09697700108500867,0.24504855716342944
13.984,-0.9752196561745436,0.4119920319819871,91.91953092548506,12,-1.0,0.6499999999999999,0.0969511240864862,0.24583892510674343
13.992,-0.9752474409516373,0.4127639721090448,92.20323318142778,12,-1.0,0.6499999999999999,0.09749340095775284,0.2292760205999652
14.0,-0.9752771367872407,0.41353584108170005,92.20323318142809,12,-1.0,0.6499999999999999,0.09746903007808708,0.23002038676057096
14.008000000000001,-0.975310342359352,0.41437199200472824,92.34508430939928,12,-1.0,0.6499999999999999,0.09772665156117642,0.2221517863289566
14.016,-0.9753401909312398,0.41507943259421687,92.48693543737079,12,-1.0,0.6499999999999999,0.09798899014680458,0.21413911019904242
14.024000000000001,-0.9753775363128261,0.4159154088490078,92.62878656534198,12,-1.0,0.6499999999999999,0.09824828575631454,0.20621937648569214
14.032,-0.9754129641849985,0.41668703597364337,92.6287865653423,12,-1.0,0.6499999999999999,0.09822606850053339,0.20689796394793536
14.040000000000001,-0.9754483920571708,0.41745866309827884,92.6287865653423,12,-1.0,0.6499999999999999,0.09820370471743622,0.20758102683236843
14.048,-0.975485730189508,0.4182302001469509,92.91248882128501,12,-1.0,0.6499999999999999,0.09874953614534458,0.19090955457110825
14.056000000000001,-0.9755249783531487,0.419001642390577,92.91248882128532,12,-1.0,0.6499999999999999,0.09872876173976038,0.19154407268188933
14.064,-0.9755685317004436,0.4198373182141112,93.05433994925652,12,-1.0,0.6499999999999999,0.09899031424404384,0.1835554060403688
14.072000000000001,-0.9756096896548186,0.42060866092418986,93.05433994925652,12,-1.0,0.6499999999999999,0.09897020020582717,0.18416975437768632
14.08,-0.9756553118070121,0.4214442263586888,93.19619107722771,12,-1.0,0.6499999999999999,0.09923247563827156,0.17615900715200472
14.088000000000001,-0.975698379299847,0.422215464807329,93.19619107722802,12,-1.0,0.6499999999999999,0.09921303596534074,0.17675275817377334
14.096,-0.9757460699773014,0.42305091473125256,93.33804220519953,12,-1.0,0.6499999999999999,0.09947604970317277,0.16871946069326826
14.104000000000001,-0.9757881736707155,0.42375773182492027,93.47989333317072,12,-1.0,0.6499999999999999,0.09974300940646677,0.16056564055616973
14.112,-0.9758350594368295,0.42452874756959463,93.47989333317072,12,-1.0,0.6499999999999999,0.09972510836165241,0.16111239685639578
14.120000000000001,-0.9758868862751784,0.4253639511106115,93.62174446114223,12,-1.0,0.6499999999999999,0.09998980468969233,0.15302770758248352
14.128,-0.975935680752708,0.42613484841412375,93.62174446114223,12,-1.0,0.6499999999999999,0.09997262165893649,0.15355253339126507
14.136000000000001,-0.9759895752013383,0.42696992108431897,93.76359558911342,12,-1.0,0.6499999999999999,0.10023810422070187,0.14544382997475377
14.144,-0.9760402780912011,0.4277406952215079,93.76359558911342,12,-1.0,0.6499999999999999,0.10022165479380832,0.1459462491286311
14.152000000000001,-0.9760962398197706,0.42857563190236186,93.90544671708493,12,-1.0,0.6499999999999999,0.1004879407209309,0.13781300831360532
14.16,-0.9761488508111867,0.4293462781488216,93.90544671708493,12,-1.0,0.6499999999999999,0.10047224093968139,0.1382925308442372
14.168000000000001,-0.9762068794766818,0.43018107372264835,94.04729784505643,12,-1.0,0.6499999999999999,0.10073934786222496,0.13013421415104154
14.176,-0.976261398247176,0.43095158735475597,94.04729784505643,12,-1.0,0.6499999999999999,0.10072441423678105,0.13059033578423906
14.184000000000001,-0.9763214934939141,0.43178623670473454,94.18914897302763,12,-1.0,0.6499999999999999,0.10099236030139466,0.12240638895501843
14.192,-0.9763779197093172,0.43255661299968096,94.18914897302794,12,-1.0,0.6499999999999999,0.10097820982741525,0.12283859058792079
14.200000000000001,-0.9764437502939542,0.433455385343785,94.18914897302794,12,-1.0,0.6499999999999999,0.10096157417444311,0.12334669769369144
14.208,-0.9765001765093574,0.43422576163873144,94.18914897302763,12,-1.0,0.6499999999999999,0.10094720516293115,0.12378557417568736
14.216000000000001,-0.9765623379689888,0.4350602596489366,94.33100010099913,12,-1.0,0.6499999999999999,0.10121577387422882,0.11558260968571821
14.224,-0.9766206712834404,0.4358304938847539,94.33100010099945,12,-1.0,0.6499999999999999,0.10120220846432369,0.1159969415533657
14.232000000000001,-0.976679004597892,0.43660072812057127,94.33100010099913,12,-1.0,0.6499999999999999,0.10118854548399453,0.11641425354002921
14.24,-0.9767432318894025,0.4374350696760059,94.47285122897064,12,-1.0,0.6499999999999999,0.10145788966550297,0.1081876036603091
14.248000000000001,-0.9768034719453526,0.43820515713159747,94.47285122897064,12,-1.0,0.6499999999999999,0.10144505002020139,0.10857976830958527
14.256,-0.9768697646750654,0.4390393371182233,94.61470235694215,12,-1.0,0.6499999999999999,0.1017152963011325,0.10032556537092985
14.264000000000001,-0.9769319111032767,0.43980927307339124,94.61470235694215,12,-1.0,0.6499999999999999,0.10170329887511813,0.1006920058959313
14.272,-0.9770044152695232,0.44070753168775395,94.61470235694215,12,-1.0,0.6499999999999999,0.10168919066586242,0.1011229166263078
14.280000000000001,-0.9770665616977345,0.44147746764292223,94.61470235694215,12,-1.0,0.6499999999999999,0.10167700147956822,0.10149521413576014
14.288,-0.9771349194593131,0.4423114809476913,94.75655348491365,12,-1.0,0.6499999999999999,0.10194796500146944,0.09321910431830227
14.296000000000001,-0.9771989718788635,0.4430812606831675,94.75655348491334,12,-1.0,0.6499999999999999,0.10193664146046331,0.09356496219700006
14.304,-0.9772693942533136,0.4439151021940535,94.89840461288485,12,-1.0,0.6499999999999999,0.10220855368736394,0.08525987583426975
14.312000000000001,-0.9773353522715983,0.44468472099152667,94.89840461288516,12,-1.0,0.6499999999999999,0.10219811611055954,0.0855786734763113
14.32,-0.9774123032929304,0.4455826095885786,94.89840461288516,12,-1.0,0.6499999999999999,0.10218583987259963,0.08595362982758901
14.328000000000001,-0.9774782613112151,0.44635222838605176,94.89840461288485,12,-1.0,0.6499999999999999,0.1021752314568251,0.08627764544903983
14.336,-0.9775507478668878,0.44718589299208145,95.04025574085635,12,-1.0,0.6499999999999999,0.10244793221019982,0.07794847491568824
14.344,-0.9776186110796216,0.44795534613422705,95.04025574085635,12,-1.0,0.6499999999999999,0.10243823548021112,0.0782446446794024
14.352,-0.977697784827811,0.44885304146673,95.04025574085635,12,-1.0,0.6499999999999999,0.10242682909795893,0.07859303279997587
14.36,-0.9777656480405448,0.4496224946088753,95.04025574085635,12,-1.0,0.6499999999999999,0.10241697105753388,0.0788941295105966
14.368,-0.9778401983331387,0.4504559772001597,95.18210686882786,12,-1.0,0.6499999999999999,0.10269049928159754,0.07053968532327039
14.376,-0.9779099663243589,0.45122525997066826,95.18210686882786,12,-1.0,0.6499999999999999,0.10268158006116744,0.07081210740889898
14.384,-0.9779913623141158,0.4521227565362614,95.18210686882786,12,-1.0,0.6499999999999999,0.10267108685074457,0.0711326042831203
14.392,-0.9780611303053359,0.4528920393067697,95.18210686882786,12,-1.0,0.6499999999999999,0.10266201678624261,0.07140963363874353
14.4,-0.9781377438779003,0.4537253347745355,95.32395799679905,12,-1.0,0.6499999999999999,0.1029364140299003,0.06302864675835218
14.408,-0.9782094162199688,0.45449444245814197,95.32395799679936,12,-1.0,0.6499999999999999,0.1029283114414146,0.06327612624061885
14.416,-0.978293033952382,0.45539173475568273,95.32395799679936,12,-1.0,0.6499999999999999,0.10291877764034148,0.06356731962379181
14.424,-0.9783647062944505,0.45616084243928917,95.32395799679905,12,-1.0,0.6499999999999999,0.10291053570172169,0.06381905531370147
14.432,-0.9784433826773877,0.4569939456759098,95.46580912477056,12,-1.0,0.6499999999999999,0.10318584633979189,0.055410170388541555
14.44,-0.9785220590603251,0.45782704891253057,95.32395799679936,12,-1.0,0.6499999999999999,0.10289367984678395,0.06433388810578
14.448,-0.9786007354432623,0.4586601521491512,95.46580912477089,12,-1.0,0.6499999999999999,0.10316884429982022,0.05592946814839862
14.456,-0.9786743116968685,0.4594290800316638,95.46580912477056,12,-1.0,0.6499999999999999,0.10316146844156314,0.056154750918955054
14.464,-0.978760150659409,0.46032616256126174,95.46580912477056,12,-1.0,0.6499999999999999,0.1031527878257561,0.05641988524108854
14.472,-0.9788337269130152,0.46109509044377434,95.46580912477089,12,-1.0,0.6499999999999999,0.10314528179634881,0.056649143863178875
14.48,-0.978914465624084,0.461927996342802,95.60766025274206,12,-1.0,0.6499999999999999,0.10342141053257468,0.048215271551781846
14.488,-0.9789952043351529,0.46276090224182953,95.46580912477056,12,-1.0,0.6499999999999999,0.10313006749124992,0.057113838368591296
14.496,-0.9790759430462217,0.46359380814085704,95.60766025274206,12,-1.0,0.6499999999999999,0.10340606079606804,0.048684102574152455
14.504,-0.9791514227603851,0.4643625515091862,95.60766025274206,12,-1.0,0.6499999999999999,0.10339947004144477,0.04888540571879473
14.512,-0.9792394824269091,0.4652594187722367,95.60766025274206,12,-1.0,0.6499999999999999,0.10339171161131436,0.04912237348227777
14.52,-0.9793149621410724,0.4660281621405656,95.60766025274206,12,-1.0,0.6499999999999999,0.10338500141624728,0.04932732472767798
14.528,-0.9793977626853905,0.46686086559676143,95.74951138071357,12,-1.0,0.6499999999999999,0.10366201485726635,0.04086643064606954
14.536,-0.9794805632297086,0.46769356905295756,95.60766025274206,12,-1.0,0.6499999999999999,0.10337156277174281,0.049737784766492266
14.544,-0.9795633637740266,0.4685262725091534,95.74951138071357,12,-1.0,0.6499999999999999,0.10364845334481726,0.041280643472696665
14.552,-0.9796407464860996,0.4692948266513399,95.74951138071357,12,-1.0,0.6499999999999999,0.10364271249581697,0.04145598772729786
14.56,-0.9797310263168513,0.47019147315055765,95.74951138071357,12,-1.0,0.6499999999999999,0.1036359528949557,0.04166244798680985
14.568,-0.9798084090289242,0.47096002729274433,95.74951138071326,12,-1.0,0.6499999999999999,0.10363010513603588,0.04184105761908408
14.576,-0.9798932708989713,0.471792523202111,95.89136250868509,12,-1.0,0.6499999999999999,0.10390807732619876,0.03335088021126986
14.584,-0.9799781327690184,0.47262501911147753,95.74951138071359,12,-1.0,0.6499999999999999,0.1036185912827929,0.04219272825427656
14.592,-0.9800629946390654,0.4734575150208442,95.89136250868478,12,-1.0,0.6499999999999999,0.10389645527056825,0.03370585570032436
14.6,-0.9801478565091125,0.4742900109302107,95.74951138071327,12,-1.0,0.6499999999999999,0.10360685949236623,0.042551055401950255
14.608,-0.9802327183791596,0.4751225068395774,95.8913625086851,12,-1.0,0.6499999999999999,0.1038846121838637,0.03406758219936312
14.616,-0.9803120036148302,0.4758908670448228,95.8913625086848,12,-1.0,0.6499999999999999,0.10387969514957243,0.034217764465541256
14.624,-0.9804045030564458,0.47678728728427566,95.8913625086848,12,-1.0,0.6499999999999999,0.10387390353578882,0.0343946592422153
14.632,-0.9804837882921164,0.4775556474895209,95.8913625086848,12,-1.0,0.6499999999999999,0.10386889142400736,0.034547745485077996
14.64,-0.9805762877337321,0.4784520677289739,95.8913625086851,12,-1.0,0.6499999999999999,0.10386298727742709,0.03472807738043382
14.648,-0.9806555729694026,0.47922042793421915,95.8913625086851,12,-1.0,0.6499999999999999,0.10385787730366558,0.03488415264738387
14.656,-0.9807424956450239,0.480052711194031,96.0332136366563,12,-1.0,0.6499999999999999,0.10413668566551355,0.026368435828791004
14.664,-0.9808294183206452,0.48088499445384264,95.8913625086848,13,-1.0,0.6499999999999999,0.1038480413938843,0.03518457341595593
14.672,-0.9809163409962665,0.48171727771365447,96.03321363665663,13,-1.0,0.6499999999999999,0.10412675279929334,0.026671817963270894
14.68,-0.9810032636718877,0.48254956097346613,95.89136250868512,13,-1.0,0.6499999999999999,0.10383801013054535,0.035490960919404846
14.688,-0.981090186347509,0.48338184423327796,96.03321363665631,13,-1.0,0.6499999999999999,0.10411662166947148,0.026981255714862984
14.696,-0.9811713736208039,0.4841500057919717,96.03321363665631,13,-1.0,0.6499999999999999,0.10411253366945106,0.02710611657017492
14.704,-0.9812660921063145,0.48504619427711465,96.03321363665663,13,-1.0,0.6499999999999999,0.10410771625700371,0.027253256060282283
14.712,-0.9813472793796094,0.4858143558358085,96.03321363665631,13,-1.0,0.6499999999999999,0.10410354522567718,0.02738065296252301
14.72,-0.9814419978651201,0.4867105443209513,96.03321363665631,13,-1.0,0.6499999999999999,0.10409862946730974,0.027530796257825292
14.728,-0.981523185138415,0.48747870587964504,96.03321363665631,13,-1.0,0.6499999999999999,0.10409437284912453,0.027660807261906672
14.736,-0.9816179036239256,0.4883748943647878,96.03321363665631,13,-1.0,0.6499999999999999,0.1040893557023139,0.027814047290984134
14.744,-0.9816990908972205,0.48914305592348184,96.03321363665631,13,-1.0,0.6499999999999999,0.10408501083575765,0.02794675368817512
14.752,-0.9817880738456295,0.48997512143231653,96.17506476462782,13,-1.0,0.6499999999999999,0.10436469612096685,0.01940425276968516
14.76,-0.9818770567940385,0.4908071869411512,96.03321363665631,13,-1.0,0.6499999999999999,0.10407693493521591,0.028193418033579776
14.768,-0.9819660397424474,0.4916392524499861,96.1750647646275,13,-1.0,0.6499999999999999,0.10435653564141278,0.01965350043401526
14.776,-0.9820550226908564,0.49247131795882093,96.03321363665631,13,-1.0,0.6499999999999999,0.1040686885409726,0.028445289812765173
14.784,-0.9821440056392654,0.4933033834676556,96.17506476462782,13,-1.0,0.6499999999999999,0.10434820196852933,0.01990803798756635
14.792,-0.9822409425881008,0.4941993347053636,96.17506476462782,13,-1.0,0.6499999999999999,0.10434445612380805,0.02002244830396216
14.8,-0.9823240314013882,0.49496729290911334,96.1750647646275,13,-1.0,0.6499999999999999,0.10434121096279841,0.020121566106619193
14.808,-0.9824150740771702,0.49579913556688376,96.31691589259934,13,-1.0,0.6499999999999999,0.10462212599914965,0.011541504576914163
14.816,-0.9825061167529521,0.4966309782246541,96.17506476462783,13,-1.0,0.6499999999999999,0.10433560630469438,0.020292750647006193
14.824,-0.9825971594287339,0.4974628208824244,96.31691589259934,13,-1.0,0.6499999999999999,0.10461646040908182,0.011714550178230197
14.832,-0.9826882021045159,0.4982946635401948,96.1750647646275,13,-1.0,0.6499999999999999,0.10432987878358382,0.02046768782438024
14.84,-0.9827792447802979,0.4991265061979652,96.31691589259934,13,-1.0,0.6499999999999999,0.10461066993588874,0.011891410117548462
14.848,-0.9828702874560797,0.49995834885573553,96.17506476462783,13,-1.0,0.6499999999999999,0.1043240243146981,0.0206465024009006
14.856,-0.9829613301318616,0.5007901915135058,96.31691589259934,13,-1.0,0.6499999999999999,0.10460475040450305,0.012072211915045705
14.864,-0.9830523728076436,0.5016220341712763,96.1750647646275,13,-1.0,0.75,0.10045672034610476,-0.13876658039884548
14.872,-0.983135461620931,0.502389992375026,96.17506476462782,13,-1.0,0.75,0.10044258367164609,-0.13919836054937174
14.88,-0.98322444456934,0.5032220578838607,96.03321363665631,13,-1.0,0.75,0.10071135116890197,-0.13098932448781697
14.888,-0.9833056318426349,0.5039902194425545,96.03321363665663,13,-1.0,0.75,0.10069791938179223,-0.13139957507942757
14.896,-0.9833925545182561,0.5048225027023662,95.89136250868512,13,-1.0,0.75,0.1009674580233326,-0.12316698575602147
14.904,-0.9834718397539267,0.5055908629076116,95.89136250868481,13,-1.0,0.75,0.1009547450892644,-0.12355528023090934
14.912,-0.9835567016239738,0.5064233588169782,95.74951138071361,13,-1.0,0.75,0.10122507020255964,-0.1152986694947098
14.92,-0.9836415634940209,0.5072558547263447,95.89136250868512,13,-1.0,0.75,0.10092789883659316,-0.12437525235754665
14.928,-0.983726425364068,0.5080883506357112,95.74951138071361,13,-1.0,0.75,0.10119803906383247,-0.11612428864457622
14.936,-0.9838038080761409,0.508856904777898,95.74951138071361,13,-1.0,0.75,0.10118589006367937,-0.11649535873819572
14.944,-0.9838811907882138,0.5096254589200846,95.74951138071361,13,-1.0,0.75,0.10117366320037754,-0.11686880702635982
14.952,-0.9839639913325319,0.5104581623762805,95.60766025274211,13,-1.0,0.75,0.10144452511588656,-0.10859580059955087
14.96,-0.9840394710466953,0.5112269057446097,95.60766025274211,13,-1.0,0.75,0.10143305047183371,-0.10894627365818021
14.968,-0.9841202097577642,0.5120598116436372,95.4658091247706,13,-1.0,0.75,0.10170473555204737,-0.10064812509620168
14.976,-0.9841937860113703,0.5128287395261497,95.4658091247706,13,-1.0,0.75,0.10169402847862019,-0.10097515404417634
14.984,-0.9842724623943077,0.5136618427627705,95.32395799679941,13,-1.0,0.75,0.10196655357832096,-0.09265134854699408
14.992,-0.984351138777245,0.5144949459993913,95.4658091247706,13,-1.0,0.75,0.10167159494072185,-0.10166034746777086
15.0,-0.9844298151601822,0.5153280492360119,95.3239579967991,13,-1.0,0.75,0.10194396074447366,-0.09334140738847863
15.008000000000001,-0.9845014875022507,0.5160971569196184,95.32395799679941,13,-1.0,0.75,0.10193389176595703,-0.09364894683647762
15.016,-0.9845781010748151,0.5169304523873841,95.1821068688279,13,-1.0,0.75,0.10220711885173903,-0.08530370039455915
15.024000000000001,-0.9846478690660353,0.5176997351578926,95.18210686882759,13,-1.0,0.75,0.10219785315308741,-0.085586705055254
15.032,-0.9847292650557922,0.5185972317234858,95.1821068688279,13,-1.0,0.75,0.102186965181177,-0.08591925923298127
15.040000000000001,-0.9847990330470123,0.5193665144939942,95.1821068688279,13,-1.0,0.75,0.10217756507803033,-0.0862063690453696
15.048,-0.9848735833396063,0.5201999970852785,95.0402557408564,13,-1.0,0.75,0.10245152803315415,-0.0778386467534129
15.056000000000001,-0.9849414465523401,0.5209694502274241,95.0402557408564,13,-1.0,0.75,0.10244295215291722,-0.07810058210959703
15.064,-0.9850206203005295,0.5218671455599271,95.0402557408564,13,-1.0,0.75,0.10243287373552448,-0.07840840985166087
15.072000000000001,-0.9850884835132633,0.5226365987020724,95.0402557408564,13,-1.0,0.75,0.10242417165530099,-0.07867419976708802
15.08,-0.985160970068936,0.5234702633081022,94.8984046128852,13,-1.0,0.75,0.102698902604539,-0.07028302042975598
15.088000000000001,-0.9852269280872207,0.5242398821055754,94.89840461288489,13,-1.0,0.75,0.10269104671253183,-0.07052296499686661
15.096,-0.9853038791085528,0.5251377707026273,94.89840461288489,13,-1.0,0.75,0.10268181344880294,-0.07080497898922133
15.104000000000001,-0.9853698371268373,0.5259073895001004,94.89840461288489,13,-1.0,0.75,0.10267384025353372,-0.07104850638058768
15.112,-0.9854402595012874,0.5267412310109866,94.7565534849137,13,-1.0,0.75,0.1029493732163945,-0.06263283093112026
15.120000000000001,-0.9855043119208379,0.5275110107464628,94.75655348491338,13,-1.0,0.75,0.102942269266735,-0.06284980872616519
15.128,-0.9855790397436467,0.5284090871045183,94.75655348491338,13,-1.0,0.75,0.1029339188709583,-0.06310485705142388
15.136000000000001,-0.9856430921631971,0.5291788668399945,94.7565534849137,13,-1.0,0.75,0.10292670726485385,-0.06332512302546323
15.144,-0.9857114499247757,0.5300128801447636,94.61470235694219,13,-1.0,0.75,0.10320307829714809,-0.05488385020179054
15.152000000000001,-0.9857798076863542,0.5308468934495327,94.75655348491338,13,-1.0,0.75,0.10291198895623732,-0.06377466818040856
15.16,-0.9858481654479327,0.5316809067543019,94.61470235694219,13,-1.0,0.75,0.10318824762504696,-0.05533682730407552
15.168000000000001,-0.9859103118761441,0.5324508427094699,94.61470235694219,13,-1.0,0.75,0.10318182845086588,-0.05553288982233352
15.176,-0.9859766046058569,0.5332850226960957,94.47285122897068,13,-1.0,0.75,0.10345907160499657,-0.04706497955299271
15.184000000000001,-0.9860428973355697,0.5341192026827216,94.61470235694186,13,-1.0,0.75,0.10316886028264485,-0.05592897998079971
15.192,-0.9861091900652825,0.5349533826693476,94.47285122897068,13,-1.0,0.75,0.10344600292561809,-0.04746413965006624
15.200000000000001,-0.9861754827949953,0.5357875626559734,94.61470235694219,13,-1.0,0.75,0.10315568991911088,-0.056331245843666666
15.208,-0.9862417755247082,0.5366217426425992,94.47285122897068,13,-1.0,0.75,0.10343272968660956,-0.047869547665496226
15.216000000000001,-0.9863020155806582,0.5373918300981907,94.47285122897068,13,-1.0,0.75,0.10342704749781123,-0.0480431002461853
15.224,-0.9863722956459333,0.5382902654630473,94.47285122897068,13,-1.0,0.75,0.10342036598501549,-0.04824717544146018
15.232000000000001,-0.9864325357018834,0.5390603529186385,94.47285122897068,13,-1.0,0.75,0.10341459363327331,-0.04842348189255741
15.24,-0.986496762993394,0.5398946944740733,94.33100010099949,13,-1.0,0.75,0.10369255846865767,-0.039933529123670326
15.248000000000001,-0.9865609902849045,0.5407290360295082,94.47285122897068,13,-1.0,0.75,0.10340307300579268,-0.04877535943506439
15.256,-0.986625217576415,0.5415633775849428,94.33100010099918,13,-1.0,0.75,0.10368094571819893,-0.040288220402425745
15.264000000000001,-0.9866835508908666,0.54233361182076,94.33100010099918,13,-1.0,0.75,0.10367604950227441,-0.04043776680777578
15.272,-0.9867516064243934,0.5432322184292137,94.33100010099949,13,-1.0,0.75,0.10367029111194595,-0.040613646831757944
15.280000000000001,-0.986809939738845,0.5440024526650309,94.33100010099949,13,-1.0,0.75,0.10366531533301403,-0.040765623350881186
15.288,-0.9868721011984765,0.5448369506752362,94.18914897302766,13,-1.0,0.75,0.10394416232954909,-0.032248726502921765
15.296000000000001,-0.9869342626581079,0.5456714486854414,94.33100010099916,13,-1.0,0.75,0.10365556512882791,-0.04106342639101279
15.304,-0.9869964241177394,0.5465059466956467,94.18914897302797,13,-1.0,0.75,0.10393433226608038,-0.032548968706037074
15.312000000000001,-0.9870585855773708,0.5473404447058519,94.33100010099947,13,-1.0,0.75,0.10364565422094185,-0.041366137846341355
15.32,-0.9871207470370023,0.5481749427160572,94.18914897302764,13,-1.0,0.75,0.10392433951237239,-0.032854179999741495
15.328000000000001,-0.9871771732524054,0.5489453190110035,94.18914897302795,13,-1.0,0.75,0.103920215329389,-0.032980146000767485
15.336,-0.9872430038370424,0.5498440913551076,94.18914897302795,13,-1.0,0.75,0.10391536363368399,-0.033128332613392764
15.344000000000001,-0.9872994300524456,0.5506144676500538,94.18914897302795,13,-1.0,0.75,0.10391117020273238,-0.03325641367324894
15.352,-0.9873652606370826,0.551513239994158,94.18914897302764,13,-1.0,0.75,0.10390623670012857,-0.03340709893541027
15.36,-0.9874216868524858,0.5522836162891044,94.18914897302795,13,-1.0,0.75,0.10390197226241962,-0.033537348773252984
15.368,-0.9874817820992239,0.5531182656390828,94.04729784505645,13,-1.0,0.75,0.10418161870077498,-0.02499603436439457
15.376,-0.987541877345962,0.5539529149890613,94.18914897302795,13,-1.0,0.75,0.10389382607434275,-0.03378615992925249
15.384,-0.9876019725927001,0.5547875643390399,94.04729784505612,13,-1.0,0.75,0.10417340296346529,-0.025246969780827303
15.392,-0.9876620678394382,0.5556222136890184,94.18914897302795,13,-1.0,0.75,0.1038855398933181,-0.03403924692652105
15.4,-0.9877221630861763,0.5564568630389969,94.04729784505645,13,-1.0,0.75,0.10416504542884042,-0.025502236149795854
15.408,-0.9877822583329144,0.5572915123889753,94.18914897302795,13,-1.0,0.75,0.10387711007947165,-0.03429672093868519
15.416,-0.9878423535796526,0.5581261617389539,94.04729784505612,13,-1.0,0.75,0.10415654239407048,-0.02576194656780295
15.424,-0.9878968723501467,0.5588966753710617,94.04729784505643,13,-1.0,0.75,0.10415313998441268,-0.025865867257105934
15.432,-0.9879604775823898,0.559795607941854,94.04729784505643,13,-1.0,0.75,0.10414913564951546,-0.025988172706646776
15.44,-0.9880149963528839,0.5605661215739616,94.04729784505643,13,-1.0,0.75,0.10414567310005945,-0.026093930261557707
15.448,-0.9880786015851271,0.5614650541447539,94.04729784505643,13,-1.0,0.75,0.10414159767170414,-0.0262184071372088
15.456,-0.9881331203556212,0.5622355677768618,94.04729784505643,13,-1.0,0.75,0.10413807337375551,-0.026326050692502267
15.464,-0.9881911490211163,0.5630703633506885,93.90544671708493,13,-1.0,0.75,0.10441855857081168,-0.017759117856965597
15.472,-0.9882491776866114,0.5639051589245152,94.04729784505643,13,-1.0,0.75,0.10413161038185931,-0.026523451546709764
15.48,-0.9883072063521064,0.5647399544983421,93.90544671708524,13,-1.0,0.75,0.10441203744019116,-0.017958294457457114
15.488,-0.988368585842092,0.5656390417858784,93.90544671708493,13,-1.0,0.75,0.10440916911929747,-0.018045902333754582
15.496,-0.9884211968335082,0.5664096880323379,93.90544671708493,13,-1.0,0.75,0.10440668819088653,-0.01812167797998976
15.504,-0.9884825763234937,0.567308775319874,93.90544671708493,13,-1.0,0.75,0.10440376731177488,-0.018210891155703846
15.512,-0.9885351873149099,0.5680794215663336,93.90544671708524,13,-1.0,0.75,0.10440124071448148,-0.018288061678576994
15.52,-0.9885965668048954,0.5689785088538699,93.90544671708493,13,-1.0,0.75,0.10439826581922589,-0.01837892468352298
15.528,-0.9886491777963116,0.5697491551003294,93.90544671708493,13,-1.0,0.75,0.10439569228034838,-0.018457528955494018
15.536,-0.9887105572862971,0.5706482423878655,93.90544671708493,13,-1.0,0.75,0.10439266185659543,-0.018550087981878516
15.544,-0.9887631682777133,0.5714188886343251,93.90544671708524,13,-1.0,0.75,0.10439004005569667,-0.018630166333405085
15.552,-0.9888191300062827,0.5722538253151792,93.76359558911341,13,-1.0,0.75,0.10467154285864258,-0.010032152494657054
15.56,-0.9888750917348522,0.5730887619960332,93.90544671708491,13,-1.0,0.75,0.10438562038357667,-0.01876515753652208
15.568,-0.9889310534634217,0.5739236986768872,93.76359558911341,13,-1.0,0.75,0.10466708135878351,-0.010168421253363258
15.576,-0.9889870151919912,0.5747586353577413,93.90544671708524,13,-1.0,0.75,0.10438111645936939,-0.018902722073207312
15.584,-0.9890429769205606,0.5755935720385954,93.76359558911341,13,-1.0,0.75,0.10466253440221975,-0.010307300138583277
15.592,-0.9890989386491301,0.5764285087194494,93.90544671708491,13,-1.0,0.75,0.10437652585076539,-0.019042934234125286
15.6,-0.9891549003776996,0.5772634454003034,93.76359558911341,13,-1.0,0.75,0.10465789950993477,-0.010448864867567464
15.608,-0.9892108621062691,0.5780983820811575,93.90544671708524,13,-1.0,0.75,0.10437184603091472,-0.01918587119751536
15.616,-0.9892668238348385,0.5789333187620115,93.76359558911373,13,-1.0,0.75,0.10465317410609068,-0.010593194114807636
15.624,-0.989322785563408,0.5797682554428656,93.90544671708493,13,-1.0,0.75,0.10436707437379962,-0.01933161317052612
15.632,-0.9893787472919775,0.5806031921237196,93.76359558911342,13,-1.0,0.75,0.10464835551325787,-0.010740369657737503
15.64,-0.989434709020547,0.5814381288045737,93.90544671708525,14,-1.0,0.75,0.10436220814931052,-0.019480243539609088
15.648,-0.9894906707491165,0.5822730654854277,93.76359558911375,14,-1.0,0.75,0.1046434409473495,-0.010890476531450477
15.656,-0.9895466324776859,0.5831080021662818,93.90544671708494,14,-1.0,0.75,0.10435724451804776,-0.01963184902929171
15.664,-0.9896025942062554,0.5839429388471358,93.76359558911344,14,-1.0,0.75,0.10463842751226712,-0.011043603192239737
15.672,-0.9896585559348249,0.5847778755279899,93.90544671708527,14,-1.0,0.75,0.10435218052578668,-0.019786519871231367
15.68,-0.9897145176633944,0.5856128122088439,93.76359558911376,14,-1.0,0.75,0.1046333121941996,-0.011199841691727832
15.688,-0.9897652205532571,0.5863835863460329,93.76359558911345,14,-1.0,0.75,0.10463158442556215,-0.011252613381741437
15.696,-0.9898243739247636,0.5872828228394201,93.76359558911345,14,-1.0,0.75,0.10462954800331416,-0.011314812359821458
15.704,-0.9898750768146264,0.5880535969766092,93.76359558911376,14,-1.0,0.75,0.10462778449501885,-0.011368675655565319
15.712,-0.9899342301861329,0.5889528334699964,93.76359558911376,14,-1.0,0.75,0.10462570572942562,-0.011432167937528437
15.72,-0.9899881246347633,0.5897879061401916,93.62174446114192,14,-1.0,0.75,0.10490819626708957,-0.002803985458589841
15.728,-0.9900420190833935,0.5906229788103867,93.76359558911344,14,-1.0,0.75,0.10462326959338941,-0.0115065754785304
15.736,-0.9900959135320239,0.591458051480582,93.62174446114224,14,-1.0,0.75,0.10490573453139937,-0.002879174896528447
15.744,-0.9901498079806541,0.5922931241507771,93.76359558911375,14,-1.0,0.75,0.10462078185239959,-0.011582559203146325
15.752,-0.9902037024292845,0.5931281968209723,93.62174446114192,14,-1.0,0.75,0.10490322037084841,-0.002955965560719864
15.76,-0.9902575968779147,0.5939632694911674,93.76359558911342,14,-1.0,0.75,0.10461824084917744,-0.011660169730074443
15.768,-0.9903114913265451,0.5947983421613626,93.62174446114223,14,-1.0,0.75,0.10490065209276168,-0.003034409150980522
15.776,-0.9903653857751753,0.5956334148315577,93.76359558911373,14,-1.0,0.75,0.10461564485470698,-0.011739459869102853
15.784,-0.9904192802238055,0.5964684875017529,93.62174446114223,14,-1.0,0.75,0.10489802793080627,-0.0031145596168787866
15.792,-0.9904731746724359,0.5973035601719481,93.76359558911342,14,-1.0,0.75,0.10461299206432183,-0.011820484740628355
15.8,-0.9905270691210663,0.5981386328421433,93.62174446114223,14,-1.0,0.75,0.1048953460409328,-0.003196473281697587
15.808,-0.9905809635696965,0.5989737055123384,93.76359558911373,14,-1.0,0.75,0.10461028059351135,-0.01190330190375355
15.816,-0.9906348580183267,0.5998087781825335,93.62174446114223,14,-1.0,0.75,0.10489260449705802,-0.0032802089743022567
15.824,-0.9906887524669571,0.6006438508527288,93.76359558911342,14,-0.95,0.85,0.0789376569283954,-0.796028970421707
15.832,-0.990729414531565,0.6012862652723223,93.47989333317071,14,-0.95,0.85,0.079439774265379,-0.7806926690887148
15.84,-0.9907653041089274,0.6019289639795224,92.91248882128497,14,-0.95,0.85,0.08051109581844279,-0.7479710143037657
15.848,-0.9907964192192084,0.6025719115200826,92.62878656534194,14,-0.95,0.85,0.08101682886134866,-0.732524277517801
15.856,-0.9908243503815873,0.6032150052458863,92.34508430939923,14,-0.95,0.85,0.08152367970184572,-0.7170433995472456
15.864,-0.9908490969112569,0.6038582293897656,92.06138205345651,14,-0.95,0.85,0.08203165785346504,-0.7015280898178293
15.872,-0.9908719382954528,0.6045659308777309,91.63582866954198,14,-0.95,0.85,0.08281902576583242,-0.6774793054509409
15.88,-0.9908887207597514,0.6052094120654062,91.35212641359927,14,-0.95,0.85,0.08332998119107198,-0.6618730600735645
15.888,-0.9909023168094863,0.6058529684634255,91.06842415765655,14,-0.95,0.85,0.08384209739347348,-0.6462313607753115
15.896,-0.9909127261113136,0.6064965842932771,90.78472190171352,14,-0.95,0.85,0.08435538428202585,-0.630553904903338
15.904,-0.9909197941802423,0.6072046190150964,90.3591685177993,14,-0.95,0.85,0.08514864695472538,-0.6063250753277292
15.912,-0.9909233563156934,0.6079126800549022,90.2173173898278,14,-0.95,0.85,0.08537578805895446,-0.5993874450907558
15.92,-0.9909242041550826,0.6085563794965428,89.93361513388477,14,-0.95,0.85,0.08589259598055399,-0.5836024453842301
15.928,-0.9909218646945597,0.6092000752452661,89.64991287794206,14,-0.95,0.85,0.08641061550892225,-0.5677804392548349
15.936,-0.9909152326508672,0.6099724867739194,89.36621062199936,14,-0.95,0.85,0.08692019427035885,-0.5522162416805537
15.944,-0.990906518840738,0.6106161277915005,89.08250836605664,14,-0.95,0.85,0.08744061842088109,-0.5363207905469156
15.952,-0.9908943044358005,0.6113240924327165,88.9406572380848,14,-0.95,0.85,0.08767358684091875,-0.5292051750769697
15.96,-0.9908785846807716,0.6120319879152574,88.51510385417058,14,-0.95,0.85,0.08847531081042921,-0.5047179098967663
15.968,-0.9908593599610632,0.6127397968831662,88.3732527261994,14,-0.95,0.85,0.08871099401320556,-0.4975193761066039
15.976,-0.9908383829303994,0.6134475560859214,88.23140159822789,14,-0.95,0.85,0.08894722517749298,-0.49030410578449235
15.984,-0.9908126317456809,0.6142195667270951,87.94769934228485,14,-0.95,0.85,0.08946388612642897,-0.4745235951025226
15.992,-0.9907879871675135,0.614862794785226,87.66399708634215,14,-0.95,0.85,0.08999027211703348,-0.4584460499257871
16.0,-0.9907582507255149,0.6155702400968349,87.52214595837064,14,-0.95,0.85,0.09022985527635849,-0.4511283987413215
16.008,-0.9907229451568842,0.6163418728271047,87.23844370242793,14,-0.95,0.85,0.090750206436705,-0.4352351769657369
16.016000000000002,-0.9906879551693907,0.6170490777660546,87.09659257445642,14,-0.95,0.85,0.09099177279517179,-0.4278569524104652
16.024,-0.9906512144146925,0.6177561939105769,86.95474144648523,14,-0.95,0.85,0.09123393360636187,-0.42046057132997217
16.032,-0.9906082691638899,0.6185274391757383,86.6710391905422,14,-0.95,0.85,0.09175712547872222,-0.40448058494333894
16.04,-0.9905662775016948,0.6192342629339735,86.5291880625707,14,-0.95,0.85,0.09200132247913533,-0.3970220120021093
16.048000000000002,-0.9905225360374675,0.6199409805644366,86.3873369345995,14,-0.95,0.85,0.09224613593601125,-0.3895446104696797
16.056,-0.9904719553161395,0.6207117627283647,86.10363467865648,14,-0.95,0.85,0.09277225135654882,-0.37347532938536315
16.064,-0.9904229660973705,0.6214181359875872,85.96178355068497,14,-0.95,0.85,0.09301915588485385,-0.3659340597106022
16.072,-0.9903685694541688,0.6221886582512555,85.96178355068528,14,-0.95,0.85,0.09297922842694901,-0.3671535745147859
16.080000000000002,-0.9903122653443143,0.6229590434800945,85.67808129474226,14,-0.95,0.85,0.09350738466552787,-0.3510219601905239
16.088,-0.9902580310734764,0.6236650334012455,85.53623016677075,14,-0.95,0.85,0.09375618288389978,-0.3434228510440739
16.096,-0.9902020491025127,0.6243708868873364,85.39437903879923,14,-0.95,0.85,0.09400563875906999,-0.33580365491378705
16.104,-0.9901338235331149,0.6252049110163522,85.25252791082805,14,-0.95,0.85,0.09424963033365119,-0.328351356347544
16.112000000000002,-0.9900743472020225,0.6259104786537477,85.1106767828562,14,-0.95,0.85,0.09450038276957957,-0.32069255902243776
16.12,-0.9900066059486609,0.6266799425425645,84.8269745269135,14,-0.95,0.85,0.09503305130718809,-0.3044231243670974
16.128,-0.9899369598898329,0.6274492363616544,84.82697452691382,14,-0.95,0.85,0.09499904435716788,-0.30546180754832114
16.136,-0.9898722447794767,0.6281543427929053,84.68512339894231,14,-0.95,0.85,0.09525181352604892,-0.29774141262043974
16.144000000000002,-0.9897987904020606,0.6289232823276144,84.40142114299928,14,-0.95,0.85,0.0957867093739668,-0.2814039486429657
16.152,-0.9897234325348658,0.6296920376498409,84.40142114299928,14,-0.95,0.85,0.09575495277794349,-0.28237389867267215
16.16,-0.989646171639793,0.6304606040475533,84.11771888705657,14,-0.95,0.85,0.0962913606832698,-0.26599025152974975
16.168,-0.9895670081904073,0.6312289768098772,84.11771888705657,14,-0.95,0.85,0.09626113209643884,-0.26691353117449357
16.176000000000002,-0.9894878447410217,0.6319973495722013,84.11771888705657,14,-0.95,0.85,0.09623069333678967,-0.26784323018267087
16.184,-0.98940677922255,0.6327655239894496,83.83401663111354,14,-0.95,0.85,0.09676843647508669,-0.2514188006694127
16.192,-0.9893238121318779,0.6335334953531511,83.83401663111385,14,-0.95,0.85,0.09673956078253278,-0.2523007585099171
16.2,-0.9892389439775463,0.6343012589560786,83.55031437517083,14,-0.95,0.85,0.09727888369320675,-0.23582807759519164
16.208000000000002,-0.9891521752797485,0.6350688100922791,83.55031437517083,14,-0.95,0.85,0.09725160471092777,-0.23666126669557452
16.216,-0.9890571466113626,0.635900206825665,83.40846324719932,14,-0.95,0.85,0.09750608090807109,-0.2288887335563905
16.224,-0.9889749963085562,0.6366034951396933,83.26661211922813,14,-0.95,0.85,0.09776580173536999,-0.22095601230474382
16.232,-0.9888844281310002,0.6373706072298172,83.26661211922782,14,-0.95,0.85,0.09773996723327685,-0.22174508226848644
16.240000000000002,-0.9887852839514755,0.6382015232350585,83.12476099125631,14,-0.95,0.85,0.09799602355088463,-0.21392428709610709
16.248,-0.98869965231083,0.6389043961588651,82.98290986328512,14,-0.95,0.85,0.0982570992789924,-0.205950182754194
16.256,-0.9885963950509521,0.6397348110638267,82.84105873531361,14,-0.95,0.85,0.09851497678238345,-0.1980737626274496
16.264,-0.9885001318463332,0.6405012293236801,82.84105873531361,14,-0.95,0.85,0.09849147230979131,-0.1987916658898855
16.272000000000002,-0.9883948189893391,0.641331386042771,82.6992076073421,14,-0.95,0.85,0.09875007714379995,-0.19089303071359298
16.28,-0.9882966586069323,0.6420975636285341,82.69920760734242,14,-0.95,0.85,0.09872725173195913,-0.1915901932456483
16.288,-0.9881892907983298,0.6429274570733665,82.55735647937091,14,-0.95,0.85,0.09898660066221589,-0.1836688309427638
16.296,-0.9880967028657776,0.6436294475288898,82.4155053513994,14,-0.95,0.85,0.09925050067842833,-0.17560846362956006
16.304000000000002,-0.9879947499444214,0.6443951296792805,82.4155053513994,14,-0.95,0.85,0.09922926884211984,-0.17625695316675838
16.312,-0.9878832742195044,0.6452244813169192,82.2736542234279,14,-0.95,0.85,0.09949036171481336,-0.1682823251732718
16.32,-0.9877794259602329,0.6459899087090645,82.27365422342821,14,-0.95,0.85,0.09946985731660876,-0.1689085963779402
16.328,-0.9876658972957889,0.6468189818170892,82.13180309545636,14,-0.95,0.85,0.09973174746527458,-0.16090961697561723
16.336000000000002,-0.9875601543351329,0.6475841497593553,82.13180309545669,14,-0.95,0.85,0.09971198765392056,-0.16151314606909317
16.344,-0.9874445734270278,0.6484129392560198,81.98995196748518,14,-0.95,0.85,0.09997469394658301,-0.1534892389669249
16.352,-0.9873369364131312,0.6491778430583631,81.98995196748518,14,-0.95,0.85,0.09995569641177006,-0.1540694856483591
16.36,-0.9872193039698103,0.6500063438636606,81.84810083951368,14,-0.95,0.85,0.10021923831393935,-0.14602005630616907
16.368000000000002,-0.9871097735624267,0.6507709788376569,81.84810083951368,14,-0.95,0.85,0.10020102130770524,-0.1465764630987919
16.376,-0.9869900903049097,0.6515991858733491,81.70624971154216,14,-0.95,0.85,0.10046541890610873,-0.13850089800240528
16.384,-0.9868786671753981,0.6523635473322217,81.70624971154248,14,-0.95,0.85,0.10044800126526447,-0.13903288956856386
16.392,-0.9867672440458864,0.6531279087910943,81.70624971154216,14,-0.95,0.85,0.10043044937495518,-0.1395689815512946
16.4,-0.9866455107077635,0.6539558169807443,81.56439858357098,14,-0.95,0.85,0.10069557849641692,-0.1314710733545471
16.408,-0.9865321955390842,0.6547199002393929,81.56439858357098,14,-0.95,0.85,0.10067884642154866,-0.13198212549954413
16.416,-0.9864084128665114,0.655547504508395,81.42254745559947,14,-0.95,0.85,0.100944874520946,-0.12385675958425779
16.424,-0.9862932063532217,0.656311304883425,81.42254745559947,14,-0.95,0.85,0.10092898244288834,-0.12434215548666583
16.432,-0.9861673751049161,0.6571386001590369,81.28069632762795,14,-0.95,0.85,0.10119593173988763,-0.11618865319175276
16.44,-0.9860502779531666,0.6579021129687866,81.28069632762795,14,-0.95,0.85,0.10118090050480835,-0.11664775614160816
16.448,-0.9859223989004022,0.6587290941801598,81.13884519965677,14,-0.95,0.85,0.10144879395397745,-0.10846541635968966
16.456,-0.9858034118279314,0.6594923147447314,81.13884519965644,14,-0.95,0.85,0.10143464510031529,-0.10889756850281795
16.464,-0.985673485754534,0.660318976822942,80.99699407168526,14,-0.95,0.85,0.10170350642161574,-0.1006856667488961
16.472,-0.9855435596811365,0.6611456389011526,81.13884519965677,14,-0.95,0.85,0.10140483403863373,-0.10980809556756987
16.48,-0.985413633607739,0.6619723009793632,80.99699407168526,14,-0.95,0.85,0.10167343528132705,-0.10160413746266306
16.488,-0.9852927573438699,0.6627352246206493,80.99699407168494,14,-0.95,0.85,0.10165995296126384,-0.1020159314955069
16.496,-0.9851607850462122,0.6635615624987301,80.85514294371374,14,-0.95,0.85,0.10192955093448858,-0.0937815299889253
16.504,-0.9850380203318474,0.6643241845404433,80.85514294371374,14,-0.95,0.85,0.10191700042698015,-0.09416486342685715
16.512,-0.9849040026188444,0.6651501931534138,80.71329181574256,14,-0.95,0.85,0.10218762081661921,-0.08589923398795196
16.52,-0.9847699849058413,0.6659762017663844,80.85514294371374,14,-0.95,0.85,0.10189071982751542,-0.09496755865945772
16.528,-0.9846359671928383,0.6668022103793548,80.71329181574224,14,-0.95,0.85,0.10216110491072221,-0.08670911624654287
16.536,-0.9845113147804556,0.6675645261470567,80.71329181574224,14,-0.95,0.85,0.10214929557369683,-0.08706981192029095
16.544,-0.9843752524735594,0.668390200431955,80.57144068777106,14,-0.95,0.85,0.10242073504903695,-0.07877916493229131
16.552,-0.9842487131272071,0.6691522052530846,80.57144068777073,14,-0.95,0.85,0.10240991175653201,-0.07910974358999745
16.56,-0.9841010838897961,0.6700412108777357,80.57144068777073,14,-0.95,0.85,0.10239716923172824,-0.0794989418624722
16.568,-0.9839745445434438,0.6708032156988654,80.57144068777106,14,-0.95,0.85,0.10238614687057777,-0.07983560072595673
16.576,-0.9838364384766389,0.6716285505947782,80.42958955979954,14,-0.95,0.85,0.10265845607737052,-0.07151838930240849
16.584,-0.9837080129719311,0.6723902397986801,80.42958955979923,14,-0.95,0.85,0.10264845179051289,-0.07182395285612277
16.592,-0.9835699069051262,0.6732155746945931,80.57144068777106,14,-0.95,0.85,0.10235315513638533,-0.08084327590425834
16.6,-0.9834318008383214,0.674040909590506,80.42958955979955,14,-0.95,0.85,0.10262515467906089,-0.07253552263294571
16.608,-0.9833033753336136,0.6748025987944078,80.42958955979924,14,-0.95,0.85,0.10261486899256088,-0.07284968104963874
16.616,-0.9831632263534115,0.6756275892425031,80.28773843182805,14,-0.95,0.85,0.10288799603512878,-0.0645074902538103
16.624,-0.9830230773732094,0.6764525796905982,80.42958955979955,14,-0.95,0.85,0.10259361839978305,-0.07349874347059226
16.632,-0.9828829283930073,0.6772775701386934,80.28773843182805,14,-0.95,0.85,0.10286654368058629,-0.06516271513718597
16.64,-0.9827526175171191,0.6780389390566466,80.28773843182837,14,-0.95,0.85,0.10285713008865509,-0.06545023694105334
16.648,-0.9826005881619161,0.6789272027942588,80.28773843182805,14,-0.95,0.85,0.10284604203954789,-0.06578890212900457
16.656,-0.9824702772860279,0.6796885717122119,80.28773843182805,14,-0.95,0.85,0.10283644627158285,-0.06608198818318711
16.664,-0.982328086251462,0.6805132126557679,80.14588730385654,14,-0.95,0.85,0.10311034401980898,-0.05771625752258458
16.672,-0.9821958908031246,0.6812742566210149,80.14588730385685,14,-0.95,0.85,0.10310184673131523,-0.05797579243057316
16.68,-0.9820416627800644,0.6821621412471366,80.14588730385654,14,-0.95,0.85,0.10309183614106546,-0.058281548510444536
16.688,-0.9819094673317272,0.6829231852123835,80.14588730385654,15,-0.95,0.85,0.10308317122127565,-0.05854620342501293
16.696,-0.9817652351143474,0.6837474715968215,80.00403617588535,15,-0.95,0.85,0.10335809845639637,-0.05014902887655581
16.704,-0.9816210028969676,0.6845717579812594,80.14588730385685,15,-0.95,0.85,0.10306553399290944,-0.05908490191036686
16.712,-0.9814767706795878,0.6853960443656973,80.00403617588502,15,-0.95,0.85,0.10334028554880413,-0.05069309317852255
16.72,-0.9813426914690844,0.6861567587134724,80.00403617588533,15,-0.95,0.85,0.10333260044087875,-0.05092782144269347
16.728,-0.981186265723497,0.6870442587858765,80.00403617588533,15,-0.95,0.85,0.10332354404863321,-0.05120443320300738
16.736,-0.9810521865129935,0.6878049731336514,80.00403617588533,15,-0.95,0.85,0.10331570276477763,-0.05144393158951843
16.744,-0.9809059139968612,0.6886288999065654,79.8621850479135,15,-0.95,0.85,0.10359154948902884,-0.04301867284372585
16.752,-0.9807596414807289,0.6894528266794794,80.00403617588533,15,-0.95,0.85,0.10329991128179994,-0.05192625499005155
16.76,-0.9806133689645966,0.6902767534523933,79.86218504791383,15,-0.95,0.85,0.103575595925667,-0.04350594670788244
16.768,-0.9804774068137561,0.6910371335199507,79.86218504791383,15,-0.95,0.85,0.10356879837945115,-0.043713565942297694
16.776,-0.9803187843044421,0.6919242435987679,79.86218504791351,15,-0.95,0.85,0.10356078545483269,-0.04395830679758384
16.784,-0.9801828221536015,0.6926846236663255,79.86218504791383,15,-0.95,0.85,0.1035538454797621,-0.0441702762738132
16.792,-0.9800241996442876,0.6935717337451427,79.86218504791383,15,-0.95,0.85,0.10354566377618718,-0.044420172188970874
16.8,-0.979888237493447,0.6943321138127001,79.86218504791383,15,-0.95,0.85,0.10353857684868542,-0.044636630071793526
16.808,-0.9797399255751293,0.6951556759238885,79.72033391994265,15,-0.95,0.85,0.10381527602482032,-0.03618533466485141
16.816,-0.9795791072743544,0.6960423905716394,79.72033391994232,15,-0.95,0.85,0.10380846599721814,-0.036393335121518544
16.824,-0.9794412630165473,0.6968024316982828,79.72033391994232,15,-0.95,0.85,0.10380256621138087,-0.03657353382555861
16.832,-0.9792909126051119,0.6976256240997791,79.57848279197113,15,-0.95,0.85,0.10408057572364328,-0.028082216479084383
16.84,-0.9791405621936765,0.6984488165012753,79.72033391994265,15,-0.95,0.85,0.10379111899108344,-0.03692316927324324
16.848,-0.9789902117822411,0.6992720089027716,79.5784827919708,15,-0.95,0.85,0.10406900402786726,-0.028435653813912665
16.856,-0.9788398613708057,0.7000952013042678,79.7203339199423,15,-0.95,0.85,0.10377942077847986,-0.03728047084467234
16.864,-0.9786895109593703,0.7009183937057641,79.57848279197113,15,-0.95,0.85,0.10405717721220634,-0.02879688334220442
16.872,-0.9785497854395034,0.7016780912328746,79.57848279197113,15,-0.95,0.85,0.10405235568468958,-0.028944148519954416
16.88,-0.978386772332992,0.7025644050145037,79.5784827919708,15,-0.95,0.85,0.10404666786933649,-0.029117872953979274
16.888,-0.9782470468131251,0.7033241025416141,79.5784827919708,15,-0.875,0.925,0.07589489893959313,-0.8889647246021374
16.896,-0.9781290418752178,0.7039568936008347,79.29478053602809,15,-0.875,0.925,0.07638704289707403,-0.8739330428114234
16.904,-0.9780193145374652,0.7045257373054232,78.86922715211387,15,-0.875,0.925,0.07717172161211228,-0.8499663953028854
16.912,-0.9778919230966673,0.7051567056967166,78.30182264022814,15,-0.875,0.925,0.07823491699296929,-0.8174929403239736
16.92,-0.9777598488163223,0.7057867105177071,78.01812038428542,15,-0.875,0.925,0.07873253830958155,-0.8022939621187356
16.928,-0.9776374748335043,0.7063529682834193,77.59256700037088,15,-0.875,0.925,0.0795221873606578,-0.7781755043348088
16.936,-0.9774976121387037,0.706981289949927,77.30886474442818,15,-0.875,0.925,0.08002281560533928,-0.7628846847380084
16.944,-0.9773546400122728,0.7076089113812563,77.02516248848546,15,-0.875,0.925,0.080524578611473,-0.7475592058249675
16.952,-0.9771931006368566,0.7082983083315615,76.59960910457124,15,-0.875,0.925,0.08130513026935386,-0.7237186121041044
16.96,-0.9770423704337902,0.7089241118917011,76.31590684862789,15,-0.875,0.925,0.08180990834252708,-0.7083010432088004
16.968,-0.9769032298450253,0.7094864846732778,75.890353464714,15,-0.875,0.925,0.08260605667004266,-0.6839840763223621
16.976,-0.9767297678112968,0.7101729786992932,75.74850233674216,15,-0.875,0.925,0.08282388833664167,-0.6773307866771585
16.984,-0.9765697585086396,0.7107964742590713,75.46480008079945,15,-0.875,0.925,0.08333220944640692,-0.6618050018872674
